{
  "type": "FeatureCollection",
  "features": [
    {
      "type": "Feature",
      "geometry": {
        "type": "Point",
        "coordinates": [
          -0.5245393011800046,
          53.268149316503546
        ]
      },
      "properties": {
        "confidence": 0.7762107849121094,
        "image": "DJI_20240802140842_0076_W.JPG"
      }
    },
    {
      "type": "Feature",
      "geometry": {
        "type": "Point",
        "coordinates": [
          -0.5245429946445334,
          53.268161412294674
        ]
      },
      "properties": {
        "confidence": 0.6661118865013123,
        "image": "DJI_20240802140842_0076_W.JPG"
      }
    },
    {
      "type": "Feature",
      "geometry": {
        "type": "Point",
        "coordinates": [
          -0.5245882947516437,
          53.268165891682585
        ]
      },
      "properties": {
        "confidence": 0.6175376772880554,
        "image": "DJI_20240802140842_0076_W.JPG"
      }
    },
    {
      "type": "Feature",
      "geometry": {
        "type": "Point",
        "coordinates": [
          -0.5242682779145248,
          53.268150890658475
        ]
      },
      "properties": {
        "confidence": 0.5178014039993286,
        "image": "DJI_20240802140842_0076_W.JPG"
      }
    },
    {
      "type": "Feature",
      "geometry": {
        "type": "Point",
        "coordinates": [
          -0.5246096338401302,
          53.26811739121793
        ]
      },
      "properties": {
        "confidence": 0.8720532655715942,
        "image": "DJI_20240802140738_0042_W.JPG"
      }
    },
    {
      "type": "Feature",
      "geometry": {
        "type": "Point",
        "coordinates": [
          -0.5244453891987899,
          53.268067772158645
        ]
      },
      "properties": {
        "confidence": 0.8180126547813416,
        "image": "DJI_20240802140738_0042_W.JPG"
      }
    },
    {
      "type": "Feature",
      "geometry": {
        "type": "Point",
        "coordinates": [
          -0.5244402253287144,
          53.268092883088364
        ]
      },
      "properties": {
        "confidence": 0.6772604584693909,
        "image": "DJI_20240802140738_0042_W.JPG"
      }
    },
    {
      "type": "Feature",
      "geometry": {
        "type": "Point",
        "coordinates": [
          -0.5244836885033592,
          53.268144336608906
        ]
      },
      "properties": {
        "confidence": 0.9304324984550476,
        "image": "DJI_20240802140620_0002_W.JPG"
      }
    },
    {
      "type": "Feature",
      "geometry": {
        "type": "Point",
        "coordinates": [
          -0.5244801483240086,
          53.2681084805906
        ]
      },
      "properties": {
        "confidence": 0.8464665412902832,
        "image": "DJI_20240802140620_0002_W.JPG"
      }
    },
    {
      "type": "Feature",
      "geometry": {
        "type": "Point",
        "coordinates": [
          -0.5244820323830905,
          53.268121133037376
        ]
      },
      "properties": {
        "confidence": 0.8434953689575195,
        "image": "DJI_20240802140620_0002_W.JPG"
      }
    },
    {
      "type": "Feature",
      "geometry": {
        "type": "Point",
        "coordinates": [
          -0.5245140967015848,
          53.26807973186983
        ]
      },
      "properties": {
        "confidence": 0.8230377435684204,
        "image": "DJI_20240802140620_0002_W.JPG"
      }
    },
    {
      "type": "Feature",
      "geometry": {
        "type": "Point",
        "coordinates": [
          -0.5244830739058304,
          53.26813277720806
        ]
      },
      "properties": {
        "confidence": 0.7184920907020569,
        "image": "DJI_20240802140620_0002_W.JPG"
      }
    },
    {
      "type": "Feature",
      "geometry": {
        "type": "Point",
        "coordinates": [
          -0.5245225710273229,
          53.268143310851904
        ]
      },
      "properties": {
        "confidence": 0.5266477465629578,
        "image": "DJI_20240802140620_0002_W.JPG"
      }
    },
    {
      "type": "Feature",
      "geometry": {
        "type": "Point",
        "coordinates": [
          -0.5245845272463879,
          53.26809398029514
        ]
      },
      "properties": {
        "confidence": 0.7335196137428284,
        "image": "DJI_20240802140724_0035_W.JPG"
      }
    },
    {
      "type": "Feature",
      "geometry": {
        "type": "Point",
        "coordinates": [
          -0.5243081225132131,
          53.26802772276271
        ]
      },
      "properties": {
        "confidence": 0.7181443572044373,
        "image": "DJI_20240802140724_0035_W.JPG"
      }
    },
    {
      "type": "Feature",
      "geometry": {
        "type": "Point",
        "coordinates": [
          -0.5245472509498204,
          53.26804895013815
        ]
      },
      "properties": {
        "confidence": 0.6445695757865906,
        "image": "DJI_20240802140724_0035_W.JPG"
      }
    },
    {
      "type": "Feature",
      "geometry": {
        "type": "Point",
        "coordinates": [
          -0.5243883927555133,
          53.26806713975698
        ]
      },
      "properties": {
        "confidence": 0.6387971043586731,
        "image": "DJI_20240802140724_0035_W.JPG"
      }
    },
    {
      "type": "Feature",
      "geometry": {
        "type": "Point",
        "coordinates": [
          -0.5244316883292249,
          53.268068166473235
        ]
      },
      "properties": {
        "confidence": 0.6027300357818604,
        "image": "DJI_20240802140724_0035_W.JPG"
      }
    },
    {
      "type": "Feature",
      "geometry": {
        "type": "Point",
        "coordinates": [
          -0.5243649816823784,
          53.26812813818934
        ]
      },
      "properties": {
        "confidence": 0.5145130753517151,
        "image": "DJI_20240802140724_0035_W.JPG"
      }
    },
    {
      "type": "Feature",
      "geometry": {
        "type": "Point",
        "coordinates": [
          -0.5243285404565483,
          53.26812706271184
        ]
      },
      "properties": {
        "confidence": 0.9311698079109192,
        "image": "DJI_20240802140715_0030_W.JPG"
      }
    },
    {
      "type": "Feature",
      "geometry": {
        "type": "Point",
        "coordinates": [
          -0.5244488305273072,
          53.26813784801639
        ]
      },
      "properties": {
        "confidence": 0.7456786632537842,
        "image": "DJI_20240802140715_0030_W.JPG"
      }
    },
    {
      "type": "Feature",
      "geometry": {
        "type": "Point",
        "coordinates": [
          -0.5244373607981242,
          53.26808390273236
        ]
      },
      "properties": {
        "confidence": 0.557817280292511,
        "image": "DJI_20240802140715_0030_W.JPG"
      }
    },
    {
      "type": "Feature",
      "geometry": {
        "type": "Point",
        "coordinates": [
          -0.5244063673618113,
          53.26811613154059
        ]
      },
      "properties": {
        "confidence": 0.5428885221481323,
        "image": "DJI_20240802140715_0030_W.JPG"
      }
    },
    {
      "type": "Feature",
      "geometry": {
        "type": "Point",
        "coordinates": [
          -0.5244026209164228,
          53.26811924512924
        ]
      },
      "properties": {
        "confidence": 0.5315869450569153,
        "image": "DJI_20240802140715_0030_W.JPG"
      }
    },
    {
      "type": "Feature",
      "geometry": {
        "type": "Point",
        "coordinates": [
          -0.5244065572552451,
          53.268124400065865
        ]
      },
      "properties": {
        "confidence": 0.5277181267738342,
        "image": "DJI_20240802140715_0030_W.JPG"
      }
    },
    {
      "type": "Feature",
      "geometry": {
        "type": "Point",
        "coordinates": [
          -0.5245926327318312,
          53.268103709103436
        ]
      },
      "properties": {
        "confidence": 0.5187670588493347,
        "image": "DJI_20240802140715_0030_W.JPG"
      }
    },
    {
      "type": "Feature",
      "geometry": {
        "type": "Point",
        "coordinates": [
          -0.5244122864979797,
          53.268167321280586
        ]
      },
      "properties": {
        "confidence": 0.5181222558021545,
        "image": "DJI_20240802140715_0030_W.JPG"
      }
    },
    {
      "type": "Feature",
      "geometry": {
        "type": "Point",
        "coordinates": [
          -0.5244840667464511,
          53.2681362523419
        ]
      },
      "properties": {
        "confidence": 0.9898157119750977,
        "image": "DJI_20240802140904_0087_W.JPG"
      }
    },
    {
      "type": "Feature",
      "geometry": {
        "type": "Point",
        "coordinates": [
          -0.5244818094371151,
          53.268124688590646
        ]
      },
      "properties": {
        "confidence": 0.9497750401496887,
        "image": "DJI_20240802140904_0087_W.JPG"
      }
    },
    {
      "type": "Feature",
      "geometry": {
        "type": "Point",
        "coordinates": [
          -0.5245175487579953,
          53.268132438844994
        ]
      },
      "properties": {
        "confidence": 0.6633548140525818,
        "image": "DJI_20240802140904_0087_W.JPG"
      }
    },
    {
      "type": "Feature",
      "geometry": {
        "type": "Point",
        "coordinates": [
          -0.5245154895581464,
          53.26812085252867
        ]
      },
      "properties": {
        "confidence": 0.5705552697181702,
        "image": "DJI_20240802140904_0087_W.JPG"
      }
    },
    {
      "type": "Feature",
      "geometry": {
        "type": "Point",
        "coordinates": [
          -0.5244600443578176,
          53.268038571493314
        ]
      },
      "properties": {
        "confidence": 0.5155829787254333,
        "image": "DJI_20240802140904_0087_W.JPG"
      }
    },
    {
      "type": "Feature",
      "geometry": {
        "type": "Point",
        "coordinates": [
          -0.5244725787226996,
          53.26808744279418
        ]
      },
      "properties": {
        "confidence": 0.5105268359184265,
        "image": "DJI_20240802140904_0087_W.JPG"
      }
    },
    {
      "type": "Feature",
      "geometry": {
        "type": "Point",
        "coordinates": [
          -0.5244653504988214,
          53.26807179508671
        ]
      },
      "properties": {
        "confidence": 0.9711441397666931,
        "image": "DJI_20240802140638_0012_W.JPG"
      }
    },
    {
      "type": "Feature",
      "geometry": {
        "type": "Point",
        "coordinates": [
          -0.5245028407463976,
          53.26806215033514
        ]
      },
      "properties": {
        "confidence": 0.8683237433433533,
        "image": "DJI_20240802140638_0012_W.JPG"
      }
    },
    {
      "type": "Feature",
      "geometry": {
        "type": "Point",
        "coordinates": [
          -0.5244622512483074,
          53.26805207388434
        ]
      },
      "properties": {
        "confidence": 0.6701392531394958,
        "image": "DJI_20240802140638_0012_W.JPG"
      }
    },
    {
      "type": "Feature",
      "geometry": {
        "type": "Point",
        "coordinates": [
          -0.5244563280963397,
          53.26802181884438
        ]
      },
      "properties": {
        "confidence": 0.5195918679237366,
        "image": "DJI_20240802140638_0012_W.JPG"
      }
    },
    {
      "type": "Feature",
      "geometry": {
        "type": "Point",
        "coordinates": [
          -0.5244908811827624,
          53.26811944230832
        ]
      },
      "properties": {
        "confidence": 0.7567453980445862,
        "image": "DJI_20240802140659_0022_W.JPG"
      }
    },
    {
      "type": "Feature",
      "geometry": {
        "type": "Point",
        "coordinates": [
          -0.5244128305778828,
          53.26810269805082
        ]
      },
      "properties": {
        "confidence": 0.7141767740249634,
        "image": "DJI_20240802140659_0022_W.JPG"
      }
    },
    {
      "type": "Feature",
      "geometry": {
        "type": "Point",
        "coordinates": [
          -0.5244455708200599,
          53.2680856983995
        ]
      },
      "properties": {
        "confidence": 0.5912638902664185,
        "image": "DJI_20240802140659_0022_W.JPG"
      }
    },
    {
      "type": "Feature",
      "geometry": {
        "type": "Point",
        "coordinates": [
          -0.5245614967354116,
          53.2681253864508
        ]
      },
      "properties": {
        "confidence": 0.5075175166130066,
        "image": "DJI_20240802140659_0022_W.JPG"
      }
    },
    {
      "type": "Feature",
      "geometry": {
        "type": "Point",
        "coordinates": [
          -0.5244817023057297,
          53.26810817240955
        ]
      },
      "properties": {
        "confidence": 0.9273483753204346,
        "image": "DJI_20240802140618_0001_W.JPG"
      }
    },
    {
      "type": "Feature",
      "geometry": {
        "type": "Point",
        "coordinates": [
          -0.5244829586283343,
          53.26812074819906
        ]
      },
      "properties": {
        "confidence": 0.8707836270332336,
        "image": "DJI_20240802140618_0001_W.JPG"
      }
    },
    {
      "type": "Feature",
      "geometry": {
        "type": "Point",
        "coordinates": [
          -0.5244846911462779,
          53.26813184973487
        ]
      },
      "properties": {
        "confidence": 0.7683925032615662,
        "image": "DJI_20240802140618_0001_W.JPG"
      }
    },
    {
      "type": "Feature",
      "geometry": {
        "type": "Point",
        "coordinates": [
          -0.5245252807155695,
          53.26814192618568
        ]
      },
      "properties": {
        "confidence": 0.7515133023262024,
        "image": "DJI_20240802140618_0001_W.JPG"
      }
    },
    {
      "type": "Feature",
      "geometry": {
        "type": "Point",
        "coordinates": [
          -0.5244832958229103,
          53.2681168931362
        ]
      },
      "properties": {
        "confidence": 0.5445160865783691,
        "image": "DJI_20240802140618_0001_W.JPG"
      }
    },
    {
      "type": "Feature",
      "geometry": {
        "type": "Point",
        "coordinates": [
          -0.52448894862228,
          53.26815661939006
        ]
      },
      "properties": {
        "confidence": 0.5407817363739014,
        "image": "DJI_20240802140618_0001_W.JPG"
      }
    },
    {
      "type": "Feature",
      "geometry": {
        "type": "Point",
        "coordinates": [
          -0.5244988612745802,
          53.268128170870874
        ]
      },
      "properties": {
        "confidence": 0.99186772108078,
        "image": "DJI_20240802140833_0071_W.JPG"
      }
    },
    {
      "type": "Feature",
      "geometry": {
        "type": "Point",
        "coordinates": [
          -0.5245121249602931,
          53.268050829048164
        ]
      },
      "properties": {
        "confidence": 0.9498449563980103,
        "image": "DJI_20240802140833_0071_W.JPG"
      }
    },
    {
      "type": "Feature",
      "geometry": {
        "type": "Point",
        "coordinates": [
          -0.5245105686157548,
          53.268164570752404
        ]
      },
      "properties": {
        "confidence": 0.9019654393196106,
        "image": "DJI_20240802140833_0071_W.JPG"
      }
    },
    {
      "type": "Feature",
      "geometry": {
        "type": "Point",
        "coordinates": [
          -0.5245083994145516,
          53.26803963734187
        ]
      },
      "properties": {
        "confidence": 0.7444368004798889,
        "image": "DJI_20240802140833_0071_W.JPG"
      }
    },
    {
      "type": "Feature",
      "geometry": {
        "type": "Point",
        "coordinates": [
          -0.5245703508926041,
          53.268108068529045
        ]
      },
      "properties": {
        "confidence": 0.7288283705711365,
        "image": "DJI_20240802140833_0071_W.JPG"
      }
    },
    {
      "type": "Feature",
      "geometry": {
        "type": "Point",
        "coordinates": [
          -0.5245435767291431,
          53.26814913123256
        ]
      },
      "properties": {
        "confidence": 0.6770174503326416,
        "image": "DJI_20240802140833_0071_W.JPG"
      }
    },
    {
      "type": "Feature",
      "geometry": {
        "type": "Point",
        "coordinates": [
          -0.5245021405481618,
          53.268140226720384
        ]
      },
      "properties": {
        "confidence": 0.6177074313163757,
        "image": "DJI_20240802140833_0071_W.JPG"
      }
    },
    {
      "type": "Feature",
      "geometry": {
        "type": "Point",
        "coordinates": [
          -0.5244707413130701,
          53.26804761687722
        ]
      },
      "properties": {
        "confidence": 0.8040605187416077,
        "image": "DJI_20240802140625_0005_W.JPG"
      }
    },
    {
      "type": "Feature",
      "geometry": {
        "type": "Point",
        "coordinates": [
          -0.5244876970959048,
          53.26816582510156
        ]
      },
      "properties": {
        "confidence": 0.7770754098892212,
        "image": "DJI_20240802140625_0005_W.JPG"
      }
    },
    {
      "type": "Feature",
      "geometry": {
        "type": "Point",
        "coordinates": [
          -0.5244826994773557,
          53.26814581373099
        ]
      },
      "properties": {
        "confidence": 0.7202679514884949,
        "image": "DJI_20240802140625_0005_W.JPG"
      }
    },
    {
      "type": "Feature",
      "geometry": {
        "type": "Point",
        "coordinates": [
          -0.5244717751581014,
          53.26806807185242
        ]
      },
      "properties": {
        "confidence": 0.5369352102279663,
        "image": "DJI_20240802140625_0005_W.JPG"
      }
    },
    {
      "type": "Feature",
      "geometry": {
        "type": "Point",
        "coordinates": [
          -0.5244820204607389,
          53.268147928647586
        ]
      },
      "properties": {
        "confidence": 0.9915996789932251,
        "image": "DJI_20240802140629_0007_W.JPG"
      }
    },
    {
      "type": "Feature",
      "geometry": {
        "type": "Point",
        "coordinates": [
          -0.5244808851867746,
          53.268135007140316
        ]
      },
      "properties": {
        "confidence": 0.9403533339500427,
        "image": "DJI_20240802140629_0007_W.JPG"
      }
    },
    {
      "type": "Feature",
      "geometry": {
        "type": "Point",
        "coordinates": [
          -0.5244630705764932,
          53.26802369295454
        ]
      },
      "properties": {
        "confidence": 0.8286317586898804,
        "image": "DJI_20240802140629_0007_W.JPG"
      }
    },
    {
      "type": "Feature",
      "geometry": {
        "type": "Point",
        "coordinates": [
          -0.5244841263604169,
          53.2681606513715
        ]
      },
      "properties": {
        "confidence": 0.7725870013237,
        "image": "DJI_20240802140629_0007_W.JPG"
      }
    },
    {
      "type": "Feature",
      "geometry": {
        "type": "Point",
        "coordinates": [
          -0.5244771719834935,
          53.2681232516595
        ]
      },
      "properties": {
        "confidence": 0.7377562522888184,
        "image": "DJI_20240802140629_0007_W.JPG"
      }
    },
    {
      "type": "Feature",
      "geometry": {
        "type": "Point",
        "coordinates": [
          -0.5245056529862623,
          53.268056925031914
        ]
      },
      "properties": {
        "confidence": 0.6841355562210083,
        "image": "DJI_20240802140629_0007_W.JPG"
      }
    },
    {
      "type": "Feature",
      "geometry": {
        "type": "Point",
        "coordinates": [
          -0.5244677577066269,
          53.26804766675061
        ]
      },
      "properties": {
        "confidence": 0.6216564774513245,
        "image": "DJI_20240802140629_0007_W.JPG"
      }
    },
    {
      "type": "Feature",
      "geometry": {
        "type": "Point",
        "coordinates": [
          -0.5244302896272104,
          53.268072163102154
        ]
      },
      "properties": {
        "confidence": 0.5979961156845093,
        "image": "DJI_20240802140629_0007_W.JPG"
      }
    },
    {
      "type": "Feature",
      "geometry": {
        "type": "Point",
        "coordinates": [
          -0.5245085031210787,
          53.26806934809075
        ]
      },
      "properties": {
        "confidence": 0.5479783415794373,
        "image": "DJI_20240802140629_0007_W.JPG"
      }
    },
    {
      "type": "Feature",
      "geometry": {
        "type": "Point",
        "coordinates": [
          -0.5244814617878903,
          53.26815346663876
        ]
      },
      "properties": {
        "confidence": 0.514275074005127,
        "image": "DJI_20240802140629_0007_W.JPG"
      }
    },
    {
      "type": "Feature",
      "geometry": {
        "type": "Point",
        "coordinates": [
          -0.5244652982616349,
          53.26807190098157
        ]
      },
      "properties": {
        "confidence": 0.8994287848472595,
        "image": "DJI_20240802140636_0011_W.JPG"
      }
    },
    {
      "type": "Feature",
      "geometry": {
        "type": "Point",
        "coordinates": [
          -0.5244294257641311,
          53.268074237489
        ]
      },
      "properties": {
        "confidence": 0.8779421448707581,
        "image": "DJI_20240802140636_0011_W.JPG"
      }
    },
    {
      "type": "Feature",
      "geometry": {
        "type": "Point",
        "coordinates": [
          -0.5245315993594449,
          53.26801246962862
        ]
      },
      "properties": {
        "confidence": 0.6835483312606812,
        "image": "DJI_20240802140636_0011_W.JPG"
      }
    },
    {
      "type": "Feature",
      "geometry": {
        "type": "Point",
        "coordinates": [
          -0.5245812951665543,
          53.268056200404246
        ]
      },
      "properties": {
        "confidence": 0.6754866242408752,
        "image": "DJI_20240802140636_0011_W.JPG"
      }
    },
    {
      "type": "Feature",
      "geometry": {
        "type": "Point",
        "coordinates": [
          -0.5244730678127157,
          53.2681084263736
        ]
      },
      "properties": {
        "confidence": 0.5668857097625732,
        "image": "DJI_20240802140636_0011_W.JPG"
      }
    },
    {
      "type": "Feature",
      "geometry": {
        "type": "Point",
        "coordinates": [
          -0.5246077444906584,
          53.268120139309566
        ]
      },
      "properties": {
        "confidence": 0.7869869470596313,
        "image": "DJI_20240802140739_0043_W.JPG"
      }
    },
    {
      "type": "Feature",
      "geometry": {
        "type": "Point",
        "coordinates": [
          -0.5246060947125277,
          53.26811107212132
        ]
      },
      "properties": {
        "confidence": 0.6891642808914185,
        "image": "DJI_20240802140739_0043_W.JPG"
      }
    },
    {
      "type": "Feature",
      "geometry": {
        "type": "Point",
        "coordinates": [
          -0.5244439488139145,
          53.26807041634888
        ]
      },
      "properties": {
        "confidence": 0.5887032747268677,
        "image": "DJI_20240802140739_0043_W.JPG"
      }
    },
    {
      "type": "Feature",
      "geometry": {
        "type": "Point",
        "coordinates": [
          -0.5245789595747014,
          53.26809825120208
        ]
      },
      "properties": {
        "confidence": 0.7736169695854187,
        "image": "DJI_20240802140731_0039_W.JPG"
      }
    },
    {
      "type": "Feature",
      "geometry": {
        "type": "Point",
        "coordinates": [
          -0.5243906527911553,
          53.26808455726709
        ]
      },
      "properties": {
        "confidence": 0.7335519194602966,
        "image": "DJI_20240802140731_0039_W.JPG"
      }
    },
    {
      "type": "Feature",
      "geometry": {
        "type": "Point",
        "coordinates": [
          -0.5245687080272436,
          53.268037923168045
        ]
      },
      "properties": {
        "confidence": 0.5849673748016357,
        "image": "DJI_20240802140731_0039_W.JPG"
      }
    },
    {
      "type": "Feature",
      "geometry": {
        "type": "Point",
        "coordinates": [
          -0.5243518816673809,
          53.268075053196014
        ]
      },
      "properties": {
        "confidence": 0.5464613437652588,
        "image": "DJI_20240802140731_0039_W.JPG"
      }
    },
    {
      "type": "Feature",
      "geometry": {
        "type": "Point",
        "coordinates": [
          -0.5243433777318763,
          53.26803671693135
        ]
      },
      "properties": {
        "confidence": 0.5317308902740479,
        "image": "DJI_20240802140731_0039_W.JPG"
      }
    },
    {
      "type": "Feature",
      "geometry": {
        "type": "Point",
        "coordinates": [
          -0.5245878241875223,
          53.26811984638568
        ]
      },
      "properties": {
        "confidence": 0.5316944122314453,
        "image": "DJI_20240802140731_0039_W.JPG"
      }
    },
    {
      "type": "Feature",
      "geometry": {
        "type": "Point",
        "coordinates": [
          -0.5245882750251727,
          53.268090016010504
        ]
      },
      "properties": {
        "confidence": 0.9187959432601929,
        "image": "DJI_20240802140804_0056_W.JPG"
      }
    },
    {
      "type": "Feature",
      "geometry": {
        "type": "Point",
        "coordinates": [
          -0.5242990390661161,
          53.26817999631691
        ]
      },
      "properties": {
        "confidence": 0.6657493710517883,
        "image": "DJI_20240802140804_0056_W.JPG"
      }
    },
    {
      "type": "Feature",
      "geometry": {
        "type": "Point",
        "coordinates": [
          -0.5244006161385539,
          53.26807049507296
        ]
      },
      "properties": {
        "confidence": 0.5727870464324951,
        "image": "DJI_20240802140804_0056_W.JPG"
      }
    },
    {
      "type": "Feature",
      "geometry": {
        "type": "Point",
        "coordinates": [
          -0.5246047663468074,
          53.268151137121436
        ]
      },
      "properties": {
        "confidence": 0.5019381642341614,
        "image": "DJI_20240802140804_0056_W.JPG"
      }
    },
    {
      "type": "Feature",
      "geometry": {
        "type": "Point",
        "coordinates": [
          -0.5244783331287464,
          53.26813453091127
        ]
      },
      "properties": {
        "confidence": 0.9930598735809326,
        "image": "DJI_20240802140631_0008_W.JPG"
      }
    },
    {
      "type": "Feature",
      "geometry": {
        "type": "Point",
        "coordinates": [
          -0.5244751936070493,
          53.268122617109896
        ]
      },
      "properties": {
        "confidence": 0.9689667820930481,
        "image": "DJI_20240802140631_0008_W.JPG"
      }
    },
    {
      "type": "Feature",
      "geometry": {
        "type": "Point",
        "coordinates": [
          -0.5244960364831711,
          53.268016925563614
        ]
      },
      "properties": {
        "confidence": 0.8578714728355408,
        "image": "DJI_20240802140631_0008_W.JPG"
      }
    },
    {
      "type": "Feature",
      "geometry": {
        "type": "Point",
        "coordinates": [
          -0.5244798395307559,
          53.26814729419886
        ]
      },
      "properties": {
        "confidence": 0.8432736396789551,
        "image": "DJI_20240802140631_0008_W.JPG"
      }
    },
    {
      "type": "Feature",
      "geometry": {
        "type": "Point",
        "coordinates": [
          -0.5245354958414242,
          53.26801805340508
        ]
      },
      "properties": {
        "confidence": 0.8405711650848389,
        "image": "DJI_20240802140631_0008_W.JPG"
      }
    },
    {
      "type": "Feature",
      "geometry": {
        "type": "Point",
        "coordinates": [
          -0.5245191044434847,
          53.26814491803139
        ]
      },
      "properties": {
        "confidence": 0.8138028979301453,
        "image": "DJI_20240802140631_0008_W.JPG"
      }
    },
    {
      "type": "Feature",
      "geometry": {
        "type": "Point",
        "coordinates": [
          -0.5245941272722463,
          53.268116469324816
        ]
      },
      "properties": {
        "confidence": 0.7166388630867004,
        "image": "DJI_20240802140631_0008_W.JPG"
      }
    },
    {
      "type": "Feature",
      "geometry": {
        "type": "Point",
        "coordinates": [
          -0.5245026724801127,
          53.26805647413085
        ]
      },
      "properties": {
        "confidence": 0.6677115559577942,
        "image": "DJI_20240802140631_0008_W.JPG"
      }
    },
    {
      "type": "Feature",
      "geometry": {
        "type": "Point",
        "coordinates": [
          -0.5244824884224326,
          53.26815972540572
        ]
      },
      "properties": {
        "confidence": 0.5000855326652527,
        "image": "DJI_20240802140631_0008_W.JPG"
      }
    },
    {
      "type": "Feature",
      "geometry": {
        "type": "Point",
        "coordinates": [
          -0.5244810883434745,
          53.26812536634447
        ]
      },
      "properties": {
        "confidence": 0.5346765518188477,
        "image": "DJI_20240802140851_0080_W.JPG"
      }
    },
    {
      "type": "Feature",
      "geometry": {
        "type": "Point",
        "coordinates": [
          -0.5245938911309735,
          53.26811449108364
        ]
      },
      "properties": {
        "confidence": 0.9132790565490723,
        "image": "DJI_20240802140801_0054_W.JPG"
      }
    },
    {
      "type": "Feature",
      "geometry": {
        "type": "Point",
        "coordinates": [
          -0.5245131630649189,
          53.268094758780194
        ]
      },
      "properties": {
        "confidence": 0.893829882144928,
        "image": "DJI_20240802140801_0054_W.JPG"
      }
    },
    {
      "type": "Feature",
      "geometry": {
        "type": "Point",
        "coordinates": [
          -0.5242560275004651,
          53.26813780687252
        ]
      },
      "properties": {
        "confidence": 0.577380895614624,
        "image": "DJI_20240802140801_0054_W.JPG"
      }
    },
    {
      "type": "Feature",
      "geometry": {
        "type": "Point",
        "coordinates": [
          -0.5244448704016836,
          53.268103727910685
        ]
      },
      "properties": {
        "confidence": 0.8847813010215759,
        "image": "DJI_20240802140708_0027_W.JPG"
      }
    },
    {
      "type": "Feature",
      "geometry": {
        "type": "Point",
        "coordinates": [
          -0.5244786548116066,
          53.26813809300228
        ]
      },
      "properties": {
        "confidence": 0.8471599221229553,
        "image": "DJI_20240802140708_0027_W.JPG"
      }
    },
    {
      "type": "Feature",
      "geometry": {
        "type": "Point",
        "coordinates": [
          -0.524440947968895,
          53.26808163612745
        ]
      },
      "properties": {
        "confidence": 0.7815293073654175,
        "image": "DJI_20240802140708_0027_W.JPG"
      }
    },
    {
      "type": "Feature",
      "geometry": {
        "type": "Point",
        "coordinates": [
          -0.5244509870364198,
          53.26814374022336
        ]
      },
      "properties": {
        "confidence": 0.6169650554656982,
        "image": "DJI_20240802140708_0027_W.JPG"
      }
    },
    {
      "type": "Feature",
      "geometry": {
        "type": "Point",
        "coordinates": [
          -0.524408615677555,
          53.2680795749403
        ]
      },
      "properties": {
        "confidence": 0.5207592248916626,
        "image": "DJI_20240802140924_0097_W.JPG"
      }
    },
    {
      "type": "Feature",
      "geometry": {
        "type": "Point",
        "coordinates": [
          -0.5242935611244858,
          53.26807507962214
        ]
      },
      "properties": {
        "confidence": 0.7878024578094482,
        "image": "DJI_20240802140747_0047_W.JPG"
      }
    },
    {
      "type": "Feature",
      "geometry": {
        "type": "Point",
        "coordinates": [
          -0.5245674782706836,
          53.26811855651137
        ]
      },
      "properties": {
        "confidence": 0.5685747265815735,
        "image": "DJI_20240802140747_0047_W.JPG"
      }
    },
    {
      "type": "Feature",
      "geometry": {
        "type": "Point",
        "coordinates": [
          -0.5243155348434583,
          53.26819250784313
        ]
      },
      "properties": {
        "confidence": 0.5247609615325928,
        "image": "DJI_20240802140747_0047_W.JPG"
      }
    },
    {
      "type": "Feature",
      "geometry": {
        "type": "Point",
        "coordinates": [
          -0.5245835815596377,
          53.26816127323149
        ]
      },
      "properties": {
        "confidence": 0.8522447347640991,
        "image": "DJI_20240802140840_0075_W.JPG"
      }
    },
    {
      "type": "Feature",
      "geometry": {
        "type": "Point",
        "coordinates": [
          -0.5245219822503219,
          53.26809921075213
        ]
      },
      "properties": {
        "confidence": 0.7982102632522583,
        "image": "DJI_20240802140840_0075_W.JPG"
      }
    },
    {
      "type": "Feature",
      "geometry": {
        "type": "Point",
        "coordinates": [
          -0.5245675731987759,
          53.26812036670572
        ]
      },
      "properties": {
        "confidence": 0.7671822905540466,
        "image": "DJI_20240802140840_0075_W.JPG"
      }
    },
    {
      "type": "Feature",
      "geometry": {
        "type": "Point",
        "coordinates": [
          -0.5242635259248619,
          53.268141743025616
        ]
      },
      "properties": {
        "confidence": 0.5176073312759399,
        "image": "DJI_20240802140840_0075_W.JPG"
      }
    },
    {
      "type": "Feature",
      "geometry": {
        "type": "Point",
        "coordinates": [
          -0.5244797323800764,
          53.2681164230837
        ]
      },
      "properties": {
        "confidence": 0.9131825566291809,
        "image": "DJI_20240802140706_0026_W.JPG"
      }
    },
    {
      "type": "Feature",
      "geometry": {
        "type": "Point",
        "coordinates": [
          -0.5244043465633575,
          53.268131127084615
        ]
      },
      "properties": {
        "confidence": 0.7890231609344482,
        "image": "DJI_20240802140706_0026_W.JPG"
      }
    },
    {
      "type": "Feature",
      "geometry": {
        "type": "Point",
        "coordinates": [
          -0.5244410697583805,
          53.268108418334236
        ]
      },
      "properties": {
        "confidence": 0.7043525576591492,
        "image": "DJI_20240802140706_0026_W.JPG"
      }
    },
    {
      "type": "Feature",
      "geometry": {
        "type": "Point",
        "coordinates": [
          -0.5244134275634131,
          53.26817550875077
        ]
      },
      "properties": {
        "confidence": 0.5742089152336121,
        "image": "DJI_20240802140706_0026_W.JPG"
      }
    },
    {
      "type": "Feature",
      "geometry": {
        "type": "Point",
        "coordinates": [
          -0.524323449022196,
          53.26807516592868
        ]
      },
      "properties": {
        "confidence": 0.8742231130599976,
        "image": "DJI_20240802140716_0031_W.JPG"
      }
    },
    {
      "type": "Feature",
      "geometry": {
        "type": "Point",
        "coordinates": [
          -0.5244407444939593,
          53.26811887305473
        ]
      },
      "properties": {
        "confidence": 0.7018946409225464,
        "image": "DJI_20240802140716_0031_W.JPG"
      }
    },
    {
      "type": "Feature",
      "geometry": {
        "type": "Point",
        "coordinates": [
          -0.5244097507048704,
          53.268169323093765
        ]
      },
      "properties": {
        "confidence": 0.617097795009613,
        "image": "DJI_20240802140716_0031_W.JPG"
      }
    },
    {
      "type": "Feature",
      "geometry": {
        "type": "Point",
        "coordinates": [
          -0.5244745621524745,
          53.26817606473242
        ]
      },
      "properties": {
        "confidence": 0.5342424511909485,
        "image": "DJI_20240802140925_0098_W.JPG"
      }
    },
    {
      "type": "Feature",
      "geometry": {
        "type": "Point",
        "coordinates": [
          -0.5244668716923735,
          53.2680728144735
        ]
      },
      "properties": {
        "confidence": 0.9894701242446899,
        "image": "DJI_20240802140634_0010_W.JPG"
      }
    },
    {
      "type": "Feature",
      "geometry": {
        "type": "Point",
        "coordinates": [
          -0.5245043281310479,
          53.26806324050954
        ]
      },
      "properties": {
        "confidence": 0.9345633387565613,
        "image": "DJI_20240802140634_0010_W.JPG"
      }
    },
    {
      "type": "Feature",
      "geometry": {
        "type": "Point",
        "coordinates": [
          -0.5244751595428961,
          53.26810982565713
        ]
      },
      "properties": {
        "confidence": 0.9129747152328491,
        "image": "DJI_20240802140634_0010_W.JPG"
      }
    },
    {
      "type": "Feature",
      "geometry": {
        "type": "Point",
        "coordinates": [
          -0.5245018639757546,
          53.26805693158145
        ]
      },
      "properties": {
        "confidence": 0.7034448385238647,
        "image": "DJI_20240802140634_0010_W.JPG"
      }
    },
    {
      "type": "Feature",
      "geometry": {
        "type": "Point",
        "coordinates": [
          -0.5244717785757054,
          53.26809863420218
        ]
      },
      "properties": {
        "confidence": 0.658526599407196,
        "image": "DJI_20240802140634_0010_W.JPG"
      }
    },
    {
      "type": "Feature",
      "geometry": {
        "type": "Point",
        "coordinates": [
          -0.5244762840995012,
          53.268123590822015
        ]
      },
      "properties": {
        "confidence": 0.5049954056739807,
        "image": "DJI_20240802140634_0010_W.JPG"
      }
    },
    {
      "type": "Feature",
      "geometry": {
        "type": "Point",
        "coordinates": [
          -0.5245538121131453,
          53.26806174111149
        ]
      },
      "properties": {
        "confidence": 0.6799231767654419,
        "image": "DJI_20240802140736_0041_W.JPG"
      }
    },
    {
      "type": "Feature",
      "geometry": {
        "type": "Point",
        "coordinates": [
          -0.5245483398223261,
          53.26805339932091
        ]
      },
      "properties": {
        "confidence": 0.5472840070724487,
        "image": "DJI_20240802140736_0041_W.JPG"
      }
    },
    {
      "type": "Feature",
      "geometry": {
        "type": "Point",
        "coordinates": [
          -0.5245075763442341,
          53.268070554973605
        ]
      },
      "properties": {
        "confidence": 0.869466245174408,
        "image": "DJI_20240802140817_0063_W.JPG"
      }
    },
    {
      "type": "Feature",
      "geometry": {
        "type": "Point",
        "coordinates": [
          -0.5245415126809152,
          53.26805566534118
        ]
      },
      "properties": {
        "confidence": 0.7476548552513123,
        "image": "DJI_20240802140817_0063_W.JPG"
      }
    },
    {
      "type": "Feature",
      "geometry": {
        "type": "Point",
        "coordinates": [
          -0.5244571712550564,
          53.26802504153328
        ]
      },
      "properties": {
        "confidence": 0.7036981582641602,
        "image": "DJI_20240802140817_0063_W.JPG"
      }
    },
    {
      "type": "Feature",
      "geometry": {
        "type": "Point",
        "coordinates": [
          -0.5242436424100746,
          53.26808701887047
        ]
      },
      "properties": {
        "confidence": 0.6829593181610107,
        "image": "DJI_20240802140817_0063_W.JPG"
      }
    },
    {
      "type": "Feature",
      "geometry": {
        "type": "Point",
        "coordinates": [
          -0.5244405208989493,
          53.268078047644
        ]
      },
      "properties": {
        "confidence": 0.6337878704071045,
        "image": "DJI_20240802140817_0063_W.JPG"
      }
    },
    {
      "type": "Feature",
      "geometry": {
        "type": "Point",
        "coordinates": [
          -0.5242816348246476,
          53.268075897954944
        ]
      },
      "properties": {
        "confidence": 0.6223569512367249,
        "image": "DJI_20240802140817_0063_W.JPG"
      }
    },
    {
      "type": "Feature",
      "geometry": {
        "type": "Point",
        "coordinates": [
          -0.5242367291439028,
          53.268036464810876
        ]
      },
      "properties": {
        "confidence": 0.6185930967330933,
        "image": "DJI_20240802140817_0063_W.JPG"
      }
    },
    {
      "type": "Feature",
      "geometry": {
        "type": "Point",
        "coordinates": [
          -0.5242789165188694,
          53.26806329466698
        ]
      },
      "properties": {
        "confidence": 0.5558812618255615,
        "image": "DJI_20240802140817_0063_W.JPG"
      }
    },
    {
      "type": "Feature",
      "geometry": {
        "type": "Point",
        "coordinates": [
          -0.5244681381801478,
          53.26804575479083
        ]
      },
      "properties": {
        "confidence": 0.8653357625007629,
        "image": "DJI_20240802140727_0037_W.JPG"
      }
    },
    {
      "type": "Feature",
      "geometry": {
        "type": "Point",
        "coordinates": [
          -0.5243959450585155,
          53.2680867549041
        ]
      },
      "properties": {
        "confidence": 0.7441684603691101,
        "image": "DJI_20240802140727_0037_W.JPG"
      }
    },
    {
      "type": "Feature",
      "geometry": {
        "type": "Point",
        "coordinates": [
          -0.5243190413600726,
          53.26807978078846
        ]
      },
      "properties": {
        "confidence": 0.7331475019454956,
        "image": "DJI_20240802140727_0037_W.JPG"
      }
    },
    {
      "type": "Feature",
      "geometry": {
        "type": "Point",
        "coordinates": [
          -0.5243650187878196,
          53.268124075143646
        ]
      },
      "properties": {
        "confidence": 0.5263296365737915,
        "image": "DJI_20240802140727_0037_W.JPG"
      }
    },
    {
      "type": "Feature",
      "geometry": {
        "type": "Point",
        "coordinates": [
          -0.5245997984633578,
          53.26809307566035
        ]
      },
      "properties": {
        "confidence": 0.8714238405227661,
        "image": "DJI_20240802140745_0046_W.JPG"
      }
    },
    {
      "type": "Feature",
      "geometry": {
        "type": "Point",
        "coordinates": [
          -0.5244027938424601,
          53.268071210536746
        ]
      },
      "properties": {
        "confidence": 0.5178351998329163,
        "image": "DJI_20240802140745_0046_W.JPG"
      }
    },
    {
      "type": "Feature",
      "geometry": {
        "type": "Point",
        "coordinates": [
          -0.5246041172567392,
          53.26810511712904
        ]
      },
      "properties": {
        "confidence": 0.5077571868896484,
        "image": "DJI_20240802140745_0046_W.JPG"
      }
    },
    {
      "type": "Feature",
      "geometry": {
        "type": "Point",
        "coordinates": [
          -0.5246067965844166,
          53.268118872373186
        ]
      },
      "properties": {
        "confidence": 0.8054781556129456,
        "image": "DJI_20240802140754_0051_W.JPG"
      }
    },
    {
      "type": "Feature",
      "geometry": {
        "type": "Point",
        "coordinates": [
          -0.5243101374038389,
          53.26814061340996
        ]
      },
      "properties": {
        "confidence": 0.6463720202445984,
        "image": "DJI_20240802140754_0051_W.JPG"
      }
    },
    {
      "type": "Feature",
      "geometry": {
        "type": "Point",
        "coordinates": [
          -0.5243029741693224,
          53.268137984005556
        ]
      },
      "properties": {
        "confidence": 0.5263559222221375,
        "image": "DJI_20240802140754_0051_W.JPG"
      }
    },
    {
      "type": "Feature",
      "geometry": {
        "type": "Point",
        "coordinates": [
          -0.5243102236740663,
          53.26817226210556
        ]
      },
      "properties": {
        "confidence": 0.5070858001708984,
        "image": "DJI_20240802140754_0051_W.JPG"
      }
    },
    {
      "type": "Feature",
      "geometry": {
        "type": "Point",
        "coordinates": [
          -0.5244685660295233,
          53.26807432330443
        ]
      },
      "properties": {
        "confidence": 0.9464747905731201,
        "image": "DJI_20240802140907_0089_W.JPG"
      }
    },
    {
      "type": "Feature",
      "geometry": {
        "type": "Point",
        "coordinates": [
          -0.5245017712458341,
          53.26807066188832
        ]
      },
      "properties": {
        "confidence": 0.7145764827728271,
        "image": "DJI_20240802140907_0089_W.JPG"
      }
    },
    {
      "type": "Feature",
      "geometry": {
        "type": "Point",
        "coordinates": [
          -0.5244759659697475,
          53.26805660584518
        ]
      },
      "properties": {
        "confidence": 0.9164613485336304,
        "image": "DJI_20240802140655_0020_W.JPG"
      }
    },
    {
      "type": "Feature",
      "geometry": {
        "type": "Point",
        "coordinates": [
          -0.5244379246108657,
          53.26806014849931
        ]
      },
      "properties": {
        "confidence": 0.906294047832489,
        "image": "DJI_20240802140655_0020_W.JPG"
      }
    },
    {
      "type": "Feature",
      "geometry": {
        "type": "Point",
        "coordinates": [
          -0.5244312665446459,
          53.26803595241768
        ]
      },
      "properties": {
        "confidence": 0.8009899854660034,
        "image": "DJI_20240802140655_0020_W.JPG"
      }
    },
    {
      "type": "Feature",
      "geometry": {
        "type": "Point",
        "coordinates": [
          -0.5244076118494464,
          53.26808816855382
        ]
      },
      "properties": {
        "confidence": 0.7400292158126831,
        "image": "DJI_20240802140655_0020_W.JPG"
      }
    },
    {
      "type": "Feature",
      "geometry": {
        "type": "Point",
        "coordinates": [
          -0.5243749813830579,
          53.26811575772065
        ]
      },
      "properties": {
        "confidence": 0.5947018265724182,
        "image": "DJI_20240802140655_0020_W.JPG"
      }
    },
    {
      "type": "Feature",
      "geometry": {
        "type": "Point",
        "coordinates": [
          -0.52440078389793,
          53.26805194746187
        ]
      },
      "properties": {
        "confidence": 0.544588565826416,
        "image": "DJI_20240802140655_0020_W.JPG"
      }
    },
    {
      "type": "Feature",
      "geometry": {
        "type": "Point",
        "coordinates": [
          -0.5246033520259771,
          53.268150295978856
        ]
      },
      "properties": {
        "confidence": 0.9376288652420044,
        "image": "DJI_20240802140808_0058_W.JPG"
      }
    },
    {
      "type": "Feature",
      "geometry": {
        "type": "Point",
        "coordinates": [
          -0.524242847298613,
          53.26804179990775
        ]
      },
      "properties": {
        "confidence": 0.9308964610099792,
        "image": "DJI_20240802140808_0058_W.JPG"
      }
    },
    {
      "type": "Feature",
      "geometry": {
        "type": "Point",
        "coordinates": [
          -0.5245575734302691,
          53.26811485720345
        ]
      },
      "properties": {
        "confidence": 0.9068959355354309,
        "image": "DJI_20240802140808_0058_W.JPG"
      }
    },
    {
      "type": "Feature",
      "geometry": {
        "type": "Point",
        "coordinates": [
          -0.5244821004117128,
          53.26812081983255
        ]
      },
      "properties": {
        "confidence": 0.6950557231903076,
        "image": "DJI_20240802140808_0058_W.JPG"
      }
    },
    {
      "type": "Feature",
      "geometry": {
        "type": "Point",
        "coordinates": [
          -0.5245301297234035,
          53.26815558530093
        ]
      },
      "properties": {
        "confidence": 0.6207963228225708,
        "image": "DJI_20240802140808_0058_W.JPG"
      }
    },
    {
      "type": "Feature",
      "geometry": {
        "type": "Point",
        "coordinates": [
          -0.5243323429636347,
          53.26813719191903
        ]
      },
      "properties": {
        "confidence": 0.6059316992759705,
        "image": "DJI_20240802140808_0058_W.JPG"
      }
    },
    {
      "type": "Feature",
      "geometry": {
        "type": "Point",
        "coordinates": [
          -0.5243222446688506,
          53.268079447729534
        ]
      },
      "properties": {
        "confidence": 0.5910568237304688,
        "image": "DJI_20240802140808_0058_W.JPG"
      }
    },
    {
      "type": "Feature",
      "geometry": {
        "type": "Point",
        "coordinates": [
          -0.5245298837576814,
          53.26816200018923
        ]
      },
      "properties": {
        "confidence": 0.5595109462738037,
        "image": "DJI_20240802140808_0058_W.JPG"
      }
    },
    {
      "type": "Feature",
      "geometry": {
        "type": "Point",
        "coordinates": [
          -0.5244588895345044,
          53.2680186238068
        ]
      },
      "properties": {
        "confidence": 0.5459429025650024,
        "image": "DJI_20240802140808_0058_W.JPG"
      }
    },
    {
      "type": "Feature",
      "geometry": {
        "type": "Point",
        "coordinates": [
          -0.5242983137541012,
          53.26817883661802
        ]
      },
      "properties": {
        "confidence": 0.5328104496002197,
        "image": "DJI_20240802140808_0058_W.JPG"
      }
    },
    {
      "type": "Feature",
      "geometry": {
        "type": "Point",
        "coordinates": [
          -0.5245737678698537,
          53.268040857932434
        ]
      },
      "properties": {
        "confidence": 0.5173709988594055,
        "image": "DJI_20240802140808_0058_W.JPG"
      }
    },
    {
      "type": "Feature",
      "geometry": {
        "type": "Point",
        "coordinates": [
          -0.5245662960999025,
          53.26801963819187
        ]
      },
      "properties": {
        "confidence": 0.5074798464775085,
        "image": "DJI_20240802140808_0058_W.JPG"
      }
    },
    {
      "type": "Feature",
      "geometry": {
        "type": "Point",
        "coordinates": [
          -0.524326915539648,
          53.26812865258768
        ]
      },
      "properties": {
        "confidence": 0.8468671441078186,
        "image": "DJI_20240802140713_0029_W.JPG"
      }
    },
    {
      "type": "Feature",
      "geometry": {
        "type": "Point",
        "coordinates": [
          -0.5244347082727775,
          53.268085624293626
        ]
      },
      "properties": {
        "confidence": 0.7098472118377686,
        "image": "DJI_20240802140713_0029_W.JPG"
      }
    },
    {
      "type": "Feature",
      "geometry": {
        "type": "Point",
        "coordinates": [
          -0.5245704776068585,
          53.26813660690865
        ]
      },
      "properties": {
        "confidence": 0.5821356177330017,
        "image": "DJI_20240802140713_0029_W.JPG"
      }
    },
    {
      "type": "Feature",
      "geometry": {
        "type": "Point",
        "coordinates": [
          -0.5244031816975132,
          53.268120956765785
        ]
      },
      "properties": {
        "confidence": 0.5484676957130432,
        "image": "DJI_20240802140713_0029_W.JPG"
      }
    },
    {
      "type": "Feature",
      "geometry": {
        "type": "Point",
        "coordinates": [
          -0.5244789773120299,
          53.268135354938636
        ]
      },
      "properties": {
        "confidence": 0.9530630111694336,
        "image": "DJI_20240802140632_0009_W.JPG"
      }
    },
    {
      "type": "Feature",
      "geometry": {
        "type": "Point",
        "coordinates": [
          -0.5244726494155979,
          53.26811043176321
        ]
      },
      "properties": {
        "confidence": 0.820751965045929,
        "image": "DJI_20240802140632_0009_W.JPG"
      }
    },
    {
      "type": "Feature",
      "geometry": {
        "type": "Point",
        "coordinates": [
          -0.524475489264474,
          53.26812369621841
        ]
      },
      "properties": {
        "confidence": 0.8086788058280945,
        "image": "DJI_20240802140632_0009_W.JPG"
      }
    },
    {
      "type": "Feature",
      "geometry": {
        "type": "Point",
        "coordinates": [
          -0.5244301148424568,
          53.26807568978796
        ]
      },
      "properties": {
        "confidence": 0.6736259460449219,
        "image": "DJI_20240802140632_0009_W.JPG"
      }
    },
    {
      "type": "Feature",
      "geometry": {
        "type": "Point",
        "coordinates": [
          -0.5245086880878393,
          53.26809470414362
        ]
      },
      "properties": {
        "confidence": 0.5956325531005859,
        "image": "DJI_20240802140632_0009_W.JPG"
      }
    },
    {
      "type": "Feature",
      "geometry": {
        "type": "Point",
        "coordinates": [
          -0.5245435314785095,
          53.268066801627334
        ]
      },
      "properties": {
        "confidence": 0.5657463669776917,
        "image": "DJI_20240802140819_0064_W.JPG"
      }
    },
    {
      "type": "Feature",
      "geometry": {
        "type": "Point",
        "coordinates": [
          -0.5245336447913391,
          53.26812481238201
        ]
      },
      "properties": {
        "confidence": 0.5182598829269409,
        "image": "DJI_20240802140650_0017_W.JPG"
      }
    },
    {
      "type": "Feature",
      "geometry": {
        "type": "Point",
        "coordinates": [
          -0.5245148397778728,
          53.26808979550867
        ]
      },
      "properties": {
        "confidence": 0.979335367679596,
        "image": "DJI_20240802140823_0066_W.JPG"
      }
    },
    {
      "type": "Feature",
      "geometry": {
        "type": "Point",
        "coordinates": [
          -0.5245170612551169,
          53.268101792150325
        ]
      },
      "properties": {
        "confidence": 0.9458113312721252,
        "image": "DJI_20240802140823_0066_W.JPG"
      }
    },
    {
      "type": "Feature",
      "geometry": {
        "type": "Point",
        "coordinates": [
          -0.5244658591590861,
          53.26804424631884
        ]
      },
      "properties": {
        "confidence": 0.8980117440223694,
        "image": "DJI_20240802140823_0066_W.JPG"
      }
    },
    {
      "type": "Feature",
      "geometry": {
        "type": "Point",
        "coordinates": [
          -0.5244295019631662,
          53.268042313470744
        ]
      },
      "properties": {
        "confidence": 0.8471834659576416,
        "image": "DJI_20240802140823_0066_W.JPG"
      }
    },
    {
      "type": "Feature",
      "geometry": {
        "type": "Point",
        "coordinates": [
          -0.5245129018571019,
          53.26807759465951
        ]
      },
      "properties": {
        "confidence": 0.7881947159767151,
        "image": "DJI_20240802140823_0066_W.JPG"
      }
    },
    {
      "type": "Feature",
      "geometry": {
        "type": "Point",
        "coordinates": [
          -0.5245464432345601,
          53.26807534465598
        ]
      },
      "properties": {
        "confidence": 0.7842382788658142,
        "image": "DJI_20240802140823_0066_W.JPG"
      }
    },
    {
      "type": "Feature",
      "geometry": {
        "type": "Point",
        "coordinates": [
          -0.524511363616551,
          53.26806594526276
        ]
      },
      "properties": {
        "confidence": 0.6623914241790771,
        "image": "DJI_20240802140823_0066_W.JPG"
      }
    },
    {
      "type": "Feature",
      "geometry": {
        "type": "Point",
        "coordinates": [
          -0.5244626746911338,
          53.268031516415576
        ]
      },
      "properties": {
        "confidence": 0.6265995502471924,
        "image": "DJI_20240802140823_0066_W.JPG"
      }
    },
    {
      "type": "Feature",
      "geometry": {
        "type": "Point",
        "coordinates": [
          -0.5245046716879791,
          53.26805313951705
        ]
      },
      "properties": {
        "confidence": 0.6196567416191101,
        "image": "DJI_20240802140823_0066_W.JPG"
      }
    },
    {
      "type": "Feature",
      "geometry": {
        "type": "Point",
        "coordinates": [
          -0.524502006790197,
          53.26804112650193
        ]
      },
      "properties": {
        "confidence": 0.6132509112358093,
        "image": "DJI_20240802140823_0066_W.JPG"
      }
    },
    {
      "type": "Feature",
      "geometry": {
        "type": "Point",
        "coordinates": [
          -0.5242592611123551,
          53.268113928549
        ]
      },
      "properties": {
        "confidence": 0.5118290185928345,
        "image": "DJI_20240802140823_0066_W.JPG"
      }
    },
    {
      "type": "Feature",
      "geometry": {
        "type": "Point",
        "coordinates": [
          -0.5244831685322834,
          53.26807347619116
        ]
      },
      "properties": {
        "confidence": 0.6576329469680786,
        "image": "DJI_20240802140648_0016_W.JPG"
      }
    },
    {
      "type": "Feature",
      "geometry": {
        "type": "Point",
        "coordinates": [
          -0.5244189739976042,
          53.26813347804771
        ]
      },
      "properties": {
        "confidence": 0.6019341349601746,
        "image": "DJI_20240802140648_0016_W.JPG"
      }
    },
    {
      "type": "Feature",
      "geometry": {
        "type": "Point",
        "coordinates": [
          -0.5244485907519392,
          53.26808291913731
        ]
      },
      "properties": {
        "confidence": 0.5178670883178711,
        "image": "DJI_20240802140648_0016_W.JPG"
      }
    },
    {
      "type": "Feature",
      "geometry": {
        "type": "Point",
        "coordinates": [
          -0.5244543430871395,
          53.26812597065642
        ]
      },
      "properties": {
        "confidence": 0.5376803874969482,
        "image": "DJI_20240802140920_0095_W.JPG"
      }
    },
    {
      "type": "Feature",
      "geometry": {
        "type": "Point",
        "coordinates": [
          -0.5245607762097584,
          53.26813007627738
        ]
      },
      "properties": {
        "confidence": 0.9940113425254822,
        "image": "DJI_20240802140758_0053_W.JPG"
      }
    },
    {
      "type": "Feature",
      "geometry": {
        "type": "Point",
        "coordinates": [
          -0.5245214055962087,
          53.268121074837886
        ]
      },
      "properties": {
        "confidence": 0.9896313548088074,
        "image": "DJI_20240802140758_0053_W.JPG"
      }
    },
    {
      "type": "Feature",
      "geometry": {
        "type": "Point",
        "coordinates": [
          -0.5245655064987893,
          53.26814282994458
        ]
      },
      "properties": {
        "confidence": 0.985481321811676,
        "image": "DJI_20240802140758_0053_W.JPG"
      }
    },
    {
      "type": "Feature",
      "geometry": {
        "type": "Point",
        "coordinates": [
          -0.524601125704806,
          53.268139743844934
        ]
      },
      "properties": {
        "confidence": 0.9703966975212097,
        "image": "DJI_20240802140758_0053_W.JPG"
      }
    },
    {
      "type": "Feature",
      "geometry": {
        "type": "Point",
        "coordinates": [
          -0.524531185261017,
          53.2681577891491
        ]
      },
      "properties": {
        "confidence": 0.8837249279022217,
        "image": "DJI_20240802140758_0053_W.JPG"
      }
    },
    {
      "type": "Feature",
      "geometry": {
        "type": "Point",
        "coordinates": [
          -0.5245685048438428,
          53.268155233044574
        ]
      },
      "properties": {
        "confidence": 0.8742125630378723,
        "image": "DJI_20240802140758_0053_W.JPG"
      }
    },
    {
      "type": "Feature",
      "geometry": {
        "type": "Point",
        "coordinates": [
          -0.5243279543634259,
          53.26807882084624
        ]
      },
      "properties": {
        "confidence": 0.8599204421043396,
        "image": "DJI_20240802140758_0053_W.JPG"
      }
    },
    {
      "type": "Feature",
      "geometry": {
        "type": "Point",
        "coordinates": [
          -0.524597020017036,
          53.268109855894494
        ]
      },
      "properties": {
        "confidence": 0.7849050164222717,
        "image": "DJI_20240802140758_0053_W.JPG"
      }
    },
    {
      "type": "Feature",
      "geometry": {
        "type": "Point",
        "coordinates": [
          -0.5245149237532707,
          53.26809732665043
        ]
      },
      "properties": {
        "confidence": 0.7764726877212524,
        "image": "DJI_20240802140758_0053_W.JPG"
      }
    },
    {
      "type": "Feature",
      "geometry": {
        "type": "Point",
        "coordinates": [
          -0.5243664092086361,
          53.26808679730184
        ]
      },
      "properties": {
        "confidence": 0.7376888394355774,
        "image": "DJI_20240802140758_0053_W.JPG"
      }
    },
    {
      "type": "Feature",
      "geometry": {
        "type": "Point",
        "coordinates": [
          -0.5243432247113882,
          53.26816981899436
        ]
      },
      "properties": {
        "confidence": 0.6967555284500122,
        "image": "DJI_20240802140758_0053_W.JPG"
      }
    },
    {
      "type": "Feature",
      "geometry": {
        "type": "Point",
        "coordinates": [
          -0.5245935596679495,
          53.268115927622496
        ]
      },
      "properties": {
        "confidence": 0.6585073471069336,
        "image": "DJI_20240802140758_0053_W.JPG"
      }
    },
    {
      "type": "Feature",
      "geometry": {
        "type": "Point",
        "coordinates": [
          -0.5246074022280338,
          53.26810492288157
        ]
      },
      "properties": {
        "confidence": 0.7696781754493713,
        "image": "DJI_20240802140651_0018_W.JPG"
      }
    },
    {
      "type": "Feature",
      "geometry": {
        "type": "Point",
        "coordinates": [
          -0.5244030450854394,
          53.26808215412951
        ]
      },
      "properties": {
        "confidence": 0.5587396621704102,
        "image": "DJI_20240802140651_0018_W.JPG"
      }
    },
    {
      "type": "Feature",
      "geometry": {
        "type": "Point",
        "coordinates": [
          -0.5244343102336492,
          53.26804612719744
        ]
      },
      "properties": {
        "confidence": 0.5369946956634521,
        "image": "DJI_20240802140651_0018_W.JPG"
      }
    },
    {
      "type": "Feature",
      "geometry": {
        "type": "Point",
        "coordinates": [
          -0.5245928178604916,
          53.26811477454283
        ]
      },
      "properties": {
        "confidence": 0.8711345195770264,
        "image": "DJI_20240802140812_0060_W.JPG"
      }
    },
    {
      "type": "Feature",
      "geometry": {
        "type": "Point",
        "coordinates": [
          -0.5245563902561837,
          53.26811739811463
        ]
      },
      "properties": {
        "confidence": 0.8006214499473572,
        "image": "DJI_20240802140812_0060_W.JPG"
      }
    },
    {
      "type": "Feature",
      "geometry": {
        "type": "Point",
        "coordinates": [
          -0.5245269812302941,
          53.268158782991996
        ]
      },
      "properties": {
        "confidence": 0.7727452516555786,
        "image": "DJI_20240802140812_0060_W.JPG"
      }
    },
    {
      "type": "Feature",
      "geometry": {
        "type": "Point",
        "coordinates": [
          -0.5243201135441987,
          53.268080562589724
        ]
      },
      "properties": {
        "confidence": 0.622033953666687,
        "image": "DJI_20240802140812_0060_W.JPG"
      }
    },
    {
      "type": "Feature",
      "geometry": {
        "type": "Point",
        "coordinates": [
          -0.5242387279751443,
          53.268038295528136
        ]
      },
      "properties": {
        "confidence": 0.553697407245636,
        "image": "DJI_20240802140812_0060_W.JPG"
      }
    },
    {
      "type": "Feature",
      "geometry": {
        "type": "Point",
        "coordinates": [
          -0.5244579872569107,
          53.26802247654961
        ]
      },
      "properties": {
        "confidence": 0.5218157768249512,
        "image": "DJI_20240802140812_0060_W.JPG"
      }
    },
    {
      "type": "Feature",
      "geometry": {
        "type": "Point",
        "coordinates": [
          -0.524263941461286,
          53.268176359137925
        ]
      },
      "properties": {
        "confidence": 0.5044642090797424,
        "image": "DJI_20240802140812_0060_W.JPG"
      }
    },
    {
      "type": "Feature",
      "geometry": {
        "type": "Point",
        "coordinates": [
          -0.5245559239336206,
          53.2681167191949
        ]
      },
      "properties": {
        "confidence": 0.9015796184539795,
        "image": "DJI_20240802140810_0059_W.JPG"
      }
    },
    {
      "type": "Feature",
      "geometry": {
        "type": "Point",
        "coordinates": [
          -0.5244812229191028,
          53.26812295902738
        ]
      },
      "properties": {
        "confidence": 0.8083370327949524,
        "image": "DJI_20240802140810_0059_W.JPG"
      }
    },
    {
      "type": "Feature",
      "geometry": {
        "type": "Point",
        "coordinates": [
          -0.5243057531642842,
          53.2681833838769
        ]
      },
      "properties": {
        "confidence": 0.6817946434020996,
        "image": "DJI_20240802140810_0059_W.JPG"
      }
    },
    {
      "type": "Feature",
      "geometry": {
        "type": "Point",
        "coordinates": [
          -0.5242895838543734,
          53.26807498908758
        ]
      },
      "properties": {
        "confidence": 0.8368479013442993,
        "image": "DJI_20240802140837_0073_W.JPG"
      }
    },
    {
      "type": "Feature",
      "geometry": {
        "type": "Point",
        "coordinates": [
          -0.524566793591763,
          53.26810765796811
        ]
      },
      "properties": {
        "confidence": 0.6645551323890686,
        "image": "DJI_20240802140837_0073_W.JPG"
      }
    },
    {
      "type": "Feature",
      "geometry": {
        "type": "Point",
        "coordinates": [
          -0.5245170746035618,
          53.26807512382405
        ]
      },
      "properties": {
        "confidence": 0.5564265847206116,
        "image": "DJI_20240802140837_0073_W.JPG"
      }
    },
    {
      "type": "Feature",
      "geometry": {
        "type": "Point",
        "coordinates": [
          -0.5245077121392453,
          53.26805227844625
        ]
      },
      "properties": {
        "confidence": 0.5179510116577148,
        "image": "DJI_20240802140837_0073_W.JPG"
      }
    },
    {
      "type": "Feature",
      "geometry": {
        "type": "Point",
        "coordinates": [
          -0.5245117033652629,
          53.26806380692081
        ]
      },
      "properties": {
        "confidence": 0.5080841779708862,
        "image": "DJI_20240802140837_0073_W.JPG"
      }
    },
    {
      "type": "Feature",
      "geometry": {
        "type": "Point",
        "coordinates": [
          -0.5242543703282927,
          53.26808997722258
        ]
      },
      "properties": {
        "confidence": 0.5075449347496033,
        "image": "DJI_20240802140837_0073_W.JPG"
      }
    },
    {
      "type": "Feature",
      "geometry": {
        "type": "Point",
        "coordinates": [
          -0.5242972832586698,
          53.26817902495957
        ]
      },
      "properties": {
        "confidence": 0.8237177133560181,
        "image": "DJI_20240802140806_0057_W.JPG"
      }
    },
    {
      "type": "Feature",
      "geometry": {
        "type": "Point",
        "coordinates": [
          -0.524334740217103,
          53.26814419431448
        ]
      },
      "properties": {
        "confidence": 0.7901781797409058,
        "image": "DJI_20240802140806_0057_W.JPG"
      }
    },
    {
      "type": "Feature",
      "geometry": {
        "type": "Point",
        "coordinates": [
          -0.5245871081949794,
          53.26808842040602
        ]
      },
      "properties": {
        "confidence": 0.7680990695953369,
        "image": "DJI_20240802140806_0057_W.JPG"
      }
    },
    {
      "type": "Feature",
      "geometry": {
        "type": "Point",
        "coordinates": [
          -0.5246037511388003,
          53.26815001879049
        ]
      },
      "properties": {
        "confidence": 0.6956494450569153,
        "image": "DJI_20240802140806_0057_W.JPG"
      }
    },
    {
      "type": "Feature",
      "geometry": {
        "type": "Point",
        "coordinates": [
          -0.524282719602369,
          53.26806258670204
        ]
      },
      "properties": {
        "confidence": 0.562731921672821,
        "image": "DJI_20240802140806_0057_W.JPG"
      }
    },
    {
      "type": "Feature",
      "geometry": {
        "type": "Point",
        "coordinates": [
          -0.5245921834849836,
          53.268116019392615
        ]
      },
      "properties": {
        "confidence": 0.9378958344459534,
        "image": "DJI_20240802140813_0061_W.JPG"
      }
    },
    {
      "type": "Feature",
      "geometry": {
        "type": "Point",
        "coordinates": [
          -0.5245581159382817,
          53.268131631355594
        ]
      },
      "properties": {
        "confidence": 0.7420352697372437,
        "image": "DJI_20240802140813_0061_W.JPG"
      }
    },
    {
      "type": "Feature",
      "geometry": {
        "type": "Point",
        "coordinates": [
          -0.5243976177349916,
          53.26807523989811
        ]
      },
      "properties": {
        "confidence": 0.632221519947052,
        "image": "DJI_20240802140813_0061_W.JPG"
      }
    },
    {
      "type": "Feature",
      "geometry": {
        "type": "Point",
        "coordinates": [
          -0.5245758961136349,
          53.268054897728675
        ]
      },
      "properties": {
        "confidence": 0.5952302813529968,
        "image": "DJI_20240802140813_0061_W.JPG"
      }
    },
    {
      "type": "Feature",
      "geometry": {
        "type": "Point",
        "coordinates": [
          -0.5245055701274222,
          53.26807167059528
        ]
      },
      "properties": {
        "confidence": 0.904263973236084,
        "image": "DJI_20240802140815_0062_W.JPG"
      }
    },
    {
      "type": "Feature",
      "geometry": {
        "type": "Point",
        "coordinates": [
          -0.5245911498594039,
          53.26811571650924
        ]
      },
      "properties": {
        "confidence": 0.8564839959144592,
        "image": "DJI_20240802140815_0062_W.JPG"
      }
    },
    {
      "type": "Feature",
      "geometry": {
        "type": "Point",
        "coordinates": [
          -0.5245390657404901,
          53.26805684475075
        ]
      },
      "properties": {
        "confidence": 0.7959951758384705,
        "image": "DJI_20240802140815_0062_W.JPG"
      }
    },
    {
      "type": "Feature",
      "geometry": {
        "type": "Point",
        "coordinates": [
          -0.5242898647547882,
          53.26813685287626
        ]
      },
      "properties": {
        "confidence": 0.7051118016242981,
        "image": "DJI_20240802140815_0062_W.JPG"
      }
    },
    {
      "type": "Feature",
      "geometry": {
        "type": "Point",
        "coordinates": [
          -0.5242353592997074,
          53.26803819599324
        ]
      },
      "properties": {
        "confidence": 0.6726332306861877,
        "image": "DJI_20240802140815_0062_W.JPG"
      }
    },
    {
      "type": "Feature",
      "geometry": {
        "type": "Point",
        "coordinates": [
          -0.5242429883987694,
          53.268087398127065
        ]
      },
      "properties": {
        "confidence": 0.5605602860450745,
        "image": "DJI_20240802140815_0062_W.JPG"
      }
    },
    {
      "type": "Feature",
      "geometry": {
        "type": "Point",
        "coordinates": [
          -0.5245350450822815,
          53.26812524912808
        ]
      },
      "properties": {
        "confidence": 0.9674463272094727,
        "image": "DJI_20240802140828_0068_W.JPG"
      }
    },
    {
      "type": "Feature",
      "geometry": {
        "type": "Point",
        "coordinates": [
          -0.5245675115814216,
          53.26810913431997
        ]
      },
      "properties": {
        "confidence": 0.9576299786567688,
        "image": "DJI_20240802140828_0068_W.JPG"
      }
    },
    {
      "type": "Feature",
      "geometry": {
        "type": "Point",
        "coordinates": [
          -0.5245383456487827,
          53.26813741960501
        ]
      },
      "properties": {
        "confidence": 0.9472838044166565,
        "image": "DJI_20240802140828_0068_W.JPG"
      }
    },
    {
      "type": "Feature",
      "geometry": {
        "type": "Point",
        "coordinates": [
          -0.524491763806694,
          53.26810539025368
        ]
      },
      "properties": {
        "confidence": 0.9444975852966309,
        "image": "DJI_20240802140828_0068_W.JPG"
      }
    },
    {
      "type": "Feature",
      "geometry": {
        "type": "Point",
        "coordinates": [
          -0.524501777348135,
          53.268141417594805
        ]
      },
      "properties": {
        "confidence": 0.8200953006744385,
        "image": "DJI_20240802140828_0068_W.JPG"
      }
    },
    {
      "type": "Feature",
      "geometry": {
        "type": "Point",
        "coordinates": [
          -0.5245635216762203,
          53.268096533412
        ]
      },
      "properties": {
        "confidence": 0.7286668419837952,
        "image": "DJI_20240802140828_0068_W.JPG"
      }
    },
    {
      "type": "Feature",
      "geometry": {
        "type": "Point",
        "coordinates": [
          -0.5245705234279113,
          53.26812084753655
        ]
      },
      "properties": {
        "confidence": 0.7160767316818237,
        "image": "DJI_20240802140828_0068_W.JPG"
      }
    },
    {
      "type": "Feature",
      "geometry": {
        "type": "Point",
        "coordinates": [
          -0.5245530190636151,
          53.26806006222517
        ]
      },
      "properties": {
        "confidence": 0.6498852372169495,
        "image": "DJI_20240802140828_0068_W.JPG"
      }
    },
    {
      "type": "Feature",
      "geometry": {
        "type": "Point",
        "coordinates": [
          -0.5244998775628394,
          53.268130225648726
        ]
      },
      "properties": {
        "confidence": 0.614291250705719,
        "image": "DJI_20240802140828_0068_W.JPG"
      }
    },
    {
      "type": "Feature",
      "geometry": {
        "type": "Point",
        "coordinates": [
          -0.5245719770682555,
          53.268132903407846
        ]
      },
      "properties": {
        "confidence": 0.6071674823760986,
        "image": "DJI_20240802140828_0068_W.JPG"
      }
    },
    {
      "type": "Feature",
      "geometry": {
        "type": "Point",
        "coordinates": [
          -0.524561043076028,
          53.26808549937863
        ]
      },
      "properties": {
        "confidence": 0.5245415568351746,
        "image": "DJI_20240802140828_0068_W.JPG"
      }
    },
    {
      "type": "Feature",
      "geometry": {
        "type": "Point",
        "coordinates": [
          -0.5245028771378935,
          53.268018798939934
        ]
      },
      "properties": {
        "confidence": 0.5203042030334473,
        "image": "DJI_20240802140828_0068_W.JPG"
      }
    },
    {
      "type": "Feature",
      "geometry": {
        "type": "Point",
        "coordinates": [
          -0.5243189190775234,
          53.26807889084864
        ]
      },
      "properties": {
        "confidence": 0.8931837677955627,
        "image": "DJI_20240802140729_0038_W.JPG"
      }
    },
    {
      "type": "Feature",
      "geometry": {
        "type": "Point",
        "coordinates": [
          -0.5243933104476468,
          53.26808698499756
        ]
      },
      "properties": {
        "confidence": 0.5963629484176636,
        "image": "DJI_20240802140729_0038_W.JPG"
      }
    },
    {
      "type": "Feature",
      "geometry": {
        "type": "Point",
        "coordinates": [
          -0.5243507564385179,
          53.26806517297167
        ]
      },
      "properties": {
        "confidence": 0.5498160719871521,
        "image": "DJI_20240802140729_0038_W.JPG"
      }
    },
    {
      "type": "Feature",
      "geometry": {
        "type": "Point",
        "coordinates": [
          -0.524494206903364,
          53.26805195095909
        ]
      },
      "properties": {
        "confidence": 0.969356119632721,
        "image": "DJI_20240802140857_0083_W.JPG"
      }
    },
    {
      "type": "Feature",
      "geometry": {
        "type": "Point",
        "coordinates": [
          -0.5245224494342077,
          53.268146127124744
        ]
      },
      "properties": {
        "confidence": 0.734481930732727,
        "image": "DJI_20240802140857_0083_W.JPG"
      }
    },
    {
      "type": "Feature",
      "geometry": {
        "type": "Point",
        "coordinates": [
          -0.5243932891645959,
          53.26806874876626
        ]
      },
      "properties": {
        "confidence": 0.7249439358711243,
        "image": "DJI_20240802140857_0083_W.JPG"
      }
    },
    {
      "type": "Feature",
      "geometry": {
        "type": "Point",
        "coordinates": [
          -0.5243409616370953,
          53.2681364832713
        ]
      },
      "properties": {
        "confidence": 0.7127483487129211,
        "image": "DJI_20240802140857_0083_W.JPG"
      }
    },
    {
      "type": "Feature",
      "geometry": {
        "type": "Point",
        "coordinates": [
          -0.5244749989550278,
          53.26810036415346
        ]
      },
      "properties": {
        "confidence": 0.711613118648529,
        "image": "DJI_20240802140857_0083_W.JPG"
      }
    },
    {
      "type": "Feature",
      "geometry": {
        "type": "Point",
        "coordinates": [
          -0.5244641665860037,
          53.268064533181544
        ]
      },
      "properties": {
        "confidence": 0.6400661468505859,
        "image": "DJI_20240802140857_0083_W.JPG"
      }
    },
    {
      "type": "Feature",
      "geometry": {
        "type": "Point",
        "coordinates": [
          -0.5244914133762323,
          53.268160088377854
        ]
      },
      "properties": {
        "confidence": 0.6376263499259949,
        "image": "DJI_20240802140857_0083_W.JPG"
      }
    },
    {
      "type": "Feature",
      "geometry": {
        "type": "Point",
        "coordinates": [
          -0.52450641814127,
          53.26808503336537
        ]
      },
      "properties": {
        "confidence": 0.6368712186813354,
        "image": "DJI_20240802140857_0083_W.JPG"
      }
    },
    {
      "type": "Feature",
      "geometry": {
        "type": "Point",
        "coordinates": [
          -0.5244708807305014,
          53.26808811668395
        ]
      },
      "properties": {
        "confidence": 0.5336092114448547,
        "image": "DJI_20240802140857_0083_W.JPG"
      }
    },
    {
      "type": "Feature",
      "geometry": {
        "type": "Point",
        "coordinates": [
          -0.5245474000056974,
          53.26808117113028
        ]
      },
      "properties": {
        "confidence": 0.7148028612136841,
        "image": "DJI_20240802140803_0055_W.JPG"
      }
    },
    {
      "type": "Feature",
      "geometry": {
        "type": "Point",
        "coordinates": [
          -0.524413734405609,
          53.26813496694525
        ]
      },
      "properties": {
        "confidence": 0.7050049304962158,
        "image": "DJI_20240802140803_0055_W.JPG"
      }
    },
    {
      "type": "Feature",
      "geometry": {
        "type": "Point",
        "coordinates": [
          -0.5245875449383941,
          53.26808967891948
        ]
      },
      "properties": {
        "confidence": 0.6880033612251282,
        "image": "DJI_20240802140803_0055_W.JPG"
      }
    },
    {
      "type": "Feature",
      "geometry": {
        "type": "Point",
        "coordinates": [
          -0.5245075832888001,
          53.26807142356496
        ]
      },
      "properties": {
        "confidence": 0.6053630113601685,
        "image": "DJI_20240802140803_0055_W.JPG"
      }
    },
    {
      "type": "Feature",
      "geometry": {
        "type": "Point",
        "coordinates": [
          -0.5244782184163015,
          53.26811073211331
        ]
      },
      "properties": {
        "confidence": 0.9399402737617493,
        "image": "DJI_20240802140621_0003_W.JPG"
      }
    },
    {
      "type": "Feature",
      "geometry": {
        "type": "Point",
        "coordinates": [
          -0.5245094629785093,
          53.26806680034754
        ]
      },
      "properties": {
        "confidence": 0.8937159180641174,
        "image": "DJI_20240802140621_0003_W.JPG"
      }
    },
    {
      "type": "Feature",
      "geometry": {
        "type": "Point",
        "coordinates": [
          -0.5245227623511143,
          53.268145176695484
        ]
      },
      "properties": {
        "confidence": 0.8629670739173889,
        "image": "DJI_20240802140621_0003_W.JPG"
      }
    },
    {
      "type": "Feature",
      "geometry": {
        "type": "Point",
        "coordinates": [
          -0.5245656241871887,
          53.26816164176476
        ]
      },
      "properties": {
        "confidence": 0.7668431997299194,
        "image": "DJI_20240802140621_0003_W.JPG"
      }
    },
    {
      "type": "Feature",
      "geometry": {
        "type": "Point",
        "coordinates": [
          -0.5245212929862223,
          53.26813256109395
        ]
      },
      "properties": {
        "confidence": 0.7334829568862915,
        "image": "DJI_20240802140621_0003_W.JPG"
      }
    },
    {
      "type": "Feature",
      "geometry": {
        "type": "Point",
        "coordinates": [
          -0.5244765783419044,
          53.26809914694544
        ]
      },
      "properties": {
        "confidence": 0.7291373610496521,
        "image": "DJI_20240802140621_0003_W.JPG"
      }
    },
    {
      "type": "Feature",
      "geometry": {
        "type": "Point",
        "coordinates": [
          -0.5245564710151183,
          53.26811198540085
        ]
      },
      "properties": {
        "confidence": 0.6128308176994324,
        "image": "DJI_20240802140621_0003_W.JPG"
      }
    },
    {
      "type": "Feature",
      "geometry": {
        "type": "Point",
        "coordinates": [
          -0.5244835425967311,
          53.268147248349884
        ]
      },
      "properties": {
        "confidence": 0.5167157649993896,
        "image": "DJI_20240802140621_0003_W.JPG"
      }
    },
    {
      "type": "Feature",
      "geometry": {
        "type": "Point",
        "coordinates": [
          -0.5244798741175468,
          53.26812327268125
        ]
      },
      "properties": {
        "confidence": 0.5107511281967163,
        "image": "DJI_20240802140621_0003_W.JPG"
      }
    },
    {
      "type": "Feature",
      "geometry": {
        "type": "Point",
        "coordinates": [
          -0.52438970983475,
          53.26807229209531
        ]
      },
      "properties": {
        "confidence": 0.6327553391456604,
        "image": "DJI_20240802140725_0036_W.JPG"
      }
    },
    {
      "type": "Feature",
      "geometry": {
        "type": "Point",
        "coordinates": [
          -0.5243676580358685,
          53.26813321243903
        ]
      },
      "properties": {
        "confidence": 0.5211280584335327,
        "image": "DJI_20240802140725_0036_W.JPG"
      }
    },
    {
      "type": "Feature",
      "geometry": {
        "type": "Point",
        "coordinates": [
          -0.5244320975553026,
          53.268068339979685
        ]
      },
      "properties": {
        "confidence": 0.7259066104888916,
        "image": "DJI_20240802140853_0081_W.JPG"
      }
    },
    {
      "type": "Feature",
      "geometry": {
        "type": "Point",
        "coordinates": [
          -0.5245045400435988,
          53.26808693591176
        ]
      },
      "properties": {
        "confidence": 0.5799681544303894,
        "image": "DJI_20240802140853_0081_W.JPG"
      }
    },
    {
      "type": "Feature",
      "geometry": {
        "type": "Point",
        "coordinates": [
          -0.524489958340094,
          53.268115374084104
        ]
      },
      "properties": {
        "confidence": 0.8419259190559387,
        "image": "DJI_20240802140839_0074_W.JPG"
      }
    },
    {
      "type": "Feature",
      "geometry": {
        "type": "Point",
        "coordinates": [
          -0.5245726450670952,
          53.268131393699555
        ]
      },
      "properties": {
        "confidence": 0.8329930901527405,
        "image": "DJI_20240802140839_0074_W.JPG"
      }
    },
    {
      "type": "Feature",
      "geometry": {
        "type": "Point",
        "coordinates": [
          -0.524528269657846,
          53.26811102178282
        ]
      },
      "properties": {
        "confidence": 0.8255271315574646,
        "image": "DJI_20240802140839_0074_W.JPG"
      }
    },
    {
      "type": "Feature",
      "geometry": {
        "type": "Point",
        "coordinates": [
          -0.5245017366713629,
          53.26815108976475
        ]
      },
      "properties": {
        "confidence": 0.8028839826583862,
        "image": "DJI_20240802140839_0074_W.JPG"
      }
    },
    {
      "type": "Feature",
      "geometry": {
        "type": "Point",
        "coordinates": [
          -0.5244782145216594,
          53.26807876283488
        ]
      },
      "properties": {
        "confidence": 0.7384724617004395,
        "image": "DJI_20240802140839_0074_W.JPG"
      }
    },
    {
      "type": "Feature",
      "geometry": {
        "type": "Point",
        "coordinates": [
          -0.5245640664765828,
          53.268107314286596
        ]
      },
      "properties": {
        "confidence": 0.7298166751861572,
        "image": "DJI_20240802140839_0074_W.JPG"
      }
    },
    {
      "type": "Feature",
      "geometry": {
        "type": "Point",
        "coordinates": [
          -0.5242524701295355,
          53.268089593747064
        ]
      },
      "properties": {
        "confidence": 0.7096307277679443,
        "image": "DJI_20240802140839_0074_W.JPG"
      }
    },
    {
      "type": "Feature",
      "geometry": {
        "type": "Point",
        "coordinates": [
          -0.5245083964870272,
          53.26806459317162
        ]
      },
      "properties": {
        "confidence": 0.5641244649887085,
        "image": "DJI_20240802140839_0074_W.JPG"
      }
    },
    {
      "type": "Feature",
      "geometry": {
        "type": "Point",
        "coordinates": [
          -0.5245141231503557,
          53.26807457144444
        ]
      },
      "properties": {
        "confidence": 0.5357729196548462,
        "image": "DJI_20240802140839_0074_W.JPG"
      }
    },
    {
      "type": "Feature",
      "geometry": {
        "type": "Point",
        "coordinates": [
          -0.5245580069916278,
          53.26809664369554
        ]
      },
      "properties": {
        "confidence": 0.5287626385688782,
        "image": "DJI_20240802140839_0074_W.JPG"
      }
    },
    {
      "type": "Feature",
      "geometry": {
        "type": "Point",
        "coordinates": [
          -0.5243608187641344,
          53.26807730469573
        ]
      },
      "properties": {
        "confidence": 0.6275306940078735,
        "image": "DJI_20240802140733_0040_W.JPG"
      }
    },
    {
      "type": "Feature",
      "geometry": {
        "type": "Point",
        "coordinates": [
          -0.5243996310405222,
          53.26807382206927
        ]
      },
      "properties": {
        "confidence": 0.556564211845398,
        "image": "DJI_20240802140733_0040_W.JPG"
      }
    },
    {
      "type": "Feature",
      "geometry": {
        "type": "Point",
        "coordinates": [
          -0.5244045838779268,
          53.26810030696185
        ]
      },
      "properties": {
        "confidence": 0.850761353969574,
        "image": "DJI_20240802140913_0092_W.JPG"
      }
    },
    {
      "type": "Feature",
      "geometry": {
        "type": "Point",
        "coordinates": [
          -0.5243642268811974,
          53.26808231004539
        ]
      },
      "properties": {
        "confidence": 0.6805384755134583,
        "image": "DJI_20240802140913_0092_W.JPG"
      }
    },
    {
      "type": "Feature",
      "geometry": {
        "type": "Point",
        "coordinates": [
          -0.524435635923491,
          53.268074927128914
        ]
      },
      "properties": {
        "confidence": 0.6742087006568909,
        "image": "DJI_20240802140913_0092_W.JPG"
      }
    },
    {
      "type": "Feature",
      "geometry": {
        "type": "Point",
        "coordinates": [
          -0.5244761911012092,
          53.268084503342045
        ]
      },
      "properties": {
        "confidence": 0.9812823534011841,
        "image": "DJI_20240802140643_0014_W.JPG"
      }
    },
    {
      "type": "Feature",
      "geometry": {
        "type": "Point",
        "coordinates": [
          -0.5244851273319827,
          53.26812037364654
        ]
      },
      "properties": {
        "confidence": 0.7826913595199585,
        "image": "DJI_20240802140643_0014_W.JPG"
      }
    },
    {
      "type": "Feature",
      "geometry": {
        "type": "Point",
        "coordinates": [
          -0.5244890501872066,
          53.26813375157072
        ]
      },
      "properties": {
        "confidence": 0.7618648409843445,
        "image": "DJI_20240802140643_0014_W.JPG"
      }
    },
    {
      "type": "Feature",
      "geometry": {
        "type": "Point",
        "coordinates": [
          -0.524256427219832,
          53.26809075567361
        ]
      },
      "properties": {
        "confidence": 0.9504023194313049,
        "image": "DJI_20240802140835_0072_W.JPG"
      }
    },
    {
      "type": "Feature",
      "geometry": {
        "type": "Point",
        "coordinates": [
          -0.524542346194263,
          53.268149685313325
        ]
      },
      "properties": {
        "confidence": 0.8444488644599915,
        "image": "DJI_20240802140835_0072_W.JPG"
      }
    },
    {
      "type": "Feature",
      "geometry": {
        "type": "Point",
        "coordinates": [
          -0.5245109212610072,
          53.268051539873234
        ]
      },
      "properties": {
        "confidence": 0.8052195310592651,
        "image": "DJI_20240802140835_0072_W.JPG"
      }
    },
    {
      "type": "Feature",
      "geometry": {
        "type": "Point",
        "coordinates": [
          -0.5245687028621403,
          53.268108523441974
        ]
      },
      "properties": {
        "confidence": 0.7646002769470215,
        "image": "DJI_20240802140835_0072_W.JPG"
      }
    },
    {
      "type": "Feature",
      "geometry": {
        "type": "Point",
        "coordinates": [
          -0.5245767871646007,
          53.268133193534
        ]
      },
      "properties": {
        "confidence": 0.659776508808136,
        "image": "DJI_20240802140835_0072_W.JPG"
      }
    },
    {
      "type": "Feature",
      "geometry": {
        "type": "Point",
        "coordinates": [
          -0.5242462297308024,
          53.26805591603228
        ]
      },
      "properties": {
        "confidence": 0.6050866842269897,
        "image": "DJI_20240802140835_0072_W.JPG"
      }
    },
    {
      "type": "Feature",
      "geometry": {
        "type": "Point",
        "coordinates": [
          -0.5245157393381235,
          53.26806206470274
        ]
      },
      "properties": {
        "confidence": 0.5763723850250244,
        "image": "DJI_20240802140835_0072_W.JPG"
      }
    },
    {
      "type": "Feature",
      "geometry": {
        "type": "Point",
        "coordinates": [
          -0.5244253396075823,
          53.268145121058275
        ]
      },
      "properties": {
        "confidence": 0.9236695766448975,
        "image": "DJI_20240802140933_0102_W.JPG"
      }
    },
    {
      "type": "Feature",
      "geometry": {
        "type": "Point",
        "coordinates": [
          -0.5244707091445773,
          53.26808615713599
        ]
      },
      "properties": {
        "confidence": 0.9563047885894775,
        "image": "DJI_20240802140906_0088_W.JPG"
      }
    },
    {
      "type": "Feature",
      "geometry": {
        "type": "Point",
        "coordinates": [
          -0.524512840160505,
          53.2681191838518
        ]
      },
      "properties": {
        "confidence": 0.8104369044303894,
        "image": "DJI_20240802140906_0088_W.JPG"
      }
    },
    {
      "type": "Feature",
      "geometry": {
        "type": "Point",
        "coordinates": [
          -0.5244784127706988,
          53.268123105025566
        ]
      },
      "properties": {
        "confidence": 0.7433345913887024,
        "image": "DJI_20240802140906_0088_W.JPG"
      }
    },
    {
      "type": "Feature",
      "geometry": {
        "type": "Point",
        "coordinates": [
          -0.5244688998300225,
          53.26807407600935
        ]
      },
      "properties": {
        "confidence": 0.7220725417137146,
        "image": "DJI_20240802140906_0088_W.JPG"
      }
    },
    {
      "type": "Feature",
      "geometry": {
        "type": "Point",
        "coordinates": [
          -0.5244584076381589,
          53.26803738549998
        ]
      },
      "properties": {
        "confidence": 0.5917319655418396,
        "image": "DJI_20240802140906_0088_W.JPG"
      }
    },
    {
      "type": "Feature",
      "geometry": {
        "type": "Point",
        "coordinates": [
          -0.5244742255189727,
          53.26809973031254
        ]
      },
      "properties": {
        "confidence": 0.5441688299179077,
        "image": "DJI_20240802140906_0088_W.JPG"
      }
    },
    {
      "type": "Feature",
      "geometry": {
        "type": "Point",
        "coordinates": [
          -0.5244250194910955,
          53.268039024843056
        ]
      },
      "properties": {
        "confidence": 0.8242912292480469,
        "image": "DJI_20240802140909_0090_W.JPG"
      }
    },
    {
      "type": "Feature",
      "geometry": {
        "type": "Point",
        "coordinates": [
          -0.5245018280317427,
          53.268059806345136
        ]
      },
      "properties": {
        "confidence": 0.6976957321166992,
        "image": "DJI_20240802140909_0090_W.JPG"
      }
    },
    {
      "type": "Feature",
      "geometry": {
        "type": "Point",
        "coordinates": [
          -0.5244707043472892,
          53.26808504658552
        ]
      },
      "properties": {
        "confidence": 0.6462229490280151,
        "image": "DJI_20240802140909_0090_W.JPG"
      }
    },
    {
      "type": "Feature",
      "geometry": {
        "type": "Point",
        "coordinates": [
          -0.5244688940253538,
          53.268072958747815
        ]
      },
      "properties": {
        "confidence": 0.6216259598731995,
        "image": "DJI_20240802140909_0090_W.JPG"
      }
    },
    {
      "type": "Feature",
      "geometry": {
        "type": "Point",
        "coordinates": [
          -0.5243458292238463,
          53.268038402013026
        ]
      },
      "properties": {
        "confidence": 0.5448930859565735,
        "image": "DJI_20240802140909_0090_W.JPG"
      }
    },
    {
      "type": "Feature",
      "geometry": {
        "type": "Point",
        "coordinates": [
          -0.5244427496418256,
          53.26807986329799
        ]
      },
      "properties": {
        "confidence": 0.8243235349655151,
        "image": "DJI_20240802140929_0100_W.JPG"
      }
    },
    {
      "type": "Feature",
      "geometry": {
        "type": "Point",
        "coordinates": [
          -0.5244336517957024,
          53.268173247731
        ]
      },
      "properties": {
        "confidence": 0.5203710794448853,
        "image": "DJI_20240802140934_0103_W.JPG"
      }
    },
    {
      "type": "Feature",
      "geometry": {
        "type": "Point",
        "coordinates": [
          -0.5244804083823278,
          53.26812501693514
        ]
      },
      "properties": {
        "confidence": 0.9718315601348877,
        "image": "DJI_20240802140900_0085_W.JPG"
      }
    },
    {
      "type": "Feature",
      "geometry": {
        "type": "Point",
        "coordinates": [
          -0.5244830823264577,
          53.2681372354477
        ]
      },
      "properties": {
        "confidence": 0.8695769309997559,
        "image": "DJI_20240802140900_0085_W.JPG"
      }
    },
    {
      "type": "Feature",
      "geometry": {
        "type": "Point",
        "coordinates": [
          -0.5244966710735668,
          53.26804953143929
        ]
      },
      "properties": {
        "confidence": 0.8508809208869934,
        "image": "DJI_20240802140900_0085_W.JPG"
      }
    },
    {
      "type": "Feature",
      "geometry": {
        "type": "Point",
        "coordinates": [
          -0.5245203925031352,
          53.26814623148725
        ]
      },
      "properties": {
        "confidence": 0.7741857171058655,
        "image": "DJI_20240802140900_0085_W.JPG"
      }
    },
    {
      "type": "Feature",
      "geometry": {
        "type": "Point",
        "coordinates": [
          -0.5244613302205344,
          53.268052472933135
        ]
      },
      "properties": {
        "confidence": 0.7449752688407898,
        "image": "DJI_20240802140900_0085_W.JPG"
      }
    },
    {
      "type": "Feature",
      "geometry": {
        "type": "Point",
        "coordinates": [
          -0.5244888501210349,
          53.26816042050633
        ]
      },
      "properties": {
        "confidence": 0.7182731628417969,
        "image": "DJI_20240802140900_0085_W.JPG"
      }
    },
    {
      "type": "Feature",
      "geometry": {
        "type": "Point",
        "coordinates": [
          -0.524523066460018,
          53.26815844999981
        ]
      },
      "properties": {
        "confidence": 0.6489467024803162,
        "image": "DJI_20240802140900_0085_W.JPG"
      }
    },
    {
      "type": "Feature",
      "geometry": {
        "type": "Point",
        "coordinates": [
          -0.5245010437391743,
          53.26814141385021
        ]
      },
      "properties": {
        "confidence": 0.9433180689811707,
        "image": "DJI_20240802140830_0069_W.JPG"
      }
    },
    {
      "type": "Feature",
      "geometry": {
        "type": "Point",
        "coordinates": [
          -0.5244709518124068,
          53.26804278731902
        ]
      },
      "properties": {
        "confidence": 0.8649813532829285,
        "image": "DJI_20240802140830_0069_W.JPG"
      }
    },
    {
      "type": "Feature",
      "geometry": {
        "type": "Point",
        "coordinates": [
          -0.5245375973113443,
          53.268137297360845
        ]
      },
      "properties": {
        "confidence": 0.8433753848075867,
        "image": "DJI_20240802140830_0069_W.JPG"
      }
    },
    {
      "type": "Feature",
      "geometry": {
        "type": "Point",
        "coordinates": [
          -0.5245694030123084,
          53.26812086647425
        ]
      },
      "properties": {
        "confidence": 0.8256478905677795,
        "image": "DJI_20240802140830_0069_W.JPG"
      }
    },
    {
      "type": "Feature",
      "geometry": {
        "type": "Point",
        "coordinates": [
          -0.5244986765533552,
          53.26812989340205
        ]
      },
      "properties": {
        "confidence": 0.8185091614723206,
        "image": "DJI_20240802140830_0069_W.JPG"
      }
    },
    {
      "type": "Feature",
      "geometry": {
        "type": "Point",
        "coordinates": [
          -0.5244895815577676,
          53.26810523777285
        ]
      },
      "properties": {
        "confidence": 0.8135851621627808,
        "image": "DJI_20240802140830_0069_W.JPG"
      }
    },
    {
      "type": "Feature",
      "geometry": {
        "type": "Point",
        "coordinates": [
          -0.5245770587461872,
          53.26815729748145
        ]
      },
      "properties": {
        "confidence": 0.8122004866600037,
        "image": "DJI_20240802140830_0069_W.JPG"
      }
    },
    {
      "type": "Feature",
      "geometry": {
        "type": "Point",
        "coordinates": [
          -0.5245373986527292,
          53.26802069958687
        ]
      },
      "properties": {
        "confidence": 0.7910594344139099,
        "image": "DJI_20240802140830_0069_W.JPG"
      }
    },
    {
      "type": "Feature",
      "geometry": {
        "type": "Point",
        "coordinates": [
          -0.5245348528870644,
          53.26812484879001
        ]
      },
      "properties": {
        "confidence": 0.7838259339332581,
        "image": "DJI_20240802140830_0069_W.JPG"
      }
    },
    {
      "type": "Feature",
      "geometry": {
        "type": "Point",
        "coordinates": [
          -0.5245678040145793,
          53.26810911581789
        ]
      },
      "properties": {
        "confidence": 0.5702021718025208,
        "image": "DJI_20240802140830_0069_W.JPG"
      }
    },
    {
      "type": "Feature",
      "geometry": {
        "type": "Point",
        "coordinates": [
          -0.5245657191609013,
          53.26811205601745
        ]
      },
      "properties": {
        "confidence": 0.569540798664093,
        "image": "DJI_20240802140830_0069_W.JPG"
      }
    },
    {
      "type": "Feature",
      "geometry": {
        "type": "Point",
        "coordinates": [
          -0.5245598544175338,
          53.268085158103176
        ]
      },
      "properties": {
        "confidence": 0.5589495301246643,
        "image": "DJI_20240802140830_0069_W.JPG"
      }
    },
    {
      "type": "Feature",
      "geometry": {
        "type": "Point",
        "coordinates": [
          -0.5244885321275704,
          53.26814859581301
        ]
      },
      "properties": {
        "confidence": 0.988390326499939,
        "image": "DJI_20240802140848_0079_W.JPG"
      }
    },
    {
      "type": "Feature",
      "geometry": {
        "type": "Point",
        "coordinates": [
          -0.5244805519990748,
          53.268126305594976
        ]
      },
      "properties": {
        "confidence": 0.9873348474502563,
        "image": "DJI_20240802140848_0079_W.JPG"
      }
    },
    {
      "type": "Feature",
      "geometry": {
        "type": "Point",
        "coordinates": [
          -0.5244847179020533,
          53.26813636804549
        ]
      },
      "properties": {
        "confidence": 0.768376886844635,
        "image": "DJI_20240802140848_0079_W.JPG"
      }
    },
    {
      "type": "Feature",
      "geometry": {
        "type": "Point",
        "coordinates": [
          -0.5244067602331924,
          53.268119634728876
        ]
      },
      "properties": {
        "confidence": 0.6097025871276855,
        "image": "DJI_20240802140848_0079_W.JPG"
      }
    },
    {
      "type": "Feature",
      "geometry": {
        "type": "Point",
        "coordinates": [
          -0.5244730772702916,
          53.2680996861871
        ]
      },
      "properties": {
        "confidence": 0.5362508296966553,
        "image": "DJI_20240802140848_0079_W.JPG"
      }
    },
    {
      "type": "Feature",
      "geometry": {
        "type": "Point",
        "coordinates": [
          -0.5245961008381745,
          53.268110432661636
        ]
      },
      "properties": {
        "confidence": 0.7249529361724854,
        "image": "DJI_20240802140711_0028_W.JPG"
      }
    },
    {
      "type": "Feature",
      "geometry": {
        "type": "Point",
        "coordinates": [
          -0.5244080271666446,
          53.268117317046304
        ]
      },
      "properties": {
        "confidence": 0.5777099132537842,
        "image": "DJI_20240802140711_0028_W.JPG"
      }
    },
    {
      "type": "Feature",
      "geometry": {
        "type": "Point",
        "coordinates": [
          -0.5243392438260264,
          53.26817457825042
        ]
      },
      "properties": {
        "confidence": 0.5310976505279541,
        "image": "DJI_20240802140711_0028_W.JPG"
      }
    },
    {
      "type": "Feature",
      "geometry": {
        "type": "Point",
        "coordinates": [
          -0.5244106604825495,
          53.26813821826878
        ]
      },
      "properties": {
        "confidence": 0.5205433964729309,
        "image": "DJI_20240802140711_0028_W.JPG"
      }
    },
    {
      "type": "Feature",
      "geometry": {
        "type": "Point",
        "coordinates": [
          -0.5243906142453042,
          53.268069433659406
        ]
      },
      "properties": {
        "confidence": 0.8944546580314636,
        "image": "DJI_20240802140722_0034_W.JPG"
      }
    },
    {
      "type": "Feature",
      "geometry": {
        "type": "Point",
        "coordinates": [
          -0.5243269436947274,
          53.26812058734547
        ]
      },
      "properties": {
        "confidence": 0.7151647806167603,
        "image": "DJI_20240802140722_0034_W.JPG"
      }
    },
    {
      "type": "Feature",
      "geometry": {
        "type": "Point",
        "coordinates": [
          -0.524592630471467,
          53.26810854227979
        ]
      },
      "properties": {
        "confidence": 0.6988953948020935,
        "image": "DJI_20240802140722_0034_W.JPG"
      }
    },
    {
      "type": "Feature",
      "geometry": {
        "type": "Point",
        "coordinates": [
          -0.5243659746410898,
          53.26812640772386
        ]
      },
      "properties": {
        "confidence": 0.6724837422370911,
        "image": "DJI_20240802140722_0034_W.JPG"
      }
    },
    {
      "type": "Feature",
      "geometry": {
        "type": "Point",
        "coordinates": [
          -0.5243887692434042,
          53.26806542855313
        ]
      },
      "properties": {
        "confidence": 0.5834693312644958,
        "image": "DJI_20240802140722_0034_W.JPG"
      }
    },
    {
      "type": "Feature",
      "geometry": {
        "type": "Point",
        "coordinates": [
          -0.5243206500722672,
          53.26807481656122
        ]
      },
      "properties": {
        "confidence": 0.5310070514678955,
        "image": "DJI_20240802140722_0034_W.JPG"
      }
    },
    {
      "type": "Feature",
      "geometry": {
        "type": "Point",
        "coordinates": [
          -0.5244908358508559,
          53.26812007641058
        ]
      },
      "properties": {
        "confidence": 0.9714347124099731,
        "image": "DJI_20240802140700_0023_W.JPG"
      }
    },
    {
      "type": "Feature",
      "geometry": {
        "type": "Point",
        "coordinates": [
          -0.5244977710366491,
          53.26814463431462
        ]
      },
      "properties": {
        "confidence": 0.7913410067558289,
        "image": "DJI_20240802140700_0023_W.JPG"
      }
    },
    {
      "type": "Feature",
      "geometry": {
        "type": "Point",
        "coordinates": [
          -0.5244134204487442,
          53.26810459240673
        ]
      },
      "properties": {
        "confidence": 0.701908528804779,
        "image": "DJI_20240802140700_0023_W.JPG"
      }
    },
    {
      "type": "Feature",
      "geometry": {
        "type": "Point",
        "coordinates": [
          -0.5244456281116724,
          53.268088938461716
        ]
      },
      "properties": {
        "confidence": 0.6362634897232056,
        "image": "DJI_20240802140700_0023_W.JPG"
      }
    },
    {
      "type": "Feature",
      "geometry": {
        "type": "Point",
        "coordinates": [
          -0.5244997196278003,
          53.26815642494557
        ]
      },
      "properties": {
        "confidence": 0.5767180323600769,
        "image": "DJI_20240802140700_0023_W.JPG"
      }
    },
    {
      "type": "Feature",
      "geometry": {
        "type": "Point",
        "coordinates": [
          -0.5246082283994487,
          53.26811127560591
        ]
      },
      "properties": {
        "confidence": 0.8363103270530701,
        "image": "DJI_20240802140741_0044_W.JPG"
      }
    },
    {
      "type": "Feature",
      "geometry": {
        "type": "Point",
        "coordinates": [
          -0.5246102359226703,
          53.268120079946655
        ]
      },
      "properties": {
        "confidence": 0.750735878944397,
        "image": "DJI_20240802140741_0044_W.JPG"
      }
    },
    {
      "type": "Feature",
      "geometry": {
        "type": "Point",
        "coordinates": [
          -0.5243667733842973,
          53.268066479828974
        ]
      },
      "properties": {
        "confidence": 0.6729366779327393,
        "image": "DJI_20240802140741_0044_W.JPG"
      }
    },
    {
      "type": "Feature",
      "geometry": {
        "type": "Point",
        "coordinates": [
          -0.5245907612287802,
          53.26805874168525
        ]
      },
      "properties": {
        "confidence": 0.5771700143814087,
        "image": "DJI_20240802140741_0044_W.JPG"
      }
    },
    {
      "type": "Feature",
      "geometry": {
        "type": "Point",
        "coordinates": [
          -0.5244051992132316,
          53.26807482802385
        ]
      },
      "properties": {
        "confidence": 0.5457125902175903,
        "image": "DJI_20240802140741_0044_W.JPG"
      }
    },
    {
      "type": "Feature",
      "geometry": {
        "type": "Point",
        "coordinates": [
          -0.5244025782236896,
          53.26805455871667
        ]
      },
      "properties": {
        "confidence": 0.9646759629249573,
        "image": "DJI_20240802140657_0021_W.JPG"
      }
    },
    {
      "type": "Feature",
      "geometry": {
        "type": "Point",
        "coordinates": [
          -0.5243768345733205,
          53.26811718833711
        ]
      },
      "properties": {
        "confidence": 0.8859255909919739,
        "image": "DJI_20240802140657_0021_W.JPG"
      }
    },
    {
      "type": "Feature",
      "geometry": {
        "type": "Point",
        "coordinates": [
          -0.5244788149457782,
          53.26806999259392
        ]
      },
      "properties": {
        "confidence": 0.6631026864051819,
        "image": "DJI_20240802140657_0021_W.JPG"
      }
    },
    {
      "type": "Feature",
      "geometry": {
        "type": "Point",
        "coordinates": [
          -0.5244242146662014,
          53.268163406156376
        ]
      },
      "properties": {
        "confidence": 0.637649416923523,
        "image": "DJI_20240802140657_0021_W.JPG"
      }
    },
    {
      "type": "Feature",
      "geometry": {
        "type": "Point",
        "coordinates": [
          -0.5245651326713867,
          53.26813793574034
        ]
      },
      "properties": {
        "confidence": 0.5624054670333862,
        "image": "DJI_20240802140657_0021_W.JPG"
      }
    },
    {
      "type": "Feature",
      "geometry": {
        "type": "Point",
        "coordinates": [
          -0.5244992871386177,
          53.26814137095406
        ]
      },
      "properties": {
        "confidence": 0.9540807604789734,
        "image": "DJI_20240802140653_0019_W.JPG"
      }
    },
    {
      "type": "Feature",
      "geometry": {
        "type": "Point",
        "coordinates": [
          -0.5244012645877157,
          53.268050990758276
        ]
      },
      "properties": {
        "confidence": 0.8068694472312927,
        "image": "DJI_20240802140653_0019_W.JPG"
      }
    },
    {
      "type": "Feature",
      "geometry": {
        "type": "Point",
        "coordinates": [
          -0.5244523819942675,
          53.26810875971666
        ]
      },
      "properties": {
        "confidence": 0.7201578617095947,
        "image": "DJI_20240802140653_0019_W.JPG"
      }
    },
    {
      "type": "Feature",
      "geometry": {
        "type": "Point",
        "coordinates": [
          -0.5245002157557405,
          53.26815465966096
        ]
      },
      "properties": {
        "confidence": 0.6541885137557983,
        "image": "DJI_20240802140653_0019_W.JPG"
      }
    },
    {
      "type": "Feature",
      "geometry": {
        "type": "Point",
        "coordinates": [
          -0.5244388947541475,
          53.26805952014319
        ]
      },
      "properties": {
        "confidence": 0.5487074255943298,
        "image": "DJI_20240802140653_0019_W.JPG"
      }
    },
    {
      "type": "Feature",
      "geometry": {
        "type": "Point",
        "coordinates": [
          -0.5244040721190691,
          53.268083343243156
        ]
      },
      "properties": {
        "confidence": 0.5276946425437927,
        "image": "DJI_20240802140653_0019_W.JPG"
      }
    },
    {
      "type": "Feature",
      "geometry": {
        "type": "Point",
        "coordinates": [
          -0.5245048652362143,
          53.26816625258366
        ]
      },
      "properties": {
        "confidence": 0.5225539207458496,
        "image": "DJI_20240802140653_0019_W.JPG"
      }
    },
    {
      "type": "Feature",
      "geometry": {
        "type": "Point",
        "coordinates": [
          -0.5244499367850731,
          53.2680280383495
        ]
      },
      "properties": {
        "confidence": 0.621138334274292,
        "image": "DJI_20240802140911_0091_W.JPG"
      }
    },
    {
      "type": "Feature",
      "geometry": {
        "type": "Point",
        "coordinates": [
          -0.5245141416273659,
          53.26802128392038
        ]
      },
      "properties": {
        "confidence": 0.5935580134391785,
        "image": "DJI_20240802140911_0091_W.JPG"
      }
    },
    {
      "type": "Feature",
      "geometry": {
        "type": "Point",
        "coordinates": [
          -0.5244101471874859,
          53.26816833675851
        ]
      },
      "properties": {
        "confidence": 0.7401065230369568,
        "image": "DJI_20240802140718_0032_W.JPG"
      }
    },
    {
      "type": "Feature",
      "geometry": {
        "type": "Point",
        "coordinates": [
          -0.5243578712222229,
          53.268069862786774
        ]
      },
      "properties": {
        "confidence": 0.6535825133323669,
        "image": "DJI_20240802140718_0032_W.JPG"
      }
    },
    {
      "type": "Feature",
      "geometry": {
        "type": "Point",
        "coordinates": [
          -0.5244470802236773,
          53.26813831407863
        ]
      },
      "properties": {
        "confidence": 0.6516368389129639,
        "image": "DJI_20240802140718_0032_W.JPG"
      }
    },
    {
      "type": "Feature",
      "geometry": {
        "type": "Point",
        "coordinates": [
          -0.5243232973582973,
          53.268077259183976
        ]
      },
      "properties": {
        "confidence": 0.6488391757011414,
        "image": "DJI_20240802140718_0032_W.JPG"
      }
    },
    {
      "type": "Feature",
      "geometry": {
        "type": "Point",
        "coordinates": [
          -0.5243920230107093,
          53.268066420985946
        ]
      },
      "properties": {
        "confidence": 0.6071268320083618,
        "image": "DJI_20240802140718_0032_W.JPG"
      }
    },
    {
      "type": "Feature",
      "geometry": {
        "type": "Point",
        "coordinates": [
          -0.5244050777780308,
          53.26812553970373
        ]
      },
      "properties": {
        "confidence": 0.603760838508606,
        "image": "DJI_20240802140718_0032_W.JPG"
      }
    },
    {
      "type": "Feature",
      "geometry": {
        "type": "Point",
        "coordinates": [
          -0.5244906145929343,
          53.26816038538568
        ]
      },
      "properties": {
        "confidence": 0.9923129677772522,
        "image": "DJI_20240802140858_0084_W.JPG"
      }
    },
    {
      "type": "Feature",
      "geometry": {
        "type": "Point",
        "coordinates": [
          -0.5244809978028698,
          53.26812387411413
        ]
      },
      "properties": {
        "confidence": 0.8985673785209656,
        "image": "DJI_20240802140858_0084_W.JPG"
      }
    },
    {
      "type": "Feature",
      "geometry": {
        "type": "Point",
        "coordinates": [
          -0.5245243650014468,
          53.26815702268583
        ]
      },
      "properties": {
        "confidence": 0.8980891704559326,
        "image": "DJI_20240802140858_0084_W.JPG"
      }
    },
    {
      "type": "Feature",
      "geometry": {
        "type": "Point",
        "coordinates": [
          -0.5244130805078558,
          53.26802318237251
        ]
      },
      "properties": {
        "confidence": 0.7447850704193115,
        "image": "DJI_20240802140858_0084_W.JPG"
      }
    },
    {
      "type": "Feature",
      "geometry": {
        "type": "Point",
        "coordinates": [
          -0.5244938451525549,
          53.26804226366641
        ]
      },
      "properties": {
        "confidence": 0.7295228838920593,
        "image": "DJI_20240802140858_0084_W.JPG"
      }
    },
    {
      "type": "Feature",
      "geometry": {
        "type": "Point",
        "coordinates": [
          -0.5244568562909739,
          53.268039978172204
        ]
      },
      "properties": {
        "confidence": 0.7133071422576904,
        "image": "DJI_20240802140858_0084_W.JPG"
      }
    },
    {
      "type": "Feature",
      "geometry": {
        "type": "Point",
        "coordinates": [
          -0.5244728470328798,
          53.26809387479998
        ]
      },
      "properties": {
        "confidence": 0.6709630489349365,
        "image": "DJI_20240802140858_0084_W.JPG"
      }
    },
    {
      "type": "Feature",
      "geometry": {
        "type": "Point",
        "coordinates": [
          -0.524487786499458,
          53.2680258652933
        ]
      },
      "properties": {
        "confidence": 0.558480441570282,
        "image": "DJI_20240802140858_0084_W.JPG"
      }
    },
    {
      "type": "Feature",
      "geometry": {
        "type": "Point",
        "coordinates": [
          -0.5244615051847284,
          53.26805196415016
        ]
      },
      "properties": {
        "confidence": 0.5507354736328125,
        "image": "DJI_20240802140858_0084_W.JPG"
      }
    },
    {
      "type": "Feature",
      "geometry": {
        "type": "Point",
        "coordinates": [
          -0.5245010794118745,
          53.268064906220474
        ]
      },
      "properties": {
        "confidence": 0.5145871043205261,
        "image": "DJI_20240802140858_0084_W.JPG"
      }
    },
    {
      "type": "Feature",
      "geometry": {
        "type": "Point",
        "coordinates": [
          -0.5244675863485669,
          53.26807765950299
        ]
      },
      "properties": {
        "confidence": 0.9640686511993408,
        "image": "DJI_20240802140855_0082_W.JPG"
      }
    },
    {
      "type": "Feature",
      "geometry": {
        "type": "Point",
        "coordinates": [
          -0.5245077841281338,
          53.268098201388085
        ]
      },
      "properties": {
        "confidence": 0.5786678791046143,
        "image": "DJI_20240802140855_0082_W.JPG"
      }
    },
    {
      "type": "Feature",
      "geometry": {
        "type": "Point",
        "coordinates": [
          -0.5242576254943002,
          53.268137838169324
        ]
      },
      "properties": {
        "confidence": 0.5481578707695007,
        "image": "DJI_20240802140855_0082_W.JPG"
      }
    },
    {
      "type": "Feature",
      "geometry": {
        "type": "Point",
        "coordinates": [
          -0.5244689283497721,
          53.26807963524756
        ]
      },
      "properties": {
        "confidence": 0.973360538482666,
        "image": "DJI_20240802140641_0013_W.JPG"
      }
    },
    {
      "type": "Feature",
      "geometry": {
        "type": "Point",
        "coordinates": [
          -0.5244585368910643,
          53.26802861330722
        ]
      },
      "properties": {
        "confidence": 0.9092432260513306,
        "image": "DJI_20240802140641_0013_W.JPG"
      }
    },
    {
      "type": "Feature",
      "geometry": {
        "type": "Point",
        "coordinates": [
          -0.5244645556575558,
          53.26805462085659
        ]
      },
      "properties": {
        "confidence": 0.5650753974914551,
        "image": "DJI_20240802140641_0013_W.JPG"
      }
    },
    {
      "type": "Feature",
      "geometry": {
        "type": "Point",
        "coordinates": [
          -0.5244331991530539,
          53.2680808256406
        ]
      },
      "properties": {
        "confidence": 0.5076137781143188,
        "image": "DJI_20240802140641_0013_W.JPG"
      }
    },
    {
      "type": "Feature",
      "geometry": {
        "type": "Point",
        "coordinates": [
          -0.5245100428766276,
          53.26806607526635
        ]
      },
      "properties": {
        "confidence": 0.994540274143219,
        "image": "DJI_20240802140623_0004_W.JPG"
      }
    },
    {
      "type": "Feature",
      "geometry": {
        "type": "Point",
        "coordinates": [
          -0.5245243828725282,
          53.26814542125608
        ]
      },
      "properties": {
        "confidence": 0.8881762623786926,
        "image": "DJI_20240802140623_0004_W.JPG"
      }
    },
    {
      "type": "Feature",
      "geometry": {
        "type": "Point",
        "coordinates": [
          -0.5244724611596373,
          53.26805206563872
        ]
      },
      "properties": {
        "confidence": 0.8126746416091919,
        "image": "DJI_20240802140623_0004_W.JPG"
      }
    },
    {
      "type": "Feature",
      "geometry": {
        "type": "Point",
        "coordinates": [
          -0.5244884326994862,
          53.26816777447496
        ]
      },
      "properties": {
        "confidence": 0.7531120777130127,
        "image": "DJI_20240802140623_0004_W.JPG"
      }
    },
    {
      "type": "Feature",
      "geometry": {
        "type": "Point",
        "coordinates": [
          -0.5245112083431934,
          53.268074700827164
        ]
      },
      "properties": {
        "confidence": 0.698002278804779,
        "image": "DJI_20240802140623_0004_W.JPG"
      }
    },
    {
      "type": "Feature",
      "geometry": {
        "type": "Point",
        "coordinates": [
          -0.5244383296388325,
          53.26807791377323
        ]
      },
      "properties": {
        "confidence": 0.5370681285858154,
        "image": "DJI_20240802140623_0004_W.JPG"
      }
    },
    {
      "type": "Feature",
      "geometry": {
        "type": "Point",
        "coordinates": [
          -0.5244826346086529,
          53.26814782032259
        ]
      },
      "properties": {
        "confidence": 0.5139095187187195,
        "image": "DJI_20240802140623_0004_W.JPG"
      }
    },
    {
      "type": "Feature",
      "geometry": {
        "type": "Point",
        "coordinates": [
          -0.524477172821954,
          53.268057534022454
        ]
      },
      "properties": {
        "confidence": 0.5028945207595825,
        "image": "DJI_20240802140623_0004_W.JPG"
      }
    },
    {
      "type": "Feature",
      "geometry": {
        "type": "Point",
        "coordinates": [
          -0.5245309885546097,
          53.268099654334534
        ]
      },
      "properties": {
        "confidence": 0.9529321193695068,
        "image": "DJI_20240802140826_0067_W.JPG"
      }
    },
    {
      "type": "Feature",
      "geometry": {
        "type": "Point",
        "coordinates": [
          -0.5245685389634646,
          53.26810868240517
        ]
      },
      "properties": {
        "confidence": 0.8375357389450073,
        "image": "DJI_20240802140826_0067_W.JPG"
      }
    },
    {
      "type": "Feature",
      "geometry": {
        "type": "Point",
        "coordinates": [
          -0.524565264632494,
          53.26809664480366
        ]
      },
      "properties": {
        "confidence": 0.8020521402359009,
        "image": "DJI_20240802140826_0067_W.JPG"
      }
    },
    {
      "type": "Feature",
      "geometry": {
        "type": "Point",
        "coordinates": [
          -0.5244947534404782,
          53.268105175043985
        ]
      },
      "properties": {
        "confidence": 0.7556132674217224,
        "image": "DJI_20240802140826_0067_W.JPG"
      }
    },
    {
      "type": "Feature",
      "geometry": {
        "type": "Point",
        "coordinates": [
          -0.5245663451337893,
          53.268103474378364
        ]
      },
      "properties": {
        "confidence": 0.7218076586723328,
        "image": "DJI_20240802140826_0067_W.JPG"
      }
    },
    {
      "type": "Feature",
      "geometry": {
        "type": "Point",
        "coordinates": [
          -0.5244983395387042,
          53.26811671576886
        ]
      },
      "properties": {
        "confidence": 0.6539314389228821,
        "image": "DJI_20240802140826_0067_W.JPG"
      }
    },
    {
      "type": "Feature",
      "geometry": {
        "type": "Point",
        "coordinates": [
          -0.5245704363695767,
          53.2681198602307
        ]
      },
      "properties": {
        "confidence": 0.6301896572113037,
        "image": "DJI_20240802140826_0067_W.JPG"
      }
    },
    {
      "type": "Feature",
      "geometry": {
        "type": "Point",
        "coordinates": [
          -0.5244899630097658,
          53.26809692794655
        ]
      },
      "properties": {
        "confidence": 0.530657172203064,
        "image": "DJI_20240802140826_0067_W.JPG"
      }
    },
    {
      "type": "Feature",
      "geometry": {
        "type": "Point",
        "coordinates": [
          -0.5244758294597905,
          53.26804218300642
        ]
      },
      "properties": {
        "confidence": 0.5301448702812195,
        "image": "DJI_20240802140826_0067_W.JPG"
      }
    },
    {
      "type": "Feature",
      "geometry": {
        "type": "Point",
        "coordinates": [
          -0.52453919072249,
          53.26815022517832
        ]
      },
      "properties": {
        "confidence": 0.9079034328460693,
        "image": "DJI_20240802140844_0077_W.JPG"
      }
    },
    {
      "type": "Feature",
      "geometry": {
        "type": "Point",
        "coordinates": [
          -0.5244961029018234,
          53.2681417016642
        ]
      },
      "properties": {
        "confidence": 0.7412230372428894,
        "image": "DJI_20240802140844_0077_W.JPG"
      }
    },
    {
      "type": "Feature",
      "geometry": {
        "type": "Point",
        "coordinates": [
          -0.5245429239522894,
          53.26816251929054
        ]
      },
      "properties": {
        "confidence": 0.5543982982635498,
        "image": "DJI_20240802140844_0077_W.JPG"
      }
    },
    {
      "type": "Feature",
      "geometry": {
        "type": "Point",
        "coordinates": [
          -0.5245418755158924,
          53.26804089879797
        ]
      },
      "properties": {
        "confidence": 0.5715175867080688,
        "image": "DJI_20240802140646_0015_W.JPG"
      }
    },
    {
      "type": "Feature",
      "geometry": {
        "type": "Point",
        "coordinates": [
          -0.5244853713993836,
          53.26807995202068
        ]
      },
      "properties": {
        "confidence": 0.5695858597755432,
        "image": "DJI_20240802140646_0015_W.JPG"
      }
    },
    {
      "type": "Feature",
      "geometry": {
        "type": "Point",
        "coordinates": [
          -0.5244479049386777,
          53.2680830969032
        ]
      },
      "properties": {
        "confidence": 0.5436511039733887,
        "image": "DJI_20240802140646_0015_W.JPG"
      }
    },
    {
      "type": "Feature",
      "geometry": {
        "type": "Point",
        "coordinates": [
          -0.5244816417976227,
          53.268126100406896
        ]
      },
      "properties": {
        "confidence": 0.870856523513794,
        "image": "DJI_20240802140902_0086_W.JPG"
      }
    },
    {
      "type": "Feature",
      "geometry": {
        "type": "Point",
        "coordinates": [
          -0.5244829809911761,
          53.26813799293712
        ]
      },
      "properties": {
        "confidence": 0.7541950941085815,
        "image": "DJI_20240802140902_0086_W.JPG"
      }
    },
    {
      "type": "Feature",
      "geometry": {
        "type": "Point",
        "coordinates": [
          -0.5242554589497533,
          53.2681398168645
        ]
      },
      "properties": {
        "confidence": 0.6363728046417236,
        "image": "DJI_20240802140902_0086_W.JPG"
      }
    },
    {
      "type": "Feature",
      "geometry": {
        "type": "Point",
        "coordinates": [
          -0.5245030382770401,
          53.26806151089991
        ]
      },
      "properties": {
        "confidence": 0.6204881072044373,
        "image": "DJI_20240802140902_0086_W.JPG"
      }
    },
    {
      "type": "Feature",
      "geometry": {
        "type": "Point",
        "coordinates": [
          -0.5242524803625404,
          53.26810450275966
        ]
      },
      "properties": {
        "confidence": 0.5275943279266357,
        "image": "DJI_20240802140902_0086_W.JPG"
      }
    },
    {
      "type": "Feature",
      "geometry": {
        "type": "Point",
        "coordinates": [
          -0.5243960119232736,
          53.268173185313415
        ]
      },
      "properties": {
        "confidence": 0.875912606716156,
        "image": "DJI_20240802140927_0099_W.JPG"
      }
    },
    {
      "type": "Feature",
      "geometry": {
        "type": "Point",
        "coordinates": [
          -0.5244957772310435,
          53.2681425395212
        ]
      },
      "properties": {
        "confidence": 0.7330551147460938,
        "image": "DJI_20240802140702_0024_W.JPG"
      }
    },
    {
      "type": "Feature",
      "geometry": {
        "type": "Point",
        "coordinates": [
          -0.5245378663953895,
          53.26815206245232
        ]
      },
      "properties": {
        "confidence": 0.6655201315879822,
        "image": "DJI_20240802140702_0024_W.JPG"
      }
    },
    {
      "type": "Feature",
      "geometry": {
        "type": "Point",
        "coordinates": [
          -0.524569653474717,
          53.2681115253969
        ]
      },
      "properties": {
        "confidence": 0.5211827754974365,
        "image": "DJI_20240802140702_0024_W.JPG"
      }
    },
    {
      "type": "Feature",
      "geometry": {
        "type": "Point",
        "coordinates": [
          -0.5244577039955886,
          53.268151092623036
        ]
      },
      "properties": {
        "confidence": 0.5185390114784241,
        "image": "DJI_20240802140702_0024_W.JPG"
      }
    },
    {
      "type": "Feature",
      "geometry": {
        "type": "Point",
        "coordinates": [
          -0.5242928424924457,
          53.26807513289876
        ]
      },
      "properties": {
        "confidence": 0.6467151045799255,
        "image": "DJI_20240802140743_0045_W.JPG"
      }
    },
    {
      "type": "Feature",
      "geometry": {
        "type": "Point",
        "coordinates": [
          -0.5243321705378038,
          53.268091763421765
        ]
      },
      "properties": {
        "confidence": 0.5709089040756226,
        "image": "DJI_20240802140743_0045_W.JPG"
      }
    },
    {
      "type": "Feature",
      "geometry": {
        "type": "Point",
        "coordinates": [
          -0.5243502317136479,
          53.26817114989247
        ]
      },
      "properties": {
        "confidence": 0.5899734497070312,
        "image": "DJI_20240802140931_0101_W.JPG"
      }
    },
    {
      "type": "Feature",
      "geometry": {
        "type": "Point",
        "coordinates": [
          -0.524303442996301,
          53.268169660980604
        ]
      },
      "properties": {
        "confidence": 0.8376899361610413,
        "image": "DJI_20240802140755_0052_W.JPG"
      }
    },
    {
      "type": "Feature",
      "geometry": {
        "type": "Point",
        "coordinates": [
          -0.5243849218737769,
          53.26814064758112
        ]
      },
      "properties": {
        "confidence": 0.6289592981338501,
        "image": "DJI_20240802140916_0093_W.JPG"
      }
    },
    {
      "type": "Feature",
      "geometry": {
        "type": "Point",
        "coordinates": [
          -0.524451118634503,
          53.268125493529205
        ]
      },
      "properties": {
        "confidence": 0.5367541909217834,
        "image": "DJI_20240802140916_0093_W.JPG"
      }
    },
    {
      "type": "Feature",
      "geometry": {
        "type": "Point",
        "coordinates": [
          -0.5245940454299123,
          53.268110449830964
        ]
      },
      "properties": {
        "confidence": 0.8757534027099609,
        "image": "DJI_20240802140720_0033_W.JPG"
      }
    },
    {
      "type": "Feature",
      "geometry": {
        "type": "Point",
        "coordinates": [
          -0.5243224443621364,
          53.268076455019
        ]
      },
      "properties": {
        "confidence": 0.8045246005058289,
        "image": "DJI_20240802140720_0033_W.JPG"
      }
    },
    {
      "type": "Feature",
      "geometry": {
        "type": "Point",
        "coordinates": [
          -0.524391216346009,
          53.26806657521959
        ]
      },
      "properties": {
        "confidence": 0.7656806707382202,
        "image": "DJI_20240802140720_0033_W.JPG"
      }
    },
    {
      "type": "Feature",
      "geometry": {
        "type": "Point",
        "coordinates": [
          -0.5243226682588995,
          53.26807252450835
        ]
      },
      "properties": {
        "confidence": 0.7099180817604065,
        "image": "DJI_20240802140720_0033_W.JPG"
      }
    },
    {
      "type": "Feature",
      "geometry": {
        "type": "Point",
        "coordinates": [
          -0.5243916947754668,
          53.26807012830847
        ]
      },
      "properties": {
        "confidence": 0.5797180533409119,
        "image": "DJI_20240802140720_0033_W.JPG"
      }
    },
    {
      "type": "Feature",
      "geometry": {
        "type": "Point",
        "coordinates": [
          -0.524347675777779,
          53.26802675829438
        ]
      },
      "properties": {
        "confidence": 0.5121737718582153,
        "image": "DJI_20240802140720_0033_W.JPG"
      }
    },
    {
      "type": "Feature",
      "geometry": {
        "type": "Point",
        "coordinates": [
          -0.5245721172913989,
          53.26811876656127
        ]
      },
      "properties": {
        "confidence": 0.9585385322570801,
        "image": "DJI_20240802140831_0070_W.JPG"
      }
    },
    {
      "type": "Feature",
      "geometry": {
        "type": "Point",
        "coordinates": [
          -0.5244676581156715,
          53.26802527784261
        ]
      },
      "properties": {
        "confidence": 0.9272100925445557,
        "image": "DJI_20240802140831_0070_W.JPG"
      }
    },
    {
      "type": "Feature",
      "geometry": {
        "type": "Point",
        "coordinates": [
          -0.5244997089194776,
          53.26812671689871
        ]
      },
      "properties": {
        "confidence": 0.8761089444160461,
        "image": "DJI_20240802140831_0070_W.JPG"
      }
    },
    {
      "type": "Feature",
      "geometry": {
        "type": "Point",
        "coordinates": [
          -0.5245697371137975,
          53.26810717791882
        ]
      },
      "properties": {
        "confidence": 0.7022751569747925,
        "image": "DJI_20240802140831_0070_W.JPG"
      }
    },
    {
      "type": "Feature",
      "geometry": {
        "type": "Point",
        "coordinates": [
          -0.5244759986127027,
          53.26805346321185
        ]
      },
      "properties": {
        "confidence": 0.6878975629806519,
        "image": "DJI_20240802140831_0070_W.JPG"
      }
    },
    {
      "type": "Feature",
      "geometry": {
        "type": "Point",
        "coordinates": [
          -0.5245398959687152,
          53.268135296462766
        ]
      },
      "properties": {
        "confidence": 0.6558600664138794,
        "image": "DJI_20240802140831_0070_W.JPG"
      }
    },
    {
      "type": "Feature",
      "geometry": {
        "type": "Point",
        "coordinates": [
          -0.5244713368169183,
          53.268040536507336
        ]
      },
      "properties": {
        "confidence": 0.6258118748664856,
        "image": "DJI_20240802140831_0070_W.JPG"
      }
    },
    {
      "type": "Feature",
      "geometry": {
        "type": "Point",
        "coordinates": [
          -0.5245097312243733,
          53.268163854119415
        ]
      },
      "properties": {
        "confidence": 0.6253176331520081,
        "image": "DJI_20240802140831_0070_W.JPG"
      }
    },
    {
      "type": "Feature",
      "geometry": {
        "type": "Point",
        "coordinates": [
          -0.5245740257436642,
          53.26812460222446
        ]
      },
      "properties": {
        "confidence": 0.6208798885345459,
        "image": "DJI_20240802140831_0070_W.JPG"
      }
    },
    {
      "type": "Feature",
      "geometry": {
        "type": "Point",
        "coordinates": [
          -0.5245172903848037,
          53.26806035864705
        ]
      },
      "properties": {
        "confidence": 0.5858945846557617,
        "image": "DJI_20240802140831_0070_W.JPG"
      }
    },
    {
      "type": "Feature",
      "geometry": {
        "type": "Point",
        "coordinates": [
          -0.5245374570718455,
          53.268019649103394
        ]
      },
      "properties": {
        "confidence": 0.5689204335212708,
        "image": "DJI_20240802140831_0070_W.JPG"
      }
    },
    {
      "type": "Feature",
      "geometry": {
        "type": "Point",
        "coordinates": [
          -0.5245655761612997,
          53.26810340142244
        ]
      },
      "properties": {
        "confidence": 0.5063556432723999,
        "image": "DJI_20240802140831_0070_W.JPG"
      }
    },
    {
      "type": "Feature",
      "geometry": {
        "type": "Point",
        "coordinates": [
          -0.5244672088025017,
          53.268028289671555
        ]
      },
      "properties": {
        "confidence": 0.5018000602722168,
        "image": "DJI_20240802140831_0070_W.JPG"
      }
    },
    {
      "type": "Feature",
      "geometry": {
        "type": "Point",
        "coordinates": [
          -0.5243794358571046,
          53.268120239993046
        ]
      },
      "properties": {
        "confidence": 0.9273802638053894,
        "image": "DJI_20240802140704_0025_W.JPG"
      }
    },
    {
      "type": "Feature",
      "geometry": {
        "type": "Point",
        "coordinates": [
          -0.5244880796802064,
          53.268119291338486
        ]
      },
      "properties": {
        "confidence": 0.7642117738723755,
        "image": "DJI_20240802140704_0025_W.JPG"
      }
    },
    {
      "type": "Feature",
      "geometry": {
        "type": "Point",
        "coordinates": [
          -0.5244815372078799,
          53.2681477923431
        ]
      },
      "properties": {
        "confidence": 0.9002171754837036,
        "image": "DJI_20240802140627_0006_W.JPG"
      }
    },
    {
      "type": "Feature",
      "geometry": {
        "type": "Point",
        "coordinates": [
          -0.5244810272789194,
          53.26813493778511
        ]
      },
      "properties": {
        "confidence": 0.8848456144332886,
        "image": "DJI_20240802140627_0006_W.JPG"
      }
    },
    {
      "type": "Feature",
      "geometry": {
        "type": "Point",
        "coordinates": [
          -0.5244690730361425,
          53.268049164244154
        ]
      },
      "properties": {
        "confidence": 0.8036369681358337,
        "image": "DJI_20240802140627_0006_W.JPG"
      }
    },
    {
      "type": "Feature",
      "geometry": {
        "type": "Point",
        "coordinates": [
          -0.5244874784074588,
          53.26816748668901
        ]
      },
      "properties": {
        "confidence": 0.7481813430786133,
        "image": "DJI_20240802140627_0006_W.JPG"
      }
    },
    {
      "type": "Feature",
      "geometry": {
        "type": "Point",
        "coordinates": [
          -0.5244860757707249,
          53.26815960094774
        ]
      },
      "properties": {
        "confidence": 0.6571605801582336,
        "image": "DJI_20240802140627_0006_W.JPG"
      }
    },
    {
      "type": "Feature",
      "geometry": {
        "type": "Point",
        "coordinates": [
          -0.5245050494556941,
          53.26805004290944
        ]
      },
      "properties": {
        "confidence": 0.5907360315322876,
        "image": "DJI_20240802140627_0006_W.JPG"
      }
    },
    {
      "type": "Feature",
      "geometry": {
        "type": "Point",
        "coordinates": [
          -0.5246077620590641,
          53.26811855709847
        ]
      },
      "properties": {
        "confidence": 0.7329825162887573,
        "image": "DJI_20240802140748_0048_W.JPG"
      }
    },
    {
      "type": "Feature",
      "geometry": {
        "type": "Point",
        "coordinates": [
          -0.5242955663581659,
          53.26807727758643
        ]
      },
      "properties": {
        "confidence": 0.6906889081001282,
        "image": "DJI_20240802140748_0048_W.JPG"
      }
    },
    {
      "type": "Feature",
      "geometry": {
        "type": "Point",
        "coordinates": [
          -0.5243416117615587,
          53.2681096717867
        ]
      },
      "properties": {
        "confidence": 0.651360809803009,
        "image": "DJI_20240802140748_0048_W.JPG"
      }
    },
    {
      "type": "Feature",
      "geometry": {
        "type": "Point",
        "coordinates": [
          -0.5242924453227382,
          53.268077956533624
        ]
      },
      "properties": {
        "confidence": 0.6248645186424255,
        "image": "DJI_20240802140748_0048_W.JPG"
      }
    },
    {
      "type": "Feature",
      "geometry": {
        "type": "Point",
        "coordinates": [
          -0.5245229398135897,
          53.268119353340396
        ]
      },
      "properties": {
        "confidence": 0.5130718946456909,
        "image": "DJI_20240802140748_0048_W.JPG"
      }
    }
  ]
}