{
    "type": "FeatureCollection",
    "features": [
        {
            "type": "Feature",
            "properties": {
                "Row": 1
            },
            "geometry": {
                "type": "Point",
                "coordinates": [
                    -0.299322,
                    51.052163
                ]
            }
        },
        {
            "type": "Feature",
            "properties": {
                "Row": 1
            },
            "geometry": {
                "type": "Point",
                "coordinates": [
                    -0.299259,
                    51.052048
                ]
            }
        },
        {
            "type": "Feature",
            "properties": {
                "Row": 2
            },
            "geometry": {
                "type": "Point",
                "coordinates": [
                    -0.299294,
                    51.052172
                ]
            }
        },
        {
            "type": "Feature",
            "properties": {
                "Row": 2
            },
            "geometry": {
                "type": "Point",
                "coordinates": [
                    -0.299211,
                    51.052021
                ]
            }
        },
        {
            "type": "Feature",
            "properties": {
                "Row": 3
            },
            "geometry": {
                "type": "Point",
                "coordinates": [
                    -0.299266,
                    51.05218
                ]
            }
        },
        {
            "type": "Feature",
            "properties": {
                "Row": 3
            },
            "geometry": {
                "type": "Point",
                "coordinates": [
                    -0.299161,
                    51.051993
                ]
            }
        },
        {
            "type": "Feature",
            "properties": {
                "Row": 4
            },
            "geometry": {
                "type": "Point",
                "coordinates": [
                    -0.299234,
                    51.052186
                ]
            }
        },
        {
            "type": "Feature",
            "properties": {
                "Row": 4
            },
            "geometry": {
                "type": "Point",
                "coordinates": [
                    -0.299114,
                    51.051965
                ]
            }
        },
        {
            "type": "Feature",
            "properties": {
                "Row": 5
            },
            "geometry": {
                "type": "Point",
                "coordinates": [
                    -0.299205,
                    51.052191
                ]
            }
        },
        {
            "type": "Feature",
            "properties": {
                "Row": 5
            },
            "geometry": {
                "type": "Point",
                "coordinates": [
                    -0.299065,
                    51.051938
                ]
            }
        },
        {
            "type": "Feature",
            "properties": {
                "Row": 6
            },
            "geometry": {
                "type": "Point",
                "coordinates": [
                    -0.299177,
                    51.052197
                ]
            }
        },
        {
            "type": "Feature",
            "properties": {
                "Row": 6
            },
            "geometry": {
                "type": "Point",
                "coordinates": [
                    -0.299016,
                    51.05191
                ]
            }
        },
        {
            "type": "Feature",
            "properties": {
                "Row": 7
            },
            "geometry": {
                "type": "Point",
                "coordinates": [
                    -0.299147,
                    51.052205
                ]
            }
        },
        {
            "type": "Feature",
            "properties": {
                "Row": 7
            },
            "geometry": {
                "type": "Point",
                "coordinates": [
                    -0.298969,
                    51.051883
                ]
            }
        },
        {
            "type": "Feature",
            "properties": {
                "Row": 8
            },
            "geometry": {
                "type": "Point",
                "coordinates": [
                    -0.299117,
                    51.05221
                ]
            }
        },
        {
            "type": "Feature",
            "properties": {
                "Row": 8
            },
            "geometry": {
                "type": "Point",
                "coordinates": [
                    -0.298922,
                    51.051857
                ]
            }
        },
        {
            "type": "Feature",
            "properties": {
                "Row": 9
            },
            "geometry": {
                "type": "Point",
                "coordinates": [
                    -0.299087,
                    51.052216
                ]
            }
        },
        {
            "type": "Feature",
            "properties": {
                "Row": 9
            },
            "geometry": {
                "type": "Point",
                "coordinates": [
                    -0.298875,
                    51.05183
                ]
            }
        },
        {
            "type": "Feature",
            "properties": {
                "Row": 10
            },
            "geometry": {
                "type": "Point",
                "coordinates": [
                    -0.299057,
                    51.052223
                ]
            }
        },
        {
            "type": "Feature",
            "properties": {
                "Row": 10
            },
            "geometry": {
                "type": "Point",
                "coordinates": [
                    -0.298825,
                    51.0518
                ]
            }
        },
        {
            "type": "Feature",
            "properties": {
                "Row": 11
            },
            "geometry": {
                "type": "Point",
                "coordinates": [
                    -0.299026,
                    51.052229
                ]
            }
        },
        {
            "type": "Feature",
            "properties": {
                "Row": 11
            },
            "geometry": {
                "type": "Point",
                "coordinates": [
                    -0.29878,
                    51.051775
                ]
            }
        },
        {
            "type": "Feature",
            "properties": {
                "Row": 12
            },
            "geometry": {
                "type": "Point",
                "coordinates": [
                    -0.298998,
                    51.052236
                ]
            }
        },
        {
            "type": "Feature",
            "properties": {
                "Row": 12
            },
            "geometry": {
                "type": "Point",
                "coordinates": [
                    -0.298729,
                    51.051746
                ]
            }
        },
        {
            "type": "Feature",
            "properties": {
                "Row": 13
            },
            "geometry": {
                "type": "Point",
                "coordinates": [
                    -0.298968,
                    51.052242
                ]
            }
        },
        {
            "type": "Feature",
            "properties": {
                "Row": 13
            },
            "geometry": {
                "type": "Point",
                "coordinates": [
                    -0.29868,
                    51.051718
                ]
            }
        },
        {
            "type": "Feature",
            "properties": {
                "Row": 14
            },
            "geometry": {
                "type": "Point",
                "coordinates": [
                    -0.298939,
                    51.052248
                ]
            }
        },
        {
            "type": "Feature",
            "properties": {
                "Row": 14
            },
            "geometry": {
                "type": "Point",
                "coordinates": [
                    -0.298632,
                    51.05169
                ]
            }
        },
        {
            "type": "Feature",
            "properties": {
                "Row": 15
            },
            "geometry": {
                "type": "Point",
                "coordinates": [
                    -0.298908,
                    51.052255
                ]
            }
        },
        {
            "type": "Feature",
            "properties": {
                "Row": 15
            },
            "geometry": {
                "type": "Point",
                "coordinates": [
                    -0.298582,
                    51.05166
                ]
            }
        },
        {
            "type": "Feature",
            "properties": {
                "Row": 16
            },
            "geometry": {
                "type": "Point",
                "coordinates": [
                    -0.298879,
                    51.052262
                ]
            }
        },
        {
            "type": "Feature",
            "properties": {
                "Row": 16
            },
            "geometry": {
                "type": "Point",
                "coordinates": [
                    -0.2984,
                    51.051392
                ]
            }
        },
        {
            "type": "Feature",
            "properties": {
                "Row": 17
            },
            "geometry": {
                "type": "Point",
                "coordinates": [
                    -0.29885,
                    51.052268
                ]
            }
        },
        {
            "type": "Feature",
            "properties": {
                "Row": 17
            },
            "geometry": {
                "type": "Point",
                "coordinates": [
                    -0.298371,
                    51.051397
                ]
            }
        },
        {
            "type": "Feature",
            "properties": {
                "Row": 18
            },
            "geometry": {
                "type": "Point",
                "coordinates": [
                    -0.298819,
                    51.052275
                ]
            }
        },
        {
            "type": "Feature",
            "properties": {
                "Row": 18
            },
            "geometry": {
                "type": "Point",
                "coordinates": [
                    -0.298341,
                    51.051404
                ]
            }
        },
        {
            "type": "Feature",
            "properties": {
                "Row": 19
            },
            "geometry": {
                "type": "Point",
                "coordinates": [
                    -0.298789,
                    51.05228
                ]
            }
        },
        {
            "type": "Feature",
            "properties": {
                "Row": 19
            },
            "geometry": {
                "type": "Point",
                "coordinates": [
                    -0.298311,
                    51.05141
                ]
            }
        },
        {
            "type": "Feature",
            "properties": {
                "Row": 20
            },
            "geometry": {
                "type": "Point",
                "coordinates": [
                    -0.29876,
                    51.052287
                ]
            }
        },
        {
            "type": "Feature",
            "properties": {
                "Row": 20
            },
            "geometry": {
                "type": "Point",
                "coordinates": [
                    -0.298281,
                    51.051417
                ]
            }
        },
        {
            "type": "Feature",
            "properties": {
                "Row": 21
            },
            "geometry": {
                "type": "Point",
                "coordinates": [
                    -0.298729,
                    51.052292
                ]
            }
        },
        {
            "type": "Feature",
            "properties": {
                "Row": 21
            },
            "geometry": {
                "type": "Point",
                "coordinates": [
                    -0.298251,
                    51.051423
                ]
            }
        },
        {
            "type": "Feature",
            "properties": {
                "Row": 22
            },
            "geometry": {
                "type": "Point",
                "coordinates": [
                    -0.298699,
                    51.0523
                ]
            }
        },
        {
            "type": "Feature",
            "properties": {
                "Row": 22
            },
            "geometry": {
                "type": "Point",
                "coordinates": [
                    -0.298222,
                    51.051429
                ]
            }
        },
        {
            "type": "Feature",
            "properties": {
                "Row": 23
            },
            "geometry": {
                "type": "Point",
                "coordinates": [
                    -0.298672,
                    51.052307
                ]
            }
        },
        {
            "type": "Feature",
            "properties": {
                "Row": 23
            },
            "geometry": {
                "type": "Point",
                "coordinates": [
                    -0.298191,
                    51.051435
                ]
            }
        },
        {
            "type": "Feature",
            "properties": {
                "Row": 24
            },
            "geometry": {
                "type": "Point",
                "coordinates": [
                    -0.298639,
                    51.052313
                ]
            }
        },
        {
            "type": "Feature",
            "properties": {
                "Row": 24
            },
            "geometry": {
                "type": "Point",
                "coordinates": [
                    -0.298164,
                    51.051442
                ]
            }
        },
        {
            "type": "Feature",
            "properties": {
                "Row": 25
            },
            "geometry": {
                "type": "Point",
                "coordinates": [
                    -0.298611,
                    51.05232
                ]
            }
        },
        {
            "type": "Feature",
            "properties": {
                "Row": 25
            },
            "geometry": {
                "type": "Point",
                "coordinates": [
                    -0.298134,
                    51.051448
                ]
            }
        },
        {
            "type": "Feature",
            "properties": {
                "Row": 26
            },
            "geometry": {
                "type": "Point",
                "coordinates": [
                    -0.298582,
                    51.052327
                ]
            }
        },
        {
            "type": "Feature",
            "properties": {
                "Row": 26
            },
            "geometry": {
                "type": "Point",
                "coordinates": [
                    -0.298102,
                    51.051454
                ]
            }
        },
        {
            "type": "Feature",
            "properties": {
                "Row": 27
            },
            "geometry": {
                "type": "Point",
                "coordinates": [
                    -0.298553,
                    51.05233
                ]
            }
        },
        {
            "type": "Feature",
            "properties": {
                "Row": 27
            },
            "geometry": {
                "type": "Point",
                "coordinates": [
                    -0.298074,
                    51.051462
                ]
            }
        },
        {
            "type": "Feature",
            "properties": {
                "Row": 28
            },
            "geometry": {
                "type": "Point",
                "coordinates": [
                    -0.298523,
                    51.052338
                ]
            }
        },
        {
            "type": "Feature",
            "properties": {
                "Row": 28
            },
            "geometry": {
                "type": "Point",
                "coordinates": [
                    -0.298044,
                    51.051467
                ]
            }
        },
        {
            "type": "Feature",
            "properties": {
                "Row": 29
            },
            "geometry": {
                "type": "Point",
                "coordinates": [
                    -0.298491,
                    51.052345
                ]
            }
        },
        {
            "type": "Feature",
            "properties": {
                "Row": 29
            },
            "geometry": {
                "type": "Point",
                "coordinates": [
                    -0.298013,
                    51.051475
                ]
            }
        },
        {
            "type": "Feature",
            "properties": {
                "Row": 30
            },
            "geometry": {
                "type": "Point",
                "coordinates": [
                    -0.298463,
                    51.052351
                ]
            }
        },
        {
            "type": "Feature",
            "properties": {
                "Row": 30
            },
            "geometry": {
                "type": "Point",
                "coordinates": [
                    -0.297985,
                    51.051482
                ]
            }
        },
        {
            "type": "Feature",
            "properties": {
                "Row": 31
            },
            "geometry": {
                "type": "Point",
                "coordinates": [
                    -0.298431,
                    51.052356
                ]
            }
        },
        {
            "type": "Feature",
            "properties": {
                "Row": 31
            },
            "geometry": {
                "type": "Point",
                "coordinates": [
                    -0.297953,
                    51.051488
                ]
            }
        },
        {
            "type": "Feature",
            "properties": {
                "Row": 32
            },
            "geometry": {
                "type": "Point",
                "coordinates": [
                    -0.298403,
                    51.052364
                ]
            }
        },
        {
            "type": "Feature",
            "properties": {
                "Row": 32
            },
            "geometry": {
                "type": "Point",
                "coordinates": [
                    -0.297924,
                    51.051495
                ]
            }
        },
        {
            "type": "Feature",
            "properties": {
                "Row": 33
            },
            "geometry": {
                "type": "Point",
                "coordinates": [
                    -0.298374,
                    51.05237
                ]
            }
        },
        {
            "type": "Feature",
            "properties": {
                "Row": 33
            },
            "geometry": {
                "type": "Point",
                "coordinates": [
                    -0.297893,
                    51.051501
                ]
            }
        },
        {
            "type": "Feature",
            "properties": {
                "Row": 34
            },
            "geometry": {
                "type": "Point",
                "coordinates": [
                    -0.298344,
                    51.052377
                ]
            }
        },
        {
            "type": "Feature",
            "properties": {
                "Row": 34
            },
            "geometry": {
                "type": "Point",
                "coordinates": [
                    -0.297864,
                    51.051507
                ]
            }
        },
        {
            "type": "Feature",
            "properties": {
                "Row": 35
            },
            "geometry": {
                "type": "Point",
                "coordinates": [
                    -0.298314,
                    51.052383
                ]
            }
        },
        {
            "type": "Feature",
            "properties": {
                "Row": 35
            },
            "geometry": {
                "type": "Point",
                "coordinates": [
                    -0.297836,
                    51.051514
                ]
            }
        },
        {
            "type": "Feature",
            "properties": {
                "Row": 36
            },
            "geometry": {
                "type": "Point",
                "coordinates": [
                    -0.298282,
                    51.052389
                ]
            }
        },
        {
            "type": "Feature",
            "properties": {
                "Row": 36
            },
            "geometry": {
                "type": "Point",
                "coordinates": [
                    -0.297805,
                    51.05152
                ]
            }
        },
        {
            "type": "Feature",
            "properties": {
                "Row": 37
            },
            "geometry": {
                "type": "Point",
                "coordinates": [
                    -0.298255,
                    51.052397
                ]
            }
        },
        {
            "type": "Feature",
            "properties": {
                "Row": 37
            },
            "geometry": {
                "type": "Point",
                "coordinates": [
                    -0.297776,
                    51.051527
                ]
            }
        },
        {
            "type": "Feature",
            "properties": {
                "Row": 38
            },
            "geometry": {
                "type": "Point",
                "coordinates": [
                    -0.298225,
                    51.052404
                ]
            }
        },
        {
            "type": "Feature",
            "properties": {
                "Row": 38
            },
            "geometry": {
                "type": "Point",
                "coordinates": [
                    -0.297746,
                    51.051533
                ]
            }
        },
        {
            "type": "Feature",
            "properties": {
                "Row": 39
            },
            "geometry": {
                "type": "Point",
                "coordinates": [
                    -0.298196,
                    51.052409
                ]
            }
        },
        {
            "type": "Feature",
            "properties": {
                "Row": 39
            },
            "geometry": {
                "type": "Point",
                "coordinates": [
                    -0.297718,
                    51.05154
                ]
            }
        },
        {
            "type": "Feature",
            "properties": {
                "Row": 40
            },
            "geometry": {
                "type": "Point",
                "coordinates": [
                    -0.298167,
                    51.052415
                ]
            }
        },
        {
            "type": "Feature",
            "properties": {
                "Row": 40
            },
            "geometry": {
                "type": "Point",
                "coordinates": [
                    -0.297688,
                    51.051546
                ]
            }
        },
        {
            "type": "Feature",
            "properties": {
                "Row": 41
            },
            "geometry": {
                "type": "Point",
                "coordinates": [
                    -0.298137,
                    51.052423
                ]
            }
        },
        {
            "type": "Feature",
            "properties": {
                "Row": 41
            },
            "geometry": {
                "type": "Point",
                "coordinates": [
                    -0.297658,
                    51.051553
                ]
            }
        },
        {
            "type": "Feature",
            "properties": {
                "Row": 42
            },
            "geometry": {
                "type": "Point",
                "coordinates": [
                    -0.298107,
                    51.05243
                ]
            }
        },
        {
            "type": "Feature",
            "properties": {
                "Row": 42
            },
            "geometry": {
                "type": "Point",
                "coordinates": [
                    -0.297628,
                    51.051559
                ]
            }
        },
        {
            "type": "Feature",
            "properties": {
                "Row": 43
            },
            "geometry": {
                "type": "Point",
                "coordinates": [
                    -0.298078,
                    51.052435
                ]
            }
        },
        {
            "type": "Feature",
            "properties": {
                "Row": 43
            },
            "geometry": {
                "type": "Point",
                "coordinates": [
                    -0.297599,
                    51.051565
                ]
            }
        },
        {
            "type": "Feature",
            "properties": {
                "Row": 44
            },
            "geometry": {
                "type": "Point",
                "coordinates": [
                    -0.298046,
                    51.052441
                ]
            }
        },
        {
            "type": "Feature",
            "properties": {
                "Row": 44
            },
            "geometry": {
                "type": "Point",
                "coordinates": [
                    -0.297568,
                    51.051572
                ]
            }
        },
        {
            "type": "Feature",
            "properties": {
                "Row": 45
            },
            "geometry": {
                "type": "Point",
                "coordinates": [
                    -0.298016,
                    51.052448
                ]
            }
        },
        {
            "type": "Feature",
            "properties": {
                "Row": 45
            },
            "geometry": {
                "type": "Point",
                "coordinates": [
                    -0.297538,
                    51.051579
                ]
            }
        },
        {
            "type": "Feature",
            "properties": {
                "Row": 46
            },
            "geometry": {
                "type": "Point",
                "coordinates": [
                    -0.297989,
                    51.052456
                ]
            }
        },
        {
            "type": "Feature",
            "properties": {
                "Row": 46
            },
            "geometry": {
                "type": "Point",
                "coordinates": [
                    -0.297509,
                    51.051585
                ]
            }
        },
        {
            "type": "Feature",
            "properties": {
                "Row": 47
            },
            "geometry": {
                "type": "Point",
                "coordinates": [
                    -0.297959,
                    51.05246
                ]
            }
        },
        {
            "type": "Feature",
            "properties": {
                "Row": 47
            },
            "geometry": {
                "type": "Point",
                "coordinates": [
                    -0.297479,
                    51.051592
                ]
            }
        },
        {
            "type": "Feature",
            "properties": {
                "Row": 48
            },
            "geometry": {
                "type": "Point",
                "coordinates": [
                    -0.297929,
                    51.052468
                ]
            }
        },
        {
            "type": "Feature",
            "properties": {
                "Row": 48
            },
            "geometry": {
                "type": "Point",
                "coordinates": [
                    -0.29745,
                    51.051598
                ]
            }
        },
        {
            "type": "Feature",
            "properties": {
                "Row": 49
            },
            "geometry": {
                "type": "Point",
                "coordinates": [
                    -0.2979,
                    51.052475
                ]
            }
        },
        {
            "type": "Feature",
            "properties": {
                "Row": 49
            },
            "geometry": {
                "type": "Point",
                "coordinates": [
                    -0.297421,
                    51.051605
                ]
            }
        },
        {
            "type": "Feature",
            "properties": {
                "Row": 50
            },
            "geometry": {
                "type": "Point",
                "coordinates": [
                    -0.297867,
                    51.052481
                ]
            }
        },
        {
            "type": "Feature",
            "properties": {
                "Row": 50
            },
            "geometry": {
                "type": "Point",
                "coordinates": [
                    -0.297391,
                    51.051611
                ]
            }
        },
        {
            "type": "Feature",
            "properties": {
                "Row": 51
            },
            "geometry": {
                "type": "Point",
                "coordinates": [
                    -0.29784,
                    51.052487
                ]
            }
        },
        {
            "type": "Feature",
            "properties": {
                "Row": 51
            },
            "geometry": {
                "type": "Point",
                "coordinates": [
                    -0.297362,
                    51.051618
                ]
            }
        },
        {
            "type": "Feature",
            "properties": {
                "Row": 52
            },
            "geometry": {
                "type": "Point",
                "coordinates": [
                    -0.297812,
                    51.052494
                ]
            }
        },
        {
            "type": "Feature",
            "properties": {
                "Row": 52
            },
            "geometry": {
                "type": "Point",
                "coordinates": [
                    -0.297333,
                    51.051623
                ]
            }
        },
        {
            "type": "Feature",
            "properties": {
                "Row": 53
            },
            "geometry": {
                "type": "Point",
                "coordinates": [
                    -0.297781,
                    51.052501
                ]
            }
        },
        {
            "type": "Feature",
            "properties": {
                "Row": 53
            },
            "geometry": {
                "type": "Point",
                "coordinates": [
                    -0.297301,
                    51.05163
                ]
            }
        },
        {
            "type": "Feature",
            "properties": {
                "Row": 54
            },
            "geometry": {
                "type": "Point",
                "coordinates": [
                    -0.297753,
                    51.052508
                ]
            }
        },
        {
            "type": "Feature",
            "properties": {
                "Row": 54
            },
            "geometry": {
                "type": "Point",
                "coordinates": [
                    -0.297272,
                    51.051637
                ]
            }
        },
        {
            "type": "Feature",
            "properties": {
                "Row": 55
            },
            "geometry": {
                "type": "Point",
                "coordinates": [
                    -0.297723,
                    51.052514
                ]
            }
        },
        {
            "type": "Feature",
            "properties": {
                "Row": 55
            },
            "geometry": {
                "type": "Point",
                "coordinates": [
                    -0.297244,
                    51.051643
                ]
            }
        },
        {
            "type": "Feature",
            "properties": {
                "Row": 56
            },
            "geometry": {
                "type": "Point",
                "coordinates": [
                    -0.297694,
                    51.05252
                ]
            }
        },
        {
            "type": "Feature",
            "properties": {
                "Row": 56
            },
            "geometry": {
                "type": "Point",
                "coordinates": [
                    -0.297212,
                    51.05165
                ]
            }
        },
        {
            "type": "Feature",
            "properties": {
                "Row": 57
            },
            "geometry": {
                "type": "Point",
                "coordinates": [
                    -0.297662,
                    51.052527
                ]
            }
        },
        {
            "type": "Feature",
            "properties": {
                "Row": 57
            },
            "geometry": {
                "type": "Point",
                "coordinates": [
                    -0.297183,
                    51.051657
                ]
            }
        },
        {
            "type": "Feature",
            "properties": {
                "Row": 58
            },
            "geometry": {
                "type": "Point",
                "coordinates": [
                    -0.29763,
                    51.052533
                ]
            }
        },
        {
            "type": "Feature",
            "properties": {
                "Row": 58
            },
            "geometry": {
                "type": "Point",
                "coordinates": [
                    -0.297154,
                    51.051663
                ]
            }
        },
        {
            "type": "Feature",
            "properties": {
                "Row": 59
            },
            "geometry": {
                "type": "Point",
                "coordinates": [
                    -0.297602,
                    51.05254
                ]
            }
        },
        {
            "type": "Feature",
            "properties": {
                "Row": 59
            },
            "geometry": {
                "type": "Point",
                "coordinates": [
                    -0.297123,
                    51.051669
                ]
            }
        },
        {
            "type": "Feature",
            "properties": {
                "Row": 60
            },
            "geometry": {
                "type": "Point",
                "coordinates": [
                    -0.297574,
                    51.052546
                ]
            }
        },
        {
            "type": "Feature",
            "properties": {
                "Row": 60
            },
            "geometry": {
                "type": "Point",
                "coordinates": [
                    -0.297094,
                    51.051676
                ]
            }
        },
        {
            "type": "Feature",
            "properties": {
                "Row": 61
            },
            "geometry": {
                "type": "Point",
                "coordinates": [
                    -0.297545,
                    51.052551
                ]
            }
        },
        {
            "type": "Feature",
            "properties": {
                "Row": 61
            },
            "geometry": {
                "type": "Point",
                "coordinates": [
                    -0.297066,
                    51.051683
                ]
            }
        },
        {
            "type": "Feature",
            "properties": {
                "Row": 62
            },
            "geometry": {
                "type": "Point",
                "coordinates": [
                    -0.297514,
                    51.052558
                ]
            }
        },
        {
            "type": "Feature",
            "properties": {
                "Row": 62
            },
            "geometry": {
                "type": "Point",
                "coordinates": [
                    -0.297036,
                    51.051689
                ]
            }
        },
        {
            "type": "Feature",
            "properties": {
                "Row": 63
            },
            "geometry": {
                "type": "Point",
                "coordinates": [
                    -0.297483,
                    51.052564
                ]
            }
        },
        {
            "type": "Feature",
            "properties": {
                "Row": 63
            },
            "geometry": {
                "type": "Point",
                "coordinates": [
                    -0.297005,
                    51.051695
                ]
            }
        },
        {
            "type": "Feature",
            "properties": {
                "Row": 64
            },
            "geometry": {
                "type": "Point",
                "coordinates": [
                    -0.297455,
                    51.052571
                ]
            }
        },
        {
            "type": "Feature",
            "properties": {
                "Row": 64
            },
            "geometry": {
                "type": "Point",
                "coordinates": [
                    -0.296976,
                    51.051703
                ]
            }
        },
        {
            "type": "Feature",
            "properties": {
                "Row": 65
            },
            "geometry": {
                "type": "Point",
                "coordinates": [
                    -0.297426,
                    51.052577
                ]
            }
        },
        {
            "type": "Feature",
            "properties": {
                "Row": 65
            },
            "geometry": {
                "type": "Point",
                "coordinates": [
                    -0.296947,
                    51.051708
                ]
            }
        },
        {
            "type": "Feature",
            "properties": {
                "Row": 66
            },
            "geometry": {
                "type": "Point",
                "coordinates": [
                    -0.297394,
                    51.052584
                ]
            }
        },
        {
            "type": "Feature",
            "properties": {
                "Row": 66
            },
            "geometry": {
                "type": "Point",
                "coordinates": [
                    -0.296916,
                    51.051716
                ]
            }
        },
        {
            "type": "Feature",
            "properties": {
                "Row": 67
            },
            "geometry": {
                "type": "Point",
                "coordinates": [
                    -0.297364,
                    51.05259
                ]
            }
        },
        {
            "type": "Feature",
            "properties": {
                "Row": 67
            },
            "geometry": {
                "type": "Point",
                "coordinates": [
                    -0.296887,
                    51.051724
                ]
            }
        },
        {
            "type": "Feature",
            "properties": {
                "Row": 68
            },
            "geometry": {
                "type": "Point",
                "coordinates": [
                    -0.297335,
                    51.052596
                ]
            }
        },
        {
            "type": "Feature",
            "properties": {
                "Row": 68
            },
            "geometry": {
                "type": "Point",
                "coordinates": [
                    -0.296857,
                    51.051729
                ]
            }
        },
        {
            "type": "Feature",
            "properties": {
                "Row": 69
            },
            "geometry": {
                "type": "Point",
                "coordinates": [
                    -0.297306,
                    51.052603
                ]
            }
        },
        {
            "type": "Feature",
            "properties": {
                "Row": 69
            },
            "geometry": {
                "type": "Point",
                "coordinates": [
                    -0.296827,
                    51.051735
                ]
            }
        },
        {
            "type": "Feature",
            "properties": {
                "Row": 70
            },
            "geometry": {
                "type": "Point",
                "coordinates": [
                    -0.297276,
                    51.05261
                ]
            }
        },
        {
            "type": "Feature",
            "properties": {
                "Row": 70
            },
            "geometry": {
                "type": "Point",
                "coordinates": [
                    -0.296797,
                    51.051741
                ]
            }
        },
        {
            "type": "Feature",
            "properties": {
                "Row": 71
            },
            "geometry": {
                "type": "Point",
                "coordinates": [
                    -0.297247,
                    51.052616
                ]
            }
        },
        {
            "type": "Feature",
            "properties": {
                "Row": 71
            },
            "geometry": {
                "type": "Point",
                "coordinates": [
                    -0.296768,
                    51.05175
                ]
            }
        },
        {
            "type": "Feature",
            "properties": {
                "Row": 72
            },
            "geometry": {
                "type": "Point",
                "coordinates": [
                    -0.297216,
                    51.052623
                ]
            }
        },
        {
            "type": "Feature",
            "properties": {
                "Row": 72
            },
            "geometry": {
                "type": "Point",
                "coordinates": [
                    -0.296738,
                    51.051755
                ]
            }
        },
        {
            "type": "Feature",
            "properties": {
                "Row": 73
            },
            "geometry": {
                "type": "Point",
                "coordinates": [
                    -0.297187,
                    51.052628
                ]
            }
        },
        {
            "type": "Feature",
            "properties": {
                "Row": 73
            },
            "geometry": {
                "type": "Point",
                "coordinates": [
                    -0.29671,
                    51.05176
                ]
            }
        },
        {
            "type": "Feature",
            "properties": {
                "Row": 74
            },
            "geometry": {
                "type": "Point",
                "coordinates": [
                    -0.297158,
                    51.052636
                ]
            }
        },
        {
            "type": "Feature",
            "properties": {
                "Row": 74
            },
            "geometry": {
                "type": "Point",
                "coordinates": [
                    -0.29668,
                    51.051767
                ]
            }
        },
        {
            "type": "Feature",
            "properties": {
                "Row": 75
            },
            "geometry": {
                "type": "Point",
                "coordinates": [
                    -0.297128,
                    51.052642
                ]
            }
        },
        {
            "type": "Feature",
            "properties": {
                "Row": 75
            },
            "geometry": {
                "type": "Point",
                "coordinates": [
                    -0.296651,
                    51.051773
                ]
            }
        },
        {
            "type": "Feature",
            "properties": {
                "Row": 76
            },
            "geometry": {
                "type": "Point",
                "coordinates": [
                    -0.297097,
                    51.052646
                ]
            }
        },
        {
            "type": "Feature",
            "properties": {
                "Row": 76
            },
            "geometry": {
                "type": "Point",
                "coordinates": [
                    -0.296621,
                    51.051781
                ]
            }
        },
        {
            "type": "Feature",
            "properties": {
                "Row": 77
            },
            "geometry": {
                "type": "Point",
                "coordinates": [
                    -0.297069,
                    51.052655
                ]
            }
        },
        {
            "type": "Feature",
            "properties": {
                "Row": 77
            },
            "geometry": {
                "type": "Point",
                "coordinates": [
                    -0.29659,
                    51.051786
                ]
            }
        },
        {
            "type": "Feature",
            "properties": {
                "Row": 78
            },
            "geometry": {
                "type": "Point",
                "coordinates": [
                    -0.297038,
                    51.052662
                ]
            }
        },
        {
            "type": "Feature",
            "properties": {
                "Row": 78
            },
            "geometry": {
                "type": "Point",
                "coordinates": [
                    -0.296561,
                    51.051793
                ]
            }
        },
        {
            "type": "Feature",
            "properties": {
                "Row": 79
            },
            "geometry": {
                "type": "Point",
                "coordinates": [
                    -0.297008,
                    51.052667
                ]
            }
        },
        {
            "type": "Feature",
            "properties": {
                "Row": 79
            },
            "geometry": {
                "type": "Point",
                "coordinates": [
                    -0.29653,
                    51.0518
                ]
            }
        },
        {
            "type": "Feature",
            "properties": {
                "Row": 80
            },
            "geometry": {
                "type": "Point",
                "coordinates": [
                    -0.296979,
                    51.052674
                ]
            }
        },
        {
            "type": "Feature",
            "properties": {
                "Row": 80
            },
            "geometry": {
                "type": "Point",
                "coordinates": [
                    -0.296502,
                    51.051806
                ]
            }
        },
        {
            "type": "Feature",
            "properties": {
                "Row": 81
            },
            "geometry": {
                "type": "Point",
                "coordinates": [
                    -0.296948,
                    51.05268
                ]
            }
        },
        {
            "type": "Feature",
            "properties": {
                "Row": 81
            },
            "geometry": {
                "type": "Point",
                "coordinates": [
                    -0.296472,
                    51.051812
                ]
            }
        },
        {
            "type": "Feature",
            "properties": {
                "Row": 82
            },
            "geometry": {
                "type": "Point",
                "coordinates": [
                    -0.29692,
                    51.052686
                ]
            }
        },
        {
            "type": "Feature",
            "properties": {
                "Row": 82
            },
            "geometry": {
                "type": "Point",
                "coordinates": [
                    -0.296443,
                    51.051819
                ]
            }
        },
        {
            "type": "Feature",
            "properties": {
                "Row": 83
            },
            "geometry": {
                "type": "Point",
                "coordinates": [
                    -0.296891,
                    51.052692
                ]
            }
        },
        {
            "type": "Feature",
            "properties": {
                "Row": 83
            },
            "geometry": {
                "type": "Point",
                "coordinates": [
                    -0.296413,
                    51.051826
                ]
            }
        },
        {
            "type": "Feature",
            "properties": {
                "Row": 84
            },
            "geometry": {
                "type": "Point",
                "coordinates": [
                    -0.296862,
                    51.0527
                ]
            }
        },
        {
            "type": "Feature",
            "properties": {
                "Row": 84
            },
            "geometry": {
                "type": "Point",
                "coordinates": [
                    -0.296384,
                    51.051832
                ]
            }
        },
        {
            "type": "Feature",
            "properties": {
                "Row": 85
            },
            "geometry": {
                "type": "Point",
                "coordinates": [
                    -0.296833,
                    51.052706
                ]
            }
        },
        {
            "type": "Feature",
            "properties": {
                "Row": 85
            },
            "geometry": {
                "type": "Point",
                "coordinates": [
                    -0.296354,
                    51.051839
                ]
            }
        },
        {
            "type": "Feature",
            "properties": {
                "Row": 86
            },
            "geometry": {
                "type": "Point",
                "coordinates": [
                    -0.296803,
                    51.052713
                ]
            }
        },
        {
            "type": "Feature",
            "properties": {
                "Row": 86
            },
            "geometry": {
                "type": "Point",
                "coordinates": [
                    -0.296324,
                    51.051845
                ]
            }
        },
        {
            "type": "Feature",
            "properties": {
                "Row": 87
            },
            "geometry": {
                "type": "Point",
                "coordinates": [
                    -0.296773,
                    51.052719
                ]
            }
        },
        {
            "type": "Feature",
            "properties": {
                "Row": 87
            },
            "geometry": {
                "type": "Point",
                "coordinates": [
                    -0.296295,
                    51.051851
                ]
            }
        },
        {
            "type": "Feature",
            "properties": {
                "Row": 88
            },
            "geometry": {
                "type": "Point",
                "coordinates": [
                    -0.296741,
                    51.052725
                ]
            }
        },
        {
            "type": "Feature",
            "properties": {
                "Row": 88
            },
            "geometry": {
                "type": "Point",
                "coordinates": [
                    -0.296265,
                    51.051858
                ]
            }
        },
        {
            "type": "Feature",
            "properties": {
                "Row": 89
            },
            "geometry": {
                "type": "Point",
                "coordinates": [
                    -0.296712,
                    51.052731
                ]
            }
        },
        {
            "type": "Feature",
            "properties": {
                "Row": 89
            },
            "geometry": {
                "type": "Point",
                "coordinates": [
                    -0.296235,
                    51.051865
                ]
            }
        },
        {
            "type": "Feature",
            "properties": {
                "Row": 90
            },
            "geometry": {
                "type": "Point",
                "coordinates": [
                    -0.296685,
                    51.052738
                ]
            }
        },
        {
            "type": "Feature",
            "properties": {
                "Row": 90
            },
            "geometry": {
                "type": "Point",
                "coordinates": [
                    -0.296205,
                    51.051872
                ]
            }
        },
        {
            "type": "Feature",
            "properties": {
                "Row": 91
            },
            "geometry": {
                "type": "Point",
                "coordinates": [
                    -0.296655,
                    51.052745
                ]
            }
        },
        {
            "type": "Feature",
            "properties": {
                "Row": 91
            },
            "geometry": {
                "type": "Point",
                "coordinates": [
                    -0.296175,
                    51.051877
                ]
            }
        },
        {
            "type": "Feature",
            "properties": {
                "Row": 92
            },
            "geometry": {
                "type": "Point",
                "coordinates": [
                    -0.296622,
                    51.052752
                ]
            }
        },
        {
            "type": "Feature",
            "properties": {
                "Row": 92
            },
            "geometry": {
                "type": "Point",
                "coordinates": [
                    -0.296145,
                    51.051884
                ]
            }
        },
        {
            "type": "Feature",
            "properties": {
                "Row": 93
            },
            "geometry": {
                "type": "Point",
                "coordinates": [
                    -0.296592,
                    51.052758
                ]
            }
        },
        {
            "type": "Feature",
            "properties": {
                "Row": 93
            },
            "geometry": {
                "type": "Point",
                "coordinates": [
                    -0.296116,
                    51.05189
                ]
            }
        },
        {
            "type": "Feature",
            "properties": {
                "Row": 94
            },
            "geometry": {
                "type": "Point",
                "coordinates": [
                    -0.296563,
                    51.052766
                ]
            }
        },
        {
            "type": "Feature",
            "properties": {
                "Row": 94
            },
            "geometry": {
                "type": "Point",
                "coordinates": [
                    -0.296084,
                    51.051895
                ]
            }
        },
        {
            "type": "Feature",
            "properties": {
                "Row": 95
            },
            "geometry": {
                "type": "Point",
                "coordinates": [
                    -0.296534,
                    51.052773
                ]
            }
        },
        {
            "type": "Feature",
            "properties": {
                "Row": 95
            },
            "geometry": {
                "type": "Point",
                "coordinates": [
                    -0.296057,
                    51.051902
                ]
            }
        },
        {
            "type": "Feature",
            "properties": {
                "Row": 96
            },
            "geometry": {
                "type": "Point",
                "coordinates": [
                    -0.296506,
                    51.052781
                ]
            }
        },
        {
            "type": "Feature",
            "properties": {
                "Row": 96
            },
            "geometry": {
                "type": "Point",
                "coordinates": [
                    -0.296025,
                    51.051909
                ]
            }
        },
        {
            "type": "Feature",
            "properties": {
                "Row": 97
            },
            "geometry": {
                "type": "Point",
                "coordinates": [
                    -0.296474,
                    51.052785
                ]
            }
        },
        {
            "type": "Feature",
            "properties": {
                "Row": 97
            },
            "geometry": {
                "type": "Point",
                "coordinates": [
                    -0.295997,
                    51.051916
                ]
            }
        },
        {
            "type": "Feature",
            "properties": {
                "Row": 98
            },
            "geometry": {
                "type": "Point",
                "coordinates": [
                    -0.296446,
                    51.052793
                ]
            }
        },
        {
            "type": "Feature",
            "properties": {
                "Row": 98
            },
            "geometry": {
                "type": "Point",
                "coordinates": [
                    -0.295968,
                    51.051922
                ]
            }
        },
        {
            "type": "Feature",
            "properties": {
                "Row": 99
            },
            "geometry": {
                "type": "Point",
                "coordinates": [
                    -0.296417,
                    51.0528
                ]
            }
        },
        {
            "type": "Feature",
            "properties": {
                "Row": 99
            },
            "geometry": {
                "type": "Point",
                "coordinates": [
                    -0.295939,
                    51.051929
                ]
            }
        },
        {
            "type": "Feature",
            "properties": {
                "Row": 100
            },
            "geometry": {
                "type": "Point",
                "coordinates": [
                    -0.296389,
                    51.052806
                ]
            }
        },
        {
            "type": "Feature",
            "properties": {
                "Row": 100
            },
            "geometry": {
                "type": "Point",
                "coordinates": [
                    -0.295909,
                    51.051935
                ]
            }
        },
        {
            "type": "Feature",
            "properties": {
                "Row": 101
            },
            "geometry": {
                "type": "Point",
                "coordinates": [
                    -0.296358,
                    51.052813
                ]
            }
        },
        {
            "type": "Feature",
            "properties": {
                "Row": 101
            },
            "geometry": {
                "type": "Point",
                "coordinates": [
                    -0.295878,
                    51.051943
                ]
            }
        },
        {
            "type": "Feature",
            "properties": {
                "Row": 102
            },
            "geometry": {
                "type": "Point",
                "coordinates": [
                    -0.29633,
                    51.05282
                ]
            }
        },
        {
            "type": "Feature",
            "properties": {
                "Row": 102
            },
            "geometry": {
                "type": "Point",
                "coordinates": [
                    -0.295849,
                    51.051948
                ]
            }
        },
        {
            "type": "Feature",
            "properties": {
                "Row": 103
            },
            "geometry": {
                "type": "Point",
                "coordinates": [
                    -0.296299,
                    51.052826
                ]
            }
        },
        {
            "type": "Feature",
            "properties": {
                "Row": 103
            },
            "geometry": {
                "type": "Point",
                "coordinates": [
                    -0.29582,
                    51.051955
                ]
            }
        },
        {
            "type": "Feature",
            "properties": {
                "Row": 104
            },
            "geometry": {
                "type": "Point",
                "coordinates": [
                    -0.296268,
                    51.052832
                ]
            }
        },
        {
            "type": "Feature",
            "properties": {
                "Row": 104
            },
            "geometry": {
                "type": "Point",
                "coordinates": [
                    -0.295791,
                    51.051961
                ]
            }
        },
        {
            "type": "Feature",
            "properties": {
                "Row": 105
            },
            "geometry": {
                "type": "Point",
                "coordinates": [
                    -0.296242,
                    51.05284
                ]
            }
        },
        {
            "type": "Feature",
            "properties": {
                "Row": 105
            },
            "geometry": {
                "type": "Point",
                "coordinates": [
                    -0.295761,
                    51.051968
                ]
            }
        },
        {
            "type": "Feature",
            "properties": {
                "Row": 106
            },
            "geometry": {
                "type": "Point",
                "coordinates": [
                    -0.296209,
                    51.052844
                ]
            }
        },
        {
            "type": "Feature",
            "properties": {
                "Row": 106
            },
            "geometry": {
                "type": "Point",
                "coordinates": [
                    -0.29573,
                    51.051974
                ]
            }
        },
        {
            "type": "Feature",
            "properties": {
                "Row": 107
            },
            "geometry": {
                "type": "Point",
                "coordinates": [
                    -0.296182,
                    51.052852
                ]
            }
        },
        {
            "type": "Feature",
            "properties": {
                "Row": 107
            },
            "geometry": {
                "type": "Point",
                "coordinates": [
                    -0.295702,
                    51.051981
                ]
            }
        },
        {
            "type": "Feature",
            "properties": {
                "Row": 108
            },
            "geometry": {
                "type": "Point",
                "coordinates": [
                    -0.296151,
                    51.052858
                ]
            }
        },
        {
            "type": "Feature",
            "properties": {
                "Row": 108
            },
            "geometry": {
                "type": "Point",
                "coordinates": [
                    -0.295671,
                    51.051987
                ]
            }
        },
        {
            "type": "Feature",
            "properties": {
                "Row": 109
            },
            "geometry": {
                "type": "Point",
                "coordinates": [
                    -0.296122,
                    51.052864
                ]
            }
        },
        {
            "type": "Feature",
            "properties": {
                "Row": 109
            },
            "geometry": {
                "type": "Point",
                "coordinates": [
                    -0.295643,
                    51.051994
                ]
            }
        },
        {
            "type": "Feature",
            "properties": {
                "Row": 110
            },
            "geometry": {
                "type": "Point",
                "coordinates": [
                    -0.296092,
                    51.052871
                ]
            }
        },
        {
            "type": "Feature",
            "properties": {
                "Row": 110
            },
            "geometry": {
                "type": "Point",
                "coordinates": [
                    -0.295612,
                    51.052
                ]
            }
        },
        {
            "type": "Feature",
            "properties": {
                "Row": 111
            },
            "geometry": {
                "type": "Point",
                "coordinates": [
                    -0.296064,
                    51.052879
                ]
            }
        },
        {
            "type": "Feature",
            "properties": {
                "Row": 111
            },
            "geometry": {
                "type": "Point",
                "coordinates": [
                    -0.295584,
                    51.052008
                ]
            }
        },
        {
            "type": "Feature",
            "properties": {
                "Row": 112
            },
            "geometry": {
                "type": "Point",
                "coordinates": [
                    -0.296032,
                    51.052884
                ]
            }
        },
        {
            "type": "Feature",
            "properties": {
                "Row": 112
            },
            "geometry": {
                "type": "Point",
                "coordinates": [
                    -0.295552,
                    51.052013
                ]
            }
        },
        {
            "type": "Feature",
            "properties": {
                "Row": 113
            },
            "geometry": {
                "type": "Point",
                "coordinates": [
                    -0.296003,
                    51.05289
                ]
            }
        },
        {
            "type": "Feature",
            "properties": {
                "Row": 113
            },
            "geometry": {
                "type": "Point",
                "coordinates": [
                    -0.295523,
                    51.052019
                ]
            }
        },
        {
            "type": "Feature",
            "properties": {
                "Row": 114
            },
            "geometry": {
                "type": "Point",
                "coordinates": [
                    -0.295971,
                    51.052897
                ]
            }
        },
        {
            "type": "Feature",
            "properties": {
                "Row": 114
            },
            "geometry": {
                "type": "Point",
                "coordinates": [
                    -0.295492,
                    51.052027
                ]
            }
        },
        {
            "type": "Feature",
            "properties": {
                "Row": 115
            },
            "geometry": {
                "type": "Point",
                "coordinates": [
                    -0.295941,
                    51.052903
                ]
            }
        },
        {
            "type": "Feature",
            "properties": {
                "Row": 115
            },
            "geometry": {
                "type": "Point",
                "coordinates": [
                    -0.295463,
                    51.052033
                ]
            }
        },
        {
            "type": "Feature",
            "properties": {
                "Row": 116
            },
            "geometry": {
                "type": "Point",
                "coordinates": [
                    -0.295912,
                    51.052909
                ]
            }
        },
        {
            "type": "Feature",
            "properties": {
                "Row": 116
            },
            "geometry": {
                "type": "Point",
                "coordinates": [
                    -0.295434,
                    51.05204
                ]
            }
        },
        {
            "type": "Feature",
            "properties": {
                "Row": 117
            },
            "geometry": {
                "type": "Point",
                "coordinates": [
                    -0.295882,
                    51.052916
                ]
            }
        },
        {
            "type": "Feature",
            "properties": {
                "Row": 117
            },
            "geometry": {
                "type": "Point",
                "coordinates": [
                    -0.295404,
                    51.052047
                ]
            }
        },
        {
            "type": "Feature",
            "properties": {
                "Row": 118
            },
            "geometry": {
                "type": "Point",
                "coordinates": [
                    -0.295852,
                    51.052922
                ]
            }
        },
        {
            "type": "Feature",
            "properties": {
                "Row": 118
            },
            "geometry": {
                "type": "Point",
                "coordinates": [
                    -0.295375,
                    51.052053
                ]
            }
        },
        {
            "type": "Feature",
            "properties": {
                "Row": 119
            },
            "geometry": {
                "type": "Point",
                "coordinates": [
                    -0.295823,
                    51.052929
                ]
            }
        },
        {
            "type": "Feature",
            "properties": {
                "Row": 119
            },
            "geometry": {
                "type": "Point",
                "coordinates": [
                    -0.295346,
                    51.052059
                ]
            }
        },
        {
            "type": "Feature",
            "properties": {
                "Row": 120
            },
            "geometry": {
                "type": "Point",
                "coordinates": [
                    -0.295793,
                    51.052936
                ]
            }
        },
        {
            "type": "Feature",
            "properties": {
                "Row": 120
            },
            "geometry": {
                "type": "Point",
                "coordinates": [
                    -0.295316,
                    51.052066
                ]
            }
        },
        {
            "type": "Feature",
            "properties": {
                "Row": 121
            },
            "geometry": {
                "type": "Point",
                "coordinates": [
                    -0.295764,
                    51.052941
                ]
            }
        },
        {
            "type": "Feature",
            "properties": {
                "Row": 121
            },
            "geometry": {
                "type": "Point",
                "coordinates": [
                    -0.295286,
                    51.052072
                ]
            }
        },
        {
            "type": "Feature",
            "properties": {
                "Row": 122
            },
            "geometry": {
                "type": "Point",
                "coordinates": [
                    -0.295733,
                    51.052947
                ]
            }
        },
        {
            "type": "Feature",
            "properties": {
                "Row": 122
            },
            "geometry": {
                "type": "Point",
                "coordinates": [
                    -0.295255,
                    51.052078
                ]
            }
        },
        {
            "type": "Feature",
            "properties": {
                "Row": 123
            },
            "geometry": {
                "type": "Point",
                "coordinates": [
                    -0.295703,
                    51.052953
                ]
            }
        },
        {
            "type": "Feature",
            "properties": {
                "Row": 123
            },
            "geometry": {
                "type": "Point",
                "coordinates": [
                    -0.295228,
                    51.052086
                ]
            }
        },
        {
            "type": "Feature",
            "properties": {
                "Row": 124
            },
            "geometry": {
                "type": "Point",
                "coordinates": [
                    -0.295673,
                    51.05296
                ]
            }
        },
        {
            "type": "Feature",
            "properties": {
                "Row": 124
            },
            "geometry": {
                "type": "Point",
                "coordinates": [
                    -0.295196,
                    51.052092
                ]
            }
        },
        {
            "type": "Feature",
            "properties": {
                "Row": 125
            },
            "geometry": {
                "type": "Point",
                "coordinates": [
                    -0.295645,
                    51.052966
                ]
            }
        },
        {
            "type": "Feature",
            "properties": {
                "Row": 125
            },
            "geometry": {
                "type": "Point",
                "coordinates": [
                    -0.295168,
                    51.052099
                ]
            }
        },
        {
            "type": "Feature",
            "properties": {
                "Row": 126
            },
            "geometry": {
                "type": "Point",
                "coordinates": [
                    -0.295613,
                    51.052973
                ]
            }
        },
        {
            "type": "Feature",
            "properties": {
                "Row": 126
            },
            "geometry": {
                "type": "Point",
                "coordinates": [
                    -0.295139,
                    51.052105
                ]
            }
        },
        {
            "type": "Feature",
            "properties": {
                "Row": 127
            },
            "geometry": {
                "type": "Point",
                "coordinates": [
                    -0.295585,
                    51.052979
                ]
            }
        },
        {
            "type": "Feature",
            "properties": {
                "Row": 127
            },
            "geometry": {
                "type": "Point",
                "coordinates": [
                    -0.29511,
                    51.052112
                ]
            }
        },
        {
            "type": "Feature",
            "properties": {
                "Row": 128
            },
            "geometry": {
                "type": "Point",
                "coordinates": [
                    -0.295556,
                    51.052986
                ]
            }
        },
        {
            "type": "Feature",
            "properties": {
                "Row": 128
            },
            "geometry": {
                "type": "Point",
                "coordinates": [
                    -0.295079,
                    51.052118
                ]
            }
        },
        {
            "type": "Feature",
            "properties": {
                "Row": 129
            },
            "geometry": {
                "type": "Point",
                "coordinates": [
                    -0.295526,
                    51.052992
                ]
            }
        },
        {
            "type": "Feature",
            "properties": {
                "Row": 129
            },
            "geometry": {
                "type": "Point",
                "coordinates": [
                    -0.295049,
                    51.052124
                ]
            }
        },
        {
            "type": "Feature",
            "properties": {
                "Row": 130
            },
            "geometry": {
                "type": "Point",
                "coordinates": [
                    -0.295496,
                    51.052998
                ]
            }
        },
        {
            "type": "Feature",
            "properties": {
                "Row": 130
            },
            "geometry": {
                "type": "Point",
                "coordinates": [
                    -0.295019,
                    51.05213
                ]
            }
        },
        {
            "type": "Feature",
            "properties": {
                "Row": 131
            },
            "geometry": {
                "type": "Point",
                "coordinates": [
                    -0.295467,
                    51.053006
                ]
            }
        },
        {
            "type": "Feature",
            "properties": {
                "Row": 131
            },
            "geometry": {
                "type": "Point",
                "coordinates": [
                    -0.29499,
                    51.052137
                ]
            }
        },
        {
            "type": "Feature",
            "properties": {
                "Row": 132
            },
            "geometry": {
                "type": "Point",
                "coordinates": [
                    -0.295438,
                    51.053012
                ]
            }
        },
        {
            "type": "Feature",
            "properties": {
                "Row": 132
            },
            "geometry": {
                "type": "Point",
                "coordinates": [
                    -0.29496,
                    51.052143
                ]
            }
        },
        {
            "type": "Feature",
            "properties": {
                "Row": 133
            },
            "geometry": {
                "type": "Point",
                "coordinates": [
                    -0.29541,
                    51.053019
                ]
            }
        },
        {
            "type": "Feature",
            "properties": {
                "Row": 133
            },
            "geometry": {
                "type": "Point",
                "coordinates": [
                    -0.294931,
                    51.052151
                ]
            }
        },
        {
            "type": "Feature",
            "properties": {
                "Row": 134
            },
            "geometry": {
                "type": "Point",
                "coordinates": [
                    -0.295378,
                    51.053026
                ]
            }
        },
        {
            "type": "Feature",
            "properties": {
                "Row": 134
            },
            "geometry": {
                "type": "Point",
                "coordinates": [
                    -0.294901,
                    51.052157
                ]
            }
        },
        {
            "type": "Feature",
            "properties": {
                "Row": 135
            },
            "geometry": {
                "type": "Point",
                "coordinates": [
                    -0.295349,
                    51.053032
                ]
            }
        },
        {
            "type": "Feature",
            "properties": {
                "Row": 135
            },
            "geometry": {
                "type": "Point",
                "coordinates": [
                    -0.294872,
                    51.052163
                ]
            }
        },
        {
            "type": "Feature",
            "properties": {
                "Row": 136
            },
            "geometry": {
                "type": "Point",
                "coordinates": [
                    -0.298369,
                    51.051337
                ]
            }
        },
        {
            "type": "Feature",
            "properties": {
                "Row": 136
            },
            "geometry": {
                "type": "Point",
                "coordinates": [
                    -0.298163,
                    51.050963
                ]
            }
        },
        {
            "type": "Feature",
            "properties": {
                "Row": 137
            },
            "geometry": {
                "type": "Point",
                "coordinates": [
                    -0.298338,
                    51.051343
                ]
            }
        },
        {
            "type": "Feature",
            "properties": {
                "Row": 137
            },
            "geometry": {
                "type": "Point",
                "coordinates": [
                    -0.298096,
                    51.050899
                ]
            }
        },
        {
            "type": "Feature",
            "properties": {
                "Row": 138
            },
            "geometry": {
                "type": "Point",
                "coordinates": [
                    -0.298312,
                    51.05135
                ]
            }
        },
        {
            "type": "Feature",
            "properties": {
                "Row": 138
            },
            "geometry": {
                "type": "Point",
                "coordinates": [
                    -0.29806,
                    51.050894
                ]
            }
        },
        {
            "type": "Feature",
            "properties": {
                "Row": 139
            },
            "geometry": {
                "type": "Point",
                "coordinates": [
                    -0.298282,
                    51.051357
                ]
            }
        },
        {
            "type": "Feature",
            "properties": {
                "Row": 139
            },
            "geometry": {
                "type": "Point",
                "coordinates": [
                    -0.298023,
                    51.050889
                ]
            }
        },
        {
            "type": "Feature",
            "properties": {
                "Row": 140
            },
            "geometry": {
                "type": "Point",
                "coordinates": [
                    -0.298252,
                    51.051364
                ]
            }
        },
        {
            "type": "Feature",
            "properties": {
                "Row": 140
            },
            "geometry": {
                "type": "Point",
                "coordinates": [
                    -0.29799,
                    51.050884
                ]
            }
        },
        {
            "type": "Feature",
            "properties": {
                "Row": 141
            },
            "geometry": {
                "type": "Point",
                "coordinates": [
                    -0.298222,
                    51.05137
                ]
            }
        },
        {
            "type": "Feature",
            "properties": {
                "Row": 141
            },
            "geometry": {
                "type": "Point",
                "coordinates": [
                    -0.297952,
                    51.05088
                ]
            }
        },
        {
            "type": "Feature",
            "properties": {
                "Row": 142
            },
            "geometry": {
                "type": "Point",
                "coordinates": [
                    -0.298193,
                    51.051376
                ]
            }
        },
        {
            "type": "Feature",
            "properties": {
                "Row": 142
            },
            "geometry": {
                "type": "Point",
                "coordinates": [
                    -0.297916,
                    51.050875
                ]
            }
        },
        {
            "type": "Feature",
            "properties": {
                "Row": 143
            },
            "geometry": {
                "type": "Point",
                "coordinates": [
                    -0.298163,
                    51.051383
                ]
            }
        },
        {
            "type": "Feature",
            "properties": {
                "Row": 143
            },
            "geometry": {
                "type": "Point",
                "coordinates": [
                    -0.29788,
                    51.050869
                ]
            }
        },
        {
            "type": "Feature",
            "properties": {
                "Row": 144
            },
            "geometry": {
                "type": "Point",
                "coordinates": [
                    -0.298134,
                    51.051389
                ]
            }
        },
        {
            "type": "Feature",
            "properties": {
                "Row": 144
            },
            "geometry": {
                "type": "Point",
                "coordinates": [
                    -0.297845,
                    51.050866
                ]
            }
        },
        {
            "type": "Feature",
            "properties": {
                "Row": 145
            },
            "geometry": {
                "type": "Point",
                "coordinates": [
                    -0.298104,
                    51.051394
                ]
            }
        },
        {
            "type": "Feature",
            "properties": {
                "Row": 145
            },
            "geometry": {
                "type": "Point",
                "coordinates": [
                    -0.297809,
                    51.050862
                ]
            }
        },
        {
            "type": "Feature",
            "properties": {
                "Row": 146
            },
            "geometry": {
                "type": "Point",
                "coordinates": [
                    -0.298074,
                    51.051401
                ]
            }
        },
        {
            "type": "Feature",
            "properties": {
                "Row": 146
            },
            "geometry": {
                "type": "Point",
                "coordinates": [
                    -0.297777,
                    51.050859
                ]
            }
        },
        {
            "type": "Feature",
            "properties": {
                "Row": 147
            },
            "geometry": {
                "type": "Point",
                "coordinates": [
                    -0.298045,
                    51.051408
                ]
            }
        },
        {
            "type": "Feature",
            "properties": {
                "Row": 147
            },
            "geometry": {
                "type": "Point",
                "coordinates": [
                    -0.297741,
                    51.050857
                ]
            }
        },
        {
            "type": "Feature",
            "properties": {
                "Row": 148
            },
            "geometry": {
                "type": "Point",
                "coordinates": [
                    -0.298016,
                    51.051414
                ]
            }
        },
        {
            "type": "Feature",
            "properties": {
                "Row": 148
            },
            "geometry": {
                "type": "Point",
                "coordinates": [
                    -0.297706,
                    51.050856
                ]
            }
        },
        {
            "type": "Feature",
            "properties": {
                "Row": 149
            },
            "geometry": {
                "type": "Point",
                "coordinates": [
                    -0.297985,
                    51.051422
                ]
            }
        },
        {
            "type": "Feature",
            "properties": {
                "Row": 149
            },
            "geometry": {
                "type": "Point",
                "coordinates": [
                    -0.297671,
                    51.050853
                ]
            }
        },
        {
            "type": "Feature",
            "properties": {
                "Row": 150
            },
            "geometry": {
                "type": "Point",
                "coordinates": [
                    -0.297954,
                    51.051428
                ]
            }
        },
        {
            "type": "Feature",
            "properties": {
                "Row": 150
            },
            "geometry": {
                "type": "Point",
                "coordinates": [
                    -0.297637,
                    51.050852
                ]
            }
        },
        {
            "type": "Feature",
            "properties": {
                "Row": 151
            },
            "geometry": {
                "type": "Point",
                "coordinates": [
                    -0.297926,
                    51.051435
                ]
            }
        },
        {
            "type": "Feature",
            "properties": {
                "Row": 151
            },
            "geometry": {
                "type": "Point",
                "coordinates": [
                    -0.297602,
                    51.050851
                ]
            }
        },
        {
            "type": "Feature",
            "properties": {
                "Row": 152
            },
            "geometry": {
                "type": "Point",
                "coordinates": [
                    -0.297895,
                    51.051441
                ]
            }
        },
        {
            "type": "Feature",
            "properties": {
                "Row": 152
            },
            "geometry": {
                "type": "Point",
                "coordinates": [
                    -0.297569,
                    51.050849
                ]
            }
        },
        {
            "type": "Feature",
            "properties": {
                "Row": 153
            },
            "geometry": {
                "type": "Point",
                "coordinates": [
                    -0.297865,
                    51.051448
                ]
            }
        },
        {
            "type": "Feature",
            "properties": {
                "Row": 153
            },
            "geometry": {
                "type": "Point",
                "coordinates": [
                    -0.297537,
                    51.050848
                ]
            }
        },
        {
            "type": "Feature",
            "properties": {
                "Row": 154
            },
            "geometry": {
                "type": "Point",
                "coordinates": [
                    -0.297835,
                    51.051454
                ]
            }
        },
        {
            "type": "Feature",
            "properties": {
                "Row": 154
            },
            "geometry": {
                "type": "Point",
                "coordinates": [
                    -0.297501,
                    51.050844
                ]
            }
        },
        {
            "type": "Feature",
            "properties": {
                "Row": 155
            },
            "geometry": {
                "type": "Point",
                "coordinates": [
                    -0.297807,
                    51.05146
                ]
            }
        },
        {
            "type": "Feature",
            "properties": {
                "Row": 155
            },
            "geometry": {
                "type": "Point",
                "coordinates": [
                    -0.297466,
                    51.050841
                ]
            }
        },
        {
            "type": "Feature",
            "properties": {
                "Row": 156
            },
            "geometry": {
                "type": "Point",
                "coordinates": [
                    -0.297776,
                    51.051467
                ]
            }
        },
        {
            "type": "Feature",
            "properties": {
                "Row": 156
            },
            "geometry": {
                "type": "Point",
                "coordinates": [
                    -0.297435,
                    51.050846
                ]
            }
        },
        {
            "type": "Feature",
            "properties": {
                "Row": 157
            },
            "geometry": {
                "type": "Point",
                "coordinates": [
                    -0.297747,
                    51.051472
                ]
            }
        },
        {
            "type": "Feature",
            "properties": {
                "Row": 157
            },
            "geometry": {
                "type": "Point",
                "coordinates": [
                    -0.2974,
                    51.050839
                ]
            }
        },
        {
            "type": "Feature",
            "properties": {
                "Row": 158
            },
            "geometry": {
                "type": "Point",
                "coordinates": [
                    -0.297717,
                    51.05148
                ]
            }
        },
        {
            "type": "Feature",
            "properties": {
                "Row": 158
            },
            "geometry": {
                "type": "Point",
                "coordinates": [
                    -0.297364,
                    51.050836
                ]
            }
        },
        {
            "type": "Feature",
            "properties": {
                "Row": 159
            },
            "geometry": {
                "type": "Point",
                "coordinates": [
                    -0.297688,
                    51.051486
                ]
            }
        },
        {
            "type": "Feature",
            "properties": {
                "Row": 159
            },
            "geometry": {
                "type": "Point",
                "coordinates": [
                    -0.297332,
                    51.050835
                ]
            }
        },
        {
            "type": "Feature",
            "properties": {
                "Row": 160
            },
            "geometry": {
                "type": "Point",
                "coordinates": [
                    -0.297658,
                    51.051492
                ]
            }
        },
        {
            "type": "Feature",
            "properties": {
                "Row": 160
            },
            "geometry": {
                "type": "Point",
                "coordinates": [
                    -0.297296,
                    51.050832
                ]
            }
        },
        {
            "type": "Feature",
            "properties": {
                "Row": 161
            },
            "geometry": {
                "type": "Point",
                "coordinates": [
                    -0.297628,
                    51.051499
                ]
            }
        },
        {
            "type": "Feature",
            "properties": {
                "Row": 161
            },
            "geometry": {
                "type": "Point",
                "coordinates": [
                    -0.297262,
                    51.050828
                ]
            }
        },
        {
            "type": "Feature",
            "properties": {
                "Row": 162
            },
            "geometry": {
                "type": "Point",
                "coordinates": [
                    -0.297599,
                    51.051505
                ]
            }
        },
        {
            "type": "Feature",
            "properties": {
                "Row": 162
            },
            "geometry": {
                "type": "Point",
                "coordinates": [
                    -0.297229,
                    51.050828
                ]
            }
        },
        {
            "type": "Feature",
            "properties": {
                "Row": 163
            },
            "geometry": {
                "type": "Point",
                "coordinates": [
                    -0.297571,
                    51.051511
                ]
            }
        },
        {
            "type": "Feature",
            "properties": {
                "Row": 163
            },
            "geometry": {
                "type": "Point",
                "coordinates": [
                    -0.297193,
                    51.050825
                ]
            }
        },
        {
            "type": "Feature",
            "properties": {
                "Row": 164
            },
            "geometry": {
                "type": "Point",
                "coordinates": [
                    -0.297538,
                    51.051518
                ]
            }
        },
        {
            "type": "Feature",
            "properties": {
                "Row": 164
            },
            "geometry": {
                "type": "Point",
                "coordinates": [
                    -0.297157,
                    51.050824
                ]
            }
        },
        {
            "type": "Feature",
            "properties": {
                "Row": 165
            },
            "geometry": {
                "type": "Point",
                "coordinates": [
                    -0.297508,
                    51.051525
                ]
            }
        },
        {
            "type": "Feature",
            "properties": {
                "Row": 165
            },
            "geometry": {
                "type": "Point",
                "coordinates": [
                    -0.297121,
                    51.050822
                ]
            }
        },
        {
            "type": "Feature",
            "properties": {
                "Row": 166
            },
            "geometry": {
                "type": "Point",
                "coordinates": [
                    -0.297479,
                    51.051531
                ]
            }
        },
        {
            "type": "Feature",
            "properties": {
                "Row": 166
            },
            "geometry": {
                "type": "Point",
                "coordinates": [
                    -0.297088,
                    51.05082
                ]
            }
        },
        {
            "type": "Feature",
            "properties": {
                "Row": 167
            },
            "geometry": {
                "type": "Point",
                "coordinates": [
                    -0.29745,
                    51.051538
                ]
            }
        },
        {
            "type": "Feature",
            "properties": {
                "Row": 167
            },
            "geometry": {
                "type": "Point",
                "coordinates": [
                    -0.297054,
                    51.050818
                ]
            }
        },
        {
            "type": "Feature",
            "properties": {
                "Row": 168
            },
            "geometry": {
                "type": "Point",
                "coordinates": [
                    -0.297421,
                    51.051544
                ]
            }
        },
        {
            "type": "Feature",
            "properties": {
                "Row": 168
            },
            "geometry": {
                "type": "Point",
                "coordinates": [
                    -0.29702,
                    51.050816
                ]
            }
        },
        {
            "type": "Feature",
            "properties": {
                "Row": 169
            },
            "geometry": {
                "type": "Point",
                "coordinates": [
                    -0.297392,
                    51.051549
                ]
            }
        },
        {
            "type": "Feature",
            "properties": {
                "Row": 169
            },
            "geometry": {
                "type": "Point",
                "coordinates": [
                    -0.296988,
                    51.050814
                ]
            }
        },
        {
            "type": "Feature",
            "properties": {
                "Row": 170
            },
            "geometry": {
                "type": "Point",
                "coordinates": [
                    -0.297361,
                    51.051556
                ]
            }
        },
        {
            "type": "Feature",
            "properties": {
                "Row": 170
            },
            "geometry": {
                "type": "Point",
                "coordinates": [
                    -0.296953,
                    51.050813
                ]
            }
        },
        {
            "type": "Feature",
            "properties": {
                "Row": 171
            },
            "geometry": {
                "type": "Point",
                "coordinates": [
                    -0.297333,
                    51.051563
                ]
            }
        },
        {
            "type": "Feature",
            "properties": {
                "Row": 171
            },
            "geometry": {
                "type": "Point",
                "coordinates": [
                    -0.29692,
                    51.05081
                ]
            }
        },
        {
            "type": "Feature",
            "properties": {
                "Row": 172
            },
            "geometry": {
                "type": "Point",
                "coordinates": [
                    -0.297302,
                    51.051569
                ]
            }
        },
        {
            "type": "Feature",
            "properties": {
                "Row": 172
            },
            "geometry": {
                "type": "Point",
                "coordinates": [
                    -0.296884,
                    51.050807
                ]
            }
        },
        {
            "type": "Feature",
            "properties": {
                "Row": 173
            },
            "geometry": {
                "type": "Point",
                "coordinates": [
                    -0.297273,
                    51.051576
                ]
            }
        },
        {
            "type": "Feature",
            "properties": {
                "Row": 173
            },
            "geometry": {
                "type": "Point",
                "coordinates": [
                    -0.296849,
                    51.050805
                ]
            }
        },
        {
            "type": "Feature",
            "properties": {
                "Row": 174
            },
            "geometry": {
                "type": "Point",
                "coordinates": [
                    -0.297244,
                    51.051582
                ]
            }
        },
        {
            "type": "Feature",
            "properties": {
                "Row": 174
            },
            "geometry": {
                "type": "Point",
                "coordinates": [
                    -0.296817,
                    51.050806
                ]
            }
        },
        {
            "type": "Feature",
            "properties": {
                "Row": 175
            },
            "geometry": {
                "type": "Point",
                "coordinates": [
                    -0.297214,
                    51.051588
                ]
            }
        },
        {
            "type": "Feature",
            "properties": {
                "Row": 175
            },
            "geometry": {
                "type": "Point",
                "coordinates": [
                    -0.296782,
                    51.050802
                ]
            }
        },
        {
            "type": "Feature",
            "properties": {
                "Row": 176
            },
            "geometry": {
                "type": "Point",
                "coordinates": [
                    -0.297183,
                    51.051595
                ]
            }
        },
        {
            "type": "Feature",
            "properties": {
                "Row": 176
            },
            "geometry": {
                "type": "Point",
                "coordinates": [
                    -0.296746,
                    51.050801
                ]
            }
        },
        {
            "type": "Feature",
            "properties": {
                "Row": 177
            },
            "geometry": {
                "type": "Point",
                "coordinates": [
                    -0.297154,
                    51.051601
                ]
            }
        },
        {
            "type": "Feature",
            "properties": {
                "Row": 177
            },
            "geometry": {
                "type": "Point",
                "coordinates": [
                    -0.296712,
                    51.050797
                ]
            }
        },
        {
            "type": "Feature",
            "properties": {
                "Row": 178
            },
            "geometry": {
                "type": "Point",
                "coordinates": [
                    -0.297122,
                    51.051607
                ]
            }
        },
        {
            "type": "Feature",
            "properties": {
                "Row": 178
            },
            "geometry": {
                "type": "Point",
                "coordinates": [
                    -0.296676,
                    51.050795
                ]
            }
        },
        {
            "type": "Feature",
            "properties": {
                "Row": 179
            },
            "geometry": {
                "type": "Point",
                "coordinates": [
                    -0.297093,
                    51.051614
                ]
            }
        },
        {
            "type": "Feature",
            "properties": {
                "Row": 179
            },
            "geometry": {
                "type": "Point",
                "coordinates": [
                    -0.296643,
                    51.050793
                ]
            }
        },
        {
            "type": "Feature",
            "properties": {
                "Row": 180
            },
            "geometry": {
                "type": "Point",
                "coordinates": [
                    -0.297065,
                    51.051621
                ]
            }
        },
        {
            "type": "Feature",
            "properties": {
                "Row": 180
            },
            "geometry": {
                "type": "Point",
                "coordinates": [
                    -0.296603,
                    51.050782
                ]
            }
        },
        {
            "type": "Feature",
            "properties": {
                "Row": 181
            },
            "geometry": {
                "type": "Point",
                "coordinates": [
                    -0.297034,
                    51.051624
                ]
            }
        },
        {
            "type": "Feature",
            "properties": {
                "Row": 181
            },
            "geometry": {
                "type": "Point",
                "coordinates": [
                    -0.296562,
                    51.050771
                ]
            }
        },
        {
            "type": "Feature",
            "properties": {
                "Row": 182
            },
            "geometry": {
                "type": "Point",
                "coordinates": [
                    -0.297006,
                    51.051634
                ]
            }
        },
        {
            "type": "Feature",
            "properties": {
                "Row": 182
            },
            "geometry": {
                "type": "Point",
                "coordinates": [
                    -0.296526,
                    51.050762
                ]
            }
        },
        {
            "type": "Feature",
            "properties": {
                "Row": 183
            },
            "geometry": {
                "type": "Point",
                "coordinates": [
                    -0.296976,
                    51.051641
                ]
            }
        },
        {
            "type": "Feature",
            "properties": {
                "Row": 183
            },
            "geometry": {
                "type": "Point",
                "coordinates": [
                    -0.296486,
                    51.050752
                ]
            }
        },
        {
            "type": "Feature",
            "properties": {
                "Row": 184
            },
            "geometry": {
                "type": "Point",
                "coordinates": [
                    -0.296944,
                    51.051645
                ]
            }
        },
        {
            "type": "Feature",
            "properties": {
                "Row": 184
            },
            "geometry": {
                "type": "Point",
                "coordinates": [
                    -0.296449,
                    51.050739
                ]
            }
        },
        {
            "type": "Feature",
            "properties": {
                "Row": 185
            },
            "geometry": {
                "type": "Point",
                "coordinates": [
                    -0.296916,
                    51.051653
                ]
            }
        },
        {
            "type": "Feature",
            "properties": {
                "Row": 185
            },
            "geometry": {
                "type": "Point",
                "coordinates": [
                    -0.296411,
                    51.05073
                ]
            }
        },
        {
            "type": "Feature",
            "properties": {
                "Row": 186
            },
            "geometry": {
                "type": "Point",
                "coordinates": [
                    -0.296883,
                    51.051656
                ]
            }
        },
        {
            "type": "Feature",
            "properties": {
                "Row": 186
            },
            "geometry": {
                "type": "Point",
                "coordinates": [
                    -0.29637,
                    51.050717
                ]
            }
        },
        {
            "type": "Feature",
            "properties": {
                "Row": 187
            },
            "geometry": {
                "type": "Point",
                "coordinates": [
                    -0.296854,
                    51.051662
                ]
            }
        },
        {
            "type": "Feature",
            "properties": {
                "Row": 187
            },
            "geometry": {
                "type": "Point",
                "coordinates": [
                    -0.296329,
                    51.050708
                ]
            }
        },
        {
            "type": "Feature",
            "properties": {
                "Row": 188
            },
            "geometry": {
                "type": "Point",
                "coordinates": [
                    -0.296825,
                    51.051671
                ]
            }
        },
        {
            "type": "Feature",
            "properties": {
                "Row": 188
            },
            "geometry": {
                "type": "Point",
                "coordinates": [
                    -0.296291,
                    51.050699
                ]
            }
        },
        {
            "type": "Feature",
            "properties": {
                "Row": 189
            },
            "geometry": {
                "type": "Point",
                "coordinates": [
                    -0.296794,
                    51.051675
                ]
            }
        },
        {
            "type": "Feature",
            "properties": {
                "Row": 189
            },
            "geometry": {
                "type": "Point",
                "coordinates": [
                    -0.296249,
                    51.050685
                ]
            }
        },
        {
            "type": "Feature",
            "properties": {
                "Row": 190
            },
            "geometry": {
                "type": "Point",
                "coordinates": [
                    -0.296765,
                    51.051682
                ]
            }
        },
        {
            "type": "Feature",
            "properties": {
                "Row": 190
            },
            "geometry": {
                "type": "Point",
                "coordinates": [
                    -0.296212,
                    51.050677
                ]
            }
        },
        {
            "type": "Feature",
            "properties": {
                "Row": 191
            },
            "geometry": {
                "type": "Point",
                "coordinates": [
                    -0.296736,
                    51.051688
                ]
            }
        },
        {
            "type": "Feature",
            "properties": {
                "Row": 191
            },
            "geometry": {
                "type": "Point",
                "coordinates": [
                    -0.296173,
                    51.050668
                ]
            }
        },
        {
            "type": "Feature",
            "properties": {
                "Row": 192
            },
            "geometry": {
                "type": "Point",
                "coordinates": [
                    -0.296706,
                    51.051695
                ]
            }
        },
        {
            "type": "Feature",
            "properties": {
                "Row": 192
            },
            "geometry": {
                "type": "Point",
                "coordinates": [
                    -0.296137,
                    51.050657
                ]
            }
        },
        {
            "type": "Feature",
            "properties": {
                "Row": 193
            },
            "geometry": {
                "type": "Point",
                "coordinates": [
                    -0.296677,
                    51.051701
                ]
            }
        },
        {
            "type": "Feature",
            "properties": {
                "Row": 193
            },
            "geometry": {
                "type": "Point",
                "coordinates": [
                    -0.296094,
                    51.050644
                ]
            }
        },
        {
            "type": "Feature",
            "properties": {
                "Row": 194
            },
            "geometry": {
                "type": "Point",
                "coordinates": [
                    -0.296648,
                    51.051709
                ]
            }
        },
        {
            "type": "Feature",
            "properties": {
                "Row": 194
            },
            "geometry": {
                "type": "Point",
                "coordinates": [
                    -0.296057,
                    51.050636
                ]
            }
        },
        {
            "type": "Feature",
            "properties": {
                "Row": 195
            },
            "geometry": {
                "type": "Point",
                "coordinates": [
                    -0.296619,
                    51.051716
                ]
            }
        },
        {
            "type": "Feature",
            "properties": {
                "Row": 195
            },
            "geometry": {
                "type": "Point",
                "coordinates": [
                    -0.296019,
                    51.050625
                ]
            }
        },
        {
            "type": "Feature",
            "properties": {
                "Row": 196
            },
            "geometry": {
                "type": "Point",
                "coordinates": [
                    -0.296589,
                    51.051721
                ]
            }
        },
        {
            "type": "Feature",
            "properties": {
                "Row": 196
            },
            "geometry": {
                "type": "Point",
                "coordinates": [
                    -0.295978,
                    51.050615
                ]
            }
        },
        {
            "type": "Feature",
            "properties": {
                "Row": 197
            },
            "geometry": {
                "type": "Point",
                "coordinates": [
                    -0.296559,
                    51.051728
                ]
            }
        },
        {
            "type": "Feature",
            "properties": {
                "Row": 197
            },
            "geometry": {
                "type": "Point",
                "coordinates": [
                    -0.29594,
                    51.050605
                ]
            }
        },
        {
            "type": "Feature",
            "properties": {
                "Row": 198
            },
            "geometry": {
                "type": "Point",
                "coordinates": [
                    -0.296529,
                    51.051735
                ]
            }
        },
        {
            "type": "Feature",
            "properties": {
                "Row": 198
            },
            "geometry": {
                "type": "Point",
                "coordinates": [
                    -0.295902,
                    51.050595
                ]
            }
        },
        {
            "type": "Feature",
            "properties": {
                "Row": 199
            },
            "geometry": {
                "type": "Point",
                "coordinates": [
                    -0.296498,
                    51.051741
                ]
            }
        },
        {
            "type": "Feature",
            "properties": {
                "Row": 199
            },
            "geometry": {
                "type": "Point",
                "coordinates": [
                    -0.295863,
                    51.050587
                ]
            }
        },
        {
            "type": "Feature",
            "properties": {
                "Row": 200
            },
            "geometry": {
                "type": "Point",
                "coordinates": [
                    -0.29647,
                    51.051747
                ]
            }
        },
        {
            "type": "Feature",
            "properties": {
                "Row": 200
            },
            "geometry": {
                "type": "Point",
                "coordinates": [
                    -0.295825,
                    51.050579
                ]
            }
        },
        {
            "type": "Feature",
            "properties": {
                "Row": 201
            },
            "geometry": {
                "type": "Point",
                "coordinates": [
                    -0.29644,
                    51.051755
                ]
            }
        },
        {
            "type": "Feature",
            "properties": {
                "Row": 201
            },
            "geometry": {
                "type": "Point",
                "coordinates": [
                    -0.295791,
                    51.050576
                ]
            }
        },
        {
            "type": "Feature",
            "properties": {
                "Row": 202
            },
            "geometry": {
                "type": "Point",
                "coordinates": [
                    -0.29641,
                    51.05176
                ]
            }
        },
        {
            "type": "Feature",
            "properties": {
                "Row": 202
            },
            "geometry": {
                "type": "Point",
                "coordinates": [
                    -0.295755,
                    51.050568
                ]
            }
        },
        {
            "type": "Feature",
            "properties": {
                "Row": 203
            },
            "geometry": {
                "type": "Point",
                "coordinates": [
                    -0.296383,
                    51.05177
                ]
            }
        },
        {
            "type": "Feature",
            "properties": {
                "Row": 203
            },
            "geometry": {
                "type": "Point",
                "coordinates": [
                    -0.295719,
                    51.050564
                ]
            }
        },
        {
            "type": "Feature",
            "properties": {
                "Row": 204
            },
            "geometry": {
                "type": "Point",
                "coordinates": [
                    -0.296352,
                    51.051774
                ]
            }
        },
        {
            "type": "Feature",
            "properties": {
                "Row": 204
            },
            "geometry": {
                "type": "Point",
                "coordinates": [
                    -0.295682,
                    51.050558
                ]
            }
        },
        {
            "type": "Feature",
            "properties": {
                "Row": 205
            },
            "geometry": {
                "type": "Point",
                "coordinates": [
                    -0.296324,
                    51.051782
                ]
            }
        },
        {
            "type": "Feature",
            "properties": {
                "Row": 205
            },
            "geometry": {
                "type": "Point",
                "coordinates": [
                    -0.295646,
                    51.050553
                ]
            }
        },
        {
            "type": "Feature",
            "properties": {
                "Row": 206
            },
            "geometry": {
                "type": "Point",
                "coordinates": [
                    -0.296294,
                    51.051788
                ]
            }
        },
        {
            "type": "Feature",
            "properties": {
                "Row": 206
            },
            "geometry": {
                "type": "Point",
                "coordinates": [
                    -0.29561,
                    51.050546
                ]
            }
        },
        {
            "type": "Feature",
            "properties": {
                "Row": 207
            },
            "geometry": {
                "type": "Point",
                "coordinates": [
                    -0.296265,
                    51.051795
                ]
            }
        },
        {
            "type": "Feature",
            "properties": {
                "Row": 207
            },
            "geometry": {
                "type": "Point",
                "coordinates": [
                    -0.295576,
                    51.050544
                ]
            }
        },
        {
            "type": "Feature",
            "properties": {
                "Row": 208
            },
            "geometry": {
                "type": "Point",
                "coordinates": [
                    -0.296233,
                    51.051799
                ]
            }
        },
        {
            "type": "Feature",
            "properties": {
                "Row": 208
            },
            "geometry": {
                "type": "Point",
                "coordinates": [
                    -0.295538,
                    51.050538
                ]
            }
        },
        {
            "type": "Feature",
            "properties": {
                "Row": 209
            },
            "geometry": {
                "type": "Point",
                "coordinates": [
                    -0.296205,
                    51.051808
                ]
            }
        },
        {
            "type": "Feature",
            "properties": {
                "Row": 209
            },
            "geometry": {
                "type": "Point",
                "coordinates": [
                    -0.295502,
                    51.050532
                ]
            }
        },
        {
            "type": "Feature",
            "properties": {
                "Row": 210
            },
            "geometry": {
                "type": "Point",
                "coordinates": [
                    -0.296176,
                    51.051815
                ]
            }
        },
        {
            "type": "Feature",
            "properties": {
                "Row": 210
            },
            "geometry": {
                "type": "Point",
                "coordinates": [
                    -0.295469,
                    51.050529
                ]
            }
        },
        {
            "type": "Feature",
            "properties": {
                "Row": 211
            },
            "geometry": {
                "type": "Point",
                "coordinates": [
                    -0.296145,
                    51.051823
                ]
            }
        },
        {
            "type": "Feature",
            "properties": {
                "Row": 211
            },
            "geometry": {
                "type": "Point",
                "coordinates": [
                    -0.295437,
                    51.050534
                ]
            }
        },
        {
            "type": "Feature",
            "properties": {
                "Row": 212
            },
            "geometry": {
                "type": "Point",
                "coordinates": [
                    -0.296116,
                    51.051829
                ]
            }
        },
        {
            "type": "Feature",
            "properties": {
                "Row": 212
            },
            "geometry": {
                "type": "Point",
                "coordinates": [
                    -0.295406,
                    51.050541
                ]
            }
        },
        {
            "type": "Feature",
            "properties": {
                "Row": 213
            },
            "geometry": {
                "type": "Point",
                "coordinates": [
                    -0.296086,
                    51.051836
                ]
            }
        },
        {
            "type": "Feature",
            "properties": {
                "Row": 213
            },
            "geometry": {
                "type": "Point",
                "coordinates": [
                    -0.295375,
                    51.050546
                ]
            }
        },
        {
            "type": "Feature",
            "properties": {
                "Row": 214
            },
            "geometry": {
                "type": "Point",
                "coordinates": [
                    -0.296057,
                    51.051842
                ]
            }
        },
        {
            "type": "Feature",
            "properties": {
                "Row": 214
            },
            "geometry": {
                "type": "Point",
                "coordinates": [
                    -0.295347,
                    51.050554
                ]
            }
        },
        {
            "type": "Feature",
            "properties": {
                "Row": 215
            },
            "geometry": {
                "type": "Point",
                "coordinates": [
                    -0.296027,
                    51.051848
                ]
            }
        },
        {
            "type": "Feature",
            "properties": {
                "Row": 215
            },
            "geometry": {
                "type": "Point",
                "coordinates": [
                    -0.295316,
                    51.05056
                ]
            }
        },
        {
            "type": "Feature",
            "properties": {
                "Row": 216
            },
            "geometry": {
                "type": "Point",
                "coordinates": [
                    -0.295998,
                    51.051854
                ]
            }
        },
        {
            "type": "Feature",
            "properties": {
                "Row": 216
            },
            "geometry": {
                "type": "Point",
                "coordinates": [
                    -0.295286,
                    51.050567
                ]
            }
        },
        {
            "type": "Feature",
            "properties": {
                "Row": 217
            },
            "geometry": {
                "type": "Point",
                "coordinates": [
                    -0.295968,
                    51.051861
                ]
            }
        },
        {
            "type": "Feature",
            "properties": {
                "Row": 217
            },
            "geometry": {
                "type": "Point",
                "coordinates": [
                    -0.295256,
                    51.050573
                ]
            }
        },
        {
            "type": "Feature",
            "properties": {
                "Row": 218
            },
            "geometry": {
                "type": "Point",
                "coordinates": [
                    -0.295938,
                    51.051868
                ]
            }
        },
        {
            "type": "Feature",
            "properties": {
                "Row": 218
            },
            "geometry": {
                "type": "Point",
                "coordinates": [
                    -0.295228,
                    51.050579
                ]
            }
        },
        {
            "type": "Feature",
            "properties": {
                "Row": 219
            },
            "geometry": {
                "type": "Point",
                "coordinates": [
                    -0.295907,
                    51.051872
                ]
            }
        },
        {
            "type": "Feature",
            "properties": {
                "Row": 219
            },
            "geometry": {
                "type": "Point",
                "coordinates": [
                    -0.295196,
                    51.050585
                ]
            }
        },
        {
            "type": "Feature",
            "properties": {
                "Row": 220
            },
            "geometry": {
                "type": "Point",
                "coordinates": [
                    -0.295878,
                    51.05188
                ]
            }
        },
        {
            "type": "Feature",
            "properties": {
                "Row": 220
            },
            "geometry": {
                "type": "Point",
                "coordinates": [
                    -0.295168,
                    51.050592
                ]
            }
        },
        {
            "type": "Feature",
            "properties": {
                "Row": 221
            },
            "geometry": {
                "type": "Point",
                "coordinates": [
                    -0.295848,
                    51.051887
                ]
            }
        },
        {
            "type": "Feature",
            "properties": {
                "Row": 221
            },
            "geometry": {
                "type": "Point",
                "coordinates": [
                    -0.295139,
                    51.050598
                ]
            }
        },
        {
            "type": "Feature",
            "properties": {
                "Row": 222
            },
            "geometry": {
                "type": "Point",
                "coordinates": [
                    -0.295817,
                    51.051893
                ]
            }
        },
        {
            "type": "Feature",
            "properties": {
                "Row": 222
            },
            "geometry": {
                "type": "Point",
                "coordinates": [
                    -0.295112,
                    51.050608
                ]
            }
        },
        {
            "type": "Feature",
            "properties": {
                "Row": 223
            },
            "geometry": {
                "type": "Point",
                "coordinates": [
                    -0.29579,
                    51.051899
                ]
            }
        },
        {
            "type": "Feature",
            "properties": {
                "Row": 223
            },
            "geometry": {
                "type": "Point",
                "coordinates": [
                    -0.295083,
                    51.050615
                ]
            }
        },
        {
            "type": "Feature",
            "properties": {
                "Row": 224
            },
            "geometry": {
                "type": "Point",
                "coordinates": [
                    -0.29576,
                    51.051906
                ]
            }
        },
        {
            "type": "Feature",
            "properties": {
                "Row": 224
            },
            "geometry": {
                "type": "Point",
                "coordinates": [
                    -0.295054,
                    51.050625
                ]
            }
        },
        {
            "type": "Feature",
            "properties": {
                "Row": 225
            },
            "geometry": {
                "type": "Point",
                "coordinates": [
                    -0.295729,
                    51.051912
                ]
            }
        },
        {
            "type": "Feature",
            "properties": {
                "Row": 225
            },
            "geometry": {
                "type": "Point",
                "coordinates": [
                    -0.295026,
                    51.050634
                ]
            }
        },
        {
            "type": "Feature",
            "properties": {
                "Row": 226
            },
            "geometry": {
                "type": "Point",
                "coordinates": [
                    -0.295697,
                    51.051918
                ]
            }
        },
        {
            "type": "Feature",
            "properties": {
                "Row": 226
            },
            "geometry": {
                "type": "Point",
                "coordinates": [
                    -0.294997,
                    51.050642
                ]
            }
        },
        {
            "type": "Feature",
            "properties": {
                "Row": 227
            },
            "geometry": {
                "type": "Point",
                "coordinates": [
                    -0.295671,
                    51.051925
                ]
            }
        },
        {
            "type": "Feature",
            "properties": {
                "Row": 227
            },
            "geometry": {
                "type": "Point",
                "coordinates": [
                    -0.29497,
                    51.05065
                ]
            }
        },
        {
            "type": "Feature",
            "properties": {
                "Row": 228
            },
            "geometry": {
                "type": "Point",
                "coordinates": [
                    -0.29564,
                    51.051932
                ]
            }
        },
        {
            "type": "Feature",
            "properties": {
                "Row": 228
            },
            "geometry": {
                "type": "Point",
                "coordinates": [
                    -0.294941,
                    51.05066
                ]
            }
        },
        {
            "type": "Feature",
            "properties": {
                "Row": 229
            },
            "geometry": {
                "type": "Point",
                "coordinates": [
                    -0.295613,
                    51.051939
                ]
            }
        },
        {
            "type": "Feature",
            "properties": {
                "Row": 229
            },
            "geometry": {
                "type": "Point",
                "coordinates": [
                    -0.294914,
                    51.050675
                ]
            }
        },
        {
            "type": "Feature",
            "properties": {
                "Row": 230
            },
            "geometry": {
                "type": "Point",
                "coordinates": [
                    -0.295581,
                    51.051944
                ]
            }
        },
        {
            "type": "Feature",
            "properties": {
                "Row": 230
            },
            "geometry": {
                "type": "Point",
                "coordinates": [
                    -0.29489,
                    51.050689
                ]
            }
        },
        {
            "type": "Feature",
            "properties": {
                "Row": 231
            },
            "geometry": {
                "type": "Point",
                "coordinates": [
                    -0.295552,
                    51.051951
                ]
            }
        },
        {
            "type": "Feature",
            "properties": {
                "Row": 231
            },
            "geometry": {
                "type": "Point",
                "coordinates": [
                    -0.294865,
                    51.050705
                ]
            }
        },
        {
            "type": "Feature",
            "properties": {
                "Row": 232
            },
            "geometry": {
                "type": "Point",
                "coordinates": [
                    -0.295521,
                    51.051958
                ]
            }
        },
        {
            "type": "Feature",
            "properties": {
                "Row": 232
            },
            "geometry": {
                "type": "Point",
                "coordinates": [
                    -0.29484,
                    51.05072
                ]
            }
        },
        {
            "type": "Feature",
            "properties": {
                "Row": 233
            },
            "geometry": {
                "type": "Point",
                "coordinates": [
                    -0.295492,
                    51.051964
                ]
            }
        },
        {
            "type": "Feature",
            "properties": {
                "Row": 233
            },
            "geometry": {
                "type": "Point",
                "coordinates": [
                    -0.294816,
                    51.050735
                ]
            },
            "id": 465
        },
        {
            "type": "Feature",
            "properties": {
                "Row": 234
            },
            "geometry": {
                "type": "Point",
                "coordinates": [
                    -0.295462,
                    51.051971
                ]
            }
        },
        {
            "type": "Feature",
            "properties": {
                "Row": 234
            },
            "geometry": {
                "type": "Point",
                "coordinates": [
                    -0.294789,
                    51.050751
                ]
            },
            "id": 467
        },
        {
            "type": "Feature",
            "properties": {
                "Row": 235
            },
            "geometry": {
                "type": "Point",
                "coordinates": [
                    -0.295432,
                    51.051977
                ]
            },
            "id": 468
        },
        {
            "type": "Feature",
            "properties": {
                "Row": 235
            },
            "geometry": {
                "type": "Point",
                "coordinates": [
                    -0.29525,
                    51.051643
                ]
            },
            "id": 469
        },
        {
            "type": "Feature",
            "properties": {
                "Row": 236
            },
            "geometry": {
                "type": "Point",
                "coordinates": [
                    -0.295403,
                    51.051984
                ]
            },
            "id": 470
        },
        {
            "type": "Feature",
            "properties": {
                "Row": 236
            },
            "geometry": {
                "type": "Point",
                "coordinates": [
                    -0.295219,
                    51.051649
                ]
            },
            "id": 471
        },
        {
            "type": "Feature",
            "properties": {
                "Row": 237
            },
            "geometry": {
                "type": "Point",
                "coordinates": [
                    -0.295372,
                    51.051988
                ]
            },
            "id": 472
        },
        {
            "type": "Feature",
            "properties": {
                "Row": 237
            },
            "geometry": {
                "type": "Point",
                "coordinates": [
                    -0.295189,
                    51.051655
                ]
            },
            "id": 473
        },
        {
            "type": "Feature",
            "properties": {
                "Row": 238
            },
            "geometry": {
                "type": "Point",
                "coordinates": [
                    -0.295344,
                    51.051996
                ]
            },
            "id": 474
        },
        {
            "type": "Feature",
            "properties": {
                "Row": 238
            },
            "geometry": {
                "type": "Point",
                "coordinates": [
                    -0.295158,
                    51.051661
                ]
            },
            "id": 475
        },
        {
            "type": "Feature",
            "properties": {
                "Row": 239
            },
            "geometry": {
                "type": "Point",
                "coordinates": [
                    -0.295314,
                    51.052002
                ]
            },
            "id": 476
        },
        {
            "type": "Feature",
            "properties": {
                "Row": 239
            },
            "geometry": {
                "type": "Point",
                "coordinates": [
                    -0.295129,
                    51.051668
                ]
            },
            "id": 477
        },
        {
            "type": "Feature",
            "properties": {
                "Row": 240
            },
            "geometry": {
                "type": "Point",
                "coordinates": [
                    -0.295285,
                    51.052008
                ]
            },
            "id": 478
        },
        {
            "type": "Feature",
            "properties": {
                "Row": 240
            },
            "geometry": {
                "type": "Point",
                "coordinates": [
                    -0.295099,
                    51.051674
                ]
            },
            "id": 479
        },
        {
            "type": "Feature",
            "properties": {
                "Row": 257
            },
            "geometry": {
                "type": "Point",
                "coordinates": [
                    -0.295142,
                    51.051449
                ]
            },
            "id": 480
        },
        {
            "type": "Feature",
            "properties": {
                "Row": 257
            },
            "geometry": {
                "type": "Point",
                "coordinates": [
                    -0.294768,
                    51.050771
                ]
            },
            "id": 481
        },
        {
            "type": "Feature",
            "properties": {
                "Row": 258
            },
            "geometry": {
                "type": "Point",
                "coordinates": [
                    -0.295113,
                    51.051457
                ]
            },
            "id": 482
        },
        {
            "type": "Feature",
            "properties": {
                "Row": 258
            },
            "geometry": {
                "type": "Point",
                "coordinates": [
                    -0.294746,
                    51.050792
                ]
            },
            "id": 483
        },
        {
            "type": "Feature",
            "properties": {
                "Row": 259
            },
            "geometry": {
                "type": "Point",
                "coordinates": [
                    -0.295084,
                    51.051463
                ]
            },
            "id": 484
        },
        {
            "type": "Feature",
            "properties": {
                "Row": 259
            },
            "geometry": {
                "type": "Point",
                "coordinates": [
                    -0.294724,
                    51.050812
                ]
            },
            "id": 485
        },
        {
            "type": "Feature",
            "properties": {
                "Row": 260
            },
            "geometry": {
                "type": "Point",
                "coordinates": [
                    -0.295053,
                    51.051469
                ]
            },
            "id": 486
        },
        {
            "type": "Feature",
            "properties": {
                "Row": 260
            },
            "geometry": {
                "type": "Point",
                "coordinates": [
                    -0.294702,
                    51.050832
                ]
            },
            "id": 487
        },
        {
            "type": "Feature",
            "properties": {
                "Row": 261
            },
            "geometry": {
                "type": "Point",
                "coordinates": [
                    -0.295024,
                    51.051476
                ]
            },
            "id": 488
        },
        {
            "type": "Feature",
            "properties": {
                "Row": 261
            },
            "geometry": {
                "type": "Point",
                "coordinates": [
                    -0.29468,
                    51.050852
                ]
            },
            "id": 489
        },
        {
            "type": "Feature",
            "properties": {
                "Row": 262
            },
            "geometry": {
                "type": "Point",
                "coordinates": [
                    -0.294996,
                    51.051484
                ]
            },
            "id": 490
        },
        {
            "type": "Feature",
            "properties": {
                "Row": 262
            },
            "geometry": {
                "type": "Point",
                "coordinates": [
                    -0.294657,
                    51.050873
                ]
            },
            "id": 491
        },
        {
            "type": "Feature",
            "properties": {
                "Row": 242
            },
            "geometry": {
                "type": "Point",
                "coordinates": [
                    -0.295255,
                    51.052016
                ]
            },
            "id": 492
        },
        {
            "type": "Feature",
            "properties": {
                "Row": 242
            },
            "geometry": {
                "type": "Point",
                "coordinates": [
                    -0.294636,
                    51.050893
                ]
            },
            "id": 493
        },
        {
            "type": "Feature",
            "properties": {
                "Row": 243
            },
            "geometry": {
                "type": "Point",
                "coordinates": [
                    -0.295225,
                    51.052022
                ]
            },
            "id": 494
        },
        {
            "type": "Feature",
            "properties": {
                "Row": 243
            },
            "geometry": {
                "type": "Point",
                "coordinates": [
                    -0.294616,
                    51.050914
                ]
            }
        },
        {
            "type": "Feature",
            "properties": {
                "Row": 244
            },
            "geometry": {
                "type": "Point",
                "coordinates": [
                    -0.295195,
                    51.052028
                ]
            }
        },
        {
            "type": "Feature",
            "properties": {
                "Row": 244
            },
            "geometry": {
                "type": "Point",
                "coordinates": [
                    -0.294592,
                    51.050934
                ]
            }
        },
        {
            "type": "Feature",
            "properties": {
                "Row": 245
            },
            "geometry": {
                "type": "Point",
                "coordinates": [
                    -0.295166,
                    51.052036
                ]
            }
        },
        {
            "type": "Feature",
            "properties": {
                "Row": 245
            },
            "geometry": {
                "type": "Point",
                "coordinates": [
                    -0.29457,
                    51.050956
                ]
            }
        },
        {
            "type": "Feature",
            "properties": {
                "Row": 246
            },
            "geometry": {
                "type": "Point",
                "coordinates": [
                    -0.295136,
                    51.052042
                ]
            }
        },
        {
            "type": "Feature",
            "properties": {
                "Row": 246
            },
            "geometry": {
                "type": "Point",
                "coordinates": [
                    -0.294549,
                    51.050976
                ]
            }
        },
        {
            "type": "Feature",
            "properties": {
                "Row": 247
            },
            "geometry": {
                "type": "Point",
                "coordinates": [
                    -0.295106,
                    51.052047
                ]
            }
        },
        {
            "type": "Feature",
            "properties": {
                "Row": 247
            },
            "geometry": {
                "type": "Point",
                "coordinates": [
                    -0.294526,
                    51.050996
                ]
            }
        },
        {
            "type": "Feature",
            "properties": {
                "Row": 248
            },
            "geometry": {
                "type": "Point",
                "coordinates": [
                    -0.295078,
                    51.052055
                ]
            }
        },
        {
            "type": "Feature",
            "properties": {
                "Row": 248
            },
            "geometry": {
                "type": "Point",
                "coordinates": [
                    -0.294504,
                    51.051016
                ]
            }
        },
        {
            "type": "Feature",
            "properties": {
                "Row": 249
            },
            "geometry": {
                "type": "Point",
                "coordinates": [
                    -0.295048,
                    51.052062
                ]
            }
        },
        {
            "type": "Feature",
            "properties": {
                "Row": 249
            },
            "geometry": {
                "type": "Point",
                "coordinates": [
                    -0.294483,
                    51.051037
                ]
            }
        },
        {
            "type": "Feature",
            "properties": {
                "Row": 250
            },
            "geometry": {
                "type": "Point",
                "coordinates": [
                    -0.295017,
                    51.052068
                ]
            }
        },
        {
            "type": "Feature",
            "properties": {
                "Row": 250
            },
            "geometry": {
                "type": "Point",
                "coordinates": [
                    -0.294461,
                    51.051057
                ]
            }
        },
        {
            "type": "Feature",
            "properties": {
                "Row": 251
            },
            "geometry": {
                "type": "Point",
                "coordinates": [
                    -0.294988,
                    51.052072
                ]
            }
        },
        {
            "type": "Feature",
            "properties": {
                "Row": 251
            },
            "geometry": {
                "type": "Point",
                "coordinates": [
                    -0.294438,
                    51.051078
                ]
            }
        },
        {
            "type": "Feature",
            "properties": {
                "Row": 252
            },
            "geometry": {
                "type": "Point",
                "coordinates": [
                    -0.294958,
                    51.052079
                ]
            }
        },
        {
            "type": "Feature",
            "properties": {
                "Row": 252
            },
            "geometry": {
                "type": "Point",
                "coordinates": [
                    -0.294416,
                    51.051098
                ]
            }
        },
        {
            "type": "Feature",
            "properties": {
                "Row": 253
            },
            "geometry": {
                "type": "Point",
                "coordinates": [
                    -0.294928,
                    51.052087
                ]
            }
        },
        {
            "type": "Feature",
            "properties": {
                "Row": 253
            },
            "geometry": {
                "type": "Point",
                "coordinates": [
                    -0.294394,
                    51.051118
                ]
            }
        },
        {
            "type": "Feature",
            "properties": {
                "Row": 254
            },
            "geometry": {
                "type": "Point",
                "coordinates": [
                    -0.2949,
                    51.052093
                ]
            }
        },
        {
            "type": "Feature",
            "properties": {
                "Row": 254
            },
            "geometry": {
                "type": "Point",
                "coordinates": [
                    -0.294373,
                    51.051139
                ]
            }
        },
        {
            "type": "Feature",
            "properties": {
                "Row": 255
            },
            "geometry": {
                "type": "Point",
                "coordinates": [
                    -0.294869,
                    51.052099
                ]
            }
        },
        {
            "type": "Feature",
            "properties": {
                "Row": 255
            },
            "geometry": {
                "type": "Point",
                "coordinates": [
                    -0.294353,
                    51.051161
                ]
            }
        },
        {
            "type": "Feature",
            "properties": {
                "Row": 256
            },
            "geometry": {
                "type": "Point",
                "coordinates": [
                    -0.29484,
                    51.052107
                ]
            },
            "id": 520
        },
        {
            "type": "Feature",
            "properties": {
                "Row": 256
            },
            "geometry": {
                "type": "Point",
                "coordinates": [
                    -0.294332,
                    51.051182
                ]
            }
        }
    ]
}