{
  "type": "FeatureCollection",
  "features": [
    {
      "type": "Feature",
      "geometry": {
        "type": "LineString",
        "coordinates": [
          [
            -0.433727341653585,
            51.0621194596488
          ],
          [
            -0.433711502750615,
            51.06218389726072
          ],
          [
            -0.433698676933807,
            51.06223673934615
          ],
          [
            -0.433685902543621,
            51.0622908142746
          ],
          [
            -0.433672182864988,
            51.06234415018277
          ],
          [
            -0.433659053599193,
            51.06239846491509
          ],
          [
            -0.433646394661815,
            51.06245160629838
          ],
          [
            -0.433632609650803,
            51.06250515936121
          ],
          [
            -0.433619300805537,
            51.06255893127133
          ],
          [
            -0.433607017729181,
            51.06261213289068
          ],
          [
            -0.433593447586991,
            51.06266499002779
          ],
          [
            -0.433580391195822,
            51.06271801228586
          ],
          [
            -0.433567731204967,
            51.06277119306132
          ],
          [
            -0.433553935878645,
            51.06282598412884
          ],
          [
            -0.433540909710781,
            51.06287995024254
          ],
          [
            -0.433527586849267,
            51.06293259139833
          ],
          [
            -0.433508962900384,
            51.06300976120455
          ]
        ]
      },
      "properties": {
        "row_number": "185"
      }
    },
    {
      "type": "Feature",
      "geometry": {
        "type": "Point",
        "coordinates": [
          -0.433727341653585,
          51.0621194596488
        ]
      },
      "properties": {
        "row_number": "185"
      }
    },
    {
      "type": "Feature",
      "geometry": {
        "type": "Point",
        "coordinates": [
          -0.433711502750615,
          51.06218389726072
        ]
      },
      "properties": {
        "row_number": "185"
      }
    },
    {
      "type": "Feature",
      "geometry": {
        "type": "Point",
        "coordinates": [
          -0.433698676933807,
          51.06223673934615
        ]
      },
      "properties": {
        "row_number": "185"
      }
    },
    {
      "type": "Feature",
      "geometry": {
        "type": "Point",
        "coordinates": [
          -0.433685902543621,
          51.0622908142746
        ]
      },
      "properties": {
        "row_number": "185"
      }
    },
    {
      "type": "Feature",
      "geometry": {
        "type": "Point",
        "coordinates": [
          -0.433672182864988,
          51.06234415018277
        ]
      },
      "properties": {
        "row_number": "185"
      }
    },
    {
      "type": "Feature",
      "geometry": {
        "type": "Point",
        "coordinates": [
          -0.433659053599193,
          51.06239846491509
        ]
      },
      "properties": {
        "row_number": "185"
      }
    },
    {
      "type": "Feature",
      "geometry": {
        "type": "Point",
        "coordinates": [
          -0.433646394661815,
          51.06245160629838
        ]
      },
      "properties": {
        "row_number": "185"
      }
    },
    {
      "type": "Feature",
      "geometry": {
        "type": "Point",
        "coordinates": [
          -0.433632609650803,
          51.06250515936121
        ]
      },
      "properties": {
        "row_number": "185"
      }
    },
    {
      "type": "Feature",
      "geometry": {
        "type": "Point",
        "coordinates": [
          -0.433619300805537,
          51.06255893127133
        ]
      },
      "properties": {
        "row_number": "185"
      }
    },
    {
      "type": "Feature",
      "geometry": {
        "type": "Point",
        "coordinates": [
          -0.433607017729181,
          51.06261213289068
        ]
      },
      "properties": {
        "row_number": "185"
      }
    },
    {
      "type": "Feature",
      "geometry": {
        "type": "Point",
        "coordinates": [
          -0.433593447586991,
          51.06266499002779
        ]
      },
      "properties": {
        "row_number": "185"
      }
    },
    {
      "type": "Feature",
      "geometry": {
        "type": "Point",
        "coordinates": [
          -0.433580391195822,
          51.06271801228586
        ]
      },
      "properties": {
        "row_number": "185"
      }
    },
    {
      "type": "Feature",
      "geometry": {
        "type": "Point",
        "coordinates": [
          -0.433567731204967,
          51.06277119306132
        ]
      },
      "properties": {
        "row_number": "185"
      }
    },
    {
      "type": "Feature",
      "geometry": {
        "type": "Point",
        "coordinates": [
          -0.433553935878645,
          51.06282598412884
        ]
      },
      "properties": {
        "row_number": "185"
      }
    },
    {
      "type": "Feature",
      "geometry": {
        "type": "Point",
        "coordinates": [
          -0.433540909710781,
          51.06287995024254
        ]
      },
      "properties": {
        "row_number": "185"
      }
    },
    {
      "type": "Feature",
      "geometry": {
        "type": "Point",
        "coordinates": [
          -0.433527586849267,
          51.06293259139833
        ]
      },
      "properties": {
        "row_number": "185"
      }
    },
    {
      "type": "Feature",
      "geometry": {
        "type": "Point",
        "coordinates": [
          -0.433508962900384,
          51.06300976120455
        ]
      },
      "properties": {
        "row_number": "185"
      }
    },
    {
      "type": "Feature",
      "geometry": {
        "type": "LineString",
        "coordinates": [
          [
            -0.433897793728419,
            51.06129267743918
          ],
          [
            -0.433888855533235,
            51.06132952682596
          ],
          [
            -0.433875978841123,
            51.06138358269686
          ],
          [
            -0.433862493693984,
            51.06143746405088
          ],
          [
            -0.433849648885567,
            51.0614908146989
          ],
          [
            -0.433836449020706,
            51.06154354162673
          ],
          [
            -0.433822547361102,
            51.06159780212901
          ],
          [
            -0.433810034734028,
            51.06165069833787
          ],
          [
            -0.433796895599807,
            51.061703960245
          ],
          [
            -0.433784843939378,
            51.06175760553312
          ],
          [
            -0.433770670696638,
            51.06181073882801
          ],
          [
            -0.433758253961458,
            51.06186489751195
          ],
          [
            -0.433745022818577,
            51.06191781814515
          ],
          [
            -0.433732715601711,
            51.06197041914682
          ],
          [
            -0.433719502178396,
            51.06202189285
          ],
          [
            -0.433706492264489,
            51.06207414461579
          ],
          [
            -0.433693244419648,
            51.06212807351302
          ],
          [
            -0.433680278649171,
            51.06218090340904
          ],
          [
            -0.433666811073077,
            51.06223409445373
          ],
          [
            -0.433653966682646,
            51.06228775027887
          ],
          [
            -0.433640533814248,
            51.06234108974791
          ],
          [
            -0.433627294934016,
            51.06239536596031
          ],
          [
            -0.433614114513541,
            51.06244843036491
          ],
          [
            -0.433601247785218,
            51.06250207837086
          ],
          [
            -0.433587980866754,
            51.0625557892833
          ],
          [
            -0.43357526639374,
            51.06260893067683
          ],
          [
            -0.433562060677379,
            51.06266142745467
          ],
          [
            -0.43354917990545,
            51.06271471855784
          ],
          [
            -0.433536143130231,
            51.06276808677045
          ],
          [
            -0.43352293137652,
            51.06282268588904
          ],
          [
            -0.433509438971347,
            51.06287673806145
          ],
          [
            -0.433496559148019,
            51.06292966793985
          ],
          [
            -0.433478696442025,
            51.06300052001038
          ]
        ]
      },
      "properties": {
        "row_number": "186"
      }
    },
    {
      "type": "Feature",
      "geometry": {
        "type": "Point",
        "coordinates": [
          -0.433897793728419,
          51.06129267743918
        ]
      },
      "properties": {
        "row_number": "186"
      }
    },
    {
      "type": "Feature",
      "geometry": {
        "type": "Point",
        "coordinates": [
          -0.433888855533235,
          51.06132952682596
        ]
      },
      "properties": {
        "row_number": "186"
      }
    },
    {
      "type": "Feature",
      "geometry": {
        "type": "Point",
        "coordinates": [
          -0.433875978841123,
          51.06138358269686
        ]
      },
      "properties": {
        "row_number": "186"
      }
    },
    {
      "type": "Feature",
      "geometry": {
        "type": "Point",
        "coordinates": [
          -0.433862493693984,
          51.06143746405088
        ]
      },
      "properties": {
        "row_number": "186"
      }
    },
    {
      "type": "Feature",
      "geometry": {
        "type": "Point",
        "coordinates": [
          -0.433849648885567,
          51.0614908146989
        ]
      },
      "properties": {
        "row_number": "186"
      }
    },
    {
      "type": "Feature",
      "geometry": {
        "type": "Point",
        "coordinates": [
          -0.433836449020706,
          51.06154354162673
        ]
      },
      "properties": {
        "row_number": "186"
      }
    },
    {
      "type": "Feature",
      "geometry": {
        "type": "Point",
        "coordinates": [
          -0.433822547361102,
          51.06159780212901
        ]
      },
      "properties": {
        "row_number": "186"
      }
    },
    {
      "type": "Feature",
      "geometry": {
        "type": "Point",
        "coordinates": [
          -0.433810034734028,
          51.06165069833787
        ]
      },
      "properties": {
        "row_number": "186"
      }
    },
    {
      "type": "Feature",
      "geometry": {
        "type": "Point",
        "coordinates": [
          -0.433796895599807,
          51.061703960245
        ]
      },
      "properties": {
        "row_number": "186"
      }
    },
    {
      "type": "Feature",
      "geometry": {
        "type": "Point",
        "coordinates": [
          -0.433784843939378,
          51.06175760553312
        ]
      },
      "properties": {
        "row_number": "186"
      }
    },
    {
      "type": "Feature",
      "geometry": {
        "type": "Point",
        "coordinates": [
          -0.433770670696638,
          51.06181073882801
        ]
      },
      "properties": {
        "row_number": "186"
      }
    },
    {
      "type": "Feature",
      "geometry": {
        "type": "Point",
        "coordinates": [
          -0.433758253961458,
          51.06186489751195
        ]
      },
      "properties": {
        "row_number": "186"
      }
    },
    {
      "type": "Feature",
      "geometry": {
        "type": "Point",
        "coordinates": [
          -0.433745022818577,
          51.06191781814515
        ]
      },
      "properties": {
        "row_number": "186"
      }
    },
    {
      "type": "Feature",
      "geometry": {
        "type": "Point",
        "coordinates": [
          -0.433732715601711,
          51.06197041914682
        ]
      },
      "properties": {
        "row_number": "186"
      }
    },
    {
      "type": "Feature",
      "geometry": {
        "type": "Point",
        "coordinates": [
          -0.433719502178396,
          51.06202189285
        ]
      },
      "properties": {
        "row_number": "186"
      }
    },
    {
      "type": "Feature",
      "geometry": {
        "type": "Point",
        "coordinates": [
          -0.433706492264489,
          51.06207414461579
        ]
      },
      "properties": {
        "row_number": "186"
      }
    },
    {
      "type": "Feature",
      "geometry": {
        "type": "Point",
        "coordinates": [
          -0.433693244419648,
          51.06212807351302
        ]
      },
      "properties": {
        "row_number": "186"
      }
    },
    {
      "type": "Feature",
      "geometry": {
        "type": "Point",
        "coordinates": [
          -0.433680278649171,
          51.06218090340904
        ]
      },
      "properties": {
        "row_number": "186"
      }
    },
    {
      "type": "Feature",
      "geometry": {
        "type": "Point",
        "coordinates": [
          -0.433666811073077,
          51.06223409445373
        ]
      },
      "properties": {
        "row_number": "186"
      }
    },
    {
      "type": "Feature",
      "geometry": {
        "type": "Point",
        "coordinates": [
          -0.433653966682646,
          51.06228775027887
        ]
      },
      "properties": {
        "row_number": "186"
      }
    },
    {
      "type": "Feature",
      "geometry": {
        "type": "Point",
        "coordinates": [
          -0.433640533814248,
          51.06234108974791
        ]
      },
      "properties": {
        "row_number": "186"
      }
    },
    {
      "type": "Feature",
      "geometry": {
        "type": "Point",
        "coordinates": [
          -0.433627294934016,
          51.06239536596031
        ]
      },
      "properties": {
        "row_number": "186"
      }
    },
    {
      "type": "Feature",
      "geometry": {
        "type": "Point",
        "coordinates": [
          -0.433614114513541,
          51.06244843036491
        ]
      },
      "properties": {
        "row_number": "186"
      }
    },
    {
      "type": "Feature",
      "geometry": {
        "type": "Point",
        "coordinates": [
          -0.433601247785218,
          51.06250207837086
        ]
      },
      "properties": {
        "row_number": "186"
      }
    },
    {
      "type": "Feature",
      "geometry": {
        "type": "Point",
        "coordinates": [
          -0.433587980866754,
          51.0625557892833
        ]
      },
      "properties": {
        "row_number": "186"
      }
    },
    {
      "type": "Feature",
      "geometry": {
        "type": "Point",
        "coordinates": [
          -0.43357526639374,
          51.06260893067683
        ]
      },
      "properties": {
        "row_number": "186"
      }
    },
    {
      "type": "Feature",
      "geometry": {
        "type": "Point",
        "coordinates": [
          -0.433562060677379,
          51.06266142745467
        ]
      },
      "properties": {
        "row_number": "186"
      }
    },
    {
      "type": "Feature",
      "geometry": {
        "type": "Point",
        "coordinates": [
          -0.43354917990545,
          51.06271471855784
        ]
      },
      "properties": {
        "row_number": "186"
      }
    },
    {
      "type": "Feature",
      "geometry": {
        "type": "Point",
        "coordinates": [
          -0.433536143130231,
          51.06276808677045
        ]
      },
      "properties": {
        "row_number": "186"
      }
    },
    {
      "type": "Feature",
      "geometry": {
        "type": "Point",
        "coordinates": [
          -0.43352293137652,
          51.06282268588904
        ]
      },
      "properties": {
        "row_number": "186"
      }
    },
    {
      "type": "Feature",
      "geometry": {
        "type": "Point",
        "coordinates": [
          -0.433509438971347,
          51.06287673806145
        ]
      },
      "properties": {
        "row_number": "186"
      }
    },
    {
      "type": "Feature",
      "geometry": {
        "type": "Point",
        "coordinates": [
          -0.433496559148019,
          51.06292966793985
        ]
      },
      "properties": {
        "row_number": "186"
      }
    },
    {
      "type": "Feature",
      "geometry": {
        "type": "Point",
        "coordinates": [
          -0.433478696442025,
          51.06300052001038
        ]
      },
      "properties": {
        "row_number": "186"
      }
    },
    {
      "type": "Feature",
      "geometry": {
        "type": "LineString",
        "coordinates": [
          [
            -0.433868108930759,
            51.06128544871237
          ],
          [
            -0.433858315832967,
            51.06132649277527
          ],
          [
            -0.433845011932446,
            51.06138030510878
          ],
          [
            -0.43383136016437,
            51.06143405871263
          ],
          [
            -0.43381771130117,
            51.06148770808154
          ],
          [
            -0.433805530356217,
            51.06154068499384
          ],
          [
            -0.433792399270938,
            51.06159409273631
          ],
          [
            -0.433778680466825,
            51.06164767400297
          ],
          [
            -0.433766385972463,
            51.06170096361689
          ],
          [
            -0.433753317197181,
            51.06175464651805
          ],
          [
            -0.433740405660921,
            51.06180734797273
          ],
          [
            -0.433726367693832,
            51.06186159315752
          ],
          [
            -0.433713990518727,
            51.06191452376473
          ],
          [
            -0.433700315298331,
            51.0619669107821
          ],
          [
            -0.433687893829178,
            51.06201893387129
          ],
          [
            -0.433675024475435,
            51.06207120370384
          ],
          [
            -0.43366164124703,
            51.06212510162469
          ],
          [
            -0.433648754015708,
            51.06217763510877
          ],
          [
            -0.433635195832371,
            51.06223071456036
          ],
          [
            -0.433622211675522,
            51.06228452167776
          ],
          [
            -0.43360862559674,
            51.06233836349976
          ],
          [
            -0.433595676597867,
            51.06239219678703
          ],
          [
            -0.433582758177673,
            51.06244576379937
          ],
          [
            -0.433569378228045,
            51.06249929483922
          ],
          [
            -0.433556173089702,
            51.0625525361433
          ],
          [
            -0.4335437536312,
            51.06260601217447
          ],
          [
            -0.433530544598932,
            51.06265854883804
          ],
          [
            -0.433517533043579,
            51.06271171067562
          ],
          [
            -0.433504446410862,
            51.06276511563236
          ],
          [
            -0.433490720057088,
            51.06281994534453
          ],
          [
            -0.433477973000978,
            51.0628734442611
          ],
          [
            -0.433465310098631,
            51.06292608417793
          ],
          [
            -0.433448706429971,
            51.06299120098232
          ]
        ]
      },
      "properties": {
        "row_number": "187"
      }
    },
    {
      "type": "Feature",
      "geometry": {
        "type": "Point",
        "coordinates": [
          -0.433868108930759,
          51.06128544871237
        ]
      },
      "properties": {
        "row_number": "187"
      }
    },
    {
      "type": "Feature",
      "geometry": {
        "type": "Point",
        "coordinates": [
          -0.433858315832967,
          51.06132649277527
        ]
      },
      "properties": {
        "row_number": "187"
      }
    },
    {
      "type": "Feature",
      "geometry": {
        "type": "Point",
        "coordinates": [
          -0.433845011932446,
          51.06138030510878
        ]
      },
      "properties": {
        "row_number": "187"
      }
    },
    {
      "type": "Feature",
      "geometry": {
        "type": "Point",
        "coordinates": [
          -0.43383136016437,
          51.06143405871263
        ]
      },
      "properties": {
        "row_number": "187"
      }
    },
    {
      "type": "Feature",
      "geometry": {
        "type": "Point",
        "coordinates": [
          -0.43381771130117,
          51.06148770808154
        ]
      },
      "properties": {
        "row_number": "187"
      }
    },
    {
      "type": "Feature",
      "geometry": {
        "type": "Point",
        "coordinates": [
          -0.433805530356217,
          51.06154068499384
        ]
      },
      "properties": {
        "row_number": "187"
      }
    },
    {
      "type": "Feature",
      "geometry": {
        "type": "Point",
        "coordinates": [
          -0.433792399270938,
          51.06159409273631
        ]
      },
      "properties": {
        "row_number": "187"
      }
    },
    {
      "type": "Feature",
      "geometry": {
        "type": "Point",
        "coordinates": [
          -0.433778680466825,
          51.06164767400297
        ]
      },
      "properties": {
        "row_number": "187"
      }
    },
    {
      "type": "Feature",
      "geometry": {
        "type": "Point",
        "coordinates": [
          -0.433766385972463,
          51.06170096361689
        ]
      },
      "properties": {
        "row_number": "187"
      }
    },
    {
      "type": "Feature",
      "geometry": {
        "type": "Point",
        "coordinates": [
          -0.433753317197181,
          51.06175464651805
        ]
      },
      "properties": {
        "row_number": "187"
      }
    },
    {
      "type": "Feature",
      "geometry": {
        "type": "Point",
        "coordinates": [
          -0.433740405660921,
          51.06180734797273
        ]
      },
      "properties": {
        "row_number": "187"
      }
    },
    {
      "type": "Feature",
      "geometry": {
        "type": "Point",
        "coordinates": [
          -0.433726367693832,
          51.06186159315752
        ]
      },
      "properties": {
        "row_number": "187"
      }
    },
    {
      "type": "Feature",
      "geometry": {
        "type": "Point",
        "coordinates": [
          -0.433713990518727,
          51.06191452376473
        ]
      },
      "properties": {
        "row_number": "187"
      }
    },
    {
      "type": "Feature",
      "geometry": {
        "type": "Point",
        "coordinates": [
          -0.433700315298331,
          51.0619669107821
        ]
      },
      "properties": {
        "row_number": "187"
      }
    },
    {
      "type": "Feature",
      "geometry": {
        "type": "Point",
        "coordinates": [
          -0.433687893829178,
          51.06201893387129
        ]
      },
      "properties": {
        "row_number": "187"
      }
    },
    {
      "type": "Feature",
      "geometry": {
        "type": "Point",
        "coordinates": [
          -0.433675024475435,
          51.06207120370384
        ]
      },
      "properties": {
        "row_number": "187"
      }
    },
    {
      "type": "Feature",
      "geometry": {
        "type": "Point",
        "coordinates": [
          -0.43366164124703,
          51.06212510162469
        ]
      },
      "properties": {
        "row_number": "187"
      }
    },
    {
      "type": "Feature",
      "geometry": {
        "type": "Point",
        "coordinates": [
          -0.433648754015708,
          51.06217763510877
        ]
      },
      "properties": {
        "row_number": "187"
      }
    },
    {
      "type": "Feature",
      "geometry": {
        "type": "Point",
        "coordinates": [
          -0.433635195832371,
          51.06223071456036
        ]
      },
      "properties": {
        "row_number": "187"
      }
    },
    {
      "type": "Feature",
      "geometry": {
        "type": "Point",
        "coordinates": [
          -0.433622211675522,
          51.06228452167776
        ]
      },
      "properties": {
        "row_number": "187"
      }
    },
    {
      "type": "Feature",
      "geometry": {
        "type": "Point",
        "coordinates": [
          -0.43360862559674,
          51.06233836349976
        ]
      },
      "properties": {
        "row_number": "187"
      }
    },
    {
      "type": "Feature",
      "geometry": {
        "type": "Point",
        "coordinates": [
          -0.433595676597867,
          51.06239219678703
        ]
      },
      "properties": {
        "row_number": "187"
      }
    },
    {
      "type": "Feature",
      "geometry": {
        "type": "Point",
        "coordinates": [
          -0.433582758177673,
          51.06244576379937
        ]
      },
      "properties": {
        "row_number": "187"
      }
    },
    {
      "type": "Feature",
      "geometry": {
        "type": "Point",
        "coordinates": [
          -0.433569378228045,
          51.06249929483922
        ]
      },
      "properties": {
        "row_number": "187"
      }
    },
    {
      "type": "Feature",
      "geometry": {
        "type": "Point",
        "coordinates": [
          -0.433556173089702,
          51.0625525361433
        ]
      },
      "properties": {
        "row_number": "187"
      }
    },
    {
      "type": "Feature",
      "geometry": {
        "type": "Point",
        "coordinates": [
          -0.4335437536312,
          51.06260601217447
        ]
      },
      "properties": {
        "row_number": "187"
      }
    },
    {
      "type": "Feature",
      "geometry": {
        "type": "Point",
        "coordinates": [
          -0.433530544598932,
          51.06265854883804
        ]
      },
      "properties": {
        "row_number": "187"
      }
    },
    {
      "type": "Feature",
      "geometry": {
        "type": "Point",
        "coordinates": [
          -0.433517533043579,
          51.06271171067562
        ]
      },
      "properties": {
        "row_number": "187"
      }
    },
    {
      "type": "Feature",
      "geometry": {
        "type": "Point",
        "coordinates": [
          -0.433504446410862,
          51.06276511563236
        ]
      },
      "properties": {
        "row_number": "187"
      }
    },
    {
      "type": "Feature",
      "geometry": {
        "type": "Point",
        "coordinates": [
          -0.433490720057088,
          51.06281994534453
        ]
      },
      "properties": {
        "row_number": "187"
      }
    },
    {
      "type": "Feature",
      "geometry": {
        "type": "Point",
        "coordinates": [
          -0.433477973000978,
          51.0628734442611
        ]
      },
      "properties": {
        "row_number": "187"
      }
    },
    {
      "type": "Feature",
      "geometry": {
        "type": "Point",
        "coordinates": [
          -0.433465310098631,
          51.06292608417793
        ]
      },
      "properties": {
        "row_number": "187"
      }
    },
    {
      "type": "Feature",
      "geometry": {
        "type": "Point",
        "coordinates": [
          -0.433448706429971,
          51.06299120098232
        ]
      },
      "properties": {
        "row_number": "187"
      }
    },
    {
      "type": "Feature",
      "geometry": {
        "type": "LineString",
        "coordinates": [
          [
            -0.43383890414511,
            51.06127564872607
          ],
          [
            -0.433827249044905,
            51.06132326792305
          ],
          [
            -0.433813342303866,
            51.06137693838249
          ],
          [
            -0.433800408406113,
            51.06143123391308
          ],
          [
            -0.433787549051912,
            51.06148479916116
          ],
          [
            -0.433775092664031,
            51.06153747342139
          ],
          [
            -0.43376153469936,
            51.06159148868305
          ],
          [
            -0.433748877922313,
            51.06164479562607
          ],
          [
            -0.433735120784404,
            51.06169796415925
          ],
          [
            -0.43372165410773,
            51.06175114590685
          ],
          [
            -0.433708116702554,
            51.06180405771371
          ],
          [
            -0.433695564718002,
            51.06185822194709
          ],
          [
            -0.433682071545443,
            51.06191146049358
          ],
          [
            -0.43366834010282,
            51.06196349824025
          ],
          [
            -0.43365628319239,
            51.06201572147742
          ],
          [
            -0.433644133777795,
            51.06206819635867
          ],
          [
            -0.433631238856345,
            51.06212203631488
          ],
          [
            -0.433617884583837,
            51.06217465988222
          ],
          [
            -0.433604763698439,
            51.06222823618469
          ],
          [
            -0.433591287836152,
            51.0622813692757
          ],
          [
            -0.433578466647222,
            51.06233529387265
          ],
          [
            -0.433564791736218,
            51.06238920205933
          ],
          [
            -0.433551532528187,
            51.06244237746341
          ],
          [
            -0.433538591631473,
            51.06249583354749
          ],
          [
            -0.43352546256302,
            51.06254927980451
          ],
          [
            -0.433512547208714,
            51.06260258324597
          ],
          [
            -0.433499477128716,
            51.06265550196117
          ],
          [
            -0.433486377439602,
            51.0627085493734
          ],
          [
            -0.433472793312499,
            51.06276205327683
          ],
          [
            -0.433459277878347,
            51.06281630600286
          ],
          [
            -0.43344631092082,
            51.06287009472262
          ],
          [
            -0.433432737060264,
            51.06292325033313
          ],
          [
            -0.433417651628001,
            51.06298202431581
          ]
        ]
      },
      "properties": {
        "row_number": "188"
      }
    },
    {
      "type": "Feature",
      "geometry": {
        "type": "Point",
        "coordinates": [
          -0.43383890414511,
          51.06127564872607
        ]
      },
      "properties": {
        "row_number": "188"
      }
    },
    {
      "type": "Feature",
      "geometry": {
        "type": "Point",
        "coordinates": [
          -0.433827249044905,
          51.06132326792305
        ]
      },
      "properties": {
        "row_number": "188"
      }
    },
    {
      "type": "Feature",
      "geometry": {
        "type": "Point",
        "coordinates": [
          -0.433813342303866,
          51.06137693838249
        ]
      },
      "properties": {
        "row_number": "188"
      }
    },
    {
      "type": "Feature",
      "geometry": {
        "type": "Point",
        "coordinates": [
          -0.433800408406113,
          51.06143123391308
        ]
      },
      "properties": {
        "row_number": "188"
      }
    },
    {
      "type": "Feature",
      "geometry": {
        "type": "Point",
        "coordinates": [
          -0.433787549051912,
          51.06148479916116
        ]
      },
      "properties": {
        "row_number": "188"
      }
    },
    {
      "type": "Feature",
      "geometry": {
        "type": "Point",
        "coordinates": [
          -0.433775092664031,
          51.06153747342139
        ]
      },
      "properties": {
        "row_number": "188"
      }
    },
    {
      "type": "Feature",
      "geometry": {
        "type": "Point",
        "coordinates": [
          -0.43376153469936,
          51.06159148868305
        ]
      },
      "properties": {
        "row_number": "188"
      }
    },
    {
      "type": "Feature",
      "geometry": {
        "type": "Point",
        "coordinates": [
          -0.433748877922313,
          51.06164479562607
        ]
      },
      "properties": {
        "row_number": "188"
      }
    },
    {
      "type": "Feature",
      "geometry": {
        "type": "Point",
        "coordinates": [
          -0.433735120784404,
          51.06169796415925
        ]
      },
      "properties": {
        "row_number": "188"
      }
    },
    {
      "type": "Feature",
      "geometry": {
        "type": "Point",
        "coordinates": [
          -0.43372165410773,
          51.06175114590685
        ]
      },
      "properties": {
        "row_number": "188"
      }
    },
    {
      "type": "Feature",
      "geometry": {
        "type": "Point",
        "coordinates": [
          -0.433708116702554,
          51.06180405771371
        ]
      },
      "properties": {
        "row_number": "188"
      }
    },
    {
      "type": "Feature",
      "geometry": {
        "type": "Point",
        "coordinates": [
          -0.433695564718002,
          51.06185822194709
        ]
      },
      "properties": {
        "row_number": "188"
      }
    },
    {
      "type": "Feature",
      "geometry": {
        "type": "Point",
        "coordinates": [
          -0.433682071545443,
          51.06191146049358
        ]
      },
      "properties": {
        "row_number": "188"
      }
    },
    {
      "type": "Feature",
      "geometry": {
        "type": "Point",
        "coordinates": [
          -0.43366834010282,
          51.06196349824025
        ]
      },
      "properties": {
        "row_number": "188"
      }
    },
    {
      "type": "Feature",
      "geometry": {
        "type": "Point",
        "coordinates": [
          -0.43365628319239,
          51.06201572147742
        ]
      },
      "properties": {
        "row_number": "188"
      }
    },
    {
      "type": "Feature",
      "geometry": {
        "type": "Point",
        "coordinates": [
          -0.433644133777795,
          51.06206819635867
        ]
      },
      "properties": {
        "row_number": "188"
      }
    },
    {
      "type": "Feature",
      "geometry": {
        "type": "Point",
        "coordinates": [
          -0.433631238856345,
          51.06212203631488
        ]
      },
      "properties": {
        "row_number": "188"
      }
    },
    {
      "type": "Feature",
      "geometry": {
        "type": "Point",
        "coordinates": [
          -0.433617884583837,
          51.06217465988222
        ]
      },
      "properties": {
        "row_number": "188"
      }
    },
    {
      "type": "Feature",
      "geometry": {
        "type": "Point",
        "coordinates": [
          -0.433604763698439,
          51.06222823618469
        ]
      },
      "properties": {
        "row_number": "188"
      }
    },
    {
      "type": "Feature",
      "geometry": {
        "type": "Point",
        "coordinates": [
          -0.433591287836152,
          51.0622813692757
        ]
      },
      "properties": {
        "row_number": "188"
      }
    },
    {
      "type": "Feature",
      "geometry": {
        "type": "Point",
        "coordinates": [
          -0.433578466647222,
          51.06233529387265
        ]
      },
      "properties": {
        "row_number": "188"
      }
    },
    {
      "type": "Feature",
      "geometry": {
        "type": "Point",
        "coordinates": [
          -0.433564791736218,
          51.06238920205933
        ]
      },
      "properties": {
        "row_number": "188"
      }
    },
    {
      "type": "Feature",
      "geometry": {
        "type": "Point",
        "coordinates": [
          -0.433551532528187,
          51.06244237746341
        ]
      },
      "properties": {
        "row_number": "188"
      }
    },
    {
      "type": "Feature",
      "geometry": {
        "type": "Point",
        "coordinates": [
          -0.433538591631473,
          51.06249583354749
        ]
      },
      "properties": {
        "row_number": "188"
      }
    },
    {
      "type": "Feature",
      "geometry": {
        "type": "Point",
        "coordinates": [
          -0.43352546256302,
          51.06254927980451
        ]
      },
      "properties": {
        "row_number": "188"
      }
    },
    {
      "type": "Feature",
      "geometry": {
        "type": "Point",
        "coordinates": [
          -0.433512547208714,
          51.06260258324597
        ]
      },
      "properties": {
        "row_number": "188"
      }
    },
    {
      "type": "Feature",
      "geometry": {
        "type": "Point",
        "coordinates": [
          -0.433499477128716,
          51.06265550196117
        ]
      },
      "properties": {
        "row_number": "188"
      }
    },
    {
      "type": "Feature",
      "geometry": {
        "type": "Point",
        "coordinates": [
          -0.433486377439602,
          51.0627085493734
        ]
      },
      "properties": {
        "row_number": "188"
      }
    },
    {
      "type": "Feature",
      "geometry": {
        "type": "Point",
        "coordinates": [
          -0.433472793312499,
          51.06276205327683
        ]
      },
      "properties": {
        "row_number": "188"
      }
    },
    {
      "type": "Feature",
      "geometry": {
        "type": "Point",
        "coordinates": [
          -0.433459277878347,
          51.06281630600286
        ]
      },
      "properties": {
        "row_number": "188"
      }
    },
    {
      "type": "Feature",
      "geometry": {
        "type": "Point",
        "coordinates": [
          -0.43344631092082,
          51.06287009472262
        ]
      },
      "properties": {
        "row_number": "188"
      }
    },
    {
      "type": "Feature",
      "geometry": {
        "type": "Point",
        "coordinates": [
          -0.433432737060264,
          51.06292325033313
        ]
      },
      "properties": {
        "row_number": "188"
      }
    },
    {
      "type": "Feature",
      "geometry": {
        "type": "Point",
        "coordinates": [
          -0.433417651628001,
          51.06298202431581
        ]
      },
      "properties": {
        "row_number": "188"
      }
    },
    {
      "type": "Feature",
      "geometry": {
        "type": "LineString",
        "coordinates": [
          [
            -0.433808205487773,
            51.06126812141865
          ],
          [
            -0.433795619890669,
            51.06132032607205
          ],
          [
            -0.433782322641867,
            51.0613741493506
          ],
          [
            -0.43376992245407,
            51.06142819238996
          ],
          [
            -0.433755697729712,
            51.06148165015725
          ],
          [
            -0.433743548721313,
            51.06153411843626
          ],
          [
            -0.433730602599958,
            51.06158798485143
          ],
          [
            -0.433717169197188,
            51.06164147202116
          ],
          [
            -0.433703848944507,
            51.06169473554523
          ],
          [
            -0.433691046783255,
            51.06174818321156
          ],
          [
            -0.433678106097832,
            51.06180100435302
          ],
          [
            -0.4336644414743,
            51.061855289099
          ],
          [
            -0.43365117345032,
            51.06190833133589
          ],
          [
            -0.433638302265003,
            51.06196066505368
          ],
          [
            -0.433624946245792,
            51.06201295537632
          ],
          [
            -0.43361241601428,
            51.06206519125858
          ],
          [
            -0.433598983764627,
            51.06211911691791
          ],
          [
            -0.433585994597645,
            51.06217157182026
          ],
          [
            -0.433573184563592,
            51.06222503228379
          ],
          [
            -0.433560033630329,
            51.06227862828143
          ],
          [
            -0.433547134966552,
            51.06233223289454
          ],
          [
            -0.433533621803004,
            51.0623864046069
          ],
          [
            -0.433520702290304,
            51.0624396800882
          ],
          [
            -0.433507437294882,
            51.06249306951416
          ],
          [
            -0.433494753381782,
            51.06254649936143
          ],
          [
            -0.433481212410918,
            51.0625994049459
          ],
          [
            -0.433468422405643,
            51.06265281390296
          ],
          [
            -0.433455680348314,
            51.0627055964712
          ],
          [
            -0.433442309760756,
            51.06275894662633
          ],
          [
            -0.433429075144094,
            51.06281353037965
          ],
          [
            -0.433415880894621,
            51.06286679059209
          ],
          [
            -0.433402579110966,
            51.06291976434811
          ],
          [
            -0.433389113183633,
            51.06297262546999
          ]
        ]
      },
      "properties": {
        "row_number": "189"
      }
    },
    {
      "type": "Feature",
      "geometry": {
        "type": "Point",
        "coordinates": [
          -0.433808205487773,
          51.06126812141865
        ]
      },
      "properties": {
        "row_number": "189"
      }
    },
    {
      "type": "Feature",
      "geometry": {
        "type": "Point",
        "coordinates": [
          -0.433795619890669,
          51.06132032607205
        ]
      },
      "properties": {
        "row_number": "189"
      }
    },
    {
      "type": "Feature",
      "geometry": {
        "type": "Point",
        "coordinates": [
          -0.433782322641867,
          51.0613741493506
        ]
      },
      "properties": {
        "row_number": "189"
      }
    },
    {
      "type": "Feature",
      "geometry": {
        "type": "Point",
        "coordinates": [
          -0.43376992245407,
          51.06142819238996
        ]
      },
      "properties": {
        "row_number": "189"
      }
    },
    {
      "type": "Feature",
      "geometry": {
        "type": "Point",
        "coordinates": [
          -0.433755697729712,
          51.06148165015725
        ]
      },
      "properties": {
        "row_number": "189"
      }
    },
    {
      "type": "Feature",
      "geometry": {
        "type": "Point",
        "coordinates": [
          -0.433743548721313,
          51.06153411843626
        ]
      },
      "properties": {
        "row_number": "189"
      }
    },
    {
      "type": "Feature",
      "geometry": {
        "type": "Point",
        "coordinates": [
          -0.433730602599958,
          51.06158798485143
        ]
      },
      "properties": {
        "row_number": "189"
      }
    },
    {
      "type": "Feature",
      "geometry": {
        "type": "Point",
        "coordinates": [
          -0.433717169197188,
          51.06164147202116
        ]
      },
      "properties": {
        "row_number": "189"
      }
    },
    {
      "type": "Feature",
      "geometry": {
        "type": "Point",
        "coordinates": [
          -0.433703848944507,
          51.06169473554523
        ]
      },
      "properties": {
        "row_number": "189"
      }
    },
    {
      "type": "Feature",
      "geometry": {
        "type": "Point",
        "coordinates": [
          -0.433691046783255,
          51.06174818321156
        ]
      },
      "properties": {
        "row_number": "189"
      }
    },
    {
      "type": "Feature",
      "geometry": {
        "type": "Point",
        "coordinates": [
          -0.433678106097832,
          51.06180100435302
        ]
      },
      "properties": {
        "row_number": "189"
      }
    },
    {
      "type": "Feature",
      "geometry": {
        "type": "Point",
        "coordinates": [
          -0.4336644414743,
          51.061855289099
        ]
      },
      "properties": {
        "row_number": "189"
      }
    },
    {
      "type": "Feature",
      "geometry": {
        "type": "Point",
        "coordinates": [
          -0.43365117345032,
          51.06190833133589
        ]
      },
      "properties": {
        "row_number": "189"
      }
    },
    {
      "type": "Feature",
      "geometry": {
        "type": "Point",
        "coordinates": [
          -0.433638302265003,
          51.06196066505368
        ]
      },
      "properties": {
        "row_number": "189"
      }
    },
    {
      "type": "Feature",
      "geometry": {
        "type": "Point",
        "coordinates": [
          -0.433624946245792,
          51.06201295537632
        ]
      },
      "properties": {
        "row_number": "189"
      }
    },
    {
      "type": "Feature",
      "geometry": {
        "type": "Point",
        "coordinates": [
          -0.43361241601428,
          51.06206519125858
        ]
      },
      "properties": {
        "row_number": "189"
      }
    },
    {
      "type": "Feature",
      "geometry": {
        "type": "Point",
        "coordinates": [
          -0.433598983764627,
          51.06211911691791
        ]
      },
      "properties": {
        "row_number": "189"
      }
    },
    {
      "type": "Feature",
      "geometry": {
        "type": "Point",
        "coordinates": [
          -0.433585994597645,
          51.06217157182026
        ]
      },
      "properties": {
        "row_number": "189"
      }
    },
    {
      "type": "Feature",
      "geometry": {
        "type": "Point",
        "coordinates": [
          -0.433573184563592,
          51.06222503228379
        ]
      },
      "properties": {
        "row_number": "189"
      }
    },
    {
      "type": "Feature",
      "geometry": {
        "type": "Point",
        "coordinates": [
          -0.433560033630329,
          51.06227862828143
        ]
      },
      "properties": {
        "row_number": "189"
      }
    },
    {
      "type": "Feature",
      "geometry": {
        "type": "Point",
        "coordinates": [
          -0.433547134966552,
          51.06233223289454
        ]
      },
      "properties": {
        "row_number": "189"
      }
    },
    {
      "type": "Feature",
      "geometry": {
        "type": "Point",
        "coordinates": [
          -0.433533621803004,
          51.0623864046069
        ]
      },
      "properties": {
        "row_number": "189"
      }
    },
    {
      "type": "Feature",
      "geometry": {
        "type": "Point",
        "coordinates": [
          -0.433520702290304,
          51.0624396800882
        ]
      },
      "properties": {
        "row_number": "189"
      }
    },
    {
      "type": "Feature",
      "geometry": {
        "type": "Point",
        "coordinates": [
          -0.433507437294882,
          51.06249306951416
        ]
      },
      "properties": {
        "row_number": "189"
      }
    },
    {
      "type": "Feature",
      "geometry": {
        "type": "Point",
        "coordinates": [
          -0.433494753381782,
          51.06254649936143
        ]
      },
      "properties": {
        "row_number": "189"
      }
    },
    {
      "type": "Feature",
      "geometry": {
        "type": "Point",
        "coordinates": [
          -0.433481212410918,
          51.0625994049459
        ]
      },
      "properties": {
        "row_number": "189"
      }
    },
    {
      "type": "Feature",
      "geometry": {
        "type": "Point",
        "coordinates": [
          -0.433468422405643,
          51.06265281390296
        ]
      },
      "properties": {
        "row_number": "189"
      }
    },
    {
      "type": "Feature",
      "geometry": {
        "type": "Point",
        "coordinates": [
          -0.433455680348314,
          51.0627055964712
        ]
      },
      "properties": {
        "row_number": "189"
      }
    },
    {
      "type": "Feature",
      "geometry": {
        "type": "Point",
        "coordinates": [
          -0.433442309760756,
          51.06275894662633
        ]
      },
      "properties": {
        "row_number": "189"
      }
    },
    {
      "type": "Feature",
      "geometry": {
        "type": "Point",
        "coordinates": [
          -0.433429075144094,
          51.06281353037965
        ]
      },
      "properties": {
        "row_number": "189"
      }
    },
    {
      "type": "Feature",
      "geometry": {
        "type": "Point",
        "coordinates": [
          -0.433415880894621,
          51.06286679059209
        ]
      },
      "properties": {
        "row_number": "189"
      }
    },
    {
      "type": "Feature",
      "geometry": {
        "type": "Point",
        "coordinates": [
          -0.433402579110966,
          51.06291976434811
        ]
      },
      "properties": {
        "row_number": "189"
      }
    },
    {
      "type": "Feature",
      "geometry": {
        "type": "Point",
        "coordinates": [
          -0.433389113183633,
          51.06297262546999
        ]
      },
      "properties": {
        "row_number": "189"
      }
    },
    {
      "type": "Feature",
      "geometry": {
        "type": "LineString",
        "coordinates": [
          [
            -0.433779548154347,
            51.06126019286723
          ],
          [
            -0.433765636784351,
            51.06131755934612
          ],
          [
            -0.433752138655856,
            51.06137104908116
          ],
          [
            -0.43373948315355,
            51.06142543624437
          ],
          [
            -0.433726278776219,
            51.06147857850569
          ],
          [
            -0.433712634363739,
            51.06153102816318
          ],
          [
            -0.433699223391666,
            51.06158492902252
          ],
          [
            -0.43368659800507,
            51.06163816243608
          ],
          [
            -0.433673022186221,
            51.06169132281062
          ],
          [
            -0.433659904197805,
            51.06174494107377
          ],
          [
            -0.433646476167158,
            51.06179759647053
          ],
          [
            -0.43363346976804,
            51.06185206168838
          ],
          [
            -0.43362071517282,
            51.06190495782845
          ],
          [
            -0.433607560675908,
            51.06195722652254
          ],
          [
            -0.433594233504502,
            51.0620096262776
          ],
          [
            -0.433581588902596,
            51.06206233088164
          ],
          [
            -0.433568225916618,
            51.06211580322552
          ],
          [
            -0.433555496639006,
            51.06216862061426
          ],
          [
            -0.433542285431778,
            51.06222231264803
          ],
          [
            -0.433529835071675,
            51.0622754521422
          ],
          [
            -0.433516546470536,
            51.062329035742
          ],
          [
            -0.433503546009368,
            51.06238328219617
          ],
          [
            -0.433490340461933,
            51.06243665871881
          ],
          [
            -0.433477138138978,
            51.06248990280755
          ],
          [
            -0.433463552376143,
            51.06254324213874
          ],
          [
            -0.433451119216222,
            51.0625964559196
          ],
          [
            -0.433438103691084,
            51.06264964426956
          ],
          [
            -0.433424739698471,
            51.06270260454129
          ],
          [
            -0.433412025597939,
            51.06275584899158
          ],
          [
            -0.433398064294865,
            51.06281044812328
          ],
          [
            -0.433384824848386,
            51.06286393191555
          ],
          [
            -0.433371638363203,
            51.06291691202453
          ],
          [
            -0.433360029875152,
            51.06296296911471
          ]
        ]
      },
      "properties": {
        "row_number": "190"
      }
    },
    {
      "type": "Feature",
      "geometry": {
        "type": "Point",
        "coordinates": [
          -0.433779548154347,
          51.06126019286723
        ]
      },
      "properties": {
        "row_number": "190"
      }
    },
    {
      "type": "Feature",
      "geometry": {
        "type": "Point",
        "coordinates": [
          -0.433765636784351,
          51.06131755934612
        ]
      },
      "properties": {
        "row_number": "190"
      }
    },
    {
      "type": "Feature",
      "geometry": {
        "type": "Point",
        "coordinates": [
          -0.433752138655856,
          51.06137104908116
        ]
      },
      "properties": {
        "row_number": "190"
      }
    },
    {
      "type": "Feature",
      "geometry": {
        "type": "Point",
        "coordinates": [
          -0.43373948315355,
          51.06142543624437
        ]
      },
      "properties": {
        "row_number": "190"
      }
    },
    {
      "type": "Feature",
      "geometry": {
        "type": "Point",
        "coordinates": [
          -0.433726278776219,
          51.06147857850569
        ]
      },
      "properties": {
        "row_number": "190"
      }
    },
    {
      "type": "Feature",
      "geometry": {
        "type": "Point",
        "coordinates": [
          -0.433712634363739,
          51.06153102816318
        ]
      },
      "properties": {
        "row_number": "190"
      }
    },
    {
      "type": "Feature",
      "geometry": {
        "type": "Point",
        "coordinates": [
          -0.433699223391666,
          51.06158492902252
        ]
      },
      "properties": {
        "row_number": "190"
      }
    },
    {
      "type": "Feature",
      "geometry": {
        "type": "Point",
        "coordinates": [
          -0.43368659800507,
          51.06163816243608
        ]
      },
      "properties": {
        "row_number": "190"
      }
    },
    {
      "type": "Feature",
      "geometry": {
        "type": "Point",
        "coordinates": [
          -0.433673022186221,
          51.06169132281062
        ]
      },
      "properties": {
        "row_number": "190"
      }
    },
    {
      "type": "Feature",
      "geometry": {
        "type": "Point",
        "coordinates": [
          -0.433659904197805,
          51.06174494107377
        ]
      },
      "properties": {
        "row_number": "190"
      }
    },
    {
      "type": "Feature",
      "geometry": {
        "type": "Point",
        "coordinates": [
          -0.433646476167158,
          51.06179759647053
        ]
      },
      "properties": {
        "row_number": "190"
      }
    },
    {
      "type": "Feature",
      "geometry": {
        "type": "Point",
        "coordinates": [
          -0.43363346976804,
          51.06185206168838
        ]
      },
      "properties": {
        "row_number": "190"
      }
    },
    {
      "type": "Feature",
      "geometry": {
        "type": "Point",
        "coordinates": [
          -0.43362071517282,
          51.06190495782845
        ]
      },
      "properties": {
        "row_number": "190"
      }
    },
    {
      "type": "Feature",
      "geometry": {
        "type": "Point",
        "coordinates": [
          -0.433607560675908,
          51.06195722652254
        ]
      },
      "properties": {
        "row_number": "190"
      }
    },
    {
      "type": "Feature",
      "geometry": {
        "type": "Point",
        "coordinates": [
          -0.433594233504502,
          51.0620096262776
        ]
      },
      "properties": {
        "row_number": "190"
      }
    },
    {
      "type": "Feature",
      "geometry": {
        "type": "Point",
        "coordinates": [
          -0.433581588902596,
          51.06206233088164
        ]
      },
      "properties": {
        "row_number": "190"
      }
    },
    {
      "type": "Feature",
      "geometry": {
        "type": "Point",
        "coordinates": [
          -0.433568225916618,
          51.06211580322552
        ]
      },
      "properties": {
        "row_number": "190"
      }
    },
    {
      "type": "Feature",
      "geometry": {
        "type": "Point",
        "coordinates": [
          -0.433555496639006,
          51.06216862061426
        ]
      },
      "properties": {
        "row_number": "190"
      }
    },
    {
      "type": "Feature",
      "geometry": {
        "type": "Point",
        "coordinates": [
          -0.433542285431778,
          51.06222231264803
        ]
      },
      "properties": {
        "row_number": "190"
      }
    },
    {
      "type": "Feature",
      "geometry": {
        "type": "Point",
        "coordinates": [
          -0.433529835071675,
          51.0622754521422
        ]
      },
      "properties": {
        "row_number": "190"
      }
    },
    {
      "type": "Feature",
      "geometry": {
        "type": "Point",
        "coordinates": [
          -0.433516546470536,
          51.062329035742
        ]
      },
      "properties": {
        "row_number": "190"
      }
    },
    {
      "type": "Feature",
      "geometry": {
        "type": "Point",
        "coordinates": [
          -0.433503546009368,
          51.06238328219617
        ]
      },
      "properties": {
        "row_number": "190"
      }
    },
    {
      "type": "Feature",
      "geometry": {
        "type": "Point",
        "coordinates": [
          -0.433490340461933,
          51.06243665871881
        ]
      },
      "properties": {
        "row_number": "190"
      }
    },
    {
      "type": "Feature",
      "geometry": {
        "type": "Point",
        "coordinates": [
          -0.433477138138978,
          51.06248990280755
        ]
      },
      "properties": {
        "row_number": "190"
      }
    },
    {
      "type": "Feature",
      "geometry": {
        "type": "Point",
        "coordinates": [
          -0.433463552376143,
          51.06254324213874
        ]
      },
      "properties": {
        "row_number": "190"
      }
    },
    {
      "type": "Feature",
      "geometry": {
        "type": "Point",
        "coordinates": [
          -0.433451119216222,
          51.0625964559196
        ]
      },
      "properties": {
        "row_number": "190"
      }
    },
    {
      "type": "Feature",
      "geometry": {
        "type": "Point",
        "coordinates": [
          -0.433438103691084,
          51.06264964426956
        ]
      },
      "properties": {
        "row_number": "190"
      }
    },
    {
      "type": "Feature",
      "geometry": {
        "type": "Point",
        "coordinates": [
          -0.433424739698471,
          51.06270260454129
        ]
      },
      "properties": {
        "row_number": "190"
      }
    },
    {
      "type": "Feature",
      "geometry": {
        "type": "Point",
        "coordinates": [
          -0.433412025597939,
          51.06275584899158
        ]
      },
      "properties": {
        "row_number": "190"
      }
    },
    {
      "type": "Feature",
      "geometry": {
        "type": "Point",
        "coordinates": [
          -0.433398064294865,
          51.06281044812328
        ]
      },
      "properties": {
        "row_number": "190"
      }
    },
    {
      "type": "Feature",
      "geometry": {
        "type": "Point",
        "coordinates": [
          -0.433384824848386,
          51.06286393191555
        ]
      },
      "properties": {
        "row_number": "190"
      }
    },
    {
      "type": "Feature",
      "geometry": {
        "type": "Point",
        "coordinates": [
          -0.433371638363203,
          51.06291691202453
        ]
      },
      "properties": {
        "row_number": "190"
      }
    },
    {
      "type": "Feature",
      "geometry": {
        "type": "Point",
        "coordinates": [
          -0.433360029875152,
          51.06296296911471
        ]
      },
      "properties": {
        "row_number": "190"
      }
    },
    {
      "type": "Feature",
      "geometry": {
        "type": "LineString",
        "coordinates": [
          [
            -0.433748461556471,
            51.06125186987573
          ],
          [
            -0.433734250870344,
            51.06131413876858
          ],
          [
            -0.433721225708175,
            51.06136817779759
          ],
          [
            -0.433707804234023,
            51.06142246378361
          ],
          [
            -0.433694313917559,
            51.06147536746904
          ],
          [
            -0.433681348067145,
            51.061528202543
          ],
          [
            -0.433668046695681,
            51.06158169176949
          ],
          [
            -0.433654492190363,
            51.06163507711487
          ],
          [
            -0.433641716050657,
            51.06168817684797
          ],
          [
            -0.433628043490053,
            51.06174186927639
          ],
          [
            -0.433615138635608,
            51.06179451027399
          ],
          [
            -0.433602242138638,
            51.06184885919647
          ],
          [
            -0.433589017894198,
            51.06190236972284
          ],
          [
            -0.433576206762723,
            51.06195435358558
          ],
          [
            -0.433563506578698,
            51.06200706979018
          ],
          [
            -0.433551152080414,
            51.06205935544574
          ],
          [
            -0.433537710300704,
            51.06211291914705
          ],
          [
            -0.433525213343695,
            51.06216530815711
          ],
          [
            -0.4335109678629,
            51.06221925505266
          ],
          [
            -0.433498132194952,
            51.06227227951028
          ],
          [
            -0.433484483104054,
            51.06232615975144
          ],
          [
            -0.433471621566319,
            51.06237993463362
          ],
          [
            -0.433458901782673,
            51.06243359681388
          ],
          [
            -0.433445988653467,
            51.06248694268696
          ],
          [
            -0.433432767546118,
            51.06254013326542
          ],
          [
            -0.433420035644305,
            51.06259352747671
          ],
          [
            -0.43340635532193,
            51.06264649348541
          ],
          [
            -0.433393679986209,
            51.0626994404591
          ],
          [
            -0.4333802149539,
            51.06275304359383
          ],
          [
            -0.433366587565183,
            51.06280742324025
          ],
          [
            -0.433353729657025,
            51.06286103008026
          ],
          [
            -0.433340497617281,
            51.06291429167088
          ],
          [
            -0.433331208957439,
            51.06295316831846
          ]
        ]
      },
      "properties": {
        "row_number": "191"
      }
    },
    {
      "type": "Feature",
      "geometry": {
        "type": "Point",
        "coordinates": [
          -0.433748461556471,
          51.06125186987573
        ]
      },
      "properties": {
        "row_number": "191"
      }
    },
    {
      "type": "Feature",
      "geometry": {
        "type": "Point",
        "coordinates": [
          -0.433734250870344,
          51.06131413876858
        ]
      },
      "properties": {
        "row_number": "191"
      }
    },
    {
      "type": "Feature",
      "geometry": {
        "type": "Point",
        "coordinates": [
          -0.433721225708175,
          51.06136817779759
        ]
      },
      "properties": {
        "row_number": "191"
      }
    },
    {
      "type": "Feature",
      "geometry": {
        "type": "Point",
        "coordinates": [
          -0.433707804234023,
          51.06142246378361
        ]
      },
      "properties": {
        "row_number": "191"
      }
    },
    {
      "type": "Feature",
      "geometry": {
        "type": "Point",
        "coordinates": [
          -0.433694313917559,
          51.06147536746904
        ]
      },
      "properties": {
        "row_number": "191"
      }
    },
    {
      "type": "Feature",
      "geometry": {
        "type": "Point",
        "coordinates": [
          -0.433681348067145,
          51.061528202543
        ]
      },
      "properties": {
        "row_number": "191"
      }
    },
    {
      "type": "Feature",
      "geometry": {
        "type": "Point",
        "coordinates": [
          -0.433668046695681,
          51.06158169176949
        ]
      },
      "properties": {
        "row_number": "191"
      }
    },
    {
      "type": "Feature",
      "geometry": {
        "type": "Point",
        "coordinates": [
          -0.433654492190363,
          51.06163507711487
        ]
      },
      "properties": {
        "row_number": "191"
      }
    },
    {
      "type": "Feature",
      "geometry": {
        "type": "Point",
        "coordinates": [
          -0.433641716050657,
          51.06168817684797
        ]
      },
      "properties": {
        "row_number": "191"
      }
    },
    {
      "type": "Feature",
      "geometry": {
        "type": "Point",
        "coordinates": [
          -0.433628043490053,
          51.06174186927639
        ]
      },
      "properties": {
        "row_number": "191"
      }
    },
    {
      "type": "Feature",
      "geometry": {
        "type": "Point",
        "coordinates": [
          -0.433615138635608,
          51.06179451027399
        ]
      },
      "properties": {
        "row_number": "191"
      }
    },
    {
      "type": "Feature",
      "geometry": {
        "type": "Point",
        "coordinates": [
          -0.433602242138638,
          51.06184885919647
        ]
      },
      "properties": {
        "row_number": "191"
      }
    },
    {
      "type": "Feature",
      "geometry": {
        "type": "Point",
        "coordinates": [
          -0.433589017894198,
          51.06190236972284
        ]
      },
      "properties": {
        "row_number": "191"
      }
    },
    {
      "type": "Feature",
      "geometry": {
        "type": "Point",
        "coordinates": [
          -0.433576206762723,
          51.06195435358558
        ]
      },
      "properties": {
        "row_number": "191"
      }
    },
    {
      "type": "Feature",
      "geometry": {
        "type": "Point",
        "coordinates": [
          -0.433563506578698,
          51.06200706979018
        ]
      },
      "properties": {
        "row_number": "191"
      }
    },
    {
      "type": "Feature",
      "geometry": {
        "type": "Point",
        "coordinates": [
          -0.433551152080414,
          51.06205935544574
        ]
      },
      "properties": {
        "row_number": "191"
      }
    },
    {
      "type": "Feature",
      "geometry": {
        "type": "Point",
        "coordinates": [
          -0.433537710300704,
          51.06211291914705
        ]
      },
      "properties": {
        "row_number": "191"
      }
    },
    {
      "type": "Feature",
      "geometry": {
        "type": "Point",
        "coordinates": [
          -0.433525213343695,
          51.06216530815711
        ]
      },
      "properties": {
        "row_number": "191"
      }
    },
    {
      "type": "Feature",
      "geometry": {
        "type": "Point",
        "coordinates": [
          -0.4335109678629,
          51.06221925505266
        ]
      },
      "properties": {
        "row_number": "191"
      }
    },
    {
      "type": "Feature",
      "geometry": {
        "type": "Point",
        "coordinates": [
          -0.433498132194952,
          51.06227227951028
        ]
      },
      "properties": {
        "row_number": "191"
      }
    },
    {
      "type": "Feature",
      "geometry": {
        "type": "Point",
        "coordinates": [
          -0.433484483104054,
          51.06232615975144
        ]
      },
      "properties": {
        "row_number": "191"
      }
    },
    {
      "type": "Feature",
      "geometry": {
        "type": "Point",
        "coordinates": [
          -0.433471621566319,
          51.06237993463362
        ]
      },
      "properties": {
        "row_number": "191"
      }
    },
    {
      "type": "Feature",
      "geometry": {
        "type": "Point",
        "coordinates": [
          -0.433458901782673,
          51.06243359681388
        ]
      },
      "properties": {
        "row_number": "191"
      }
    },
    {
      "type": "Feature",
      "geometry": {
        "type": "Point",
        "coordinates": [
          -0.433445988653467,
          51.06248694268696
        ]
      },
      "properties": {
        "row_number": "191"
      }
    },
    {
      "type": "Feature",
      "geometry": {
        "type": "Point",
        "coordinates": [
          -0.433432767546118,
          51.06254013326542
        ]
      },
      "properties": {
        "row_number": "191"
      }
    },
    {
      "type": "Feature",
      "geometry": {
        "type": "Point",
        "coordinates": [
          -0.433420035644305,
          51.06259352747671
        ]
      },
      "properties": {
        "row_number": "191"
      }
    },
    {
      "type": "Feature",
      "geometry": {
        "type": "Point",
        "coordinates": [
          -0.43340635532193,
          51.06264649348541
        ]
      },
      "properties": {
        "row_number": "191"
      }
    },
    {
      "type": "Feature",
      "geometry": {
        "type": "Point",
        "coordinates": [
          -0.433393679986209,
          51.0626994404591
        ]
      },
      "properties": {
        "row_number": "191"
      }
    },
    {
      "type": "Feature",
      "geometry": {
        "type": "Point",
        "coordinates": [
          -0.4333802149539,
          51.06275304359383
        ]
      },
      "properties": {
        "row_number": "191"
      }
    },
    {
      "type": "Feature",
      "geometry": {
        "type": "Point",
        "coordinates": [
          -0.433366587565183,
          51.06280742324025
        ]
      },
      "properties": {
        "row_number": "191"
      }
    },
    {
      "type": "Feature",
      "geometry": {
        "type": "Point",
        "coordinates": [
          -0.433353729657025,
          51.06286103008026
        ]
      },
      "properties": {
        "row_number": "191"
      }
    },
    {
      "type": "Feature",
      "geometry": {
        "type": "Point",
        "coordinates": [
          -0.433340497617281,
          51.06291429167088
        ]
      },
      "properties": {
        "row_number": "191"
      }
    },
    {
      "type": "Feature",
      "geometry": {
        "type": "Point",
        "coordinates": [
          -0.433331208957439,
          51.06295316831846
        ]
      },
      "properties": {
        "row_number": "191"
      }
    },
    {
      "type": "Feature",
      "geometry": {
        "type": "LineString",
        "coordinates": [
          [
            -0.433719018771761,
            51.06124152776913
          ],
          [
            -0.433702972272392,
            51.06131113391645
          ],
          [
            -0.433689663570071,
            51.06136507436332
          ],
          [
            -0.433676310613011,
            51.06141859241695
          ],
          [
            -0.433663609926409,
            51.06147223585675
          ],
          [
            -0.433649771920548,
            51.0615245478907
          ],
          [
            -0.433636617652273,
            51.06157853370868
          ],
          [
            -0.433623837250536,
            51.06163195785211
          ],
          [
            -0.433611188060301,
            51.06168502634479
          ],
          [
            -0.433598160262601,
            51.06173883868869
          ],
          [
            -0.433584589691454,
            51.0617914213701
          ],
          [
            -0.433571279684477,
            51.06184554167126
          ],
          [
            -0.43355871585532,
            51.06189869322642
          ],
          [
            -0.433545916324625,
            51.06195146952854
          ],
          [
            -0.433533014896479,
            51.0620038254565
          ],
          [
            -0.433519745592243,
            51.06205631406416
          ],
          [
            -0.433506882835843,
            51.06210962311106
          ],
          [
            -0.433493674383352,
            51.06216248637446
          ],
          [
            -0.433480380075138,
            51.06221620938977
          ],
          [
            -0.43346754443065,
            51.06226936858238
          ],
          [
            -0.433454191559322,
            51.06232318164815
          ],
          [
            -0.433440585378899,
            51.06237713996792
          ],
          [
            -0.433427691227772,
            51.06243023372259
          ],
          [
            -0.433414103597472,
            51.06248351272016
          ],
          [
            -0.433401175897281,
            51.06253719853736
          ],
          [
            -0.433388256334062,
            51.06259019598271
          ],
          [
            -0.433375349147862,
            51.06264306998349
          ],
          [
            -0.433362844538814,
            51.06269607607864
          ],
          [
            -0.433349653933286,
            51.0627496693573
          ],
          [
            -0.433335961097641,
            51.06280436958689
          ],
          [
            -0.433322651291463,
            51.06285739570458
          ],
          [
            -0.433309805848334,
            51.06291069329244
          ],
          [
            -0.433302078625533,
            51.06294257184168
          ]
        ]
      },
      "properties": {
        "row_number": "192"
      }
    },
    {
      "type": "Feature",
      "geometry": {
        "type": "Point",
        "coordinates": [
          -0.433719018771761,
          51.06124152776913
        ]
      },
      "properties": {
        "row_number": "192"
      }
    },
    {
      "type": "Feature",
      "geometry": {
        "type": "Point",
        "coordinates": [
          -0.433702972272392,
          51.06131113391645
        ]
      },
      "properties": {
        "row_number": "192"
      }
    },
    {
      "type": "Feature",
      "geometry": {
        "type": "Point",
        "coordinates": [
          -0.433689663570071,
          51.06136507436332
        ]
      },
      "properties": {
        "row_number": "192"
      }
    },
    {
      "type": "Feature",
      "geometry": {
        "type": "Point",
        "coordinates": [
          -0.433676310613011,
          51.06141859241695
        ]
      },
      "properties": {
        "row_number": "192"
      }
    },
    {
      "type": "Feature",
      "geometry": {
        "type": "Point",
        "coordinates": [
          -0.433663609926409,
          51.06147223585675
        ]
      },
      "properties": {
        "row_number": "192"
      }
    },
    {
      "type": "Feature",
      "geometry": {
        "type": "Point",
        "coordinates": [
          -0.433649771920548,
          51.0615245478907
        ]
      },
      "properties": {
        "row_number": "192"
      }
    },
    {
      "type": "Feature",
      "geometry": {
        "type": "Point",
        "coordinates": [
          -0.433636617652273,
          51.06157853370868
        ]
      },
      "properties": {
        "row_number": "192"
      }
    },
    {
      "type": "Feature",
      "geometry": {
        "type": "Point",
        "coordinates": [
          -0.433623837250536,
          51.06163195785211
        ]
      },
      "properties": {
        "row_number": "192"
      }
    },
    {
      "type": "Feature",
      "geometry": {
        "type": "Point",
        "coordinates": [
          -0.433611188060301,
          51.06168502634479
        ]
      },
      "properties": {
        "row_number": "192"
      }
    },
    {
      "type": "Feature",
      "geometry": {
        "type": "Point",
        "coordinates": [
          -0.433598160262601,
          51.06173883868869
        ]
      },
      "properties": {
        "row_number": "192"
      }
    },
    {
      "type": "Feature",
      "geometry": {
        "type": "Point",
        "coordinates": [
          -0.433584589691454,
          51.0617914213701
        ]
      },
      "properties": {
        "row_number": "192"
      }
    },
    {
      "type": "Feature",
      "geometry": {
        "type": "Point",
        "coordinates": [
          -0.433571279684477,
          51.06184554167126
        ]
      },
      "properties": {
        "row_number": "192"
      }
    },
    {
      "type": "Feature",
      "geometry": {
        "type": "Point",
        "coordinates": [
          -0.43355871585532,
          51.06189869322642
        ]
      },
      "properties": {
        "row_number": "192"
      }
    },
    {
      "type": "Feature",
      "geometry": {
        "type": "Point",
        "coordinates": [
          -0.433545916324625,
          51.06195146952854
        ]
      },
      "properties": {
        "row_number": "192"
      }
    },
    {
      "type": "Feature",
      "geometry": {
        "type": "Point",
        "coordinates": [
          -0.433533014896479,
          51.0620038254565
        ]
      },
      "properties": {
        "row_number": "192"
      }
    },
    {
      "type": "Feature",
      "geometry": {
        "type": "Point",
        "coordinates": [
          -0.433519745592243,
          51.06205631406416
        ]
      },
      "properties": {
        "row_number": "192"
      }
    },
    {
      "type": "Feature",
      "geometry": {
        "type": "Point",
        "coordinates": [
          -0.433506882835843,
          51.06210962311106
        ]
      },
      "properties": {
        "row_number": "192"
      }
    },
    {
      "type": "Feature",
      "geometry": {
        "type": "Point",
        "coordinates": [
          -0.433493674383352,
          51.06216248637446
        ]
      },
      "properties": {
        "row_number": "192"
      }
    },
    {
      "type": "Feature",
      "geometry": {
        "type": "Point",
        "coordinates": [
          -0.433480380075138,
          51.06221620938977
        ]
      },
      "properties": {
        "row_number": "192"
      }
    },
    {
      "type": "Feature",
      "geometry": {
        "type": "Point",
        "coordinates": [
          -0.43346754443065,
          51.06226936858238
        ]
      },
      "properties": {
        "row_number": "192"
      }
    },
    {
      "type": "Feature",
      "geometry": {
        "type": "Point",
        "coordinates": [
          -0.433454191559322,
          51.06232318164815
        ]
      },
      "properties": {
        "row_number": "192"
      }
    },
    {
      "type": "Feature",
      "geometry": {
        "type": "Point",
        "coordinates": [
          -0.433440585378899,
          51.06237713996792
        ]
      },
      "properties": {
        "row_number": "192"
      }
    },
    {
      "type": "Feature",
      "geometry": {
        "type": "Point",
        "coordinates": [
          -0.433427691227772,
          51.06243023372259
        ]
      },
      "properties": {
        "row_number": "192"
      }
    },
    {
      "type": "Feature",
      "geometry": {
        "type": "Point",
        "coordinates": [
          -0.433414103597472,
          51.06248351272016
        ]
      },
      "properties": {
        "row_number": "192"
      }
    },
    {
      "type": "Feature",
      "geometry": {
        "type": "Point",
        "coordinates": [
          -0.433401175897281,
          51.06253719853736
        ]
      },
      "properties": {
        "row_number": "192"
      }
    },
    {
      "type": "Feature",
      "geometry": {
        "type": "Point",
        "coordinates": [
          -0.433388256334062,
          51.06259019598271
        ]
      },
      "properties": {
        "row_number": "192"
      }
    },
    {
      "type": "Feature",
      "geometry": {
        "type": "Point",
        "coordinates": [
          -0.433375349147862,
          51.06264306998349
        ]
      },
      "properties": {
        "row_number": "192"
      }
    },
    {
      "type": "Feature",
      "geometry": {
        "type": "Point",
        "coordinates": [
          -0.433362844538814,
          51.06269607607864
        ]
      },
      "properties": {
        "row_number": "192"
      }
    },
    {
      "type": "Feature",
      "geometry": {
        "type": "Point",
        "coordinates": [
          -0.433349653933286,
          51.0627496693573
        ]
      },
      "properties": {
        "row_number": "192"
      }
    },
    {
      "type": "Feature",
      "geometry": {
        "type": "Point",
        "coordinates": [
          -0.433335961097641,
          51.06280436958689
        ]
      },
      "properties": {
        "row_number": "192"
      }
    },
    {
      "type": "Feature",
      "geometry": {
        "type": "Point",
        "coordinates": [
          -0.433322651291463,
          51.06285739570458
        ]
      },
      "properties": {
        "row_number": "192"
      }
    },
    {
      "type": "Feature",
      "geometry": {
        "type": "Point",
        "coordinates": [
          -0.433309805848334,
          51.06291069329244
        ]
      },
      "properties": {
        "row_number": "192"
      }
    },
    {
      "type": "Feature",
      "geometry": {
        "type": "Point",
        "coordinates": [
          -0.433302078625533,
          51.06294257184168
        ]
      },
      "properties": {
        "row_number": "192"
      }
    },
    {
      "type": "Feature",
      "geometry": {
        "type": "LineString",
        "coordinates": [
          [
            -0.43369021790489,
            51.06123554007974
          ],
          [
            -0.433671643276454,
            51.06130828706473
          ],
          [
            -0.433657960632197,
            51.06136184909798
          ],
          [
            -0.433644826305031,
            51.06141556373372
          ],
          [
            -0.433631763777351,
            51.06146878033213
          ],
          [
            -0.433619447843738,
            51.06152190622529
          ],
          [
            -0.43360625746351,
            51.06157560084605
          ],
          [
            -0.43359299052778,
            51.06162891175002
          ],
          [
            -0.433580459121088,
            51.06168194130752
          ],
          [
            -0.433567273293078,
            51.06173581768552
          ],
          [
            -0.433554161993133,
            51.06178834083072
          ],
          [
            -0.433541101678943,
            51.0618425571308
          ],
          [
            -0.433527632152229,
            51.06189557248187
          ],
          [
            -0.43351421718691,
            51.06194811363223
          ],
          [
            -0.433501488049226,
            51.06200093108839
          ],
          [
            -0.433488557715722,
            51.06205311038671
          ],
          [
            -0.433475292060867,
            51.06210644920684
          ],
          [
            -0.433462067871344,
            51.06215956303697
          ],
          [
            -0.433448855055982,
            51.06221290416157
          ],
          [
            -0.433436138234107,
            51.06226647344354
          ],
          [
            -0.433422634361327,
            51.06232015402044
          ],
          [
            -0.433409373785969,
            51.06237410728038
          ],
          [
            -0.433396297986146,
            51.06242728802562
          ],
          [
            -0.433383427409022,
            51.06248051207363
          ],
          [
            -0.43337024783427,
            51.06253421631146
          ],
          [
            -0.433357162301413,
            51.06258708665228
          ],
          [
            -0.433343958497063,
            51.06264041647471
          ],
          [
            -0.433331230667413,
            51.06269358072716
          ],
          [
            -0.433317811024276,
            51.06274697214916
          ],
          [
            -0.433304502975054,
            51.06280096854655
          ],
          [
            -0.43329132854111,
            51.06285434367387
          ],
          [
            -0.433278271243087,
            51.06290740134089
          ],
          [
            -0.433271601717875,
            51.06293219242927
          ]
        ]
      },
      "properties": {
        "row_number": "193"
      }
    },
    {
      "type": "Feature",
      "geometry": {
        "type": "Point",
        "coordinates": [
          -0.43369021790489,
          51.06123554007974
        ]
      },
      "properties": {
        "row_number": "193"
      }
    },
    {
      "type": "Feature",
      "geometry": {
        "type": "Point",
        "coordinates": [
          -0.433671643276454,
          51.06130828706473
        ]
      },
      "properties": {
        "row_number": "193"
      }
    },
    {
      "type": "Feature",
      "geometry": {
        "type": "Point",
        "coordinates": [
          -0.433657960632197,
          51.06136184909798
        ]
      },
      "properties": {
        "row_number": "193"
      }
    },
    {
      "type": "Feature",
      "geometry": {
        "type": "Point",
        "coordinates": [
          -0.433644826305031,
          51.06141556373372
        ]
      },
      "properties": {
        "row_number": "193"
      }
    },
    {
      "type": "Feature",
      "geometry": {
        "type": "Point",
        "coordinates": [
          -0.433631763777351,
          51.06146878033213
        ]
      },
      "properties": {
        "row_number": "193"
      }
    },
    {
      "type": "Feature",
      "geometry": {
        "type": "Point",
        "coordinates": [
          -0.433619447843738,
          51.06152190622529
        ]
      },
      "properties": {
        "row_number": "193"
      }
    },
    {
      "type": "Feature",
      "geometry": {
        "type": "Point",
        "coordinates": [
          -0.43360625746351,
          51.06157560084605
        ]
      },
      "properties": {
        "row_number": "193"
      }
    },
    {
      "type": "Feature",
      "geometry": {
        "type": "Point",
        "coordinates": [
          -0.43359299052778,
          51.06162891175002
        ]
      },
      "properties": {
        "row_number": "193"
      }
    },
    {
      "type": "Feature",
      "geometry": {
        "type": "Point",
        "coordinates": [
          -0.433580459121088,
          51.06168194130752
        ]
      },
      "properties": {
        "row_number": "193"
      }
    },
    {
      "type": "Feature",
      "geometry": {
        "type": "Point",
        "coordinates": [
          -0.433567273293078,
          51.06173581768552
        ]
      },
      "properties": {
        "row_number": "193"
      }
    },
    {
      "type": "Feature",
      "geometry": {
        "type": "Point",
        "coordinates": [
          -0.433554161993133,
          51.06178834083072
        ]
      },
      "properties": {
        "row_number": "193"
      }
    },
    {
      "type": "Feature",
      "geometry": {
        "type": "Point",
        "coordinates": [
          -0.433541101678943,
          51.0618425571308
        ]
      },
      "properties": {
        "row_number": "193"
      }
    },
    {
      "type": "Feature",
      "geometry": {
        "type": "Point",
        "coordinates": [
          -0.433527632152229,
          51.06189557248187
        ]
      },
      "properties": {
        "row_number": "193"
      }
    },
    {
      "type": "Feature",
      "geometry": {
        "type": "Point",
        "coordinates": [
          -0.43351421718691,
          51.06194811363223
        ]
      },
      "properties": {
        "row_number": "193"
      }
    },
    {
      "type": "Feature",
      "geometry": {
        "type": "Point",
        "coordinates": [
          -0.433501488049226,
          51.06200093108839
        ]
      },
      "properties": {
        "row_number": "193"
      }
    },
    {
      "type": "Feature",
      "geometry": {
        "type": "Point",
        "coordinates": [
          -0.433488557715722,
          51.06205311038671
        ]
      },
      "properties": {
        "row_number": "193"
      }
    },
    {
      "type": "Feature",
      "geometry": {
        "type": "Point",
        "coordinates": [
          -0.433475292060867,
          51.06210644920684
        ]
      },
      "properties": {
        "row_number": "193"
      }
    },
    {
      "type": "Feature",
      "geometry": {
        "type": "Point",
        "coordinates": [
          -0.433462067871344,
          51.06215956303697
        ]
      },
      "properties": {
        "row_number": "193"
      }
    },
    {
      "type": "Feature",
      "geometry": {
        "type": "Point",
        "coordinates": [
          -0.433448855055982,
          51.06221290416157
        ]
      },
      "properties": {
        "row_number": "193"
      }
    },
    {
      "type": "Feature",
      "geometry": {
        "type": "Point",
        "coordinates": [
          -0.433436138234107,
          51.06226647344354
        ]
      },
      "properties": {
        "row_number": "193"
      }
    },
    {
      "type": "Feature",
      "geometry": {
        "type": "Point",
        "coordinates": [
          -0.433422634361327,
          51.06232015402044
        ]
      },
      "properties": {
        "row_number": "193"
      }
    },
    {
      "type": "Feature",
      "geometry": {
        "type": "Point",
        "coordinates": [
          -0.433409373785969,
          51.06237410728038
        ]
      },
      "properties": {
        "row_number": "193"
      }
    },
    {
      "type": "Feature",
      "geometry": {
        "type": "Point",
        "coordinates": [
          -0.433396297986146,
          51.06242728802562
        ]
      },
      "properties": {
        "row_number": "193"
      }
    },
    {
      "type": "Feature",
      "geometry": {
        "type": "Point",
        "coordinates": [
          -0.433383427409022,
          51.06248051207363
        ]
      },
      "properties": {
        "row_number": "193"
      }
    },
    {
      "type": "Feature",
      "geometry": {
        "type": "Point",
        "coordinates": [
          -0.43337024783427,
          51.06253421631146
        ]
      },
      "properties": {
        "row_number": "193"
      }
    },
    {
      "type": "Feature",
      "geometry": {
        "type": "Point",
        "coordinates": [
          -0.433357162301413,
          51.06258708665228
        ]
      },
      "properties": {
        "row_number": "193"
      }
    },
    {
      "type": "Feature",
      "geometry": {
        "type": "Point",
        "coordinates": [
          -0.433343958497063,
          51.06264041647471
        ]
      },
      "properties": {
        "row_number": "193"
      }
    },
    {
      "type": "Feature",
      "geometry": {
        "type": "Point",
        "coordinates": [
          -0.433331230667413,
          51.06269358072716
        ]
      },
      "properties": {
        "row_number": "193"
      }
    },
    {
      "type": "Feature",
      "geometry": {
        "type": "Point",
        "coordinates": [
          -0.433317811024276,
          51.06274697214916
        ]
      },
      "properties": {
        "row_number": "193"
      }
    },
    {
      "type": "Feature",
      "geometry": {
        "type": "Point",
        "coordinates": [
          -0.433304502975054,
          51.06280096854655
        ]
      },
      "properties": {
        "row_number": "193"
      }
    },
    {
      "type": "Feature",
      "geometry": {
        "type": "Point",
        "coordinates": [
          -0.43329132854111,
          51.06285434367387
        ]
      },
      "properties": {
        "row_number": "193"
      }
    },
    {
      "type": "Feature",
      "geometry": {
        "type": "Point",
        "coordinates": [
          -0.433278271243087,
          51.06290740134089
        ]
      },
      "properties": {
        "row_number": "193"
      }
    },
    {
      "type": "Feature",
      "geometry": {
        "type": "Point",
        "coordinates": [
          -0.433271601717875,
          51.06293219242927
        ]
      },
      "properties": {
        "row_number": "193"
      }
    },
    {
      "type": "Feature",
      "geometry": {
        "type": "LineString",
        "coordinates": [
          [
            -0.433660424544711,
            51.06122704202288
          ],
          [
            -0.433654151437937,
            51.06125136560327
          ],
          [
            -0.433641116399208,
            51.06130494267869
          ],
          [
            -0.43362751708987,
            51.0613588637682
          ],
          [
            -0.433614767303843,
            51.0614122927468
          ],
          [
            -0.433601576511684,
            51.06146582197125
          ],
          [
            -0.433588416376303,
            51.0615186384759
          ],
          [
            -0.433575195506504,
            51.0615721409261
          ],
          [
            -0.433562650082624,
            51.06162572698856
          ],
          [
            -0.4335492471501,
            51.06167886225511
          ],
          [
            -0.4335364017206,
            51.06173285540654
          ],
          [
            -0.433523260921331,
            51.06178505877652
          ],
          [
            -0.433509167842208,
            51.06183943844302
          ],
          [
            -0.433496451862738,
            51.06189228023016
          ],
          [
            -0.433483688559384,
            51.0619449817537
          ],
          [
            -0.433471237822482,
            51.06199787711076
          ],
          [
            -0.433458367803232,
            51.06205013929458
          ],
          [
            -0.433444847465803,
            51.06210375708167
          ],
          [
            -0.433431997232565,
            51.06215672563945
          ],
          [
            -0.433418903716694,
            51.0622102055848
          ],
          [
            -0.43340563289747,
            51.06226356407323
          ],
          [
            -0.433391932687923,
            51.06231720881492
          ],
          [
            -0.433378844375489,
            51.06237105869963
          ],
          [
            -0.433365302013977,
            51.06242412144223
          ],
          [
            -0.433352258431083,
            51.06247770842592
          ],
          [
            -0.433339338090586,
            51.06253084118096
          ],
          [
            -0.433326328397423,
            51.06258364749116
          ],
          [
            -0.433313370909221,
            51.06263752223707
          ],
          [
            -0.43329989322703,
            51.06269058837307
          ],
          [
            -0.43328677151979,
            51.06274388468212
          ],
          [
            -0.433273056683723,
            51.06279808163752
          ],
          [
            -0.433260256711261,
            51.06285132054484
          ],
          [
            -0.433241995137688,
            51.0629227064932
          ]
        ]
      },
      "properties": {
        "row_number": "194"
      }
    },
    {
      "type": "Feature",
      "geometry": {
        "type": "Point",
        "coordinates": [
          -0.433660424544711,
          51.06122704202288
        ]
      },
      "properties": {
        "row_number": "194"
      }
    },
    {
      "type": "Feature",
      "geometry": {
        "type": "Point",
        "coordinates": [
          -0.433654151437937,
          51.06125136560327
        ]
      },
      "properties": {
        "row_number": "194"
      }
    },
    {
      "type": "Feature",
      "geometry": {
        "type": "Point",
        "coordinates": [
          -0.433641116399208,
          51.06130494267869
        ]
      },
      "properties": {
        "row_number": "194"
      }
    },
    {
      "type": "Feature",
      "geometry": {
        "type": "Point",
        "coordinates": [
          -0.43362751708987,
          51.0613588637682
        ]
      },
      "properties": {
        "row_number": "194"
      }
    },
    {
      "type": "Feature",
      "geometry": {
        "type": "Point",
        "coordinates": [
          -0.433614767303843,
          51.0614122927468
        ]
      },
      "properties": {
        "row_number": "194"
      }
    },
    {
      "type": "Feature",
      "geometry": {
        "type": "Point",
        "coordinates": [
          -0.433601576511684,
          51.06146582197125
        ]
      },
      "properties": {
        "row_number": "194"
      }
    },
    {
      "type": "Feature",
      "geometry": {
        "type": "Point",
        "coordinates": [
          -0.433588416376303,
          51.0615186384759
        ]
      },
      "properties": {
        "row_number": "194"
      }
    },
    {
      "type": "Feature",
      "geometry": {
        "type": "Point",
        "coordinates": [
          -0.433575195506504,
          51.0615721409261
        ]
      },
      "properties": {
        "row_number": "194"
      }
    },
    {
      "type": "Feature",
      "geometry": {
        "type": "Point",
        "coordinates": [
          -0.433562650082624,
          51.06162572698856
        ]
      },
      "properties": {
        "row_number": "194"
      }
    },
    {
      "type": "Feature",
      "geometry": {
        "type": "Point",
        "coordinates": [
          -0.4335492471501,
          51.06167886225511
        ]
      },
      "properties": {
        "row_number": "194"
      }
    },
    {
      "type": "Feature",
      "geometry": {
        "type": "Point",
        "coordinates": [
          -0.4335364017206,
          51.06173285540654
        ]
      },
      "properties": {
        "row_number": "194"
      }
    },
    {
      "type": "Feature",
      "geometry": {
        "type": "Point",
        "coordinates": [
          -0.433523260921331,
          51.06178505877652
        ]
      },
      "properties": {
        "row_number": "194"
      }
    },
    {
      "type": "Feature",
      "geometry": {
        "type": "Point",
        "coordinates": [
          -0.433509167842208,
          51.06183943844302
        ]
      },
      "properties": {
        "row_number": "194"
      }
    },
    {
      "type": "Feature",
      "geometry": {
        "type": "Point",
        "coordinates": [
          -0.433496451862738,
          51.06189228023016
        ]
      },
      "properties": {
        "row_number": "194"
      }
    },
    {
      "type": "Feature",
      "geometry": {
        "type": "Point",
        "coordinates": [
          -0.433483688559384,
          51.0619449817537
        ]
      },
      "properties": {
        "row_number": "194"
      }
    },
    {
      "type": "Feature",
      "geometry": {
        "type": "Point",
        "coordinates": [
          -0.433471237822482,
          51.06199787711076
        ]
      },
      "properties": {
        "row_number": "194"
      }
    },
    {
      "type": "Feature",
      "geometry": {
        "type": "Point",
        "coordinates": [
          -0.433458367803232,
          51.06205013929458
        ]
      },
      "properties": {
        "row_number": "194"
      }
    },
    {
      "type": "Feature",
      "geometry": {
        "type": "Point",
        "coordinates": [
          -0.433444847465803,
          51.06210375708167
        ]
      },
      "properties": {
        "row_number": "194"
      }
    },
    {
      "type": "Feature",
      "geometry": {
        "type": "Point",
        "coordinates": [
          -0.433431997232565,
          51.06215672563945
        ]
      },
      "properties": {
        "row_number": "194"
      }
    },
    {
      "type": "Feature",
      "geometry": {
        "type": "Point",
        "coordinates": [
          -0.433418903716694,
          51.0622102055848
        ]
      },
      "properties": {
        "row_number": "194"
      }
    },
    {
      "type": "Feature",
      "geometry": {
        "type": "Point",
        "coordinates": [
          -0.43340563289747,
          51.06226356407323
        ]
      },
      "properties": {
        "row_number": "194"
      }
    },
    {
      "type": "Feature",
      "geometry": {
        "type": "Point",
        "coordinates": [
          -0.433391932687923,
          51.06231720881492
        ]
      },
      "properties": {
        "row_number": "194"
      }
    },
    {
      "type": "Feature",
      "geometry": {
        "type": "Point",
        "coordinates": [
          -0.433378844375489,
          51.06237105869963
        ]
      },
      "properties": {
        "row_number": "194"
      }
    },
    {
      "type": "Feature",
      "geometry": {
        "type": "Point",
        "coordinates": [
          -0.433365302013977,
          51.06242412144223
        ]
      },
      "properties": {
        "row_number": "194"
      }
    },
    {
      "type": "Feature",
      "geometry": {
        "type": "Point",
        "coordinates": [
          -0.433352258431083,
          51.06247770842592
        ]
      },
      "properties": {
        "row_number": "194"
      }
    },
    {
      "type": "Feature",
      "geometry": {
        "type": "Point",
        "coordinates": [
          -0.433339338090586,
          51.06253084118096
        ]
      },
      "properties": {
        "row_number": "194"
      }
    },
    {
      "type": "Feature",
      "geometry": {
        "type": "Point",
        "coordinates": [
          -0.433326328397423,
          51.06258364749116
        ]
      },
      "properties": {
        "row_number": "194"
      }
    },
    {
      "type": "Feature",
      "geometry": {
        "type": "Point",
        "coordinates": [
          -0.433313370909221,
          51.06263752223707
        ]
      },
      "properties": {
        "row_number": "194"
      }
    },
    {
      "type": "Feature",
      "geometry": {
        "type": "Point",
        "coordinates": [
          -0.43329989322703,
          51.06269058837307
        ]
      },
      "properties": {
        "row_number": "194"
      }
    },
    {
      "type": "Feature",
      "geometry": {
        "type": "Point",
        "coordinates": [
          -0.43328677151979,
          51.06274388468212
        ]
      },
      "properties": {
        "row_number": "194"
      }
    },
    {
      "type": "Feature",
      "geometry": {
        "type": "Point",
        "coordinates": [
          -0.433273056683723,
          51.06279808163752
        ]
      },
      "properties": {
        "row_number": "194"
      }
    },
    {
      "type": "Feature",
      "geometry": {
        "type": "Point",
        "coordinates": [
          -0.433260256711261,
          51.06285132054484
        ]
      },
      "properties": {
        "row_number": "194"
      }
    },
    {
      "type": "Feature",
      "geometry": {
        "type": "Point",
        "coordinates": [
          -0.433241995137688,
          51.0629227064932
        ]
      },
      "properties": {
        "row_number": "194"
      }
    },
    {
      "type": "Feature",
      "geometry": {
        "type": "LineString",
        "coordinates": [
          [
            -0.433630888834253,
            51.06121906201123
          ],
          [
            -0.433623445064792,
            51.06124856578809
          ],
          [
            -0.433610099000359,
            51.06130195770982
          ],
          [
            -0.433596774888265,
            51.06135603824838
          ],
          [
            -0.433583611329143,
            51.06140925265494
          ],
          [
            -0.433570043397644,
            51.06146301240771
          ],
          [
            -0.433557759352004,
            51.06151540723615
          ],
          [
            -0.433544552084104,
            51.06156901633071
          ],
          [
            -0.433531267912062,
            51.06162226657612
          ],
          [
            -0.433517976759303,
            51.0616756370223
          ],
          [
            -0.43350499648215,
            51.06172938258543
          ],
          [
            -0.43349156819295,
            51.0617821866621
          ],
          [
            -0.433477853907362,
            51.06183656451124
          ],
          [
            -0.433465660075318,
            51.06188943532429
          ],
          [
            -0.43345318672011,
            51.06194218883257
          ],
          [
            -0.433439262531527,
            51.06199493004717
          ],
          [
            -0.433426487939303,
            51.0620471032851
          ],
          [
            -0.433413210825015,
            51.06210068908582
          ],
          [
            -0.433400143213782,
            51.06215342316736
          ],
          [
            -0.433387169047361,
            51.0622075191903
          ],
          [
            -0.433373868777316,
            51.06226062081679
          ],
          [
            -0.433361079301458,
            51.06231432456436
          ],
          [
            -0.433347668740955,
            51.0623680973023
          ],
          [
            -0.433334294486232,
            51.06242130286027
          ],
          [
            -0.433321109125668,
            51.06247468665021
          ],
          [
            -0.433308646253954,
            51.06252792077676
          ],
          [
            -0.433295002998308,
            51.06258126736071
          ],
          [
            -0.433282222769433,
            51.06263417455374
          ],
          [
            -0.433269359731778,
            51.06268766907219
          ],
          [
            -0.43325648632174,
            51.06274071573737
          ],
          [
            -0.43324297844962,
            51.06279494690585
          ],
          [
            -0.433229913120041,
            51.06284777921166
          ],
          [
            -0.433213603496849,
            51.06291277409885
          ]
        ]
      },
      "properties": {
        "row_number": "195"
      }
    },
    {
      "type": "Feature",
      "geometry": {
        "type": "Point",
        "coordinates": [
          -0.433630888834253,
          51.06121906201123
        ]
      },
      "properties": {
        "row_number": "195"
      }
    },
    {
      "type": "Feature",
      "geometry": {
        "type": "Point",
        "coordinates": [
          -0.433623445064792,
          51.06124856578809
        ]
      },
      "properties": {
        "row_number": "195"
      }
    },
    {
      "type": "Feature",
      "geometry": {
        "type": "Point",
        "coordinates": [
          -0.433610099000359,
          51.06130195770982
        ]
      },
      "properties": {
        "row_number": "195"
      }
    },
    {
      "type": "Feature",
      "geometry": {
        "type": "Point",
        "coordinates": [
          -0.433596774888265,
          51.06135603824838
        ]
      },
      "properties": {
        "row_number": "195"
      }
    },
    {
      "type": "Feature",
      "geometry": {
        "type": "Point",
        "coordinates": [
          -0.433583611329143,
          51.06140925265494
        ]
      },
      "properties": {
        "row_number": "195"
      }
    },
    {
      "type": "Feature",
      "geometry": {
        "type": "Point",
        "coordinates": [
          -0.433570043397644,
          51.06146301240771
        ]
      },
      "properties": {
        "row_number": "195"
      }
    },
    {
      "type": "Feature",
      "geometry": {
        "type": "Point",
        "coordinates": [
          -0.433557759352004,
          51.06151540723615
        ]
      },
      "properties": {
        "row_number": "195"
      }
    },
    {
      "type": "Feature",
      "geometry": {
        "type": "Point",
        "coordinates": [
          -0.433544552084104,
          51.06156901633071
        ]
      },
      "properties": {
        "row_number": "195"
      }
    },
    {
      "type": "Feature",
      "geometry": {
        "type": "Point",
        "coordinates": [
          -0.433531267912062,
          51.06162226657612
        ]
      },
      "properties": {
        "row_number": "195"
      }
    },
    {
      "type": "Feature",
      "geometry": {
        "type": "Point",
        "coordinates": [
          -0.433517976759303,
          51.0616756370223
        ]
      },
      "properties": {
        "row_number": "195"
      }
    },
    {
      "type": "Feature",
      "geometry": {
        "type": "Point",
        "coordinates": [
          -0.43350499648215,
          51.06172938258543
        ]
      },
      "properties": {
        "row_number": "195"
      }
    },
    {
      "type": "Feature",
      "geometry": {
        "type": "Point",
        "coordinates": [
          -0.43349156819295,
          51.0617821866621
        ]
      },
      "properties": {
        "row_number": "195"
      }
    },
    {
      "type": "Feature",
      "geometry": {
        "type": "Point",
        "coordinates": [
          -0.433477853907362,
          51.06183656451124
        ]
      },
      "properties": {
        "row_number": "195"
      }
    },
    {
      "type": "Feature",
      "geometry": {
        "type": "Point",
        "coordinates": [
          -0.433465660075318,
          51.06188943532429
        ]
      },
      "properties": {
        "row_number": "195"
      }
    },
    {
      "type": "Feature",
      "geometry": {
        "type": "Point",
        "coordinates": [
          -0.43345318672011,
          51.06194218883257
        ]
      },
      "properties": {
        "row_number": "195"
      }
    },
    {
      "type": "Feature",
      "geometry": {
        "type": "Point",
        "coordinates": [
          -0.433439262531527,
          51.06199493004717
        ]
      },
      "properties": {
        "row_number": "195"
      }
    },
    {
      "type": "Feature",
      "geometry": {
        "type": "Point",
        "coordinates": [
          -0.433426487939303,
          51.0620471032851
        ]
      },
      "properties": {
        "row_number": "195"
      }
    },
    {
      "type": "Feature",
      "geometry": {
        "type": "Point",
        "coordinates": [
          -0.433413210825015,
          51.06210068908582
        ]
      },
      "properties": {
        "row_number": "195"
      }
    },
    {
      "type": "Feature",
      "geometry": {
        "type": "Point",
        "coordinates": [
          -0.433400143213782,
          51.06215342316736
        ]
      },
      "properties": {
        "row_number": "195"
      }
    },
    {
      "type": "Feature",
      "geometry": {
        "type": "Point",
        "coordinates": [
          -0.433387169047361,
          51.0622075191903
        ]
      },
      "properties": {
        "row_number": "195"
      }
    },
    {
      "type": "Feature",
      "geometry": {
        "type": "Point",
        "coordinates": [
          -0.433373868777316,
          51.06226062081679
        ]
      },
      "properties": {
        "row_number": "195"
      }
    },
    {
      "type": "Feature",
      "geometry": {
        "type": "Point",
        "coordinates": [
          -0.433361079301458,
          51.06231432456436
        ]
      },
      "properties": {
        "row_number": "195"
      }
    },
    {
      "type": "Feature",
      "geometry": {
        "type": "Point",
        "coordinates": [
          -0.433347668740955,
          51.0623680973023
        ]
      },
      "properties": {
        "row_number": "195"
      }
    },
    {
      "type": "Feature",
      "geometry": {
        "type": "Point",
        "coordinates": [
          -0.433334294486232,
          51.06242130286027
        ]
      },
      "properties": {
        "row_number": "195"
      }
    },
    {
      "type": "Feature",
      "geometry": {
        "type": "Point",
        "coordinates": [
          -0.433321109125668,
          51.06247468665021
        ]
      },
      "properties": {
        "row_number": "195"
      }
    },
    {
      "type": "Feature",
      "geometry": {
        "type": "Point",
        "coordinates": [
          -0.433308646253954,
          51.06252792077676
        ]
      },
      "properties": {
        "row_number": "195"
      }
    },
    {
      "type": "Feature",
      "geometry": {
        "type": "Point",
        "coordinates": [
          -0.433295002998308,
          51.06258126736071
        ]
      },
      "properties": {
        "row_number": "195"
      }
    },
    {
      "type": "Feature",
      "geometry": {
        "type": "Point",
        "coordinates": [
          -0.433282222769433,
          51.06263417455374
        ]
      },
      "properties": {
        "row_number": "195"
      }
    },
    {
      "type": "Feature",
      "geometry": {
        "type": "Point",
        "coordinates": [
          -0.433269359731778,
          51.06268766907219
        ]
      },
      "properties": {
        "row_number": "195"
      }
    },
    {
      "type": "Feature",
      "geometry": {
        "type": "Point",
        "coordinates": [
          -0.43325648632174,
          51.06274071573737
        ]
      },
      "properties": {
        "row_number": "195"
      }
    },
    {
      "type": "Feature",
      "geometry": {
        "type": "Point",
        "coordinates": [
          -0.43324297844962,
          51.06279494690585
        ]
      },
      "properties": {
        "row_number": "195"
      }
    },
    {
      "type": "Feature",
      "geometry": {
        "type": "Point",
        "coordinates": [
          -0.433229913120041,
          51.06284777921166
        ]
      },
      "properties": {
        "row_number": "195"
      }
    },
    {
      "type": "Feature",
      "geometry": {
        "type": "Point",
        "coordinates": [
          -0.433213603496849,
          51.06291277409885
        ]
      },
      "properties": {
        "row_number": "195"
      }
    },
    {
      "type": "Feature",
      "geometry": {
        "type": "LineString",
        "coordinates": [
          [
            -0.433601486309299,
            51.06121082242781
          ],
          [
            -0.433592629385025,
            51.06124552477529
          ],
          [
            -0.433579367923635,
            51.0612988742616
          ],
          [
            -0.433566384440127,
            51.06135302873934
          ],
          [
            -0.433552818599316,
            51.0614062224987
          ],
          [
            -0.433539667506162,
            51.06145960589164
          ],
          [
            -0.433526661376389,
            51.06151241087095
          ],
          [
            -0.433513614508683,
            51.06156628251318
          ],
          [
            -0.433500367696096,
            51.0616196327612
          ],
          [
            -0.433487071922154,
            51.06167267023761
          ],
          [
            -0.433474587093703,
            51.06172608523939
          ],
          [
            -0.433461304376856,
            51.06177926373156
          ],
          [
            -0.433447884705562,
            51.0618331360315
          ],
          [
            -0.433434463604871,
            51.06188611227613
          ],
          [
            -0.433421559701506,
            51.06193909717013
          ],
          [
            -0.433409060663281,
            51.06199185615458
          ],
          [
            -0.43339559788419,
            51.06204402542785
          ],
          [
            -0.433382228363679,
            51.06209738466931
          ],
          [
            -0.43336920090173,
            51.06215040441123
          ],
          [
            -0.433356213851375,
            51.06220428318012
          ],
          [
            -0.433343213996402,
            51.06225754420243
          ],
          [
            -0.433329806290597,
            51.06231128643513
          ],
          [
            -0.433316667241068,
            51.06236498454861
          ],
          [
            -0.433303945635879,
            51.06241827534846
          ],
          [
            -0.433290340356076,
            51.06247146182724
          ],
          [
            -0.433277073784435,
            51.06252499866945
          ],
          [
            -0.433264441148478,
            51.06257795867191
          ],
          [
            -0.433251287420371,
            51.06263155281819
          ],
          [
            -0.433238131973459,
            51.06268466262318
          ],
          [
            -0.433225279910905,
            51.06273778666191
          ],
          [
            -0.433211422934139,
            51.06279199920461
          ],
          [
            -0.433198047011549,
            51.06284475992724
          ],
          [
            -0.433183567898481,
            51.06290282427928
          ]
        ]
      },
      "properties": {
        "row_number": "196"
      }
    },
    {
      "type": "Feature",
      "geometry": {
        "type": "Point",
        "coordinates": [
          -0.433601486309299,
          51.06121082242781
        ]
      },
      "properties": {
        "row_number": "196"
      }
    },
    {
      "type": "Feature",
      "geometry": {
        "type": "Point",
        "coordinates": [
          -0.433592629385025,
          51.06124552477529
        ]
      },
      "properties": {
        "row_number": "196"
      }
    },
    {
      "type": "Feature",
      "geometry": {
        "type": "Point",
        "coordinates": [
          -0.433579367923635,
          51.0612988742616
        ]
      },
      "properties": {
        "row_number": "196"
      }
    },
    {
      "type": "Feature",
      "geometry": {
        "type": "Point",
        "coordinates": [
          -0.433566384440127,
          51.06135302873934
        ]
      },
      "properties": {
        "row_number": "196"
      }
    },
    {
      "type": "Feature",
      "geometry": {
        "type": "Point",
        "coordinates": [
          -0.433552818599316,
          51.0614062224987
        ]
      },
      "properties": {
        "row_number": "196"
      }
    },
    {
      "type": "Feature",
      "geometry": {
        "type": "Point",
        "coordinates": [
          -0.433539667506162,
          51.06145960589164
        ]
      },
      "properties": {
        "row_number": "196"
      }
    },
    {
      "type": "Feature",
      "geometry": {
        "type": "Point",
        "coordinates": [
          -0.433526661376389,
          51.06151241087095
        ]
      },
      "properties": {
        "row_number": "196"
      }
    },
    {
      "type": "Feature",
      "geometry": {
        "type": "Point",
        "coordinates": [
          -0.433513614508683,
          51.06156628251318
        ]
      },
      "properties": {
        "row_number": "196"
      }
    },
    {
      "type": "Feature",
      "geometry": {
        "type": "Point",
        "coordinates": [
          -0.433500367696096,
          51.0616196327612
        ]
      },
      "properties": {
        "row_number": "196"
      }
    },
    {
      "type": "Feature",
      "geometry": {
        "type": "Point",
        "coordinates": [
          -0.433487071922154,
          51.06167267023761
        ]
      },
      "properties": {
        "row_number": "196"
      }
    },
    {
      "type": "Feature",
      "geometry": {
        "type": "Point",
        "coordinates": [
          -0.433474587093703,
          51.06172608523939
        ]
      },
      "properties": {
        "row_number": "196"
      }
    },
    {
      "type": "Feature",
      "geometry": {
        "type": "Point",
        "coordinates": [
          -0.433461304376856,
          51.06177926373156
        ]
      },
      "properties": {
        "row_number": "196"
      }
    },
    {
      "type": "Feature",
      "geometry": {
        "type": "Point",
        "coordinates": [
          -0.433447884705562,
          51.0618331360315
        ]
      },
      "properties": {
        "row_number": "196"
      }
    },
    {
      "type": "Feature",
      "geometry": {
        "type": "Point",
        "coordinates": [
          -0.433434463604871,
          51.06188611227613
        ]
      },
      "properties": {
        "row_number": "196"
      }
    },
    {
      "type": "Feature",
      "geometry": {
        "type": "Point",
        "coordinates": [
          -0.433421559701506,
          51.06193909717013
        ]
      },
      "properties": {
        "row_number": "196"
      }
    },
    {
      "type": "Feature",
      "geometry": {
        "type": "Point",
        "coordinates": [
          -0.433409060663281,
          51.06199185615458
        ]
      },
      "properties": {
        "row_number": "196"
      }
    },
    {
      "type": "Feature",
      "geometry": {
        "type": "Point",
        "coordinates": [
          -0.43339559788419,
          51.06204402542785
        ]
      },
      "properties": {
        "row_number": "196"
      }
    },
    {
      "type": "Feature",
      "geometry": {
        "type": "Point",
        "coordinates": [
          -0.433382228363679,
          51.06209738466931
        ]
      },
      "properties": {
        "row_number": "196"
      }
    },
    {
      "type": "Feature",
      "geometry": {
        "type": "Point",
        "coordinates": [
          -0.43336920090173,
          51.06215040441123
        ]
      },
      "properties": {
        "row_number": "196"
      }
    },
    {
      "type": "Feature",
      "geometry": {
        "type": "Point",
        "coordinates": [
          -0.433356213851375,
          51.06220428318012
        ]
      },
      "properties": {
        "row_number": "196"
      }
    },
    {
      "type": "Feature",
      "geometry": {
        "type": "Point",
        "coordinates": [
          -0.433343213996402,
          51.06225754420243
        ]
      },
      "properties": {
        "row_number": "196"
      }
    },
    {
      "type": "Feature",
      "geometry": {
        "type": "Point",
        "coordinates": [
          -0.433329806290597,
          51.06231128643513
        ]
      },
      "properties": {
        "row_number": "196"
      }
    },
    {
      "type": "Feature",
      "geometry": {
        "type": "Point",
        "coordinates": [
          -0.433316667241068,
          51.06236498454861
        ]
      },
      "properties": {
        "row_number": "196"
      }
    },
    {
      "type": "Feature",
      "geometry": {
        "type": "Point",
        "coordinates": [
          -0.433303945635879,
          51.06241827534846
        ]
      },
      "properties": {
        "row_number": "196"
      }
    },
    {
      "type": "Feature",
      "geometry": {
        "type": "Point",
        "coordinates": [
          -0.433290340356076,
          51.06247146182724
        ]
      },
      "properties": {
        "row_number": "196"
      }
    },
    {
      "type": "Feature",
      "geometry": {
        "type": "Point",
        "coordinates": [
          -0.433277073784435,
          51.06252499866945
        ]
      },
      "properties": {
        "row_number": "196"
      }
    },
    {
      "type": "Feature",
      "geometry": {
        "type": "Point",
        "coordinates": [
          -0.433264441148478,
          51.06257795867191
        ]
      },
      "properties": {
        "row_number": "196"
      }
    },
    {
      "type": "Feature",
      "geometry": {
        "type": "Point",
        "coordinates": [
          -0.433251287420371,
          51.06263155281819
        ]
      },
      "properties": {
        "row_number": "196"
      }
    },
    {
      "type": "Feature",
      "geometry": {
        "type": "Point",
        "coordinates": [
          -0.433238131973459,
          51.06268466262318
        ]
      },
      "properties": {
        "row_number": "196"
      }
    },
    {
      "type": "Feature",
      "geometry": {
        "type": "Point",
        "coordinates": [
          -0.433225279910905,
          51.06273778666191
        ]
      },
      "properties": {
        "row_number": "196"
      }
    },
    {
      "type": "Feature",
      "geometry": {
        "type": "Point",
        "coordinates": [
          -0.433211422934139,
          51.06279199920461
        ]
      },
      "properties": {
        "row_number": "196"
      }
    },
    {
      "type": "Feature",
      "geometry": {
        "type": "Point",
        "coordinates": [
          -0.433198047011549,
          51.06284475992724
        ]
      },
      "properties": {
        "row_number": "196"
      }
    },
    {
      "type": "Feature",
      "geometry": {
        "type": "Point",
        "coordinates": [
          -0.433183567898481,
          51.06290282427928
        ]
      },
      "properties": {
        "row_number": "196"
      }
    },
    {
      "type": "Feature",
      "geometry": {
        "type": "LineString",
        "coordinates": [
          [
            -0.433571598229328,
            51.06120448681614
          ],
          [
            -0.433562187910943,
            51.06124266266694
          ],
          [
            -0.4335485781804,
            51.06129628066162
          ],
          [
            -0.433535363808424,
            51.06134991712049
          ],
          [
            -0.433522221394587,
            51.06140326613411
          ],
          [
            -0.433508986875266,
            51.06145678736363
          ],
          [
            -0.433495782222615,
            51.06150934292905
          ],
          [
            -0.433482325493224,
            51.06156317457263
          ],
          [
            -0.433469336545787,
            51.06161628825605
          ],
          [
            -0.433456655470317,
            51.06166958114487
          ],
          [
            -0.433443511508478,
            51.06172302580353
          ],
          [
            -0.433430440787212,
            51.06177605144189
          ],
          [
            -0.433417331826775,
            51.06183011354412
          ],
          [
            -0.433403805579693,
            51.0618830340487
          ],
          [
            -0.433390699122014,
            51.06193585094512
          ],
          [
            -0.433378365107424,
            51.06198886717976
          ],
          [
            -0.433364734237451,
            51.06204143328455
          ],
          [
            -0.433351954311154,
            51.06209480020563
          ],
          [
            -0.433339026997714,
            51.06214762857611
          ],
          [
            -0.433325729150331,
            51.0622013664531
          ],
          [
            -0.43331233616589,
            51.06225476083853
          ],
          [
            -0.43329924588525,
            51.06230822899339
          ],
          [
            -0.433286153924135,
            51.06236202661587
          ],
          [
            -0.433273048542655,
            51.06241499949788
          ],
          [
            -0.433259824976593,
            51.06246876144652
          ],
          [
            -0.433247788293583,
            51.06252176012053
          ],
          [
            -0.433234219533767,
            51.06257547962993
          ],
          [
            -0.433221373253847,
            51.0626285402159
          ],
          [
            -0.433207705432692,
            51.06268151896712
          ],
          [
            -0.433194442216827,
            51.06273493112426
          ],
          [
            -0.433180946446106,
            51.06278946039272
          ],
          [
            -0.433168324312787,
            51.06284156077649
          ],
          [
            -0.433155504508529,
            51.0628923960781
          ]
        ]
      },
      "properties": {
        "row_number": "197"
      }
    },
    {
      "type": "Feature",
      "geometry": {
        "type": "Point",
        "coordinates": [
          -0.433571598229328,
          51.06120448681614
        ]
      },
      "properties": {
        "row_number": "197"
      }
    },
    {
      "type": "Feature",
      "geometry": {
        "type": "Point",
        "coordinates": [
          -0.433562187910943,
          51.06124266266694
        ]
      },
      "properties": {
        "row_number": "197"
      }
    },
    {
      "type": "Feature",
      "geometry": {
        "type": "Point",
        "coordinates": [
          -0.4335485781804,
          51.06129628066162
        ]
      },
      "properties": {
        "row_number": "197"
      }
    },
    {
      "type": "Feature",
      "geometry": {
        "type": "Point",
        "coordinates": [
          -0.433535363808424,
          51.06134991712049
        ]
      },
      "properties": {
        "row_number": "197"
      }
    },
    {
      "type": "Feature",
      "geometry": {
        "type": "Point",
        "coordinates": [
          -0.433522221394587,
          51.06140326613411
        ]
      },
      "properties": {
        "row_number": "197"
      }
    },
    {
      "type": "Feature",
      "geometry": {
        "type": "Point",
        "coordinates": [
          -0.433508986875266,
          51.06145678736363
        ]
      },
      "properties": {
        "row_number": "197"
      }
    },
    {
      "type": "Feature",
      "geometry": {
        "type": "Point",
        "coordinates": [
          -0.433495782222615,
          51.06150934292905
        ]
      },
      "properties": {
        "row_number": "197"
      }
    },
    {
      "type": "Feature",
      "geometry": {
        "type": "Point",
        "coordinates": [
          -0.433482325493224,
          51.06156317457263
        ]
      },
      "properties": {
        "row_number": "197"
      }
    },
    {
      "type": "Feature",
      "geometry": {
        "type": "Point",
        "coordinates": [
          -0.433469336545787,
          51.06161628825605
        ]
      },
      "properties": {
        "row_number": "197"
      }
    },
    {
      "type": "Feature",
      "geometry": {
        "type": "Point",
        "coordinates": [
          -0.433456655470317,
          51.06166958114487
        ]
      },
      "properties": {
        "row_number": "197"
      }
    },
    {
      "type": "Feature",
      "geometry": {
        "type": "Point",
        "coordinates": [
          -0.433443511508478,
          51.06172302580353
        ]
      },
      "properties": {
        "row_number": "197"
      }
    },
    {
      "type": "Feature",
      "geometry": {
        "type": "Point",
        "coordinates": [
          -0.433430440787212,
          51.06177605144189
        ]
      },
      "properties": {
        "row_number": "197"
      }
    },
    {
      "type": "Feature",
      "geometry": {
        "type": "Point",
        "coordinates": [
          -0.433417331826775,
          51.06183011354412
        ]
      },
      "properties": {
        "row_number": "197"
      }
    },
    {
      "type": "Feature",
      "geometry": {
        "type": "Point",
        "coordinates": [
          -0.433403805579693,
          51.0618830340487
        ]
      },
      "properties": {
        "row_number": "197"
      }
    },
    {
      "type": "Feature",
      "geometry": {
        "type": "Point",
        "coordinates": [
          -0.433390699122014,
          51.06193585094512
        ]
      },
      "properties": {
        "row_number": "197"
      }
    },
    {
      "type": "Feature",
      "geometry": {
        "type": "Point",
        "coordinates": [
          -0.433378365107424,
          51.06198886717976
        ]
      },
      "properties": {
        "row_number": "197"
      }
    },
    {
      "type": "Feature",
      "geometry": {
        "type": "Point",
        "coordinates": [
          -0.433364734237451,
          51.06204143328455
        ]
      },
      "properties": {
        "row_number": "197"
      }
    },
    {
      "type": "Feature",
      "geometry": {
        "type": "Point",
        "coordinates": [
          -0.433351954311154,
          51.06209480020563
        ]
      },
      "properties": {
        "row_number": "197"
      }
    },
    {
      "type": "Feature",
      "geometry": {
        "type": "Point",
        "coordinates": [
          -0.433339026997714,
          51.06214762857611
        ]
      },
      "properties": {
        "row_number": "197"
      }
    },
    {
      "type": "Feature",
      "geometry": {
        "type": "Point",
        "coordinates": [
          -0.433325729150331,
          51.0622013664531
        ]
      },
      "properties": {
        "row_number": "197"
      }
    },
    {
      "type": "Feature",
      "geometry": {
        "type": "Point",
        "coordinates": [
          -0.43331233616589,
          51.06225476083853
        ]
      },
      "properties": {
        "row_number": "197"
      }
    },
    {
      "type": "Feature",
      "geometry": {
        "type": "Point",
        "coordinates": [
          -0.43329924588525,
          51.06230822899339
        ]
      },
      "properties": {
        "row_number": "197"
      }
    },
    {
      "type": "Feature",
      "geometry": {
        "type": "Point",
        "coordinates": [
          -0.433286153924135,
          51.06236202661587
        ]
      },
      "properties": {
        "row_number": "197"
      }
    },
    {
      "type": "Feature",
      "geometry": {
        "type": "Point",
        "coordinates": [
          -0.433273048542655,
          51.06241499949788
        ]
      },
      "properties": {
        "row_number": "197"
      }
    },
    {
      "type": "Feature",
      "geometry": {
        "type": "Point",
        "coordinates": [
          -0.433259824976593,
          51.06246876144652
        ]
      },
      "properties": {
        "row_number": "197"
      }
    },
    {
      "type": "Feature",
      "geometry": {
        "type": "Point",
        "coordinates": [
          -0.433247788293583,
          51.06252176012053
        ]
      },
      "properties": {
        "row_number": "197"
      }
    },
    {
      "type": "Feature",
      "geometry": {
        "type": "Point",
        "coordinates": [
          -0.433234219533767,
          51.06257547962993
        ]
      },
      "properties": {
        "row_number": "197"
      }
    },
    {
      "type": "Feature",
      "geometry": {
        "type": "Point",
        "coordinates": [
          -0.433221373253847,
          51.0626285402159
        ]
      },
      "properties": {
        "row_number": "197"
      }
    },
    {
      "type": "Feature",
      "geometry": {
        "type": "Point",
        "coordinates": [
          -0.433207705432692,
          51.06268151896712
        ]
      },
      "properties": {
        "row_number": "197"
      }
    },
    {
      "type": "Feature",
      "geometry": {
        "type": "Point",
        "coordinates": [
          -0.433194442216827,
          51.06273493112426
        ]
      },
      "properties": {
        "row_number": "197"
      }
    },
    {
      "type": "Feature",
      "geometry": {
        "type": "Point",
        "coordinates": [
          -0.433180946446106,
          51.06278946039272
        ]
      },
      "properties": {
        "row_number": "197"
      }
    },
    {
      "type": "Feature",
      "geometry": {
        "type": "Point",
        "coordinates": [
          -0.433168324312787,
          51.06284156077649
        ]
      },
      "properties": {
        "row_number": "197"
      }
    },
    {
      "type": "Feature",
      "geometry": {
        "type": "Point",
        "coordinates": [
          -0.433155504508529,
          51.0628923960781
        ]
      },
      "properties": {
        "row_number": "197"
      }
    },
    {
      "type": "Feature",
      "geometry": {
        "type": "LineString",
        "coordinates": [
          [
            -0.433540355274744,
            51.06120007810298
          ],
          [
            -0.43353068121627,
            51.06123903272024
          ],
          [
            -0.43351763550296,
            51.06129319426221
          ],
          [
            -0.433504585311453,
            51.06134688272324
          ],
          [
            -0.433491570885336,
            51.0613999222636
          ],
          [
            -0.433478387436823,
            51.06145360061161
          ],
          [
            -0.433465002728561,
            51.06150604942746
          ],
          [
            -0.433452097538125,
            51.06155984130925
          ],
          [
            -0.433438633042067,
            51.06161346167356
          ],
          [
            -0.43342569597473,
            51.06166652967052
          ],
          [
            -0.433412285022621,
            51.06171970293171
          ],
          [
            -0.433399082958659,
            51.06177285185841
          ],
          [
            -0.43338627240602,
            51.06182698441045
          ],
          [
            -0.433373760682543,
            51.06188012443032
          ],
          [
            -0.433360012681905,
            51.06193311839893
          ],
          [
            -0.433347060063887,
            51.0619859586477
          ],
          [
            -0.433334464108948,
            51.06203868665563
          ],
          [
            -0.433321553990993,
            51.06209182619999
          ],
          [
            -0.433308316216057,
            51.06214477069678
          ],
          [
            -0.43329492817588,
            51.06219877274561
          ],
          [
            -0.433282114278077,
            51.06225186611723
          ],
          [
            -0.433268650636116,
            51.0623055979694
          ],
          [
            -0.433255450287482,
            51.06235917026692
          ],
          [
            -0.433242762119386,
            51.06241189985133
          ],
          [
            -0.433229243691349,
            51.06246522458088
          ],
          [
            -0.433215659570521,
            51.06251869035037
          ],
          [
            -0.433202327300612,
            51.06257182785549
          ],
          [
            -0.43318955338109,
            51.06262501247692
          ],
          [
            -0.433176684239238,
            51.06267876979172
          ],
          [
            -0.433163633479985,
            51.06273200263105
          ],
          [
            -0.433150158565221,
            51.06278592755118
          ],
          [
            -0.433137391628893,
            51.06283857455374
          ],
          [
            -0.433126322571562,
            51.06288343443359
          ]
        ]
      },
      "properties": {
        "row_number": "198"
      }
    },
    {
      "type": "Feature",
      "geometry": {
        "type": "Point",
        "coordinates": [
          -0.433540355274744,
          51.06120007810298
        ]
      },
      "properties": {
        "row_number": "198"
      }
    },
    {
      "type": "Feature",
      "geometry": {
        "type": "Point",
        "coordinates": [
          -0.43353068121627,
          51.06123903272024
        ]
      },
      "properties": {
        "row_number": "198"
      }
    },
    {
      "type": "Feature",
      "geometry": {
        "type": "Point",
        "coordinates": [
          -0.43351763550296,
          51.06129319426221
        ]
      },
      "properties": {
        "row_number": "198"
      }
    },
    {
      "type": "Feature",
      "geometry": {
        "type": "Point",
        "coordinates": [
          -0.433504585311453,
          51.06134688272324
        ]
      },
      "properties": {
        "row_number": "198"
      }
    },
    {
      "type": "Feature",
      "geometry": {
        "type": "Point",
        "coordinates": [
          -0.433491570885336,
          51.0613999222636
        ]
      },
      "properties": {
        "row_number": "198"
      }
    },
    {
      "type": "Feature",
      "geometry": {
        "type": "Point",
        "coordinates": [
          -0.433478387436823,
          51.06145360061161
        ]
      },
      "properties": {
        "row_number": "198"
      }
    },
    {
      "type": "Feature",
      "geometry": {
        "type": "Point",
        "coordinates": [
          -0.433465002728561,
          51.06150604942746
        ]
      },
      "properties": {
        "row_number": "198"
      }
    },
    {
      "type": "Feature",
      "geometry": {
        "type": "Point",
        "coordinates": [
          -0.433452097538125,
          51.06155984130925
        ]
      },
      "properties": {
        "row_number": "198"
      }
    },
    {
      "type": "Feature",
      "geometry": {
        "type": "Point",
        "coordinates": [
          -0.433438633042067,
          51.06161346167356
        ]
      },
      "properties": {
        "row_number": "198"
      }
    },
    {
      "type": "Feature",
      "geometry": {
        "type": "Point",
        "coordinates": [
          -0.43342569597473,
          51.06166652967052
        ]
      },
      "properties": {
        "row_number": "198"
      }
    },
    {
      "type": "Feature",
      "geometry": {
        "type": "Point",
        "coordinates": [
          -0.433412285022621,
          51.06171970293171
        ]
      },
      "properties": {
        "row_number": "198"
      }
    },
    {
      "type": "Feature",
      "geometry": {
        "type": "Point",
        "coordinates": [
          -0.433399082958659,
          51.06177285185841
        ]
      },
      "properties": {
        "row_number": "198"
      }
    },
    {
      "type": "Feature",
      "geometry": {
        "type": "Point",
        "coordinates": [
          -0.43338627240602,
          51.06182698441045
        ]
      },
      "properties": {
        "row_number": "198"
      }
    },
    {
      "type": "Feature",
      "geometry": {
        "type": "Point",
        "coordinates": [
          -0.433373760682543,
          51.06188012443032
        ]
      },
      "properties": {
        "row_number": "198"
      }
    },
    {
      "type": "Feature",
      "geometry": {
        "type": "Point",
        "coordinates": [
          -0.433360012681905,
          51.06193311839893
        ]
      },
      "properties": {
        "row_number": "198"
      }
    },
    {
      "type": "Feature",
      "geometry": {
        "type": "Point",
        "coordinates": [
          -0.433347060063887,
          51.0619859586477
        ]
      },
      "properties": {
        "row_number": "198"
      }
    },
    {
      "type": "Feature",
      "geometry": {
        "type": "Point",
        "coordinates": [
          -0.433334464108948,
          51.06203868665563
        ]
      },
      "properties": {
        "row_number": "198"
      }
    },
    {
      "type": "Feature",
      "geometry": {
        "type": "Point",
        "coordinates": [
          -0.433321553990993,
          51.06209182619999
        ]
      },
      "properties": {
        "row_number": "198"
      }
    },
    {
      "type": "Feature",
      "geometry": {
        "type": "Point",
        "coordinates": [
          -0.433308316216057,
          51.06214477069678
        ]
      },
      "properties": {
        "row_number": "198"
      }
    },
    {
      "type": "Feature",
      "geometry": {
        "type": "Point",
        "coordinates": [
          -0.43329492817588,
          51.06219877274561
        ]
      },
      "properties": {
        "row_number": "198"
      }
    },
    {
      "type": "Feature",
      "geometry": {
        "type": "Point",
        "coordinates": [
          -0.433282114278077,
          51.06225186611723
        ]
      },
      "properties": {
        "row_number": "198"
      }
    },
    {
      "type": "Feature",
      "geometry": {
        "type": "Point",
        "coordinates": [
          -0.433268650636116,
          51.0623055979694
        ]
      },
      "properties": {
        "row_number": "198"
      }
    },
    {
      "type": "Feature",
      "geometry": {
        "type": "Point",
        "coordinates": [
          -0.433255450287482,
          51.06235917026692
        ]
      },
      "properties": {
        "row_number": "198"
      }
    },
    {
      "type": "Feature",
      "geometry": {
        "type": "Point",
        "coordinates": [
          -0.433242762119386,
          51.06241189985133
        ]
      },
      "properties": {
        "row_number": "198"
      }
    },
    {
      "type": "Feature",
      "geometry": {
        "type": "Point",
        "coordinates": [
          -0.433229243691349,
          51.06246522458088
        ]
      },
      "properties": {
        "row_number": "198"
      }
    },
    {
      "type": "Feature",
      "geometry": {
        "type": "Point",
        "coordinates": [
          -0.433215659570521,
          51.06251869035037
        ]
      },
      "properties": {
        "row_number": "198"
      }
    },
    {
      "type": "Feature",
      "geometry": {
        "type": "Point",
        "coordinates": [
          -0.433202327300612,
          51.06257182785549
        ]
      },
      "properties": {
        "row_number": "198"
      }
    },
    {
      "type": "Feature",
      "geometry": {
        "type": "Point",
        "coordinates": [
          -0.43318955338109,
          51.06262501247692
        ]
      },
      "properties": {
        "row_number": "198"
      }
    },
    {
      "type": "Feature",
      "geometry": {
        "type": "Point",
        "coordinates": [
          -0.433176684239238,
          51.06267876979172
        ]
      },
      "properties": {
        "row_number": "198"
      }
    },
    {
      "type": "Feature",
      "geometry": {
        "type": "Point",
        "coordinates": [
          -0.433163633479985,
          51.06273200263105
        ]
      },
      "properties": {
        "row_number": "198"
      }
    },
    {
      "type": "Feature",
      "geometry": {
        "type": "Point",
        "coordinates": [
          -0.433150158565221,
          51.06278592755118
        ]
      },
      "properties": {
        "row_number": "198"
      }
    },
    {
      "type": "Feature",
      "geometry": {
        "type": "Point",
        "coordinates": [
          -0.433137391628893,
          51.06283857455374
        ]
      },
      "properties": {
        "row_number": "198"
      }
    },
    {
      "type": "Feature",
      "geometry": {
        "type": "Point",
        "coordinates": [
          -0.433126322571562,
          51.06288343443359
        ]
      },
      "properties": {
        "row_number": "198"
      }
    },
    {
      "type": "Feature",
      "geometry": {
        "type": "LineString",
        "coordinates": [
          [
            -0.433510667130841,
            51.06119200300596
          ],
          [
            -0.433499807359279,
            51.06123666878734
          ],
          [
            -0.433486488377222,
            51.0612897916951
          ],
          [
            -0.433473176202919,
            51.06134397005665
          ],
          [
            -0.433460027307966,
            51.0613967429161
          ],
          [
            -0.433446592758353,
            51.06145050386283
          ],
          [
            -0.433433782604995,
            51.06150299374755
          ],
          [
            -0.433421115069994,
            51.06155693472963
          ],
          [
            -0.433408048781423,
            51.06161026068612
          ],
          [
            -0.433394954449904,
            51.06166310056923
          ],
          [
            -0.433381929079781,
            51.06171685147804
          ],
          [
            -0.433368606245046,
            51.06176966783556
          ],
          [
            -0.433355103014952,
            51.06182381643889
          ],
          [
            -0.433341616795051,
            51.06187674254682
          ],
          [
            -0.43332882242171,
            51.06192980284314
          ],
          [
            -0.433316231173246,
            51.06198266102597
          ],
          [
            -0.433302617944662,
            51.06203549883978
          ],
          [
            -0.433289778226473,
            51.06208874723886
          ],
          [
            -0.433276812059453,
            51.06214273810181
          ],
          [
            -0.433263878659622,
            51.06219545157439
          ],
          [
            -0.43325111329086,
            51.06224870747252
          ],
          [
            -0.433238091431669,
            51.06230234393323
          ],
          [
            -0.433224208227783,
            51.06235581371088
          ],
          [
            -0.433211481925351,
            51.06240877505475
          ],
          [
            -0.433198021663506,
            51.06246262492703
          ],
          [
            -0.433185046223803,
            51.06251593553428
          ],
          [
            -0.433172188101536,
            51.06256887628575
          ],
          [
            -0.433158979652062,
            51.0626221022322
          ],
          [
            -0.433145909217607,
            51.06267549532306
          ],
          [
            -0.43313256499548,
            51.06272865580856
          ],
          [
            -0.433119305495901,
            51.06278303376398
          ],
          [
            -0.433106547823263,
            51.06283574198368
          ],
          [
            -0.433097005485423,
            51.06287362153706
          ]
        ]
      },
      "properties": {
        "row_number": "199"
      }
    },
    {
      "type": "Feature",
      "geometry": {
        "type": "Point",
        "coordinates": [
          -0.433510667130841,
          51.06119200300596
        ]
      },
      "properties": {
        "row_number": "199"
      }
    },
    {
      "type": "Feature",
      "geometry": {
        "type": "Point",
        "coordinates": [
          -0.433499807359279,
          51.06123666878734
        ]
      },
      "properties": {
        "row_number": "199"
      }
    },
    {
      "type": "Feature",
      "geometry": {
        "type": "Point",
        "coordinates": [
          -0.433486488377222,
          51.0612897916951
        ]
      },
      "properties": {
        "row_number": "199"
      }
    },
    {
      "type": "Feature",
      "geometry": {
        "type": "Point",
        "coordinates": [
          -0.433473176202919,
          51.06134397005665
        ]
      },
      "properties": {
        "row_number": "199"
      }
    },
    {
      "type": "Feature",
      "geometry": {
        "type": "Point",
        "coordinates": [
          -0.433460027307966,
          51.0613967429161
        ]
      },
      "properties": {
        "row_number": "199"
      }
    },
    {
      "type": "Feature",
      "geometry": {
        "type": "Point",
        "coordinates": [
          -0.433446592758353,
          51.06145050386283
        ]
      },
      "properties": {
        "row_number": "199"
      }
    },
    {
      "type": "Feature",
      "geometry": {
        "type": "Point",
        "coordinates": [
          -0.433433782604995,
          51.06150299374755
        ]
      },
      "properties": {
        "row_number": "199"
      }
    },
    {
      "type": "Feature",
      "geometry": {
        "type": "Point",
        "coordinates": [
          -0.433421115069994,
          51.06155693472963
        ]
      },
      "properties": {
        "row_number": "199"
      }
    },
    {
      "type": "Feature",
      "geometry": {
        "type": "Point",
        "coordinates": [
          -0.433408048781423,
          51.06161026068612
        ]
      },
      "properties": {
        "row_number": "199"
      }
    },
    {
      "type": "Feature",
      "geometry": {
        "type": "Point",
        "coordinates": [
          -0.433394954449904,
          51.06166310056923
        ]
      },
      "properties": {
        "row_number": "199"
      }
    },
    {
      "type": "Feature",
      "geometry": {
        "type": "Point",
        "coordinates": [
          -0.433381929079781,
          51.06171685147804
        ]
      },
      "properties": {
        "row_number": "199"
      }
    },
    {
      "type": "Feature",
      "geometry": {
        "type": "Point",
        "coordinates": [
          -0.433368606245046,
          51.06176966783556
        ]
      },
      "properties": {
        "row_number": "199"
      }
    },
    {
      "type": "Feature",
      "geometry": {
        "type": "Point",
        "coordinates": [
          -0.433355103014952,
          51.06182381643889
        ]
      },
      "properties": {
        "row_number": "199"
      }
    },
    {
      "type": "Feature",
      "geometry": {
        "type": "Point",
        "coordinates": [
          -0.433341616795051,
          51.06187674254682
        ]
      },
      "properties": {
        "row_number": "199"
      }
    },
    {
      "type": "Feature",
      "geometry": {
        "type": "Point",
        "coordinates": [
          -0.43332882242171,
          51.06192980284314
        ]
      },
      "properties": {
        "row_number": "199"
      }
    },
    {
      "type": "Feature",
      "geometry": {
        "type": "Point",
        "coordinates": [
          -0.433316231173246,
          51.06198266102597
        ]
      },
      "properties": {
        "row_number": "199"
      }
    },
    {
      "type": "Feature",
      "geometry": {
        "type": "Point",
        "coordinates": [
          -0.433302617944662,
          51.06203549883978
        ]
      },
      "properties": {
        "row_number": "199"
      }
    },
    {
      "type": "Feature",
      "geometry": {
        "type": "Point",
        "coordinates": [
          -0.433289778226473,
          51.06208874723886
        ]
      },
      "properties": {
        "row_number": "199"
      }
    },
    {
      "type": "Feature",
      "geometry": {
        "type": "Point",
        "coordinates": [
          -0.433276812059453,
          51.06214273810181
        ]
      },
      "properties": {
        "row_number": "199"
      }
    },
    {
      "type": "Feature",
      "geometry": {
        "type": "Point",
        "coordinates": [
          -0.433263878659622,
          51.06219545157439
        ]
      },
      "properties": {
        "row_number": "199"
      }
    },
    {
      "type": "Feature",
      "geometry": {
        "type": "Point",
        "coordinates": [
          -0.43325111329086,
          51.06224870747252
        ]
      },
      "properties": {
        "row_number": "199"
      }
    },
    {
      "type": "Feature",
      "geometry": {
        "type": "Point",
        "coordinates": [
          -0.433238091431669,
          51.06230234393323
        ]
      },
      "properties": {
        "row_number": "199"
      }
    },
    {
      "type": "Feature",
      "geometry": {
        "type": "Point",
        "coordinates": [
          -0.433224208227783,
          51.06235581371088
        ]
      },
      "properties": {
        "row_number": "199"
      }
    },
    {
      "type": "Feature",
      "geometry": {
        "type": "Point",
        "coordinates": [
          -0.433211481925351,
          51.06240877505475
        ]
      },
      "properties": {
        "row_number": "199"
      }
    },
    {
      "type": "Feature",
      "geometry": {
        "type": "Point",
        "coordinates": [
          -0.433198021663506,
          51.06246262492703
        ]
      },
      "properties": {
        "row_number": "199"
      }
    },
    {
      "type": "Feature",
      "geometry": {
        "type": "Point",
        "coordinates": [
          -0.433185046223803,
          51.06251593553428
        ]
      },
      "properties": {
        "row_number": "199"
      }
    },
    {
      "type": "Feature",
      "geometry": {
        "type": "Point",
        "coordinates": [
          -0.433172188101536,
          51.06256887628575
        ]
      },
      "properties": {
        "row_number": "199"
      }
    },
    {
      "type": "Feature",
      "geometry": {
        "type": "Point",
        "coordinates": [
          -0.433158979652062,
          51.0626221022322
        ]
      },
      "properties": {
        "row_number": "199"
      }
    },
    {
      "type": "Feature",
      "geometry": {
        "type": "Point",
        "coordinates": [
          -0.433145909217607,
          51.06267549532306
        ]
      },
      "properties": {
        "row_number": "199"
      }
    },
    {
      "type": "Feature",
      "geometry": {
        "type": "Point",
        "coordinates": [
          -0.43313256499548,
          51.06272865580856
        ]
      },
      "properties": {
        "row_number": "199"
      }
    },
    {
      "type": "Feature",
      "geometry": {
        "type": "Point",
        "coordinates": [
          -0.433119305495901,
          51.06278303376398
        ]
      },
      "properties": {
        "row_number": "199"
      }
    },
    {
      "type": "Feature",
      "geometry": {
        "type": "Point",
        "coordinates": [
          -0.433106547823263,
          51.06283574198368
        ]
      },
      "properties": {
        "row_number": "199"
      }
    },
    {
      "type": "Feature",
      "geometry": {
        "type": "Point",
        "coordinates": [
          -0.433097005485423,
          51.06287362153706
        ]
      },
      "properties": {
        "row_number": "199"
      }
    },
    {
      "type": "Feature",
      "geometry": {
        "type": "LineString",
        "coordinates": [
          [
            -0.433481128451918,
            51.06118651513735
          ],
          [
            -0.433468687182823,
            51.06123357136762
          ],
          [
            -0.433455263138147,
            51.06128692520309
          ],
          [
            -0.433442550637275,
            51.06134089307911
          ],
          [
            -0.433429192641026,
            51.06139402379473
          ],
          [
            -0.433415821155827,
            51.06144760181196
          ],
          [
            -0.4334028230445,
            51.0615000589565
          ],
          [
            -0.433390021188724,
            51.06155376783037
          ],
          [
            -0.433377227768201,
            51.06160735221334
          ],
          [
            -0.433363620719114,
            51.06165988413947
          ],
          [
            -0.433350470383014,
            51.06171368032585
          ],
          [
            -0.433337433190049,
            51.06176678436051
          ],
          [
            -0.433323897821363,
            51.06182072156401
          ],
          [
            -0.433310918324386,
            51.06187409624076
          ],
          [
            -0.433298168141796,
            51.06192681457254
          ],
          [
            -0.43328540105255,
            51.06197962278036
          ],
          [
            -0.433271969385911,
            51.06203248635699
          ],
          [
            -0.433259156279975,
            51.06208573689756
          ],
          [
            -0.433246038709805,
            51.06213860176409
          ],
          [
            -0.433232473907683,
            51.06219224810234
          ],
          [
            -0.433219466239421,
            51.06224570704374
          ],
          [
            -0.433206353209379,
            51.06229935818782
          ],
          [
            -0.433192918416401,
            51.06235292444034
          ],
          [
            -0.433180402843583,
            51.06240580952453
          ],
          [
            -0.433166872164406,
            51.0624594185103
          ],
          [
            -0.43315378973005,
            51.06251259140902
          ],
          [
            -0.433141170582223,
            51.06256590876168
          ],
          [
            -0.433127973023177,
            51.06261905097411
          ],
          [
            -0.433114447803993,
            51.06267249880231
          ],
          [
            -0.433100938073259,
            51.06272578587382
          ],
          [
            -0.433087728407138,
            51.06277977259624
          ],
          [
            -0.433074929164072,
            51.06283244162722
          ],
          [
            -0.433067401147023,
            51.06286354302931
          ]
        ]
      },
      "properties": {
        "row_number": "200"
      }
    },
    {
      "type": "Feature",
      "geometry": {
        "type": "Point",
        "coordinates": [
          -0.433481128451918,
          51.06118651513735
        ]
      },
      "properties": {
        "row_number": "200"
      }
    },
    {
      "type": "Feature",
      "geometry": {
        "type": "Point",
        "coordinates": [
          -0.433468687182823,
          51.06123357136762
        ]
      },
      "properties": {
        "row_number": "200"
      }
    },
    {
      "type": "Feature",
      "geometry": {
        "type": "Point",
        "coordinates": [
          -0.433455263138147,
          51.06128692520309
        ]
      },
      "properties": {
        "row_number": "200"
      }
    },
    {
      "type": "Feature",
      "geometry": {
        "type": "Point",
        "coordinates": [
          -0.433442550637275,
          51.06134089307911
        ]
      },
      "properties": {
        "row_number": "200"
      }
    },
    {
      "type": "Feature",
      "geometry": {
        "type": "Point",
        "coordinates": [
          -0.433429192641026,
          51.06139402379473
        ]
      },
      "properties": {
        "row_number": "200"
      }
    },
    {
      "type": "Feature",
      "geometry": {
        "type": "Point",
        "coordinates": [
          -0.433415821155827,
          51.06144760181196
        ]
      },
      "properties": {
        "row_number": "200"
      }
    },
    {
      "type": "Feature",
      "geometry": {
        "type": "Point",
        "coordinates": [
          -0.4334028230445,
          51.0615000589565
        ]
      },
      "properties": {
        "row_number": "200"
      }
    },
    {
      "type": "Feature",
      "geometry": {
        "type": "Point",
        "coordinates": [
          -0.433390021188724,
          51.06155376783037
        ]
      },
      "properties": {
        "row_number": "200"
      }
    },
    {
      "type": "Feature",
      "geometry": {
        "type": "Point",
        "coordinates": [
          -0.433377227768201,
          51.06160735221334
        ]
      },
      "properties": {
        "row_number": "200"
      }
    },
    {
      "type": "Feature",
      "geometry": {
        "type": "Point",
        "coordinates": [
          -0.433363620719114,
          51.06165988413947
        ]
      },
      "properties": {
        "row_number": "200"
      }
    },
    {
      "type": "Feature",
      "geometry": {
        "type": "Point",
        "coordinates": [
          -0.433350470383014,
          51.06171368032585
        ]
      },
      "properties": {
        "row_number": "200"
      }
    },
    {
      "type": "Feature",
      "geometry": {
        "type": "Point",
        "coordinates": [
          -0.433337433190049,
          51.06176678436051
        ]
      },
      "properties": {
        "row_number": "200"
      }
    },
    {
      "type": "Feature",
      "geometry": {
        "type": "Point",
        "coordinates": [
          -0.433323897821363,
          51.06182072156401
        ]
      },
      "properties": {
        "row_number": "200"
      }
    },
    {
      "type": "Feature",
      "geometry": {
        "type": "Point",
        "coordinates": [
          -0.433310918324386,
          51.06187409624076
        ]
      },
      "properties": {
        "row_number": "200"
      }
    },
    {
      "type": "Feature",
      "geometry": {
        "type": "Point",
        "coordinates": [
          -0.433298168141796,
          51.06192681457254
        ]
      },
      "properties": {
        "row_number": "200"
      }
    },
    {
      "type": "Feature",
      "geometry": {
        "type": "Point",
        "coordinates": [
          -0.43328540105255,
          51.06197962278036
        ]
      },
      "properties": {
        "row_number": "200"
      }
    },
    {
      "type": "Feature",
      "geometry": {
        "type": "Point",
        "coordinates": [
          -0.433271969385911,
          51.06203248635699
        ]
      },
      "properties": {
        "row_number": "200"
      }
    },
    {
      "type": "Feature",
      "geometry": {
        "type": "Point",
        "coordinates": [
          -0.433259156279975,
          51.06208573689756
        ]
      },
      "properties": {
        "row_number": "200"
      }
    },
    {
      "type": "Feature",
      "geometry": {
        "type": "Point",
        "coordinates": [
          -0.433246038709805,
          51.06213860176409
        ]
      },
      "properties": {
        "row_number": "200"
      }
    },
    {
      "type": "Feature",
      "geometry": {
        "type": "Point",
        "coordinates": [
          -0.433232473907683,
          51.06219224810234
        ]
      },
      "properties": {
        "row_number": "200"
      }
    },
    {
      "type": "Feature",
      "geometry": {
        "type": "Point",
        "coordinates": [
          -0.433219466239421,
          51.06224570704374
        ]
      },
      "properties": {
        "row_number": "200"
      }
    },
    {
      "type": "Feature",
      "geometry": {
        "type": "Point",
        "coordinates": [
          -0.433206353209379,
          51.06229935818782
        ]
      },
      "properties": {
        "row_number": "200"
      }
    },
    {
      "type": "Feature",
      "geometry": {
        "type": "Point",
        "coordinates": [
          -0.433192918416401,
          51.06235292444034
        ]
      },
      "properties": {
        "row_number": "200"
      }
    },
    {
      "type": "Feature",
      "geometry": {
        "type": "Point",
        "coordinates": [
          -0.433180402843583,
          51.06240580952453
        ]
      },
      "properties": {
        "row_number": "200"
      }
    },
    {
      "type": "Feature",
      "geometry": {
        "type": "Point",
        "coordinates": [
          -0.433166872164406,
          51.0624594185103
        ]
      },
      "properties": {
        "row_number": "200"
      }
    },
    {
      "type": "Feature",
      "geometry": {
        "type": "Point",
        "coordinates": [
          -0.43315378973005,
          51.06251259140902
        ]
      },
      "properties": {
        "row_number": "200"
      }
    },
    {
      "type": "Feature",
      "geometry": {
        "type": "Point",
        "coordinates": [
          -0.433141170582223,
          51.06256590876168
        ]
      },
      "properties": {
        "row_number": "200"
      }
    },
    {
      "type": "Feature",
      "geometry": {
        "type": "Point",
        "coordinates": [
          -0.433127973023177,
          51.06261905097411
        ]
      },
      "properties": {
        "row_number": "200"
      }
    },
    {
      "type": "Feature",
      "geometry": {
        "type": "Point",
        "coordinates": [
          -0.433114447803993,
          51.06267249880231
        ]
      },
      "properties": {
        "row_number": "200"
      }
    },
    {
      "type": "Feature",
      "geometry": {
        "type": "Point",
        "coordinates": [
          -0.433100938073259,
          51.06272578587382
        ]
      },
      "properties": {
        "row_number": "200"
      }
    },
    {
      "type": "Feature",
      "geometry": {
        "type": "Point",
        "coordinates": [
          -0.433087728407138,
          51.06277977259624
        ]
      },
      "properties": {
        "row_number": "200"
      }
    },
    {
      "type": "Feature",
      "geometry": {
        "type": "Point",
        "coordinates": [
          -0.433074929164072,
          51.06283244162722
        ]
      },
      "properties": {
        "row_number": "200"
      }
    },
    {
      "type": "Feature",
      "geometry": {
        "type": "Point",
        "coordinates": [
          -0.433067401147023,
          51.06286354302931
        ]
      },
      "properties": {
        "row_number": "200"
      }
    },
    {
      "type": "Feature",
      "geometry": {
        "type": "LineString",
        "coordinates": [
          [
            -0.433451923534813,
            51.06118240738557
          ],
          [
            -0.43343780086426,
            51.06123066953977
          ],
          [
            -0.433424168214511,
            51.06128394939266
          ],
          [
            -0.433411228853748,
            51.06133786652038
          ],
          [
            -0.433397831884854,
            51.06139078365558
          ],
          [
            -0.433385441856811,
            51.0614443878979
          ],
          [
            -0.433372196060651,
            51.06149708178047
          ],
          [
            -0.433358418771581,
            51.06155091119308
          ],
          [
            -0.433345603367903,
            51.06160439448588
          ],
          [
            -0.433332482924011,
            51.06165732758002
          ],
          [
            -0.433318552930413,
            51.06171060422428
          ],
          [
            -0.433306013878596,
            51.06176377095574
          ],
          [
            -0.433292598698469,
            51.06181790259611
          ],
          [
            -0.433279453478716,
            51.06187049086533
          ],
          [
            -0.433266443013332,
            51.06192346892087
          ],
          [
            -0.433253099894582,
            51.0619765650727
          ],
          [
            -0.433241218375933,
            51.06202911850279
          ],
          [
            -0.433227424086842,
            51.0620827461687
          ],
          [
            -0.433214216302056,
            51.0621360563887
          ],
          [
            -0.433201414642044,
            51.06218966192135
          ],
          [
            -0.433188093239702,
            51.06224256562005
          ],
          [
            -0.433174670770426,
            51.06229653402632
          ],
          [
            -0.433161356966687,
            51.06234958336944
          ],
          [
            -0.433148418187979,
            51.06240279476837
          ],
          [
            -0.433135630952468,
            51.06245624020796
          ],
          [
            -0.433122773186336,
            51.06250949537072
          ],
          [
            -0.433109415630815,
            51.06256277234443
          ],
          [
            -0.433095834953612,
            51.06261615485864
          ],
          [
            -0.433082902327502,
            51.06266947414595
          ],
          [
            -0.433069928919874,
            51.06272259854059
          ],
          [
            -0.433056774773401,
            51.06277664977064
          ],
          [
            -0.433043599598371,
            51.06282913452946
          ],
          [
            -0.433037423338627,
            51.06285440602983
          ]
        ]
      },
      "properties": {
        "row_number": "201"
      }
    },
    {
      "type": "Feature",
      "geometry": {
        "type": "Point",
        "coordinates": [
          -0.433451923534813,
          51.06118240738557
        ]
      },
      "properties": {
        "row_number": "201"
      }
    },
    {
      "type": "Feature",
      "geometry": {
        "type": "Point",
        "coordinates": [
          -0.43343780086426,
          51.06123066953977
        ]
      },
      "properties": {
        "row_number": "201"
      }
    },
    {
      "type": "Feature",
      "geometry": {
        "type": "Point",
        "coordinates": [
          -0.433424168214511,
          51.06128394939266
        ]
      },
      "properties": {
        "row_number": "201"
      }
    },
    {
      "type": "Feature",
      "geometry": {
        "type": "Point",
        "coordinates": [
          -0.433411228853748,
          51.06133786652038
        ]
      },
      "properties": {
        "row_number": "201"
      }
    },
    {
      "type": "Feature",
      "geometry": {
        "type": "Point",
        "coordinates": [
          -0.433397831884854,
          51.06139078365558
        ]
      },
      "properties": {
        "row_number": "201"
      }
    },
    {
      "type": "Feature",
      "geometry": {
        "type": "Point",
        "coordinates": [
          -0.433385441856811,
          51.0614443878979
        ]
      },
      "properties": {
        "row_number": "201"
      }
    },
    {
      "type": "Feature",
      "geometry": {
        "type": "Point",
        "coordinates": [
          -0.433372196060651,
          51.06149708178047
        ]
      },
      "properties": {
        "row_number": "201"
      }
    },
    {
      "type": "Feature",
      "geometry": {
        "type": "Point",
        "coordinates": [
          -0.433358418771581,
          51.06155091119308
        ]
      },
      "properties": {
        "row_number": "201"
      }
    },
    {
      "type": "Feature",
      "geometry": {
        "type": "Point",
        "coordinates": [
          -0.433345603367903,
          51.06160439448588
        ]
      },
      "properties": {
        "row_number": "201"
      }
    },
    {
      "type": "Feature",
      "geometry": {
        "type": "Point",
        "coordinates": [
          -0.433332482924011,
          51.06165732758002
        ]
      },
      "properties": {
        "row_number": "201"
      }
    },
    {
      "type": "Feature",
      "geometry": {
        "type": "Point",
        "coordinates": [
          -0.433318552930413,
          51.06171060422428
        ]
      },
      "properties": {
        "row_number": "201"
      }
    },
    {
      "type": "Feature",
      "geometry": {
        "type": "Point",
        "coordinates": [
          -0.433306013878596,
          51.06176377095574
        ]
      },
      "properties": {
        "row_number": "201"
      }
    },
    {
      "type": "Feature",
      "geometry": {
        "type": "Point",
        "coordinates": [
          -0.433292598698469,
          51.06181790259611
        ]
      },
      "properties": {
        "row_number": "201"
      }
    },
    {
      "type": "Feature",
      "geometry": {
        "type": "Point",
        "coordinates": [
          -0.433279453478716,
          51.06187049086533
        ]
      },
      "properties": {
        "row_number": "201"
      }
    },
    {
      "type": "Feature",
      "geometry": {
        "type": "Point",
        "coordinates": [
          -0.433266443013332,
          51.06192346892087
        ]
      },
      "properties": {
        "row_number": "201"
      }
    },
    {
      "type": "Feature",
      "geometry": {
        "type": "Point",
        "coordinates": [
          -0.433253099894582,
          51.0619765650727
        ]
      },
      "properties": {
        "row_number": "201"
      }
    },
    {
      "type": "Feature",
      "geometry": {
        "type": "Point",
        "coordinates": [
          -0.433241218375933,
          51.06202911850279
        ]
      },
      "properties": {
        "row_number": "201"
      }
    },
    {
      "type": "Feature",
      "geometry": {
        "type": "Point",
        "coordinates": [
          -0.433227424086842,
          51.0620827461687
        ]
      },
      "properties": {
        "row_number": "201"
      }
    },
    {
      "type": "Feature",
      "geometry": {
        "type": "Point",
        "coordinates": [
          -0.433214216302056,
          51.0621360563887
        ]
      },
      "properties": {
        "row_number": "201"
      }
    },
    {
      "type": "Feature",
      "geometry": {
        "type": "Point",
        "coordinates": [
          -0.433201414642044,
          51.06218966192135
        ]
      },
      "properties": {
        "row_number": "201"
      }
    },
    {
      "type": "Feature",
      "geometry": {
        "type": "Point",
        "coordinates": [
          -0.433188093239702,
          51.06224256562005
        ]
      },
      "properties": {
        "row_number": "201"
      }
    },
    {
      "type": "Feature",
      "geometry": {
        "type": "Point",
        "coordinates": [
          -0.433174670770426,
          51.06229653402632
        ]
      },
      "properties": {
        "row_number": "201"
      }
    },
    {
      "type": "Feature",
      "geometry": {
        "type": "Point",
        "coordinates": [
          -0.433161356966687,
          51.06234958336944
        ]
      },
      "properties": {
        "row_number": "201"
      }
    },
    {
      "type": "Feature",
      "geometry": {
        "type": "Point",
        "coordinates": [
          -0.433148418187979,
          51.06240279476837
        ]
      },
      "properties": {
        "row_number": "201"
      }
    },
    {
      "type": "Feature",
      "geometry": {
        "type": "Point",
        "coordinates": [
          -0.433135630952468,
          51.06245624020796
        ]
      },
      "properties": {
        "row_number": "201"
      }
    },
    {
      "type": "Feature",
      "geometry": {
        "type": "Point",
        "coordinates": [
          -0.433122773186336,
          51.06250949537072
        ]
      },
      "properties": {
        "row_number": "201"
      }
    },
    {
      "type": "Feature",
      "geometry": {
        "type": "Point",
        "coordinates": [
          -0.433109415630815,
          51.06256277234443
        ]
      },
      "properties": {
        "row_number": "201"
      }
    },
    {
      "type": "Feature",
      "geometry": {
        "type": "Point",
        "coordinates": [
          -0.433095834953612,
          51.06261615485864
        ]
      },
      "properties": {
        "row_number": "201"
      }
    },
    {
      "type": "Feature",
      "geometry": {
        "type": "Point",
        "coordinates": [
          -0.433082902327502,
          51.06266947414595
        ]
      },
      "properties": {
        "row_number": "201"
      }
    },
    {
      "type": "Feature",
      "geometry": {
        "type": "Point",
        "coordinates": [
          -0.433069928919874,
          51.06272259854059
        ]
      },
      "properties": {
        "row_number": "201"
      }
    },
    {
      "type": "Feature",
      "geometry": {
        "type": "Point",
        "coordinates": [
          -0.433056774773401,
          51.06277664977064
        ]
      },
      "properties": {
        "row_number": "201"
      }
    },
    {
      "type": "Feature",
      "geometry": {
        "type": "Point",
        "coordinates": [
          -0.433043599598371,
          51.06282913452946
        ]
      },
      "properties": {
        "row_number": "201"
      }
    },
    {
      "type": "Feature",
      "geometry": {
        "type": "Point",
        "coordinates": [
          -0.433037423338627,
          51.06285440602983
        ]
      },
      "properties": {
        "row_number": "201"
      }
    },
    {
      "type": "Feature",
      "geometry": {
        "type": "LineString",
        "coordinates": [
          [
            -0.433419910335722,
            51.06117361761135
          ],
          [
            -0.433406995679917,
            51.06122767642413
          ],
          [
            -0.433393439807273,
            51.06128117414898
          ],
          [
            -0.433380829262324,
            51.06133456311327
          ],
          [
            -0.433367489829086,
            51.06138765435116
          ],
          [
            -0.433355057685991,
            51.06144168423644
          ],
          [
            -0.433341727436947,
            51.06149413778886
          ],
          [
            -0.433328732897242,
            51.06154784789403
          ],
          [
            -0.433314899194359,
            51.06160153591713
          ],
          [
            -0.433301553950049,
            51.06165424409903
          ],
          [
            -0.433288339452593,
            51.06170726840518
          ],
          [
            -0.433275101658013,
            51.06176094642773
          ],
          [
            -0.433261980975312,
            51.06181455358568
          ],
          [
            -0.433249100653563,
            51.06186762506957
          ],
          [
            -0.433235732658412,
            51.06192046865687
          ],
          [
            -0.433223156440186,
            51.06197344361697
          ],
          [
            -0.433210143488989,
            51.06202660021169
          ],
          [
            -0.433196863287231,
            51.06207989420683
          ],
          [
            -0.433183796313708,
            51.06213282691417
          ],
          [
            -0.433170657890039,
            51.06218647457824
          ],
          [
            -0.433157967328957,
            51.06223988446543
          ],
          [
            -0.433145100727992,
            51.06229347898861
          ],
          [
            -0.433131405095704,
            51.06234697640267
          ],
          [
            -0.433118103990047,
            51.06239979087427
          ],
          [
            -0.433104595417326,
            51.06245328253585
          ],
          [
            -0.433091442036242,
            51.06250625228724
          ],
          [
            -0.433078286746285,
            51.06255994399528
          ],
          [
            -0.433065452809751,
            51.06261331697983
          ],
          [
            -0.433052587873875,
            51.06266661613456
          ],
          [
            -0.433039320983588,
            51.06271953687531
          ],
          [
            -0.43302532414534,
            51.06277338739027
          ],
          [
            -0.433008191297859,
            51.06284421601092
          ]
        ]
      },
      "properties": {
        "row_number": "202"
      }
    },
    {
      "type": "Feature",
      "geometry": {
        "type": "Point",
        "coordinates": [
          -0.433419910335722,
          51.06117361761135
        ]
      },
      "properties": {
        "row_number": "202"
      }
    },
    {
      "type": "Feature",
      "geometry": {
        "type": "Point",
        "coordinates": [
          -0.433406995679917,
          51.06122767642413
        ]
      },
      "properties": {
        "row_number": "202"
      }
    },
    {
      "type": "Feature",
      "geometry": {
        "type": "Point",
        "coordinates": [
          -0.433393439807273,
          51.06128117414898
        ]
      },
      "properties": {
        "row_number": "202"
      }
    },
    {
      "type": "Feature",
      "geometry": {
        "type": "Point",
        "coordinates": [
          -0.433380829262324,
          51.06133456311327
        ]
      },
      "properties": {
        "row_number": "202"
      }
    },
    {
      "type": "Feature",
      "geometry": {
        "type": "Point",
        "coordinates": [
          -0.433367489829086,
          51.06138765435116
        ]
      },
      "properties": {
        "row_number": "202"
      }
    },
    {
      "type": "Feature",
      "geometry": {
        "type": "Point",
        "coordinates": [
          -0.433355057685991,
          51.06144168423644
        ]
      },
      "properties": {
        "row_number": "202"
      }
    },
    {
      "type": "Feature",
      "geometry": {
        "type": "Point",
        "coordinates": [
          -0.433341727436947,
          51.06149413778886
        ]
      },
      "properties": {
        "row_number": "202"
      }
    },
    {
      "type": "Feature",
      "geometry": {
        "type": "Point",
        "coordinates": [
          -0.433328732897242,
          51.06154784789403
        ]
      },
      "properties": {
        "row_number": "202"
      }
    },
    {
      "type": "Feature",
      "geometry": {
        "type": "Point",
        "coordinates": [
          -0.433314899194359,
          51.06160153591713
        ]
      },
      "properties": {
        "row_number": "202"
      }
    },
    {
      "type": "Feature",
      "geometry": {
        "type": "Point",
        "coordinates": [
          -0.433301553950049,
          51.06165424409903
        ]
      },
      "properties": {
        "row_number": "202"
      }
    },
    {
      "type": "Feature",
      "geometry": {
        "type": "Point",
        "coordinates": [
          -0.433288339452593,
          51.06170726840518
        ]
      },
      "properties": {
        "row_number": "202"
      }
    },
    {
      "type": "Feature",
      "geometry": {
        "type": "Point",
        "coordinates": [
          -0.433275101658013,
          51.06176094642773
        ]
      },
      "properties": {
        "row_number": "202"
      }
    },
    {
      "type": "Feature",
      "geometry": {
        "type": "Point",
        "coordinates": [
          -0.433261980975312,
          51.06181455358568
        ]
      },
      "properties": {
        "row_number": "202"
      }
    },
    {
      "type": "Feature",
      "geometry": {
        "type": "Point",
        "coordinates": [
          -0.433249100653563,
          51.06186762506957
        ]
      },
      "properties": {
        "row_number": "202"
      }
    },
    {
      "type": "Feature",
      "geometry": {
        "type": "Point",
        "coordinates": [
          -0.433235732658412,
          51.06192046865687
        ]
      },
      "properties": {
        "row_number": "202"
      }
    },
    {
      "type": "Feature",
      "geometry": {
        "type": "Point",
        "coordinates": [
          -0.433223156440186,
          51.06197344361697
        ]
      },
      "properties": {
        "row_number": "202"
      }
    },
    {
      "type": "Feature",
      "geometry": {
        "type": "Point",
        "coordinates": [
          -0.433210143488989,
          51.06202660021169
        ]
      },
      "properties": {
        "row_number": "202"
      }
    },
    {
      "type": "Feature",
      "geometry": {
        "type": "Point",
        "coordinates": [
          -0.433196863287231,
          51.06207989420683
        ]
      },
      "properties": {
        "row_number": "202"
      }
    },
    {
      "type": "Feature",
      "geometry": {
        "type": "Point",
        "coordinates": [
          -0.433183796313708,
          51.06213282691417
        ]
      },
      "properties": {
        "row_number": "202"
      }
    },
    {
      "type": "Feature",
      "geometry": {
        "type": "Point",
        "coordinates": [
          -0.433170657890039,
          51.06218647457824
        ]
      },
      "properties": {
        "row_number": "202"
      }
    },
    {
      "type": "Feature",
      "geometry": {
        "type": "Point",
        "coordinates": [
          -0.433157967328957,
          51.06223988446543
        ]
      },
      "properties": {
        "row_number": "202"
      }
    },
    {
      "type": "Feature",
      "geometry": {
        "type": "Point",
        "coordinates": [
          -0.433145100727992,
          51.06229347898861
        ]
      },
      "properties": {
        "row_number": "202"
      }
    },
    {
      "type": "Feature",
      "geometry": {
        "type": "Point",
        "coordinates": [
          -0.433131405095704,
          51.06234697640267
        ]
      },
      "properties": {
        "row_number": "202"
      }
    },
    {
      "type": "Feature",
      "geometry": {
        "type": "Point",
        "coordinates": [
          -0.433118103990047,
          51.06239979087427
        ]
      },
      "properties": {
        "row_number": "202"
      }
    },
    {
      "type": "Feature",
      "geometry": {
        "type": "Point",
        "coordinates": [
          -0.433104595417326,
          51.06245328253585
        ]
      },
      "properties": {
        "row_number": "202"
      }
    },
    {
      "type": "Feature",
      "geometry": {
        "type": "Point",
        "coordinates": [
          -0.433091442036242,
          51.06250625228724
        ]
      },
      "properties": {
        "row_number": "202"
      }
    },
    {
      "type": "Feature",
      "geometry": {
        "type": "Point",
        "coordinates": [
          -0.433078286746285,
          51.06255994399528
        ]
      },
      "properties": {
        "row_number": "202"
      }
    },
    {
      "type": "Feature",
      "geometry": {
        "type": "Point",
        "coordinates": [
          -0.433065452809751,
          51.06261331697983
        ]
      },
      "properties": {
        "row_number": "202"
      }
    },
    {
      "type": "Feature",
      "geometry": {
        "type": "Point",
        "coordinates": [
          -0.433052587873875,
          51.06266661613456
        ]
      },
      "properties": {
        "row_number": "202"
      }
    },
    {
      "type": "Feature",
      "geometry": {
        "type": "Point",
        "coordinates": [
          -0.433039320983588,
          51.06271953687531
        ]
      },
      "properties": {
        "row_number": "202"
      }
    },
    {
      "type": "Feature",
      "geometry": {
        "type": "Point",
        "coordinates": [
          -0.43302532414534,
          51.06277338739027
        ]
      },
      "properties": {
        "row_number": "202"
      }
    },
    {
      "type": "Feature",
      "geometry": {
        "type": "Point",
        "coordinates": [
          -0.433008191297859,
          51.06284421601092
        ]
      },
      "properties": {
        "row_number": "202"
      }
    },
    {
      "type": "Feature",
      "geometry": {
        "type": "LineString",
        "coordinates": [
          [
            -0.433390151226625,
            51.06116736503513
          ],
          [
            -0.433375186666674,
            51.06122437111822
          ],
          [
            -0.433362599269169,
            51.06127796557222
          ],
          [
            -0.433348693233826,
            51.06133183180885
          ],
          [
            -0.433335691187466,
            51.06138480661447
          ],
          [
            -0.433321760002141,
            51.061438248033
          ],
          [
            -0.433309433791889,
            51.0614904914189
          ],
          [
            -0.433296078290484,
            51.06154485863931
          ],
          [
            -0.433283204868535,
            51.06159830243118
          ],
          [
            -0.433270164595734,
            51.06165143657874
          ],
          [
            -0.433257074871229,
            51.06170459697842
          ],
          [
            -0.433243742171585,
            51.0617578783632
          ],
          [
            -0.433230282752286,
            51.06181141628726
          ],
          [
            -0.433217378484412,
            51.06186417986712
          ],
          [
            -0.433203650862133,
            51.06191746912601
          ],
          [
            -0.433190852037113,
            51.06197054092689
          ],
          [
            -0.433178172787003,
            51.06202362259686
          ],
          [
            -0.433164297985775,
            51.06207660426732
          ],
          [
            -0.433151776243652,
            51.06212970996863
          ],
          [
            -0.433138135265545,
            51.06218343476109
          ],
          [
            -0.43312620281188,
            51.06223672285398
          ],
          [
            -0.433112817396244,
            51.06229023563235
          ],
          [
            -0.433099356617672,
            51.06234356806886
          ],
          [
            -0.433086285294588,
            51.06239708887345
          ],
          [
            -0.433072936237049,
            51.06245005543119
          ],
          [
            -0.433059767790915,
            51.06250342613193
          ],
          [
            -0.433046228966993,
            51.06255685818263
          ],
          [
            -0.433033361646644,
            51.06261008809759
          ],
          [
            -0.433020092184315,
            51.06266353023047
          ],
          [
            -0.433007242925638,
            51.06271621820789
          ],
          [
            -0.432994862743499,
            51.06276976171488
          ],
          [
            -0.432978892282165,
            51.06283407242823
          ]
        ]
      },
      "properties": {
        "row_number": "203"
      }
    },
    {
      "type": "Feature",
      "geometry": {
        "type": "Point",
        "coordinates": [
          -0.433390151226625,
          51.06116736503513
        ]
      },
      "properties": {
        "row_number": "203"
      }
    },
    {
      "type": "Feature",
      "geometry": {
        "type": "Point",
        "coordinates": [
          -0.433375186666674,
          51.06122437111822
        ]
      },
      "properties": {
        "row_number": "203"
      }
    },
    {
      "type": "Feature",
      "geometry": {
        "type": "Point",
        "coordinates": [
          -0.433362599269169,
          51.06127796557222
        ]
      },
      "properties": {
        "row_number": "203"
      }
    },
    {
      "type": "Feature",
      "geometry": {
        "type": "Point",
        "coordinates": [
          -0.433348693233826,
          51.06133183180885
        ]
      },
      "properties": {
        "row_number": "203"
      }
    },
    {
      "type": "Feature",
      "geometry": {
        "type": "Point",
        "coordinates": [
          -0.433335691187466,
          51.06138480661447
        ]
      },
      "properties": {
        "row_number": "203"
      }
    },
    {
      "type": "Feature",
      "geometry": {
        "type": "Point",
        "coordinates": [
          -0.433321760002141,
          51.061438248033
        ]
      },
      "properties": {
        "row_number": "203"
      }
    },
    {
      "type": "Feature",
      "geometry": {
        "type": "Point",
        "coordinates": [
          -0.433309433791889,
          51.0614904914189
        ]
      },
      "properties": {
        "row_number": "203"
      }
    },
    {
      "type": "Feature",
      "geometry": {
        "type": "Point",
        "coordinates": [
          -0.433296078290484,
          51.06154485863931
        ]
      },
      "properties": {
        "row_number": "203"
      }
    },
    {
      "type": "Feature",
      "geometry": {
        "type": "Point",
        "coordinates": [
          -0.433283204868535,
          51.06159830243118
        ]
      },
      "properties": {
        "row_number": "203"
      }
    },
    {
      "type": "Feature",
      "geometry": {
        "type": "Point",
        "coordinates": [
          -0.433270164595734,
          51.06165143657874
        ]
      },
      "properties": {
        "row_number": "203"
      }
    },
    {
      "type": "Feature",
      "geometry": {
        "type": "Point",
        "coordinates": [
          -0.433257074871229,
          51.06170459697842
        ]
      },
      "properties": {
        "row_number": "203"
      }
    },
    {
      "type": "Feature",
      "geometry": {
        "type": "Point",
        "coordinates": [
          -0.433243742171585,
          51.0617578783632
        ]
      },
      "properties": {
        "row_number": "203"
      }
    },
    {
      "type": "Feature",
      "geometry": {
        "type": "Point",
        "coordinates": [
          -0.433230282752286,
          51.06181141628726
        ]
      },
      "properties": {
        "row_number": "203"
      }
    },
    {
      "type": "Feature",
      "geometry": {
        "type": "Point",
        "coordinates": [
          -0.433217378484412,
          51.06186417986712
        ]
      },
      "properties": {
        "row_number": "203"
      }
    },
    {
      "type": "Feature",
      "geometry": {
        "type": "Point",
        "coordinates": [
          -0.433203650862133,
          51.06191746912601
        ]
      },
      "properties": {
        "row_number": "203"
      }
    },
    {
      "type": "Feature",
      "geometry": {
        "type": "Point",
        "coordinates": [
          -0.433190852037113,
          51.06197054092689
        ]
      },
      "properties": {
        "row_number": "203"
      }
    },
    {
      "type": "Feature",
      "geometry": {
        "type": "Point",
        "coordinates": [
          -0.433178172787003,
          51.06202362259686
        ]
      },
      "properties": {
        "row_number": "203"
      }
    },
    {
      "type": "Feature",
      "geometry": {
        "type": "Point",
        "coordinates": [
          -0.433164297985775,
          51.06207660426732
        ]
      },
      "properties": {
        "row_number": "203"
      }
    },
    {
      "type": "Feature",
      "geometry": {
        "type": "Point",
        "coordinates": [
          -0.433151776243652,
          51.06212970996863
        ]
      },
      "properties": {
        "row_number": "203"
      }
    },
    {
      "type": "Feature",
      "geometry": {
        "type": "Point",
        "coordinates": [
          -0.433138135265545,
          51.06218343476109
        ]
      },
      "properties": {
        "row_number": "203"
      }
    },
    {
      "type": "Feature",
      "geometry": {
        "type": "Point",
        "coordinates": [
          -0.43312620281188,
          51.06223672285398
        ]
      },
      "properties": {
        "row_number": "203"
      }
    },
    {
      "type": "Feature",
      "geometry": {
        "type": "Point",
        "coordinates": [
          -0.433112817396244,
          51.06229023563235
        ]
      },
      "properties": {
        "row_number": "203"
      }
    },
    {
      "type": "Feature",
      "geometry": {
        "type": "Point",
        "coordinates": [
          -0.433099356617672,
          51.06234356806886
        ]
      },
      "properties": {
        "row_number": "203"
      }
    },
    {
      "type": "Feature",
      "geometry": {
        "type": "Point",
        "coordinates": [
          -0.433086285294588,
          51.06239708887345
        ]
      },
      "properties": {
        "row_number": "203"
      }
    },
    {
      "type": "Feature",
      "geometry": {
        "type": "Point",
        "coordinates": [
          -0.433072936237049,
          51.06245005543119
        ]
      },
      "properties": {
        "row_number": "203"
      }
    },
    {
      "type": "Feature",
      "geometry": {
        "type": "Point",
        "coordinates": [
          -0.433059767790915,
          51.06250342613193
        ]
      },
      "properties": {
        "row_number": "203"
      }
    },
    {
      "type": "Feature",
      "geometry": {
        "type": "Point",
        "coordinates": [
          -0.433046228966993,
          51.06255685818263
        ]
      },
      "properties": {
        "row_number": "203"
      }
    },
    {
      "type": "Feature",
      "geometry": {
        "type": "Point",
        "coordinates": [
          -0.433033361646644,
          51.06261008809759
        ]
      },
      "properties": {
        "row_number": "203"
      }
    },
    {
      "type": "Feature",
      "geometry": {
        "type": "Point",
        "coordinates": [
          -0.433020092184315,
          51.06266353023047
        ]
      },
      "properties": {
        "row_number": "203"
      }
    },
    {
      "type": "Feature",
      "geometry": {
        "type": "Point",
        "coordinates": [
          -0.433007242925638,
          51.06271621820789
        ]
      },
      "properties": {
        "row_number": "203"
      }
    },
    {
      "type": "Feature",
      "geometry": {
        "type": "Point",
        "coordinates": [
          -0.432994862743499,
          51.06276976171488
        ]
      },
      "properties": {
        "row_number": "203"
      }
    },
    {
      "type": "Feature",
      "geometry": {
        "type": "Point",
        "coordinates": [
          -0.432978892282165,
          51.06283407242823
        ]
      },
      "properties": {
        "row_number": "203"
      }
    },
    {
      "type": "Feature",
      "geometry": {
        "type": "LineString",
        "coordinates": [
          [
            -0.433359189488611,
            51.06116163907306
          ],
          [
            -0.433344237990831,
            51.06122143563756
          ],
          [
            -0.43333157478177,
            51.06127471563234
          ],
          [
            -0.433318073249958,
            51.06132882016951
          ],
          [
            -0.433304993844639,
            51.06138172510482
          ],
          [
            -0.433291609793172,
            51.06143558193234
          ],
          [
            -0.433279033728762,
            51.06148807643444
          ],
          [
            -0.433265111492398,
            51.06154170907809
          ],
          [
            -0.433252275944234,
            51.06159494041623
          ],
          [
            -0.43323871260728,
            51.06164811601288
          ],
          [
            -0.433225564231092,
            51.06170115712946
          ],
          [
            -0.433212650274848,
            51.06175473937026
          ],
          [
            -0.433199151828607,
            51.06180867246513
          ],
          [
            -0.433186974299502,
            51.06186048380579
          ],
          [
            -0.433172814634901,
            51.06191451379579
          ],
          [
            -0.433159976348387,
            51.06196767727901
          ],
          [
            -0.433147030096137,
            51.06202029464315
          ],
          [
            -0.433134065484233,
            51.06207298862748
          ],
          [
            -0.433120263354394,
            51.06212667308733
          ],
          [
            -0.433108040316712,
            51.06218000977431
          ],
          [
            -0.433094382765003,
            51.06223335310055
          ],
          [
            -0.433081162236311,
            51.06228731521568
          ],
          [
            -0.433067793381927,
            51.0623407070165
          ],
          [
            -0.433055027602873,
            51.06239337948749
          ],
          [
            -0.433041916617916,
            51.06244695585879
          ],
          [
            -0.43302913280215,
            51.06250039250349
          ],
          [
            -0.433015884658408,
            51.06255370463673
          ],
          [
            -0.433002699884615,
            51.06260717330638
          ],
          [
            -0.432989624890547,
            51.06266031950982
          ],
          [
            -0.432976508162564,
            51.06271326989821
          ],
          [
            -0.432963836698466,
            51.06276744697963
          ],
          [
            -0.432949235974935,
            51.06282400721621
          ]
        ]
      },
      "properties": {
        "row_number": "204"
      }
    },
    {
      "type": "Feature",
      "geometry": {
        "type": "Point",
        "coordinates": [
          -0.433359189488611,
          51.06116163907306
        ]
      },
      "properties": {
        "row_number": "204"
      }
    },
    {
      "type": "Feature",
      "geometry": {
        "type": "Point",
        "coordinates": [
          -0.433344237990831,
          51.06122143563756
        ]
      },
      "properties": {
        "row_number": "204"
      }
    },
    {
      "type": "Feature",
      "geometry": {
        "type": "Point",
        "coordinates": [
          -0.43333157478177,
          51.06127471563234
        ]
      },
      "properties": {
        "row_number": "204"
      }
    },
    {
      "type": "Feature",
      "geometry": {
        "type": "Point",
        "coordinates": [
          -0.433318073249958,
          51.06132882016951
        ]
      },
      "properties": {
        "row_number": "204"
      }
    },
    {
      "type": "Feature",
      "geometry": {
        "type": "Point",
        "coordinates": [
          -0.433304993844639,
          51.06138172510482
        ]
      },
      "properties": {
        "row_number": "204"
      }
    },
    {
      "type": "Feature",
      "geometry": {
        "type": "Point",
        "coordinates": [
          -0.433291609793172,
          51.06143558193234
        ]
      },
      "properties": {
        "row_number": "204"
      }
    },
    {
      "type": "Feature",
      "geometry": {
        "type": "Point",
        "coordinates": [
          -0.433279033728762,
          51.06148807643444
        ]
      },
      "properties": {
        "row_number": "204"
      }
    },
    {
      "type": "Feature",
      "geometry": {
        "type": "Point",
        "coordinates": [
          -0.433265111492398,
          51.06154170907809
        ]
      },
      "properties": {
        "row_number": "204"
      }
    },
    {
      "type": "Feature",
      "geometry": {
        "type": "Point",
        "coordinates": [
          -0.433252275944234,
          51.06159494041623
        ]
      },
      "properties": {
        "row_number": "204"
      }
    },
    {
      "type": "Feature",
      "geometry": {
        "type": "Point",
        "coordinates": [
          -0.43323871260728,
          51.06164811601288
        ]
      },
      "properties": {
        "row_number": "204"
      }
    },
    {
      "type": "Feature",
      "geometry": {
        "type": "Point",
        "coordinates": [
          -0.433225564231092,
          51.06170115712946
        ]
      },
      "properties": {
        "row_number": "204"
      }
    },
    {
      "type": "Feature",
      "geometry": {
        "type": "Point",
        "coordinates": [
          -0.433212650274848,
          51.06175473937026
        ]
      },
      "properties": {
        "row_number": "204"
      }
    },
    {
      "type": "Feature",
      "geometry": {
        "type": "Point",
        "coordinates": [
          -0.433199151828607,
          51.06180867246513
        ]
      },
      "properties": {
        "row_number": "204"
      }
    },
    {
      "type": "Feature",
      "geometry": {
        "type": "Point",
        "coordinates": [
          -0.433186974299502,
          51.06186048380579
        ]
      },
      "properties": {
        "row_number": "204"
      }
    },
    {
      "type": "Feature",
      "geometry": {
        "type": "Point",
        "coordinates": [
          -0.433172814634901,
          51.06191451379579
        ]
      },
      "properties": {
        "row_number": "204"
      }
    },
    {
      "type": "Feature",
      "geometry": {
        "type": "Point",
        "coordinates": [
          -0.433159976348387,
          51.06196767727901
        ]
      },
      "properties": {
        "row_number": "204"
      }
    },
    {
      "type": "Feature",
      "geometry": {
        "type": "Point",
        "coordinates": [
          -0.433147030096137,
          51.06202029464315
        ]
      },
      "properties": {
        "row_number": "204"
      }
    },
    {
      "type": "Feature",
      "geometry": {
        "type": "Point",
        "coordinates": [
          -0.433134065484233,
          51.06207298862748
        ]
      },
      "properties": {
        "row_number": "204"
      }
    },
    {
      "type": "Feature",
      "geometry": {
        "type": "Point",
        "coordinates": [
          -0.433120263354394,
          51.06212667308733
        ]
      },
      "properties": {
        "row_number": "204"
      }
    },
    {
      "type": "Feature",
      "geometry": {
        "type": "Point",
        "coordinates": [
          -0.433108040316712,
          51.06218000977431
        ]
      },
      "properties": {
        "row_number": "204"
      }
    },
    {
      "type": "Feature",
      "geometry": {
        "type": "Point",
        "coordinates": [
          -0.433094382765003,
          51.06223335310055
        ]
      },
      "properties": {
        "row_number": "204"
      }
    },
    {
      "type": "Feature",
      "geometry": {
        "type": "Point",
        "coordinates": [
          -0.433081162236311,
          51.06228731521568
        ]
      },
      "properties": {
        "row_number": "204"
      }
    },
    {
      "type": "Feature",
      "geometry": {
        "type": "Point",
        "coordinates": [
          -0.433067793381927,
          51.0623407070165
        ]
      },
      "properties": {
        "row_number": "204"
      }
    },
    {
      "type": "Feature",
      "geometry": {
        "type": "Point",
        "coordinates": [
          -0.433055027602873,
          51.06239337948749
        ]
      },
      "properties": {
        "row_number": "204"
      }
    },
    {
      "type": "Feature",
      "geometry": {
        "type": "Point",
        "coordinates": [
          -0.433041916617916,
          51.06244695585879
        ]
      },
      "properties": {
        "row_number": "204"
      }
    },
    {
      "type": "Feature",
      "geometry": {
        "type": "Point",
        "coordinates": [
          -0.43302913280215,
          51.06250039250349
        ]
      },
      "properties": {
        "row_number": "204"
      }
    },
    {
      "type": "Feature",
      "geometry": {
        "type": "Point",
        "coordinates": [
          -0.433015884658408,
          51.06255370463673
        ]
      },
      "properties": {
        "row_number": "204"
      }
    },
    {
      "type": "Feature",
      "geometry": {
        "type": "Point",
        "coordinates": [
          -0.433002699884615,
          51.06260717330638
        ]
      },
      "properties": {
        "row_number": "204"
      }
    },
    {
      "type": "Feature",
      "geometry": {
        "type": "Point",
        "coordinates": [
          -0.432989624890547,
          51.06266031950982
        ]
      },
      "properties": {
        "row_number": "204"
      }
    },
    {
      "type": "Feature",
      "geometry": {
        "type": "Point",
        "coordinates": [
          -0.432976508162564,
          51.06271326989821
        ]
      },
      "properties": {
        "row_number": "204"
      }
    },
    {
      "type": "Feature",
      "geometry": {
        "type": "Point",
        "coordinates": [
          -0.432963836698466,
          51.06276744697963
        ]
      },
      "properties": {
        "row_number": "204"
      }
    },
    {
      "type": "Feature",
      "geometry": {
        "type": "Point",
        "coordinates": [
          -0.432949235974935,
          51.06282400721621
        ]
      },
      "properties": {
        "row_number": "204"
      }
    },
    {
      "type": "Feature",
      "geometry": {
        "type": "LineString",
        "coordinates": [
          [
            -0.433329299043272,
            51.06115581129932
          ],
          [
            -0.433313560426023,
            51.06121863093909
          ],
          [
            -0.433299915781908,
            51.06127186048922
          ],
          [
            -0.433286595798792,
            51.06132562711154
          ],
          [
            -0.433273531872751,
            51.06137879300123
          ],
          [
            -0.43326022104619,
            51.06143201644032
          ],
          [
            -0.433247223916717,
            51.06148493556492
          ],
          [
            -0.433234415635981,
            51.0615389009064
          ],
          [
            -0.433221229125798,
            51.06159176569651
          ],
          [
            -0.4332083947939,
            51.06164550812053
          ],
          [
            -0.433194994751065,
            51.06169829698346
          ],
          [
            -0.433181928103641,
            51.06175164180142
          ],
          [
            -0.433168338555854,
            51.06180539136886
          ],
          [
            -0.43315550204452,
            51.06185823185736
          ],
          [
            -0.433141696020236,
            51.06191109260874
          ],
          [
            -0.43312843311792,
            51.06196637776875
          ],
          [
            -0.433115200718843,
            51.0620176999393
          ],
          [
            -0.433102989858041,
            51.0620705397635
          ],
          [
            -0.433089629186592,
            51.06212374497433
          ],
          [
            -0.433076423559779,
            51.06217729350514
          ],
          [
            -0.433063241251235,
            51.06223046501394
          ],
          [
            -0.433050231126178,
            51.06228394313443
          ],
          [
            -0.433037054920791,
            51.06233768296826
          ],
          [
            -0.433023523337037,
            51.06239055337079
          ],
          [
            -0.433010655054877,
            51.06244391498036
          ],
          [
            -0.432998067838728,
            51.06249740354062
          ],
          [
            -0.432984220619856,
            51.06255072170966
          ],
          [
            -0.432971517314369,
            51.06260413953459
          ],
          [
            -0.432958508369188,
            51.06265758391818
          ],
          [
            -0.432945741131421,
            51.06271047669654
          ],
          [
            -0.432932254296672,
            51.0627641337027
          ],
          [
            -0.432920002728572,
            51.06281426992236
          ]
        ]
      },
      "properties": {
        "row_number": "205"
      }
    },
    {
      "type": "Feature",
      "geometry": {
        "type": "Point",
        "coordinates": [
          -0.433329299043272,
          51.06115581129932
        ]
      },
      "properties": {
        "row_number": "205"
      }
    },
    {
      "type": "Feature",
      "geometry": {
        "type": "Point",
        "coordinates": [
          -0.433313560426023,
          51.06121863093909
        ]
      },
      "properties": {
        "row_number": "205"
      }
    },
    {
      "type": "Feature",
      "geometry": {
        "type": "Point",
        "coordinates": [
          -0.433299915781908,
          51.06127186048922
        ]
      },
      "properties": {
        "row_number": "205"
      }
    },
    {
      "type": "Feature",
      "geometry": {
        "type": "Point",
        "coordinates": [
          -0.433286595798792,
          51.06132562711154
        ]
      },
      "properties": {
        "row_number": "205"
      }
    },
    {
      "type": "Feature",
      "geometry": {
        "type": "Point",
        "coordinates": [
          -0.433273531872751,
          51.06137879300123
        ]
      },
      "properties": {
        "row_number": "205"
      }
    },
    {
      "type": "Feature",
      "geometry": {
        "type": "Point",
        "coordinates": [
          -0.43326022104619,
          51.06143201644032
        ]
      },
      "properties": {
        "row_number": "205"
      }
    },
    {
      "type": "Feature",
      "geometry": {
        "type": "Point",
        "coordinates": [
          -0.433247223916717,
          51.06148493556492
        ]
      },
      "properties": {
        "row_number": "205"
      }
    },
    {
      "type": "Feature",
      "geometry": {
        "type": "Point",
        "coordinates": [
          -0.433234415635981,
          51.0615389009064
        ]
      },
      "properties": {
        "row_number": "205"
      }
    },
    {
      "type": "Feature",
      "geometry": {
        "type": "Point",
        "coordinates": [
          -0.433221229125798,
          51.06159176569651
        ]
      },
      "properties": {
        "row_number": "205"
      }
    },
    {
      "type": "Feature",
      "geometry": {
        "type": "Point",
        "coordinates": [
          -0.4332083947939,
          51.06164550812053
        ]
      },
      "properties": {
        "row_number": "205"
      }
    },
    {
      "type": "Feature",
      "geometry": {
        "type": "Point",
        "coordinates": [
          -0.433194994751065,
          51.06169829698346
        ]
      },
      "properties": {
        "row_number": "205"
      }
    },
    {
      "type": "Feature",
      "geometry": {
        "type": "Point",
        "coordinates": [
          -0.433181928103641,
          51.06175164180142
        ]
      },
      "properties": {
        "row_number": "205"
      }
    },
    {
      "type": "Feature",
      "geometry": {
        "type": "Point",
        "coordinates": [
          -0.433168338555854,
          51.06180539136886
        ]
      },
      "properties": {
        "row_number": "205"
      }
    },
    {
      "type": "Feature",
      "geometry": {
        "type": "Point",
        "coordinates": [
          -0.43315550204452,
          51.06185823185736
        ]
      },
      "properties": {
        "row_number": "205"
      }
    },
    {
      "type": "Feature",
      "geometry": {
        "type": "Point",
        "coordinates": [
          -0.433141696020236,
          51.06191109260874
        ]
      },
      "properties": {
        "row_number": "205"
      }
    },
    {
      "type": "Feature",
      "geometry": {
        "type": "Point",
        "coordinates": [
          -0.43312843311792,
          51.06196637776875
        ]
      },
      "properties": {
        "row_number": "205"
      }
    },
    {
      "type": "Feature",
      "geometry": {
        "type": "Point",
        "coordinates": [
          -0.433115200718843,
          51.0620176999393
        ]
      },
      "properties": {
        "row_number": "205"
      }
    },
    {
      "type": "Feature",
      "geometry": {
        "type": "Point",
        "coordinates": [
          -0.433102989858041,
          51.0620705397635
        ]
      },
      "properties": {
        "row_number": "205"
      }
    },
    {
      "type": "Feature",
      "geometry": {
        "type": "Point",
        "coordinates": [
          -0.433089629186592,
          51.06212374497433
        ]
      },
      "properties": {
        "row_number": "205"
      }
    },
    {
      "type": "Feature",
      "geometry": {
        "type": "Point",
        "coordinates": [
          -0.433076423559779,
          51.06217729350514
        ]
      },
      "properties": {
        "row_number": "205"
      }
    },
    {
      "type": "Feature",
      "geometry": {
        "type": "Point",
        "coordinates": [
          -0.433063241251235,
          51.06223046501394
        ]
      },
      "properties": {
        "row_number": "205"
      }
    },
    {
      "type": "Feature",
      "geometry": {
        "type": "Point",
        "coordinates": [
          -0.433050231126178,
          51.06228394313443
        ]
      },
      "properties": {
        "row_number": "205"
      }
    },
    {
      "type": "Feature",
      "geometry": {
        "type": "Point",
        "coordinates": [
          -0.433037054920791,
          51.06233768296826
        ]
      },
      "properties": {
        "row_number": "205"
      }
    },
    {
      "type": "Feature",
      "geometry": {
        "type": "Point",
        "coordinates": [
          -0.433023523337037,
          51.06239055337079
        ]
      },
      "properties": {
        "row_number": "205"
      }
    },
    {
      "type": "Feature",
      "geometry": {
        "type": "Point",
        "coordinates": [
          -0.433010655054877,
          51.06244391498036
        ]
      },
      "properties": {
        "row_number": "205"
      }
    },
    {
      "type": "Feature",
      "geometry": {
        "type": "Point",
        "coordinates": [
          -0.432998067838728,
          51.06249740354062
        ]
      },
      "properties": {
        "row_number": "205"
      }
    },
    {
      "type": "Feature",
      "geometry": {
        "type": "Point",
        "coordinates": [
          -0.432984220619856,
          51.06255072170966
        ]
      },
      "properties": {
        "row_number": "205"
      }
    },
    {
      "type": "Feature",
      "geometry": {
        "type": "Point",
        "coordinates": [
          -0.432971517314369,
          51.06260413953459
        ]
      },
      "properties": {
        "row_number": "205"
      }
    },
    {
      "type": "Feature",
      "geometry": {
        "type": "Point",
        "coordinates": [
          -0.432958508369188,
          51.06265758391818
        ]
      },
      "properties": {
        "row_number": "205"
      }
    },
    {
      "type": "Feature",
      "geometry": {
        "type": "Point",
        "coordinates": [
          -0.432945741131421,
          51.06271047669654
        ]
      },
      "properties": {
        "row_number": "205"
      }
    },
    {
      "type": "Feature",
      "geometry": {
        "type": "Point",
        "coordinates": [
          -0.432932254296672,
          51.0627641337027
        ]
      },
      "properties": {
        "row_number": "205"
      }
    },
    {
      "type": "Feature",
      "geometry": {
        "type": "Point",
        "coordinates": [
          -0.432920002728572,
          51.06281426992236
        ]
      },
      "properties": {
        "row_number": "205"
      }
    },
    {
      "type": "Feature",
      "geometry": {
        "type": "LineString",
        "coordinates": [
          [
            -0.433298844967831,
            51.0611491216785
          ],
          [
            -0.43328221782303,
            51.06121539154918
          ],
          [
            -0.433269541780474,
            51.06126903324014
          ],
          [
            -0.433255984703513,
            51.0613226806985
          ],
          [
            -0.433242804913074,
            51.06137552000475
          ],
          [
            -0.433229423843442,
            51.06142919344221
          ],
          [
            -0.433216686934914,
            51.06148164048971
          ],
          [
            -0.433203192369349,
            51.06153570206065
          ],
          [
            -0.433190191092614,
            51.06158905273013
          ],
          [
            -0.433176622085376,
            51.06164188710925
          ],
          [
            -0.433163862550268,
            51.06169510476413
          ],
          [
            -0.433151088028247,
            51.06174818774434
          ],
          [
            -0.433137913871242,
            51.06180228014873
          ],
          [
            -0.4331246822546,
            51.06185500897364
          ],
          [
            -0.433111297511526,
            51.06190793888833
          ],
          [
            -0.433097832406295,
            51.06196169931524
          ],
          [
            -0.433085244623759,
            51.06201440238503
          ],
          [
            -0.433072418258269,
            51.06206779396847
          ],
          [
            -0.433058964404558,
            51.06212081622941
          ],
          [
            -0.433045486237595,
            51.06217514017211
          ],
          [
            -0.433032554564563,
            51.06222789641389
          ],
          [
            -0.433019538577175,
            51.06228126184084
          ],
          [
            -0.433005584743167,
            51.06233458639554
          ],
          [
            -0.432992824882599,
            51.06238769476771
          ],
          [
            -0.432980086115438,
            51.0624404782298
          ],
          [
            -0.432967204412673,
            51.06249407187508
          ],
          [
            -0.432954065655131,
            51.06254774723524
          ],
          [
            -0.432940946312679,
            51.06260086931321
          ],
          [
            -0.432927778319003,
            51.06265465626019
          ],
          [
            -0.432914533955377,
            51.06270736441735
          ],
          [
            -0.432901374364461,
            51.06276093823045
          ],
          [
            -0.432890582608811,
            51.06280435861486
          ]
        ]
      },
      "properties": {
        "row_number": "206"
      }
    },
    {
      "type": "Feature",
      "geometry": {
        "type": "Point",
        "coordinates": [
          -0.433298844967831,
          51.0611491216785
        ]
      },
      "properties": {
        "row_number": "206"
      }
    },
    {
      "type": "Feature",
      "geometry": {
        "type": "Point",
        "coordinates": [
          -0.43328221782303,
          51.06121539154918
        ]
      },
      "properties": {
        "row_number": "206"
      }
    },
    {
      "type": "Feature",
      "geometry": {
        "type": "Point",
        "coordinates": [
          -0.433269541780474,
          51.06126903324014
        ]
      },
      "properties": {
        "row_number": "206"
      }
    },
    {
      "type": "Feature",
      "geometry": {
        "type": "Point",
        "coordinates": [
          -0.433255984703513,
          51.0613226806985
        ]
      },
      "properties": {
        "row_number": "206"
      }
    },
    {
      "type": "Feature",
      "geometry": {
        "type": "Point",
        "coordinates": [
          -0.433242804913074,
          51.06137552000475
        ]
      },
      "properties": {
        "row_number": "206"
      }
    },
    {
      "type": "Feature",
      "geometry": {
        "type": "Point",
        "coordinates": [
          -0.433229423843442,
          51.06142919344221
        ]
      },
      "properties": {
        "row_number": "206"
      }
    },
    {
      "type": "Feature",
      "geometry": {
        "type": "Point",
        "coordinates": [
          -0.433216686934914,
          51.06148164048971
        ]
      },
      "properties": {
        "row_number": "206"
      }
    },
    {
      "type": "Feature",
      "geometry": {
        "type": "Point",
        "coordinates": [
          -0.433203192369349,
          51.06153570206065
        ]
      },
      "properties": {
        "row_number": "206"
      }
    },
    {
      "type": "Feature",
      "geometry": {
        "type": "Point",
        "coordinates": [
          -0.433190191092614,
          51.06158905273013
        ]
      },
      "properties": {
        "row_number": "206"
      }
    },
    {
      "type": "Feature",
      "geometry": {
        "type": "Point",
        "coordinates": [
          -0.433176622085376,
          51.06164188710925
        ]
      },
      "properties": {
        "row_number": "206"
      }
    },
    {
      "type": "Feature",
      "geometry": {
        "type": "Point",
        "coordinates": [
          -0.433163862550268,
          51.06169510476413
        ]
      },
      "properties": {
        "row_number": "206"
      }
    },
    {
      "type": "Feature",
      "geometry": {
        "type": "Point",
        "coordinates": [
          -0.433151088028247,
          51.06174818774434
        ]
      },
      "properties": {
        "row_number": "206"
      }
    },
    {
      "type": "Feature",
      "geometry": {
        "type": "Point",
        "coordinates": [
          -0.433137913871242,
          51.06180228014873
        ]
      },
      "properties": {
        "row_number": "206"
      }
    },
    {
      "type": "Feature",
      "geometry": {
        "type": "Point",
        "coordinates": [
          -0.4331246822546,
          51.06185500897364
        ]
      },
      "properties": {
        "row_number": "206"
      }
    },
    {
      "type": "Feature",
      "geometry": {
        "type": "Point",
        "coordinates": [
          -0.433111297511526,
          51.06190793888833
        ]
      },
      "properties": {
        "row_number": "206"
      }
    },
    {
      "type": "Feature",
      "geometry": {
        "type": "Point",
        "coordinates": [
          -0.433097832406295,
          51.06196169931524
        ]
      },
      "properties": {
        "row_number": "206"
      }
    },
    {
      "type": "Feature",
      "geometry": {
        "type": "Point",
        "coordinates": [
          -0.433085244623759,
          51.06201440238503
        ]
      },
      "properties": {
        "row_number": "206"
      }
    },
    {
      "type": "Feature",
      "geometry": {
        "type": "Point",
        "coordinates": [
          -0.433072418258269,
          51.06206779396847
        ]
      },
      "properties": {
        "row_number": "206"
      }
    },
    {
      "type": "Feature",
      "geometry": {
        "type": "Point",
        "coordinates": [
          -0.433058964404558,
          51.06212081622941
        ]
      },
      "properties": {
        "row_number": "206"
      }
    },
    {
      "type": "Feature",
      "geometry": {
        "type": "Point",
        "coordinates": [
          -0.433045486237595,
          51.06217514017211
        ]
      },
      "properties": {
        "row_number": "206"
      }
    },
    {
      "type": "Feature",
      "geometry": {
        "type": "Point",
        "coordinates": [
          -0.433032554564563,
          51.06222789641389
        ]
      },
      "properties": {
        "row_number": "206"
      }
    },
    {
      "type": "Feature",
      "geometry": {
        "type": "Point",
        "coordinates": [
          -0.433019538577175,
          51.06228126184084
        ]
      },
      "properties": {
        "row_number": "206"
      }
    },
    {
      "type": "Feature",
      "geometry": {
        "type": "Point",
        "coordinates": [
          -0.433005584743167,
          51.06233458639554
        ]
      },
      "properties": {
        "row_number": "206"
      }
    },
    {
      "type": "Feature",
      "geometry": {
        "type": "Point",
        "coordinates": [
          -0.432992824882599,
          51.06238769476771
        ]
      },
      "properties": {
        "row_number": "206"
      }
    },
    {
      "type": "Feature",
      "geometry": {
        "type": "Point",
        "coordinates": [
          -0.432980086115438,
          51.0624404782298
        ]
      },
      "properties": {
        "row_number": "206"
      }
    },
    {
      "type": "Feature",
      "geometry": {
        "type": "Point",
        "coordinates": [
          -0.432967204412673,
          51.06249407187508
        ]
      },
      "properties": {
        "row_number": "206"
      }
    },
    {
      "type": "Feature",
      "geometry": {
        "type": "Point",
        "coordinates": [
          -0.432954065655131,
          51.06254774723524
        ]
      },
      "properties": {
        "row_number": "206"
      }
    },
    {
      "type": "Feature",
      "geometry": {
        "type": "Point",
        "coordinates": [
          -0.432940946312679,
          51.06260086931321
        ]
      },
      "properties": {
        "row_number": "206"
      }
    },
    {
      "type": "Feature",
      "geometry": {
        "type": "Point",
        "coordinates": [
          -0.432927778319003,
          51.06265465626019
        ]
      },
      "properties": {
        "row_number": "206"
      }
    },
    {
      "type": "Feature",
      "geometry": {
        "type": "Point",
        "coordinates": [
          -0.432914533955377,
          51.06270736441735
        ]
      },
      "properties": {
        "row_number": "206"
      }
    },
    {
      "type": "Feature",
      "geometry": {
        "type": "Point",
        "coordinates": [
          -0.432901374364461,
          51.06276093823045
        ]
      },
      "properties": {
        "row_number": "206"
      }
    },
    {
      "type": "Feature",
      "geometry": {
        "type": "Point",
        "coordinates": [
          -0.432890582608811,
          51.06280435861486
        ]
      },
      "properties": {
        "row_number": "206"
      }
    },
    {
      "type": "Feature",
      "geometry": {
        "type": "LineString",
        "coordinates": [
          [
            -0.43326886986691,
            51.0611422712743
          ],
          [
            -0.433251643820001,
            51.06121204067691
          ],
          [
            -0.43323825251016,
            51.0612658818135
          ],
          [
            -0.433224989400309,
            51.06131965674917
          ],
          [
            -0.433212048526317,
            51.06137244919466
          ],
          [
            -0.433198774919963,
            51.06142617283273
          ],
          [
            -0.433185430168019,
            51.06147880215227
          ],
          [
            -0.433172170513605,
            51.06153258997394
          ],
          [
            -0.43315913615739,
            51.06158575965436
          ],
          [
            -0.433145568634066,
            51.06163877136522
          ],
          [
            -0.433132200073267,
            51.06169222824646
          ],
          [
            -0.43311873523908,
            51.06174556468285
          ],
          [
            -0.433105569178658,
            51.06179899916141
          ],
          [
            -0.433092595734959,
            51.06185219294487
          ],
          [
            -0.433080001987214,
            51.06190550237326
          ],
          [
            -0.433067610793503,
            51.06195865774301
          ],
          [
            -0.433053794460885,
            51.06201146692676
          ],
          [
            -0.433040887689293,
            51.06206458486128
          ],
          [
            -0.433027316906995,
            51.0621173019055
          ],
          [
            -0.433013961051134,
            51.06217137622987
          ],
          [
            -0.433001056421089,
            51.06222463298132
          ],
          [
            -0.43298788363163,
            51.06227798096823
          ],
          [
            -0.432974426354158,
            51.06233147646031
          ],
          [
            -0.432961946926607,
            51.06238432592171
          ],
          [
            -0.43294871217713,
            51.06243808241241
          ],
          [
            -0.432936008406635,
            51.06249140914245
          ],
          [
            -0.432922682255592,
            51.06254496688472
          ],
          [
            -0.432909677464788,
            51.06259810728564
          ],
          [
            -0.432896273077667,
            51.06265165239759
          ],
          [
            -0.43288359820076,
            51.06270450492195
          ],
          [
            -0.432870584636074,
            51.06275783459323
          ],
          [
            -0.432861787939203,
            51.06279469325803
          ]
        ]
      },
      "properties": {
        "row_number": "207"
      }
    },
    {
      "type": "Feature",
      "geometry": {
        "type": "Point",
        "coordinates": [
          -0.43326886986691,
          51.0611422712743
        ]
      },
      "properties": {
        "row_number": "207"
      }
    },
    {
      "type": "Feature",
      "geometry": {
        "type": "Point",
        "coordinates": [
          -0.433251643820001,
          51.06121204067691
        ]
      },
      "properties": {
        "row_number": "207"
      }
    },
    {
      "type": "Feature",
      "geometry": {
        "type": "Point",
        "coordinates": [
          -0.43323825251016,
          51.0612658818135
        ]
      },
      "properties": {
        "row_number": "207"
      }
    },
    {
      "type": "Feature",
      "geometry": {
        "type": "Point",
        "coordinates": [
          -0.433224989400309,
          51.06131965674917
        ]
      },
      "properties": {
        "row_number": "207"
      }
    },
    {
      "type": "Feature",
      "geometry": {
        "type": "Point",
        "coordinates": [
          -0.433212048526317,
          51.06137244919466
        ]
      },
      "properties": {
        "row_number": "207"
      }
    },
    {
      "type": "Feature",
      "geometry": {
        "type": "Point",
        "coordinates": [
          -0.433198774919963,
          51.06142617283273
        ]
      },
      "properties": {
        "row_number": "207"
      }
    },
    {
      "type": "Feature",
      "geometry": {
        "type": "Point",
        "coordinates": [
          -0.433185430168019,
          51.06147880215227
        ]
      },
      "properties": {
        "row_number": "207"
      }
    },
    {
      "type": "Feature",
      "geometry": {
        "type": "Point",
        "coordinates": [
          -0.433172170513605,
          51.06153258997394
        ]
      },
      "properties": {
        "row_number": "207"
      }
    },
    {
      "type": "Feature",
      "geometry": {
        "type": "Point",
        "coordinates": [
          -0.43315913615739,
          51.06158575965436
        ]
      },
      "properties": {
        "row_number": "207"
      }
    },
    {
      "type": "Feature",
      "geometry": {
        "type": "Point",
        "coordinates": [
          -0.433145568634066,
          51.06163877136522
        ]
      },
      "properties": {
        "row_number": "207"
      }
    },
    {
      "type": "Feature",
      "geometry": {
        "type": "Point",
        "coordinates": [
          -0.433132200073267,
          51.06169222824646
        ]
      },
      "properties": {
        "row_number": "207"
      }
    },
    {
      "type": "Feature",
      "geometry": {
        "type": "Point",
        "coordinates": [
          -0.43311873523908,
          51.06174556468285
        ]
      },
      "properties": {
        "row_number": "207"
      }
    },
    {
      "type": "Feature",
      "geometry": {
        "type": "Point",
        "coordinates": [
          -0.433105569178658,
          51.06179899916141
        ]
      },
      "properties": {
        "row_number": "207"
      }
    },
    {
      "type": "Feature",
      "geometry": {
        "type": "Point",
        "coordinates": [
          -0.433092595734959,
          51.06185219294487
        ]
      },
      "properties": {
        "row_number": "207"
      }
    },
    {
      "type": "Feature",
      "geometry": {
        "type": "Point",
        "coordinates": [
          -0.433080001987214,
          51.06190550237326
        ]
      },
      "properties": {
        "row_number": "207"
      }
    },
    {
      "type": "Feature",
      "geometry": {
        "type": "Point",
        "coordinates": [
          -0.433067610793503,
          51.06195865774301
        ]
      },
      "properties": {
        "row_number": "207"
      }
    },
    {
      "type": "Feature",
      "geometry": {
        "type": "Point",
        "coordinates": [
          -0.433053794460885,
          51.06201146692676
        ]
      },
      "properties": {
        "row_number": "207"
      }
    },
    {
      "type": "Feature",
      "geometry": {
        "type": "Point",
        "coordinates": [
          -0.433040887689293,
          51.06206458486128
        ]
      },
      "properties": {
        "row_number": "207"
      }
    },
    {
      "type": "Feature",
      "geometry": {
        "type": "Point",
        "coordinates": [
          -0.433027316906995,
          51.0621173019055
        ]
      },
      "properties": {
        "row_number": "207"
      }
    },
    {
      "type": "Feature",
      "geometry": {
        "type": "Point",
        "coordinates": [
          -0.433013961051134,
          51.06217137622987
        ]
      },
      "properties": {
        "row_number": "207"
      }
    },
    {
      "type": "Feature",
      "geometry": {
        "type": "Point",
        "coordinates": [
          -0.433001056421089,
          51.06222463298132
        ]
      },
      "properties": {
        "row_number": "207"
      }
    },
    {
      "type": "Feature",
      "geometry": {
        "type": "Point",
        "coordinates": [
          -0.43298788363163,
          51.06227798096823
        ]
      },
      "properties": {
        "row_number": "207"
      }
    },
    {
      "type": "Feature",
      "geometry": {
        "type": "Point",
        "coordinates": [
          -0.432974426354158,
          51.06233147646031
        ]
      },
      "properties": {
        "row_number": "207"
      }
    },
    {
      "type": "Feature",
      "geometry": {
        "type": "Point",
        "coordinates": [
          -0.432961946926607,
          51.06238432592171
        ]
      },
      "properties": {
        "row_number": "207"
      }
    },
    {
      "type": "Feature",
      "geometry": {
        "type": "Point",
        "coordinates": [
          -0.43294871217713,
          51.06243808241241
        ]
      },
      "properties": {
        "row_number": "207"
      }
    },
    {
      "type": "Feature",
      "geometry": {
        "type": "Point",
        "coordinates": [
          -0.432936008406635,
          51.06249140914245
        ]
      },
      "properties": {
        "row_number": "207"
      }
    },
    {
      "type": "Feature",
      "geometry": {
        "type": "Point",
        "coordinates": [
          -0.432922682255592,
          51.06254496688472
        ]
      },
      "properties": {
        "row_number": "207"
      }
    },
    {
      "type": "Feature",
      "geometry": {
        "type": "Point",
        "coordinates": [
          -0.432909677464788,
          51.06259810728564
        ]
      },
      "properties": {
        "row_number": "207"
      }
    },
    {
      "type": "Feature",
      "geometry": {
        "type": "Point",
        "coordinates": [
          -0.432896273077667,
          51.06265165239759
        ]
      },
      "properties": {
        "row_number": "207"
      }
    },
    {
      "type": "Feature",
      "geometry": {
        "type": "Point",
        "coordinates": [
          -0.43288359820076,
          51.06270450492195
        ]
      },
      "properties": {
        "row_number": "207"
      }
    },
    {
      "type": "Feature",
      "geometry": {
        "type": "Point",
        "coordinates": [
          -0.432870584636074,
          51.06275783459323
        ]
      },
      "properties": {
        "row_number": "207"
      }
    },
    {
      "type": "Feature",
      "geometry": {
        "type": "Point",
        "coordinates": [
          -0.432861787939203,
          51.06279469325803
        ]
      },
      "properties": {
        "row_number": "207"
      }
    },
    {
      "type": "Feature",
      "geometry": {
        "type": "LineString",
        "coordinates": [
          [
            -0.43323694447462,
            51.06113668769858
          ],
          [
            -0.433232225855764,
            51.06115690506088
          ],
          [
            -0.433220334789193,
            51.06120931080574
          ],
          [
            -0.433206242498099,
            51.06126259584221
          ],
          [
            -0.433192952898818,
            51.0613161075625
          ],
          [
            -0.433180190141607,
            51.06136928201258
          ],
          [
            -0.43316687560867,
            51.06142300664549
          ],
          [
            -0.433154188076665,
            51.06147550303245
          ],
          [
            -0.433141091622324,
            51.06152982813019
          ],
          [
            -0.433128041440309,
            51.06158305454666
          ],
          [
            -0.433114563584918,
            51.06163581156294
          ],
          [
            -0.433101553333901,
            51.06168929418659
          ],
          [
            -0.433088477179322,
            51.06174250180673
          ],
          [
            -0.433075672863175,
            51.06179636889988
          ],
          [
            -0.433062382679341,
            51.06184917111416
          ],
          [
            -0.433049067649882,
            51.06190205528129
          ],
          [
            -0.433035839838476,
            51.06195525066319
          ],
          [
            -0.433022828292715,
            51.06200856692148
          ],
          [
            -0.433009565273013,
            51.06206167200533
          ],
          [
            -0.432997043902792,
            51.06211437540158
          ],
          [
            -0.432983458018215,
            51.06216851397804
          ],
          [
            -0.432970577613532,
            51.06222108038662
          ],
          [
            -0.432957196965382,
            51.06227503544284
          ],
          [
            -0.432943895829789,
            51.06232856380587
          ],
          [
            -0.432930501193049,
            51.06238124447405
          ],
          [
            -0.432917498714636,
            51.06243498286891
          ],
          [
            -0.432904342005194,
            51.06248796179691
          ],
          [
            -0.432891274381151,
            51.06254182208826
          ],
          [
            -0.432878560098944,
            51.06259536477823
          ],
          [
            -0.432864893743976,
            51.06264861120657
          ],
          [
            -0.432852096341518,
            51.0627005706729
          ],
          [
            -0.43283916561311,
            51.06275475511835
          ],
          [
            -0.432831310110402,
            51.06278531629162
          ]
        ]
      },
      "properties": {
        "row_number": "208"
      }
    },
    {
      "type": "Feature",
      "geometry": {
        "type": "Point",
        "coordinates": [
          -0.43323694447462,
          51.06113668769858
        ]
      },
      "properties": {
        "row_number": "208"
      }
    },
    {
      "type": "Feature",
      "geometry": {
        "type": "Point",
        "coordinates": [
          -0.433232225855764,
          51.06115690506088
        ]
      },
      "properties": {
        "row_number": "208"
      }
    },
    {
      "type": "Feature",
      "geometry": {
        "type": "Point",
        "coordinates": [
          -0.433220334789193,
          51.06120931080574
        ]
      },
      "properties": {
        "row_number": "208"
      }
    },
    {
      "type": "Feature",
      "geometry": {
        "type": "Point",
        "coordinates": [
          -0.433206242498099,
          51.06126259584221
        ]
      },
      "properties": {
        "row_number": "208"
      }
    },
    {
      "type": "Feature",
      "geometry": {
        "type": "Point",
        "coordinates": [
          -0.433192952898818,
          51.0613161075625
        ]
      },
      "properties": {
        "row_number": "208"
      }
    },
    {
      "type": "Feature",
      "geometry": {
        "type": "Point",
        "coordinates": [
          -0.433180190141607,
          51.06136928201258
        ]
      },
      "properties": {
        "row_number": "208"
      }
    },
    {
      "type": "Feature",
      "geometry": {
        "type": "Point",
        "coordinates": [
          -0.43316687560867,
          51.06142300664549
        ]
      },
      "properties": {
        "row_number": "208"
      }
    },
    {
      "type": "Feature",
      "geometry": {
        "type": "Point",
        "coordinates": [
          -0.433154188076665,
          51.06147550303245
        ]
      },
      "properties": {
        "row_number": "208"
      }
    },
    {
      "type": "Feature",
      "geometry": {
        "type": "Point",
        "coordinates": [
          -0.433141091622324,
          51.06152982813019
        ]
      },
      "properties": {
        "row_number": "208"
      }
    },
    {
      "type": "Feature",
      "geometry": {
        "type": "Point",
        "coordinates": [
          -0.433128041440309,
          51.06158305454666
        ]
      },
      "properties": {
        "row_number": "208"
      }
    },
    {
      "type": "Feature",
      "geometry": {
        "type": "Point",
        "coordinates": [
          -0.433114563584918,
          51.06163581156294
        ]
      },
      "properties": {
        "row_number": "208"
      }
    },
    {
      "type": "Feature",
      "geometry": {
        "type": "Point",
        "coordinates": [
          -0.433101553333901,
          51.06168929418659
        ]
      },
      "properties": {
        "row_number": "208"
      }
    },
    {
      "type": "Feature",
      "geometry": {
        "type": "Point",
        "coordinates": [
          -0.433088477179322,
          51.06174250180673
        ]
      },
      "properties": {
        "row_number": "208"
      }
    },
    {
      "type": "Feature",
      "geometry": {
        "type": "Point",
        "coordinates": [
          -0.433075672863175,
          51.06179636889988
        ]
      },
      "properties": {
        "row_number": "208"
      }
    },
    {
      "type": "Feature",
      "geometry": {
        "type": "Point",
        "coordinates": [
          -0.433062382679341,
          51.06184917111416
        ]
      },
      "properties": {
        "row_number": "208"
      }
    },
    {
      "type": "Feature",
      "geometry": {
        "type": "Point",
        "coordinates": [
          -0.433049067649882,
          51.06190205528129
        ]
      },
      "properties": {
        "row_number": "208"
      }
    },
    {
      "type": "Feature",
      "geometry": {
        "type": "Point",
        "coordinates": [
          -0.433035839838476,
          51.06195525066319
        ]
      },
      "properties": {
        "row_number": "208"
      }
    },
    {
      "type": "Feature",
      "geometry": {
        "type": "Point",
        "coordinates": [
          -0.433022828292715,
          51.06200856692148
        ]
      },
      "properties": {
        "row_number": "208"
      }
    },
    {
      "type": "Feature",
      "geometry": {
        "type": "Point",
        "coordinates": [
          -0.433009565273013,
          51.06206167200533
        ]
      },
      "properties": {
        "row_number": "208"
      }
    },
    {
      "type": "Feature",
      "geometry": {
        "type": "Point",
        "coordinates": [
          -0.432997043902792,
          51.06211437540158
        ]
      },
      "properties": {
        "row_number": "208"
      }
    },
    {
      "type": "Feature",
      "geometry": {
        "type": "Point",
        "coordinates": [
          -0.432983458018215,
          51.06216851397804
        ]
      },
      "properties": {
        "row_number": "208"
      }
    },
    {
      "type": "Feature",
      "geometry": {
        "type": "Point",
        "coordinates": [
          -0.432970577613532,
          51.06222108038662
        ]
      },
      "properties": {
        "row_number": "208"
      }
    },
    {
      "type": "Feature",
      "geometry": {
        "type": "Point",
        "coordinates": [
          -0.432957196965382,
          51.06227503544284
        ]
      },
      "properties": {
        "row_number": "208"
      }
    },
    {
      "type": "Feature",
      "geometry": {
        "type": "Point",
        "coordinates": [
          -0.432943895829789,
          51.06232856380587
        ]
      },
      "properties": {
        "row_number": "208"
      }
    },
    {
      "type": "Feature",
      "geometry": {
        "type": "Point",
        "coordinates": [
          -0.432930501193049,
          51.06238124447405
        ]
      },
      "properties": {
        "row_number": "208"
      }
    },
    {
      "type": "Feature",
      "geometry": {
        "type": "Point",
        "coordinates": [
          -0.432917498714636,
          51.06243498286891
        ]
      },
      "properties": {
        "row_number": "208"
      }
    },
    {
      "type": "Feature",
      "geometry": {
        "type": "Point",
        "coordinates": [
          -0.432904342005194,
          51.06248796179691
        ]
      },
      "properties": {
        "row_number": "208"
      }
    },
    {
      "type": "Feature",
      "geometry": {
        "type": "Point",
        "coordinates": [
          -0.432891274381151,
          51.06254182208826
        ]
      },
      "properties": {
        "row_number": "208"
      }
    },
    {
      "type": "Feature",
      "geometry": {
        "type": "Point",
        "coordinates": [
          -0.432878560098944,
          51.06259536477823
        ]
      },
      "properties": {
        "row_number": "208"
      }
    },
    {
      "type": "Feature",
      "geometry": {
        "type": "Point",
        "coordinates": [
          -0.432864893743976,
          51.06264861120657
        ]
      },
      "properties": {
        "row_number": "208"
      }
    },
    {
      "type": "Feature",
      "geometry": {
        "type": "Point",
        "coordinates": [
          -0.432852096341518,
          51.0627005706729
        ]
      },
      "properties": {
        "row_number": "208"
      }
    },
    {
      "type": "Feature",
      "geometry": {
        "type": "Point",
        "coordinates": [
          -0.43283916561311,
          51.06275475511835
        ]
      },
      "properties": {
        "row_number": "208"
      }
    },
    {
      "type": "Feature",
      "geometry": {
        "type": "Point",
        "coordinates": [
          -0.432831310110402,
          51.06278531629162
        ]
      },
      "properties": {
        "row_number": "208"
      }
    },
    {
      "type": "Feature",
      "geometry": {
        "type": "LineString",
        "coordinates": [
          [
            -0.433207612554647,
            51.06113139553887
          ],
          [
            -0.433201783314836,
            51.06115318781146
          ],
          [
            -0.433189287506988,
            51.06120666776101
          ],
          [
            -0.433175520911104,
            51.06125965751651
          ],
          [
            -0.433162487672936,
            51.0613134645172
          ],
          [
            -0.433149423595156,
            51.06136618195234
          ],
          [
            -0.433136433699777,
            51.06142012602235
          ],
          [
            -0.43312368368779,
            51.06147255631386
          ],
          [
            -0.433110393519745,
            51.06152630095072
          ],
          [
            -0.433096981190877,
            51.06157986202713
          ],
          [
            -0.433083884728542,
            51.06163293576206
          ],
          [
            -0.433071164931447,
            51.06168604169735
          ],
          [
            -0.433058606582766,
            51.06173963177505
          ],
          [
            -0.433045200134874,
            51.06179294866391
          ],
          [
            -0.433031548395955,
            51.06184579391173
          ],
          [
            -0.433018944090995,
            51.06189899294367
          ],
          [
            -0.433004928956342,
            51.06195268084407
          ],
          [
            -0.432992228225175,
            51.0620056304909
          ],
          [
            -0.432979200580312,
            51.06205872606908
          ],
          [
            -0.432965775611856,
            51.06211172414424
          ],
          [
            -0.432952934323223,
            51.06216511686333
          ],
          [
            -0.432939874366407,
            51.06221880486361
          ],
          [
            -0.432926856425382,
            51.06227225761348
          ],
          [
            -0.432913818943228,
            51.06232571722681
          ],
          [
            -0.432900601016055,
            51.06237900891892
          ],
          [
            -0.432887608837183,
            51.06243206435668
          ],
          [
            -0.432874642849499,
            51.06248538897528
          ],
          [
            -0.43286112671125,
            51.06253869209536
          ],
          [
            -0.432848359990909,
            51.06259258517419
          ],
          [
            -0.43283482720208,
            51.06264549591139
          ],
          [
            -0.432821811298225,
            51.0626977010237
          ],
          [
            -0.432808361002408,
            51.06275183175232
          ],
          [
            -0.432802866100195,
            51.06277570864602
          ]
        ]
      },
      "properties": {
        "row_number": "209"
      }
    },
    {
      "type": "Feature",
      "geometry": {
        "type": "Point",
        "coordinates": [
          -0.433207612554647,
          51.06113139553887
        ]
      },
      "properties": {
        "row_number": "209"
      }
    },
    {
      "type": "Feature",
      "geometry": {
        "type": "Point",
        "coordinates": [
          -0.433201783314836,
          51.06115318781146
        ]
      },
      "properties": {
        "row_number": "209"
      }
    },
    {
      "type": "Feature",
      "geometry": {
        "type": "Point",
        "coordinates": [
          -0.433189287506988,
          51.06120666776101
        ]
      },
      "properties": {
        "row_number": "209"
      }
    },
    {
      "type": "Feature",
      "geometry": {
        "type": "Point",
        "coordinates": [
          -0.433175520911104,
          51.06125965751651
        ]
      },
      "properties": {
        "row_number": "209"
      }
    },
    {
      "type": "Feature",
      "geometry": {
        "type": "Point",
        "coordinates": [
          -0.433162487672936,
          51.0613134645172
        ]
      },
      "properties": {
        "row_number": "209"
      }
    },
    {
      "type": "Feature",
      "geometry": {
        "type": "Point",
        "coordinates": [
          -0.433149423595156,
          51.06136618195234
        ]
      },
      "properties": {
        "row_number": "209"
      }
    },
    {
      "type": "Feature",
      "geometry": {
        "type": "Point",
        "coordinates": [
          -0.433136433699777,
          51.06142012602235
        ]
      },
      "properties": {
        "row_number": "209"
      }
    },
    {
      "type": "Feature",
      "geometry": {
        "type": "Point",
        "coordinates": [
          -0.43312368368779,
          51.06147255631386
        ]
      },
      "properties": {
        "row_number": "209"
      }
    },
    {
      "type": "Feature",
      "geometry": {
        "type": "Point",
        "coordinates": [
          -0.433110393519745,
          51.06152630095072
        ]
      },
      "properties": {
        "row_number": "209"
      }
    },
    {
      "type": "Feature",
      "geometry": {
        "type": "Point",
        "coordinates": [
          -0.433096981190877,
          51.06157986202713
        ]
      },
      "properties": {
        "row_number": "209"
      }
    },
    {
      "type": "Feature",
      "geometry": {
        "type": "Point",
        "coordinates": [
          -0.433083884728542,
          51.06163293576206
        ]
      },
      "properties": {
        "row_number": "209"
      }
    },
    {
      "type": "Feature",
      "geometry": {
        "type": "Point",
        "coordinates": [
          -0.433071164931447,
          51.06168604169735
        ]
      },
      "properties": {
        "row_number": "209"
      }
    },
    {
      "type": "Feature",
      "geometry": {
        "type": "Point",
        "coordinates": [
          -0.433058606582766,
          51.06173963177505
        ]
      },
      "properties": {
        "row_number": "209"
      }
    },
    {
      "type": "Feature",
      "geometry": {
        "type": "Point",
        "coordinates": [
          -0.433045200134874,
          51.06179294866391
        ]
      },
      "properties": {
        "row_number": "209"
      }
    },
    {
      "type": "Feature",
      "geometry": {
        "type": "Point",
        "coordinates": [
          -0.433031548395955,
          51.06184579391173
        ]
      },
      "properties": {
        "row_number": "209"
      }
    },
    {
      "type": "Feature",
      "geometry": {
        "type": "Point",
        "coordinates": [
          -0.433018944090995,
          51.06189899294367
        ]
      },
      "properties": {
        "row_number": "209"
      }
    },
    {
      "type": "Feature",
      "geometry": {
        "type": "Point",
        "coordinates": [
          -0.433004928956342,
          51.06195268084407
        ]
      },
      "properties": {
        "row_number": "209"
      }
    },
    {
      "type": "Feature",
      "geometry": {
        "type": "Point",
        "coordinates": [
          -0.432992228225175,
          51.0620056304909
        ]
      },
      "properties": {
        "row_number": "209"
      }
    },
    {
      "type": "Feature",
      "geometry": {
        "type": "Point",
        "coordinates": [
          -0.432979200580312,
          51.06205872606908
        ]
      },
      "properties": {
        "row_number": "209"
      }
    },
    {
      "type": "Feature",
      "geometry": {
        "type": "Point",
        "coordinates": [
          -0.432965775611856,
          51.06211172414424
        ]
      },
      "properties": {
        "row_number": "209"
      }
    },
    {
      "type": "Feature",
      "geometry": {
        "type": "Point",
        "coordinates": [
          -0.432952934323223,
          51.06216511686333
        ]
      },
      "properties": {
        "row_number": "209"
      }
    },
    {
      "type": "Feature",
      "geometry": {
        "type": "Point",
        "coordinates": [
          -0.432939874366407,
          51.06221880486361
        ]
      },
      "properties": {
        "row_number": "209"
      }
    },
    {
      "type": "Feature",
      "geometry": {
        "type": "Point",
        "coordinates": [
          -0.432926856425382,
          51.06227225761348
        ]
      },
      "properties": {
        "row_number": "209"
      }
    },
    {
      "type": "Feature",
      "geometry": {
        "type": "Point",
        "coordinates": [
          -0.432913818943228,
          51.06232571722681
        ]
      },
      "properties": {
        "row_number": "209"
      }
    },
    {
      "type": "Feature",
      "geometry": {
        "type": "Point",
        "coordinates": [
          -0.432900601016055,
          51.06237900891892
        ]
      },
      "properties": {
        "row_number": "209"
      }
    },
    {
      "type": "Feature",
      "geometry": {
        "type": "Point",
        "coordinates": [
          -0.432887608837183,
          51.06243206435668
        ]
      },
      "properties": {
        "row_number": "209"
      }
    },
    {
      "type": "Feature",
      "geometry": {
        "type": "Point",
        "coordinates": [
          -0.432874642849499,
          51.06248538897528
        ]
      },
      "properties": {
        "row_number": "209"
      }
    },
    {
      "type": "Feature",
      "geometry": {
        "type": "Point",
        "coordinates": [
          -0.43286112671125,
          51.06253869209536
        ]
      },
      "properties": {
        "row_number": "209"
      }
    },
    {
      "type": "Feature",
      "geometry": {
        "type": "Point",
        "coordinates": [
          -0.432848359990909,
          51.06259258517419
        ]
      },
      "properties": {
        "row_number": "209"
      }
    },
    {
      "type": "Feature",
      "geometry": {
        "type": "Point",
        "coordinates": [
          -0.43283482720208,
          51.06264549591139
        ]
      },
      "properties": {
        "row_number": "209"
      }
    },
    {
      "type": "Feature",
      "geometry": {
        "type": "Point",
        "coordinates": [
          -0.432821811298225,
          51.0626977010237
        ]
      },
      "properties": {
        "row_number": "209"
      }
    },
    {
      "type": "Feature",
      "geometry": {
        "type": "Point",
        "coordinates": [
          -0.432808361002408,
          51.06275183175232
        ]
      },
      "properties": {
        "row_number": "209"
      }
    },
    {
      "type": "Feature",
      "geometry": {
        "type": "Point",
        "coordinates": [
          -0.432802866100195,
          51.06277570864602
        ]
      },
      "properties": {
        "row_number": "209"
      }
    },
    {
      "type": "Feature",
      "geometry": {
        "type": "LineString",
        "coordinates": [
          [
            -0.433178326287895,
            51.06112443114021
          ],
          [
            -0.433171480939527,
            51.06115091265958
          ],
          [
            -0.433158479638232,
            51.06120358815171
          ],
          [
            -0.433145683064731,
            51.06125730912198
          ],
          [
            -0.433132369088189,
            51.06131068555298
          ],
          [
            -0.433119361219467,
            51.0613631537877
          ],
          [
            -0.433106617020631,
            51.06141697787189
          ],
          [
            -0.43309310949855,
            51.06147000638215
          ],
          [
            -0.43308058710277,
            51.06152370781042
          ],
          [
            -0.433067345891003,
            51.06157631196125
          ],
          [
            -0.43305401979034,
            51.06162982587291
          ],
          [
            -0.433040994302212,
            51.06168294778455
          ],
          [
            -0.433027749178734,
            51.06173669288016
          ],
          [
            -0.43301416745249,
            51.06179003891451
          ],
          [
            -0.433001069439716,
            51.06184285424546
          ],
          [
            -0.432988225372386,
            51.06189634550044
          ],
          [
            -0.432975301948355,
            51.06194968333031
          ],
          [
            -0.432962112180257,
            51.06200219423166
          ],
          [
            -0.432948416949987,
            51.06205589586033
          ],
          [
            -0.432935376006223,
            51.06210895251947
          ],
          [
            -0.432922141731067,
            51.06216242332786
          ],
          [
            -0.432909195769904,
            51.06221418967874
          ],
          [
            -0.432896093052073,
            51.06226936759698
          ],
          [
            -0.43288257741966,
            51.06232249051791
          ],
          [
            -0.432869669717493,
            51.06237579842772
          ],
          [
            -0.432856606916692,
            51.06242892231081
          ],
          [
            -0.432843481250698,
            51.06248218319352
          ],
          [
            -0.432829663874335,
            51.06253593466091
          ],
          [
            -0.432817230983937,
            51.06258934781309
          ],
          [
            -0.432804150999542,
            51.06264230620776
          ],
          [
            -0.43279090895578,
            51.0626953249765
          ],
          [
            -0.432773072703305,
            51.0627650946037
          ]
        ]
      },
      "properties": {
        "row_number": "210"
      }
    },
    {
      "type": "Feature",
      "geometry": {
        "type": "Point",
        "coordinates": [
          -0.433178326287895,
          51.06112443114021
        ]
      },
      "properties": {
        "row_number": "210"
      }
    },
    {
      "type": "Feature",
      "geometry": {
        "type": "Point",
        "coordinates": [
          -0.433171480939527,
          51.06115091265958
        ]
      },
      "properties": {
        "row_number": "210"
      }
    },
    {
      "type": "Feature",
      "geometry": {
        "type": "Point",
        "coordinates": [
          -0.433158479638232,
          51.06120358815171
        ]
      },
      "properties": {
        "row_number": "210"
      }
    },
    {
      "type": "Feature",
      "geometry": {
        "type": "Point",
        "coordinates": [
          -0.433145683064731,
          51.06125730912198
        ]
      },
      "properties": {
        "row_number": "210"
      }
    },
    {
      "type": "Feature",
      "geometry": {
        "type": "Point",
        "coordinates": [
          -0.433132369088189,
          51.06131068555298
        ]
      },
      "properties": {
        "row_number": "210"
      }
    },
    {
      "type": "Feature",
      "geometry": {
        "type": "Point",
        "coordinates": [
          -0.433119361219467,
          51.0613631537877
        ]
      },
      "properties": {
        "row_number": "210"
      }
    },
    {
      "type": "Feature",
      "geometry": {
        "type": "Point",
        "coordinates": [
          -0.433106617020631,
          51.06141697787189
        ]
      },
      "properties": {
        "row_number": "210"
      }
    },
    {
      "type": "Feature",
      "geometry": {
        "type": "Point",
        "coordinates": [
          -0.43309310949855,
          51.06147000638215
        ]
      },
      "properties": {
        "row_number": "210"
      }
    },
    {
      "type": "Feature",
      "geometry": {
        "type": "Point",
        "coordinates": [
          -0.43308058710277,
          51.06152370781042
        ]
      },
      "properties": {
        "row_number": "210"
      }
    },
    {
      "type": "Feature",
      "geometry": {
        "type": "Point",
        "coordinates": [
          -0.433067345891003,
          51.06157631196125
        ]
      },
      "properties": {
        "row_number": "210"
      }
    },
    {
      "type": "Feature",
      "geometry": {
        "type": "Point",
        "coordinates": [
          -0.43305401979034,
          51.06162982587291
        ]
      },
      "properties": {
        "row_number": "210"
      }
    },
    {
      "type": "Feature",
      "geometry": {
        "type": "Point",
        "coordinates": [
          -0.433040994302212,
          51.06168294778455
        ]
      },
      "properties": {
        "row_number": "210"
      }
    },
    {
      "type": "Feature",
      "geometry": {
        "type": "Point",
        "coordinates": [
          -0.433027749178734,
          51.06173669288016
        ]
      },
      "properties": {
        "row_number": "210"
      }
    },
    {
      "type": "Feature",
      "geometry": {
        "type": "Point",
        "coordinates": [
          -0.43301416745249,
          51.06179003891451
        ]
      },
      "properties": {
        "row_number": "210"
      }
    },
    {
      "type": "Feature",
      "geometry": {
        "type": "Point",
        "coordinates": [
          -0.433001069439716,
          51.06184285424546
        ]
      },
      "properties": {
        "row_number": "210"
      }
    },
    {
      "type": "Feature",
      "geometry": {
        "type": "Point",
        "coordinates": [
          -0.432988225372386,
          51.06189634550044
        ]
      },
      "properties": {
        "row_number": "210"
      }
    },
    {
      "type": "Feature",
      "geometry": {
        "type": "Point",
        "coordinates": [
          -0.432975301948355,
          51.06194968333031
        ]
      },
      "properties": {
        "row_number": "210"
      }
    },
    {
      "type": "Feature",
      "geometry": {
        "type": "Point",
        "coordinates": [
          -0.432962112180257,
          51.06200219423166
        ]
      },
      "properties": {
        "row_number": "210"
      }
    },
    {
      "type": "Feature",
      "geometry": {
        "type": "Point",
        "coordinates": [
          -0.432948416949987,
          51.06205589586033
        ]
      },
      "properties": {
        "row_number": "210"
      }
    },
    {
      "type": "Feature",
      "geometry": {
        "type": "Point",
        "coordinates": [
          -0.432935376006223,
          51.06210895251947
        ]
      },
      "properties": {
        "row_number": "210"
      }
    },
    {
      "type": "Feature",
      "geometry": {
        "type": "Point",
        "coordinates": [
          -0.432922141731067,
          51.06216242332786
        ]
      },
      "properties": {
        "row_number": "210"
      }
    },
    {
      "type": "Feature",
      "geometry": {
        "type": "Point",
        "coordinates": [
          -0.432909195769904,
          51.06221418967874
        ]
      },
      "properties": {
        "row_number": "210"
      }
    },
    {
      "type": "Feature",
      "geometry": {
        "type": "Point",
        "coordinates": [
          -0.432896093052073,
          51.06226936759698
        ]
      },
      "properties": {
        "row_number": "210"
      }
    },
    {
      "type": "Feature",
      "geometry": {
        "type": "Point",
        "coordinates": [
          -0.43288257741966,
          51.06232249051791
        ]
      },
      "properties": {
        "row_number": "210"
      }
    },
    {
      "type": "Feature",
      "geometry": {
        "type": "Point",
        "coordinates": [
          -0.432869669717493,
          51.06237579842772
        ]
      },
      "properties": {
        "row_number": "210"
      }
    },
    {
      "type": "Feature",
      "geometry": {
        "type": "Point",
        "coordinates": [
          -0.432856606916692,
          51.06242892231081
        ]
      },
      "properties": {
        "row_number": "210"
      }
    },
    {
      "type": "Feature",
      "geometry": {
        "type": "Point",
        "coordinates": [
          -0.432843481250698,
          51.06248218319352
        ]
      },
      "properties": {
        "row_number": "210"
      }
    },
    {
      "type": "Feature",
      "geometry": {
        "type": "Point",
        "coordinates": [
          -0.432829663874335,
          51.06253593466091
        ]
      },
      "properties": {
        "row_number": "210"
      }
    },
    {
      "type": "Feature",
      "geometry": {
        "type": "Point",
        "coordinates": [
          -0.432817230983937,
          51.06258934781309
        ]
      },
      "properties": {
        "row_number": "210"
      }
    },
    {
      "type": "Feature",
      "geometry": {
        "type": "Point",
        "coordinates": [
          -0.432804150999542,
          51.06264230620776
        ]
      },
      "properties": {
        "row_number": "210"
      }
    },
    {
      "type": "Feature",
      "geometry": {
        "type": "Point",
        "coordinates": [
          -0.43279090895578,
          51.0626953249765
        ]
      },
      "properties": {
        "row_number": "210"
      }
    },
    {
      "type": "Feature",
      "geometry": {
        "type": "Point",
        "coordinates": [
          -0.432773072703305,
          51.0627650946037
        ]
      },
      "properties": {
        "row_number": "210"
      }
    },
    {
      "type": "Feature",
      "geometry": {
        "type": "LineString",
        "coordinates": [
          [
            -0.433148018493881,
            51.06111794776361
          ],
          [
            -0.433140462571453,
            51.06114754251347
          ],
          [
            -0.433127597648906,
            51.06120023770328
          ],
          [
            -0.433114587300707,
            51.06125386225032
          ],
          [
            -0.433101221056356,
            51.06130698683205
          ],
          [
            -0.433088421160333,
            51.0613601368938
          ],
          [
            -0.433075822582711,
            51.06141361723061
          ],
          [
            -0.433062261032748,
            51.0614667410125
          ],
          [
            -0.43304814018152,
            51.06152153665684
          ],
          [
            -0.433035682653611,
            51.06157370899065
          ],
          [
            -0.433022732123163,
            51.06162663084919
          ],
          [
            -0.433009696747924,
            51.06167938277953
          ],
          [
            -0.432996622699799,
            51.06173334585462
          ],
          [
            -0.432982925042211,
            51.0617869959081
          ],
          [
            -0.432970558808674,
            51.06184000991628
          ],
          [
            -0.432956633136479,
            51.06189291358913
          ],
          [
            -0.432943908306049,
            51.06194641025914
          ],
          [
            -0.432930562731284,
            51.06199958095426
          ],
          [
            -0.432917444347824,
            51.06205306344211
          ],
          [
            -0.432904719244134,
            51.06210617993938
          ],
          [
            -0.432891077669404,
            51.06215932172684
          ],
          [
            -0.432878065940689,
            51.06221238902671
          ],
          [
            -0.43286440123836,
            51.06226639057306
          ],
          [
            -0.432851202650197,
            51.06231923000509
          ],
          [
            -0.432838297804685,
            51.06237261658525
          ],
          [
            -0.432825706655942,
            51.062425872411
          ],
          [
            -0.4328123076464,
            51.06247884326351
          ],
          [
            -0.432799174654825,
            51.06253297736239
          ],
          [
            -0.432785940775893,
            51.06258630397372
          ],
          [
            -0.432772832990955,
            51.0626395394977
          ],
          [
            -0.432759363994857,
            51.06269207088171
          ],
          [
            -0.432744443193083,
            51.06275501469055
          ]
        ]
      },
      "properties": {
        "row_number": "211"
      }
    },
    {
      "type": "Feature",
      "geometry": {
        "type": "Point",
        "coordinates": [
          -0.433148018493881,
          51.06111794776361
        ]
      },
      "properties": {
        "row_number": "211"
      }
    },
    {
      "type": "Feature",
      "geometry": {
        "type": "Point",
        "coordinates": [
          -0.433140462571453,
          51.06114754251347
        ]
      },
      "properties": {
        "row_number": "211"
      }
    },
    {
      "type": "Feature",
      "geometry": {
        "type": "Point",
        "coordinates": [
          -0.433127597648906,
          51.06120023770328
        ]
      },
      "properties": {
        "row_number": "211"
      }
    },
    {
      "type": "Feature",
      "geometry": {
        "type": "Point",
        "coordinates": [
          -0.433114587300707,
          51.06125386225032
        ]
      },
      "properties": {
        "row_number": "211"
      }
    },
    {
      "type": "Feature",
      "geometry": {
        "type": "Point",
        "coordinates": [
          -0.433101221056356,
          51.06130698683205
        ]
      },
      "properties": {
        "row_number": "211"
      }
    },
    {
      "type": "Feature",
      "geometry": {
        "type": "Point",
        "coordinates": [
          -0.433088421160333,
          51.0613601368938
        ]
      },
      "properties": {
        "row_number": "211"
      }
    },
    {
      "type": "Feature",
      "geometry": {
        "type": "Point",
        "coordinates": [
          -0.433075822582711,
          51.06141361723061
        ]
      },
      "properties": {
        "row_number": "211"
      }
    },
    {
      "type": "Feature",
      "geometry": {
        "type": "Point",
        "coordinates": [
          -0.433062261032748,
          51.0614667410125
        ]
      },
      "properties": {
        "row_number": "211"
      }
    },
    {
      "type": "Feature",
      "geometry": {
        "type": "Point",
        "coordinates": [
          -0.43304814018152,
          51.06152153665684
        ]
      },
      "properties": {
        "row_number": "211"
      }
    },
    {
      "type": "Feature",
      "geometry": {
        "type": "Point",
        "coordinates": [
          -0.433035682653611,
          51.06157370899065
        ]
      },
      "properties": {
        "row_number": "211"
      }
    },
    {
      "type": "Feature",
      "geometry": {
        "type": "Point",
        "coordinates": [
          -0.433022732123163,
          51.06162663084919
        ]
      },
      "properties": {
        "row_number": "211"
      }
    },
    {
      "type": "Feature",
      "geometry": {
        "type": "Point",
        "coordinates": [
          -0.433009696747924,
          51.06167938277953
        ]
      },
      "properties": {
        "row_number": "211"
      }
    },
    {
      "type": "Feature",
      "geometry": {
        "type": "Point",
        "coordinates": [
          -0.432996622699799,
          51.06173334585462
        ]
      },
      "properties": {
        "row_number": "211"
      }
    },
    {
      "type": "Feature",
      "geometry": {
        "type": "Point",
        "coordinates": [
          -0.432982925042211,
          51.0617869959081
        ]
      },
      "properties": {
        "row_number": "211"
      }
    },
    {
      "type": "Feature",
      "geometry": {
        "type": "Point",
        "coordinates": [
          -0.432970558808674,
          51.06184000991628
        ]
      },
      "properties": {
        "row_number": "211"
      }
    },
    {
      "type": "Feature",
      "geometry": {
        "type": "Point",
        "coordinates": [
          -0.432956633136479,
          51.06189291358913
        ]
      },
      "properties": {
        "row_number": "211"
      }
    },
    {
      "type": "Feature",
      "geometry": {
        "type": "Point",
        "coordinates": [
          -0.432943908306049,
          51.06194641025914
        ]
      },
      "properties": {
        "row_number": "211"
      }
    },
    {
      "type": "Feature",
      "geometry": {
        "type": "Point",
        "coordinates": [
          -0.432930562731284,
          51.06199958095426
        ]
      },
      "properties": {
        "row_number": "211"
      }
    },
    {
      "type": "Feature",
      "geometry": {
        "type": "Point",
        "coordinates": [
          -0.432917444347824,
          51.06205306344211
        ]
      },
      "properties": {
        "row_number": "211"
      }
    },
    {
      "type": "Feature",
      "geometry": {
        "type": "Point",
        "coordinates": [
          -0.432904719244134,
          51.06210617993938
        ]
      },
      "properties": {
        "row_number": "211"
      }
    },
    {
      "type": "Feature",
      "geometry": {
        "type": "Point",
        "coordinates": [
          -0.432891077669404,
          51.06215932172684
        ]
      },
      "properties": {
        "row_number": "211"
      }
    },
    {
      "type": "Feature",
      "geometry": {
        "type": "Point",
        "coordinates": [
          -0.432878065940689,
          51.06221238902671
        ]
      },
      "properties": {
        "row_number": "211"
      }
    },
    {
      "type": "Feature",
      "geometry": {
        "type": "Point",
        "coordinates": [
          -0.43286440123836,
          51.06226639057306
        ]
      },
      "properties": {
        "row_number": "211"
      }
    },
    {
      "type": "Feature",
      "geometry": {
        "type": "Point",
        "coordinates": [
          -0.432851202650197,
          51.06231923000509
        ]
      },
      "properties": {
        "row_number": "211"
      }
    },
    {
      "type": "Feature",
      "geometry": {
        "type": "Point",
        "coordinates": [
          -0.432838297804685,
          51.06237261658525
        ]
      },
      "properties": {
        "row_number": "211"
      }
    },
    {
      "type": "Feature",
      "geometry": {
        "type": "Point",
        "coordinates": [
          -0.432825706655942,
          51.062425872411
        ]
      },
      "properties": {
        "row_number": "211"
      }
    },
    {
      "type": "Feature",
      "geometry": {
        "type": "Point",
        "coordinates": [
          -0.4328123076464,
          51.06247884326351
        ]
      },
      "properties": {
        "row_number": "211"
      }
    },
    {
      "type": "Feature",
      "geometry": {
        "type": "Point",
        "coordinates": [
          -0.432799174654825,
          51.06253297736239
        ]
      },
      "properties": {
        "row_number": "211"
      }
    },
    {
      "type": "Feature",
      "geometry": {
        "type": "Point",
        "coordinates": [
          -0.432785940775893,
          51.06258630397372
        ]
      },
      "properties": {
        "row_number": "211"
      }
    },
    {
      "type": "Feature",
      "geometry": {
        "type": "Point",
        "coordinates": [
          -0.432772832990955,
          51.0626395394977
        ]
      },
      "properties": {
        "row_number": "211"
      }
    },
    {
      "type": "Feature",
      "geometry": {
        "type": "Point",
        "coordinates": [
          -0.432759363994857,
          51.06269207088171
        ]
      },
      "properties": {
        "row_number": "211"
      }
    },
    {
      "type": "Feature",
      "geometry": {
        "type": "Point",
        "coordinates": [
          -0.432744443193083,
          51.06275501469055
        ]
      },
      "properties": {
        "row_number": "211"
      }
    },
    {
      "type": "Feature",
      "geometry": {
        "type": "LineString",
        "coordinates": [
          [
            -0.433116832244618,
            51.06111203812547
          ],
          [
            -0.43310984678127,
            51.06114406981393
          ],
          [
            -0.433096754970654,
            51.06119718096793
          ],
          [
            -0.433083376258077,
            51.06125097255772
          ],
          [
            -0.433069371334236,
            51.0613044325055
          ],
          [
            -0.433056976194102,
            51.06135709767413
          ],
          [
            -0.433043679888105,
            51.06141070525143
          ],
          [
            -0.433030517456041,
            51.06146356238965
          ],
          [
            -0.433017181995066,
            51.06151763598137
          ],
          [
            -0.433004752474912,
            51.06157060740798
          ],
          [
            -0.432991310842685,
            51.06162359445713
          ],
          [
            -0.432978368337278,
            51.06167717956252
          ],
          [
            -0.432964939916862,
            51.06173052942513
          ],
          [
            -0.432951840696774,
            51.06178450571145
          ],
          [
            -0.432938195327499,
            51.06183709477732
          ],
          [
            -0.43292541446621,
            51.06188985276909
          ],
          [
            -0.432912002532046,
            51.0619432455329
          ],
          [
            -0.432899210402531,
            51.06199652801245
          ],
          [
            -0.432886207710228,
            51.0620498664729
          ],
          [
            -0.432872833080524,
            51.06210299286386
          ],
          [
            -0.432859289364096,
            51.06215603536561
          ],
          [
            -0.432846464534358,
            51.06220910624359
          ],
          [
            -0.432833349944384,
            51.0622625968829
          ],
          [
            -0.432819735833485,
            51.0623165284436
          ],
          [
            -0.432807257387029,
            51.06236921889716
          ],
          [
            -0.432793885160043,
            51.06242277439979
          ],
          [
            -0.432780694781114,
            51.06247606812938
          ],
          [
            -0.432767202705058,
            51.0625297289598
          ],
          [
            -0.432754124145682,
            51.06258290351156
          ],
          [
            -0.432741546744662,
            51.06263640941747
          ],
          [
            -0.432728595675005,
            51.06268918611568
          ],
          [
            -0.432714505011169,
            51.06274580358108
          ]
        ]
      },
      "properties": {
        "row_number": "212"
      }
    },
    {
      "type": "Feature",
      "geometry": {
        "type": "Point",
        "coordinates": [
          -0.433116832244618,
          51.06111203812547
        ]
      },
      "properties": {
        "row_number": "212"
      }
    },
    {
      "type": "Feature",
      "geometry": {
        "type": "Point",
        "coordinates": [
          -0.43310984678127,
          51.06114406981393
        ]
      },
      "properties": {
        "row_number": "212"
      }
    },
    {
      "type": "Feature",
      "geometry": {
        "type": "Point",
        "coordinates": [
          -0.433096754970654,
          51.06119718096793
        ]
      },
      "properties": {
        "row_number": "212"
      }
    },
    {
      "type": "Feature",
      "geometry": {
        "type": "Point",
        "coordinates": [
          -0.433083376258077,
          51.06125097255772
        ]
      },
      "properties": {
        "row_number": "212"
      }
    },
    {
      "type": "Feature",
      "geometry": {
        "type": "Point",
        "coordinates": [
          -0.433069371334236,
          51.0613044325055
        ]
      },
      "properties": {
        "row_number": "212"
      }
    },
    {
      "type": "Feature",
      "geometry": {
        "type": "Point",
        "coordinates": [
          -0.433056976194102,
          51.06135709767413
        ]
      },
      "properties": {
        "row_number": "212"
      }
    },
    {
      "type": "Feature",
      "geometry": {
        "type": "Point",
        "coordinates": [
          -0.433043679888105,
          51.06141070525143
        ]
      },
      "properties": {
        "row_number": "212"
      }
    },
    {
      "type": "Feature",
      "geometry": {
        "type": "Point",
        "coordinates": [
          -0.433030517456041,
          51.06146356238965
        ]
      },
      "properties": {
        "row_number": "212"
      }
    },
    {
      "type": "Feature",
      "geometry": {
        "type": "Point",
        "coordinates": [
          -0.433017181995066,
          51.06151763598137
        ]
      },
      "properties": {
        "row_number": "212"
      }
    },
    {
      "type": "Feature",
      "geometry": {
        "type": "Point",
        "coordinates": [
          -0.433004752474912,
          51.06157060740798
        ]
      },
      "properties": {
        "row_number": "212"
      }
    },
    {
      "type": "Feature",
      "geometry": {
        "type": "Point",
        "coordinates": [
          -0.432991310842685,
          51.06162359445713
        ]
      },
      "properties": {
        "row_number": "212"
      }
    },
    {
      "type": "Feature",
      "geometry": {
        "type": "Point",
        "coordinates": [
          -0.432978368337278,
          51.06167717956252
        ]
      },
      "properties": {
        "row_number": "212"
      }
    },
    {
      "type": "Feature",
      "geometry": {
        "type": "Point",
        "coordinates": [
          -0.432964939916862,
          51.06173052942513
        ]
      },
      "properties": {
        "row_number": "212"
      }
    },
    {
      "type": "Feature",
      "geometry": {
        "type": "Point",
        "coordinates": [
          -0.432951840696774,
          51.06178450571145
        ]
      },
      "properties": {
        "row_number": "212"
      }
    },
    {
      "type": "Feature",
      "geometry": {
        "type": "Point",
        "coordinates": [
          -0.432938195327499,
          51.06183709477732
        ]
      },
      "properties": {
        "row_number": "212"
      }
    },
    {
      "type": "Feature",
      "geometry": {
        "type": "Point",
        "coordinates": [
          -0.43292541446621,
          51.06188985276909
        ]
      },
      "properties": {
        "row_number": "212"
      }
    },
    {
      "type": "Feature",
      "geometry": {
        "type": "Point",
        "coordinates": [
          -0.432912002532046,
          51.0619432455329
        ]
      },
      "properties": {
        "row_number": "212"
      }
    },
    {
      "type": "Feature",
      "geometry": {
        "type": "Point",
        "coordinates": [
          -0.432899210402531,
          51.06199652801245
        ]
      },
      "properties": {
        "row_number": "212"
      }
    },
    {
      "type": "Feature",
      "geometry": {
        "type": "Point",
        "coordinates": [
          -0.432886207710228,
          51.0620498664729
        ]
      },
      "properties": {
        "row_number": "212"
      }
    },
    {
      "type": "Feature",
      "geometry": {
        "type": "Point",
        "coordinates": [
          -0.432872833080524,
          51.06210299286386
        ]
      },
      "properties": {
        "row_number": "212"
      }
    },
    {
      "type": "Feature",
      "geometry": {
        "type": "Point",
        "coordinates": [
          -0.432859289364096,
          51.06215603536561
        ]
      },
      "properties": {
        "row_number": "212"
      }
    },
    {
      "type": "Feature",
      "geometry": {
        "type": "Point",
        "coordinates": [
          -0.432846464534358,
          51.06220910624359
        ]
      },
      "properties": {
        "row_number": "212"
      }
    },
    {
      "type": "Feature",
      "geometry": {
        "type": "Point",
        "coordinates": [
          -0.432833349944384,
          51.0622625968829
        ]
      },
      "properties": {
        "row_number": "212"
      }
    },
    {
      "type": "Feature",
      "geometry": {
        "type": "Point",
        "coordinates": [
          -0.432819735833485,
          51.0623165284436
        ]
      },
      "properties": {
        "row_number": "212"
      }
    },
    {
      "type": "Feature",
      "geometry": {
        "type": "Point",
        "coordinates": [
          -0.432807257387029,
          51.06236921889716
        ]
      },
      "properties": {
        "row_number": "212"
      }
    },
    {
      "type": "Feature",
      "geometry": {
        "type": "Point",
        "coordinates": [
          -0.432793885160043,
          51.06242277439979
        ]
      },
      "properties": {
        "row_number": "212"
      }
    },
    {
      "type": "Feature",
      "geometry": {
        "type": "Point",
        "coordinates": [
          -0.432780694781114,
          51.06247606812938
        ]
      },
      "properties": {
        "row_number": "212"
      }
    },
    {
      "type": "Feature",
      "geometry": {
        "type": "Point",
        "coordinates": [
          -0.432767202705058,
          51.0625297289598
        ]
      },
      "properties": {
        "row_number": "212"
      }
    },
    {
      "type": "Feature",
      "geometry": {
        "type": "Point",
        "coordinates": [
          -0.432754124145682,
          51.06258290351156
        ]
      },
      "properties": {
        "row_number": "212"
      }
    },
    {
      "type": "Feature",
      "geometry": {
        "type": "Point",
        "coordinates": [
          -0.432741546744662,
          51.06263640941747
        ]
      },
      "properties": {
        "row_number": "212"
      }
    },
    {
      "type": "Feature",
      "geometry": {
        "type": "Point",
        "coordinates": [
          -0.432728595675005,
          51.06268918611568
        ]
      },
      "properties": {
        "row_number": "212"
      }
    },
    {
      "type": "Feature",
      "geometry": {
        "type": "Point",
        "coordinates": [
          -0.432714505011169,
          51.06274580358108
        ]
      },
      "properties": {
        "row_number": "212"
      }
    },
    {
      "type": "Feature",
      "geometry": {
        "type": "LineString",
        "coordinates": [
          [
            -0.433087319068695,
            51.06110544974619
          ],
          [
            -0.433078492999359,
            51.06114139900384
          ],
          [
            -0.43306568473475,
            51.06119440865371
          ],
          [
            -0.433052123363704,
            51.06124796902277
          ],
          [
            -0.433038602441742,
            51.06130138440629
          ],
          [
            -0.433026510963943,
            51.06135406498895
          ],
          [
            -0.433012748023256,
            51.06140761381592
          ],
          [
            -0.432999039904756,
            51.06146047285766
          ],
          [
            -0.432985872584881,
            51.06151441241197
          ],
          [
            -0.432972821311039,
            51.06156737273817
          ],
          [
            -0.43295984200511,
            51.06162033294811
          ],
          [
            -0.432947223906324,
            51.0616740727709
          ],
          [
            -0.432933785410767,
            51.06172736238658
          ],
          [
            -0.432921152777728,
            51.06178052879422
          ],
          [
            -0.432907141592376,
            51.06183410392207
          ],
          [
            -0.432894446691166,
            51.06188685777232
          ],
          [
            -0.432880798036279,
            51.06194046337028
          ],
          [
            -0.432867883476198,
            51.06199385348928
          ],
          [
            -0.432854974138459,
            51.06204710665732
          ],
          [
            -0.43284203144796,
            51.06209992887712
          ],
          [
            -0.432828720404472,
            51.06215341188846
          ],
          [
            -0.432815706382972,
            51.06220649422498
          ],
          [
            -0.432803051520134,
            51.0622599575735
          ],
          [
            -0.432789146197161,
            51.06231365732426
          ],
          [
            -0.432776511675592,
            51.06236616382137
          ],
          [
            -0.432763328660353,
            51.06241979904479
          ],
          [
            -0.432750257446801,
            51.06247272119785
          ],
          [
            -0.432736941634269,
            51.06252599983975
          ],
          [
            -0.432723992477522,
            51.06258004298439
          ],
          [
            -0.432710805884284,
            51.06263353582283
          ],
          [
            -0.432697995932405,
            51.06268603862242
          ],
          [
            -0.432685491572338,
            51.06273586472798
          ]
        ]
      },
      "properties": {
        "row_number": "213"
      }
    },
    {
      "type": "Feature",
      "geometry": {
        "type": "Point",
        "coordinates": [
          -0.433087319068695,
          51.06110544974619
        ]
      },
      "properties": {
        "row_number": "213"
      }
    },
    {
      "type": "Feature",
      "geometry": {
        "type": "Point",
        "coordinates": [
          -0.433078492999359,
          51.06114139900384
        ]
      },
      "properties": {
        "row_number": "213"
      }
    },
    {
      "type": "Feature",
      "geometry": {
        "type": "Point",
        "coordinates": [
          -0.43306568473475,
          51.06119440865371
        ]
      },
      "properties": {
        "row_number": "213"
      }
    },
    {
      "type": "Feature",
      "geometry": {
        "type": "Point",
        "coordinates": [
          -0.433052123363704,
          51.06124796902277
        ]
      },
      "properties": {
        "row_number": "213"
      }
    },
    {
      "type": "Feature",
      "geometry": {
        "type": "Point",
        "coordinates": [
          -0.433038602441742,
          51.06130138440629
        ]
      },
      "properties": {
        "row_number": "213"
      }
    },
    {
      "type": "Feature",
      "geometry": {
        "type": "Point",
        "coordinates": [
          -0.433026510963943,
          51.06135406498895
        ]
      },
      "properties": {
        "row_number": "213"
      }
    },
    {
      "type": "Feature",
      "geometry": {
        "type": "Point",
        "coordinates": [
          -0.433012748023256,
          51.06140761381592
        ]
      },
      "properties": {
        "row_number": "213"
      }
    },
    {
      "type": "Feature",
      "geometry": {
        "type": "Point",
        "coordinates": [
          -0.432999039904756,
          51.06146047285766
        ]
      },
      "properties": {
        "row_number": "213"
      }
    },
    {
      "type": "Feature",
      "geometry": {
        "type": "Point",
        "coordinates": [
          -0.432985872584881,
          51.06151441241197
        ]
      },
      "properties": {
        "row_number": "213"
      }
    },
    {
      "type": "Feature",
      "geometry": {
        "type": "Point",
        "coordinates": [
          -0.432972821311039,
          51.06156737273817
        ]
      },
      "properties": {
        "row_number": "213"
      }
    },
    {
      "type": "Feature",
      "geometry": {
        "type": "Point",
        "coordinates": [
          -0.43295984200511,
          51.06162033294811
        ]
      },
      "properties": {
        "row_number": "213"
      }
    },
    {
      "type": "Feature",
      "geometry": {
        "type": "Point",
        "coordinates": [
          -0.432947223906324,
          51.0616740727709
        ]
      },
      "properties": {
        "row_number": "213"
      }
    },
    {
      "type": "Feature",
      "geometry": {
        "type": "Point",
        "coordinates": [
          -0.432933785410767,
          51.06172736238658
        ]
      },
      "properties": {
        "row_number": "213"
      }
    },
    {
      "type": "Feature",
      "geometry": {
        "type": "Point",
        "coordinates": [
          -0.432921152777728,
          51.06178052879422
        ]
      },
      "properties": {
        "row_number": "213"
      }
    },
    {
      "type": "Feature",
      "geometry": {
        "type": "Point",
        "coordinates": [
          -0.432907141592376,
          51.06183410392207
        ]
      },
      "properties": {
        "row_number": "213"
      }
    },
    {
      "type": "Feature",
      "geometry": {
        "type": "Point",
        "coordinates": [
          -0.432894446691166,
          51.06188685777232
        ]
      },
      "properties": {
        "row_number": "213"
      }
    },
    {
      "type": "Feature",
      "geometry": {
        "type": "Point",
        "coordinates": [
          -0.432880798036279,
          51.06194046337028
        ]
      },
      "properties": {
        "row_number": "213"
      }
    },
    {
      "type": "Feature",
      "geometry": {
        "type": "Point",
        "coordinates": [
          -0.432867883476198,
          51.06199385348928
        ]
      },
      "properties": {
        "row_number": "213"
      }
    },
    {
      "type": "Feature",
      "geometry": {
        "type": "Point",
        "coordinates": [
          -0.432854974138459,
          51.06204710665732
        ]
      },
      "properties": {
        "row_number": "213"
      }
    },
    {
      "type": "Feature",
      "geometry": {
        "type": "Point",
        "coordinates": [
          -0.43284203144796,
          51.06209992887712
        ]
      },
      "properties": {
        "row_number": "213"
      }
    },
    {
      "type": "Feature",
      "geometry": {
        "type": "Point",
        "coordinates": [
          -0.432828720404472,
          51.06215341188846
        ]
      },
      "properties": {
        "row_number": "213"
      }
    },
    {
      "type": "Feature",
      "geometry": {
        "type": "Point",
        "coordinates": [
          -0.432815706382972,
          51.06220649422498
        ]
      },
      "properties": {
        "row_number": "213"
      }
    },
    {
      "type": "Feature",
      "geometry": {
        "type": "Point",
        "coordinates": [
          -0.432803051520134,
          51.0622599575735
        ]
      },
      "properties": {
        "row_number": "213"
      }
    },
    {
      "type": "Feature",
      "geometry": {
        "type": "Point",
        "coordinates": [
          -0.432789146197161,
          51.06231365732426
        ]
      },
      "properties": {
        "row_number": "213"
      }
    },
    {
      "type": "Feature",
      "geometry": {
        "type": "Point",
        "coordinates": [
          -0.432776511675592,
          51.06236616382137
        ]
      },
      "properties": {
        "row_number": "213"
      }
    },
    {
      "type": "Feature",
      "geometry": {
        "type": "Point",
        "coordinates": [
          -0.432763328660353,
          51.06241979904479
        ]
      },
      "properties": {
        "row_number": "213"
      }
    },
    {
      "type": "Feature",
      "geometry": {
        "type": "Point",
        "coordinates": [
          -0.432750257446801,
          51.06247272119785
        ]
      },
      "properties": {
        "row_number": "213"
      }
    },
    {
      "type": "Feature",
      "geometry": {
        "type": "Point",
        "coordinates": [
          -0.432736941634269,
          51.06252599983975
        ]
      },
      "properties": {
        "row_number": "213"
      }
    },
    {
      "type": "Feature",
      "geometry": {
        "type": "Point",
        "coordinates": [
          -0.432723992477522,
          51.06258004298439
        ]
      },
      "properties": {
        "row_number": "213"
      }
    },
    {
      "type": "Feature",
      "geometry": {
        "type": "Point",
        "coordinates": [
          -0.432710805884284,
          51.06263353582283
        ]
      },
      "properties": {
        "row_number": "213"
      }
    },
    {
      "type": "Feature",
      "geometry": {
        "type": "Point",
        "coordinates": [
          -0.432697995932405,
          51.06268603862242
        ]
      },
      "properties": {
        "row_number": "213"
      }
    },
    {
      "type": "Feature",
      "geometry": {
        "type": "Point",
        "coordinates": [
          -0.432685491572338,
          51.06273586472798
        ]
      },
      "properties": {
        "row_number": "213"
      }
    },
    {
      "type": "Feature",
      "geometry": {
        "type": "LineString",
        "coordinates": [
          [
            -0.433057459372379,
            51.06109917663089
          ],
          [
            -0.433047355139589,
            51.06113805008586
          ],
          [
            -0.43303385002798,
            51.06119142169251
          ],
          [
            -0.433021098308699,
            51.06124491485505
          ],
          [
            -0.433008056490314,
            51.06129771704563
          ],
          [
            -0.432994766664134,
            51.06135081856174
          ],
          [
            -0.432981943409696,
            51.06140481316697
          ],
          [
            -0.432968969123131,
            51.06145757339179
          ],
          [
            -0.432955210483064,
            51.06151140633774
          ],
          [
            -0.432942709215922,
            51.06156437294572
          ],
          [
            -0.432929343823529,
            51.06161762699841
          ],
          [
            -0.432915615323453,
            51.06167060390131
          ],
          [
            -0.43290299513334,
            51.06172424809931
          ],
          [
            -0.432889368387628,
            51.06177804657211
          ],
          [
            -0.432876615173543,
            51.0618306800877
          ],
          [
            -0.43286338043234,
            51.06188365007229
          ],
          [
            -0.432850267603817,
            51.06193736554888
          ],
          [
            -0.432837066372369,
            51.06199070908782
          ],
          [
            -0.432823706634373,
            51.06204412215443
          ],
          [
            -0.432810705270148,
            51.06209710875147
          ],
          [
            -0.4327980096408,
            51.06215029456206
          ],
          [
            -0.432784912930484,
            51.06220367925808
          ],
          [
            -0.432771614430463,
            51.06225725641967
          ],
          [
            -0.432758373532684,
            51.06231029398701
          ],
          [
            -0.432745363328471,
            51.06236406605029
          ],
          [
            -0.432731642631952,
            51.06241683440773
          ],
          [
            -0.43271892089251,
            51.06246942788551
          ],
          [
            -0.432706182240756,
            51.06252378534912
          ],
          [
            -0.432692486708988,
            51.06257668222412
          ],
          [
            -0.432678937381647,
            51.06263029701593
          ],
          [
            -0.432666445339487,
            51.06268301849311
          ],
          [
            -0.432655013373553,
            51.06272606389719
          ]
        ]
      },
      "properties": {
        "row_number": "214"
      }
    },
    {
      "type": "Feature",
      "geometry": {
        "type": "Point",
        "coordinates": [
          -0.433057459372379,
          51.06109917663089
        ]
      },
      "properties": {
        "row_number": "214"
      }
    },
    {
      "type": "Feature",
      "geometry": {
        "type": "Point",
        "coordinates": [
          -0.433047355139589,
          51.06113805008586
        ]
      },
      "properties": {
        "row_number": "214"
      }
    },
    {
      "type": "Feature",
      "geometry": {
        "type": "Point",
        "coordinates": [
          -0.43303385002798,
          51.06119142169251
        ]
      },
      "properties": {
        "row_number": "214"
      }
    },
    {
      "type": "Feature",
      "geometry": {
        "type": "Point",
        "coordinates": [
          -0.433021098308699,
          51.06124491485505
        ]
      },
      "properties": {
        "row_number": "214"
      }
    },
    {
      "type": "Feature",
      "geometry": {
        "type": "Point",
        "coordinates": [
          -0.433008056490314,
          51.06129771704563
        ]
      },
      "properties": {
        "row_number": "214"
      }
    },
    {
      "type": "Feature",
      "geometry": {
        "type": "Point",
        "coordinates": [
          -0.432994766664134,
          51.06135081856174
        ]
      },
      "properties": {
        "row_number": "214"
      }
    },
    {
      "type": "Feature",
      "geometry": {
        "type": "Point",
        "coordinates": [
          -0.432981943409696,
          51.06140481316697
        ]
      },
      "properties": {
        "row_number": "214"
      }
    },
    {
      "type": "Feature",
      "geometry": {
        "type": "Point",
        "coordinates": [
          -0.432968969123131,
          51.06145757339179
        ]
      },
      "properties": {
        "row_number": "214"
      }
    },
    {
      "type": "Feature",
      "geometry": {
        "type": "Point",
        "coordinates": [
          -0.432955210483064,
          51.06151140633774
        ]
      },
      "properties": {
        "row_number": "214"
      }
    },
    {
      "type": "Feature",
      "geometry": {
        "type": "Point",
        "coordinates": [
          -0.432942709215922,
          51.06156437294572
        ]
      },
      "properties": {
        "row_number": "214"
      }
    },
    {
      "type": "Feature",
      "geometry": {
        "type": "Point",
        "coordinates": [
          -0.432929343823529,
          51.06161762699841
        ]
      },
      "properties": {
        "row_number": "214"
      }
    },
    {
      "type": "Feature",
      "geometry": {
        "type": "Point",
        "coordinates": [
          -0.432915615323453,
          51.06167060390131
        ]
      },
      "properties": {
        "row_number": "214"
      }
    },
    {
      "type": "Feature",
      "geometry": {
        "type": "Point",
        "coordinates": [
          -0.43290299513334,
          51.06172424809931
        ]
      },
      "properties": {
        "row_number": "214"
      }
    },
    {
      "type": "Feature",
      "geometry": {
        "type": "Point",
        "coordinates": [
          -0.432889368387628,
          51.06177804657211
        ]
      },
      "properties": {
        "row_number": "214"
      }
    },
    {
      "type": "Feature",
      "geometry": {
        "type": "Point",
        "coordinates": [
          -0.432876615173543,
          51.0618306800877
        ]
      },
      "properties": {
        "row_number": "214"
      }
    },
    {
      "type": "Feature",
      "geometry": {
        "type": "Point",
        "coordinates": [
          -0.43286338043234,
          51.06188365007229
        ]
      },
      "properties": {
        "row_number": "214"
      }
    },
    {
      "type": "Feature",
      "geometry": {
        "type": "Point",
        "coordinates": [
          -0.432850267603817,
          51.06193736554888
        ]
      },
      "properties": {
        "row_number": "214"
      }
    },
    {
      "type": "Feature",
      "geometry": {
        "type": "Point",
        "coordinates": [
          -0.432837066372369,
          51.06199070908782
        ]
      },
      "properties": {
        "row_number": "214"
      }
    },
    {
      "type": "Feature",
      "geometry": {
        "type": "Point",
        "coordinates": [
          -0.432823706634373,
          51.06204412215443
        ]
      },
      "properties": {
        "row_number": "214"
      }
    },
    {
      "type": "Feature",
      "geometry": {
        "type": "Point",
        "coordinates": [
          -0.432810705270148,
          51.06209710875147
        ]
      },
      "properties": {
        "row_number": "214"
      }
    },
    {
      "type": "Feature",
      "geometry": {
        "type": "Point",
        "coordinates": [
          -0.4327980096408,
          51.06215029456206
        ]
      },
      "properties": {
        "row_number": "214"
      }
    },
    {
      "type": "Feature",
      "geometry": {
        "type": "Point",
        "coordinates": [
          -0.432784912930484,
          51.06220367925808
        ]
      },
      "properties": {
        "row_number": "214"
      }
    },
    {
      "type": "Feature",
      "geometry": {
        "type": "Point",
        "coordinates": [
          -0.432771614430463,
          51.06225725641967
        ]
      },
      "properties": {
        "row_number": "214"
      }
    },
    {
      "type": "Feature",
      "geometry": {
        "type": "Point",
        "coordinates": [
          -0.432758373532684,
          51.06231029398701
        ]
      },
      "properties": {
        "row_number": "214"
      }
    },
    {
      "type": "Feature",
      "geometry": {
        "type": "Point",
        "coordinates": [
          -0.432745363328471,
          51.06236406605029
        ]
      },
      "properties": {
        "row_number": "214"
      }
    },
    {
      "type": "Feature",
      "geometry": {
        "type": "Point",
        "coordinates": [
          -0.432731642631952,
          51.06241683440773
        ]
      },
      "properties": {
        "row_number": "214"
      }
    },
    {
      "type": "Feature",
      "geometry": {
        "type": "Point",
        "coordinates": [
          -0.43271892089251,
          51.06246942788551
        ]
      },
      "properties": {
        "row_number": "214"
      }
    },
    {
      "type": "Feature",
      "geometry": {
        "type": "Point",
        "coordinates": [
          -0.432706182240756,
          51.06252378534912
        ]
      },
      "properties": {
        "row_number": "214"
      }
    },
    {
      "type": "Feature",
      "geometry": {
        "type": "Point",
        "coordinates": [
          -0.432692486708988,
          51.06257668222412
        ]
      },
      "properties": {
        "row_number": "214"
      }
    },
    {
      "type": "Feature",
      "geometry": {
        "type": "Point",
        "coordinates": [
          -0.432678937381647,
          51.06263029701593
        ]
      },
      "properties": {
        "row_number": "214"
      }
    },
    {
      "type": "Feature",
      "geometry": {
        "type": "Point",
        "coordinates": [
          -0.432666445339487,
          51.06268301849311
        ]
      },
      "properties": {
        "row_number": "214"
      }
    },
    {
      "type": "Feature",
      "geometry": {
        "type": "Point",
        "coordinates": [
          -0.432655013373553,
          51.06272606389719
        ]
      },
      "properties": {
        "row_number": "214"
      }
    },
    {
      "type": "Feature",
      "geometry": {
        "type": "LineString",
        "coordinates": [
          [
            -0.433026894309358,
            51.06109334403736
          ],
          [
            -0.433016502968231,
            51.06113484381066
          ],
          [
            -0.433003078466621,
            51.06118844703659
          ],
          [
            -0.432989904242929,
            51.06124175280939
          ],
          [
            -0.432976193333681,
            51.06129519933887
          ],
          [
            -0.432963137211777,
            51.06134799152098
          ],
          [
            -0.432950031590309,
            51.06140153644292
          ],
          [
            -0.432937720607096,
            51.06145480354348
          ],
          [
            -0.432924286356045,
            51.06150790610679
          ],
          [
            -0.432911343529754,
            51.0615612246084
          ],
          [
            -0.432898000106427,
            51.061614475722
          ],
          [
            -0.432884251814922,
            51.06166761624603
          ],
          [
            -0.432871065320846,
            51.06172122246073
          ],
          [
            -0.432857416423393,
            51.06177496185942
          ],
          [
            -0.432844854298793,
            51.06182773048637
          ],
          [
            -0.432831290293913,
            51.06188073964164
          ],
          [
            -0.432818290397754,
            51.06193421128903
          ],
          [
            -0.432805405791532,
            51.06198718705956
          ],
          [
            -0.432792143130263,
            51.06204056433312
          ],
          [
            -0.43277896605765,
            51.06209413695494
          ],
          [
            -0.43276647265208,
            51.06214718288606
          ],
          [
            -0.432753350545878,
            51.06220059156554
          ],
          [
            -0.432740158191249,
            51.06225400110549
          ],
          [
            -0.432726738378029,
            51.06230760350189
          ],
          [
            -0.432713553805095,
            51.06236085419204
          ],
          [
            -0.432700863030184,
            51.06241409376394
          ],
          [
            -0.432687305467252,
            51.06246670355674
          ],
          [
            -0.432674217692668,
            51.06252076608528
          ],
          [
            -0.432660307392916,
            51.06257401398109
          ],
          [
            -0.43264740434001,
            51.06262705842469
          ],
          [
            -0.432635154163217,
            51.06268023378588
          ],
          [
            -0.432626792755371,
            51.06271566756048
          ]
        ]
      },
      "properties": {
        "row_number": "215"
      }
    },
    {
      "type": "Feature",
      "geometry": {
        "type": "Point",
        "coordinates": [
          -0.433026894309358,
          51.06109334403736
        ]
      },
      "properties": {
        "row_number": "215"
      }
    },
    {
      "type": "Feature",
      "geometry": {
        "type": "Point",
        "coordinates": [
          -0.433016502968231,
          51.06113484381066
        ]
      },
      "properties": {
        "row_number": "215"
      }
    },
    {
      "type": "Feature",
      "geometry": {
        "type": "Point",
        "coordinates": [
          -0.433003078466621,
          51.06118844703659
        ]
      },
      "properties": {
        "row_number": "215"
      }
    },
    {
      "type": "Feature",
      "geometry": {
        "type": "Point",
        "coordinates": [
          -0.432989904242929,
          51.06124175280939
        ]
      },
      "properties": {
        "row_number": "215"
      }
    },
    {
      "type": "Feature",
      "geometry": {
        "type": "Point",
        "coordinates": [
          -0.432976193333681,
          51.06129519933887
        ]
      },
      "properties": {
        "row_number": "215"
      }
    },
    {
      "type": "Feature",
      "geometry": {
        "type": "Point",
        "coordinates": [
          -0.432963137211777,
          51.06134799152098
        ]
      },
      "properties": {
        "row_number": "215"
      }
    },
    {
      "type": "Feature",
      "geometry": {
        "type": "Point",
        "coordinates": [
          -0.432950031590309,
          51.06140153644292
        ]
      },
      "properties": {
        "row_number": "215"
      }
    },
    {
      "type": "Feature",
      "geometry": {
        "type": "Point",
        "coordinates": [
          -0.432937720607096,
          51.06145480354348
        ]
      },
      "properties": {
        "row_number": "215"
      }
    },
    {
      "type": "Feature",
      "geometry": {
        "type": "Point",
        "coordinates": [
          -0.432924286356045,
          51.06150790610679
        ]
      },
      "properties": {
        "row_number": "215"
      }
    },
    {
      "type": "Feature",
      "geometry": {
        "type": "Point",
        "coordinates": [
          -0.432911343529754,
          51.0615612246084
        ]
      },
      "properties": {
        "row_number": "215"
      }
    },
    {
      "type": "Feature",
      "geometry": {
        "type": "Point",
        "coordinates": [
          -0.432898000106427,
          51.061614475722
        ]
      },
      "properties": {
        "row_number": "215"
      }
    },
    {
      "type": "Feature",
      "geometry": {
        "type": "Point",
        "coordinates": [
          -0.432884251814922,
          51.06166761624603
        ]
      },
      "properties": {
        "row_number": "215"
      }
    },
    {
      "type": "Feature",
      "geometry": {
        "type": "Point",
        "coordinates": [
          -0.432871065320846,
          51.06172122246073
        ]
      },
      "properties": {
        "row_number": "215"
      }
    },
    {
      "type": "Feature",
      "geometry": {
        "type": "Point",
        "coordinates": [
          -0.432857416423393,
          51.06177496185942
        ]
      },
      "properties": {
        "row_number": "215"
      }
    },
    {
      "type": "Feature",
      "geometry": {
        "type": "Point",
        "coordinates": [
          -0.432844854298793,
          51.06182773048637
        ]
      },
      "properties": {
        "row_number": "215"
      }
    },
    {
      "type": "Feature",
      "geometry": {
        "type": "Point",
        "coordinates": [
          -0.432831290293913,
          51.06188073964164
        ]
      },
      "properties": {
        "row_number": "215"
      }
    },
    {
      "type": "Feature",
      "geometry": {
        "type": "Point",
        "coordinates": [
          -0.432818290397754,
          51.06193421128903
        ]
      },
      "properties": {
        "row_number": "215"
      }
    },
    {
      "type": "Feature",
      "geometry": {
        "type": "Point",
        "coordinates": [
          -0.432805405791532,
          51.06198718705956
        ]
      },
      "properties": {
        "row_number": "215"
      }
    },
    {
      "type": "Feature",
      "geometry": {
        "type": "Point",
        "coordinates": [
          -0.432792143130263,
          51.06204056433312
        ]
      },
      "properties": {
        "row_number": "215"
      }
    },
    {
      "type": "Feature",
      "geometry": {
        "type": "Point",
        "coordinates": [
          -0.43277896605765,
          51.06209413695494
        ]
      },
      "properties": {
        "row_number": "215"
      }
    },
    {
      "type": "Feature",
      "geometry": {
        "type": "Point",
        "coordinates": [
          -0.43276647265208,
          51.06214718288606
        ]
      },
      "properties": {
        "row_number": "215"
      }
    },
    {
      "type": "Feature",
      "geometry": {
        "type": "Point",
        "coordinates": [
          -0.432753350545878,
          51.06220059156554
        ]
      },
      "properties": {
        "row_number": "215"
      }
    },
    {
      "type": "Feature",
      "geometry": {
        "type": "Point",
        "coordinates": [
          -0.432740158191249,
          51.06225400110549
        ]
      },
      "properties": {
        "row_number": "215"
      }
    },
    {
      "type": "Feature",
      "geometry": {
        "type": "Point",
        "coordinates": [
          -0.432726738378029,
          51.06230760350189
        ]
      },
      "properties": {
        "row_number": "215"
      }
    },
    {
      "type": "Feature",
      "geometry": {
        "type": "Point",
        "coordinates": [
          -0.432713553805095,
          51.06236085419204
        ]
      },
      "properties": {
        "row_number": "215"
      }
    },
    {
      "type": "Feature",
      "geometry": {
        "type": "Point",
        "coordinates": [
          -0.432700863030184,
          51.06241409376394
        ]
      },
      "properties": {
        "row_number": "215"
      }
    },
    {
      "type": "Feature",
      "geometry": {
        "type": "Point",
        "coordinates": [
          -0.432687305467252,
          51.06246670355674
        ]
      },
      "properties": {
        "row_number": "215"
      }
    },
    {
      "type": "Feature",
      "geometry": {
        "type": "Point",
        "coordinates": [
          -0.432674217692668,
          51.06252076608528
        ]
      },
      "properties": {
        "row_number": "215"
      }
    },
    {
      "type": "Feature",
      "geometry": {
        "type": "Point",
        "coordinates": [
          -0.432660307392916,
          51.06257401398109
        ]
      },
      "properties": {
        "row_number": "215"
      }
    },
    {
      "type": "Feature",
      "geometry": {
        "type": "Point",
        "coordinates": [
          -0.43264740434001,
          51.06262705842469
        ]
      },
      "properties": {
        "row_number": "215"
      }
    },
    {
      "type": "Feature",
      "geometry": {
        "type": "Point",
        "coordinates": [
          -0.432635154163217,
          51.06268023378588
        ]
      },
      "properties": {
        "row_number": "215"
      }
    },
    {
      "type": "Feature",
      "geometry": {
        "type": "Point",
        "coordinates": [
          -0.432626792755371,
          51.06271566756048
        ]
      },
      "properties": {
        "row_number": "215"
      }
    },
    {
      "type": "Feature",
      "geometry": {
        "type": "LineString",
        "coordinates": [
          [
            -0.432995510843532,
            51.06108699670897
          ],
          [
            -0.432984313505216,
            51.06113218857318
          ],
          [
            -0.432971232493402,
            51.06118489474498
          ],
          [
            -0.432958248183834,
            51.06123921010878
          ],
          [
            -0.432945323185383,
            51.06129182976457
          ],
          [
            -0.432932310416681,
            51.06134548364152
          ],
          [
            -0.432918711536439,
            51.06139876531451
          ],
          [
            -0.432905273595359,
            51.06145140399497
          ],
          [
            -0.432892666487501,
            51.06150515126983
          ],
          [
            -0.432879712041965,
            51.06155833581516
          ],
          [
            -0.432866515970769,
            51.06161122442357
          ],
          [
            -0.432852808456825,
            51.06166459957891
          ],
          [
            -0.432839535733345,
            51.06171810975564
          ],
          [
            -0.432826948856124,
            51.06177204328424
          ],
          [
            -0.432813188766097,
            51.06182468849619
          ],
          [
            -0.432799859824746,
            51.06187807616915
          ],
          [
            -0.432787896605471,
            51.06193128463831
          ],
          [
            -0.432773658937387,
            51.06198456110966
          ],
          [
            -0.432760908549601,
            51.06203785588501
          ],
          [
            -0.432747852383413,
            51.0620910314106
          ],
          [
            -0.432734524753493,
            51.06214405263165
          ],
          [
            -0.432721774059113,
            51.06219754022273
          ],
          [
            -0.432707656457465,
            51.06225098211276
          ],
          [
            -0.432694989075821,
            51.06230424089323
          ],
          [
            -0.432681803176769,
            51.06235746244955
          ],
          [
            -0.432669401860515,
            51.06241078011547
          ],
          [
            -0.432656079889389,
            51.06246380954499
          ],
          [
            -0.43264318875319,
            51.06251787494151
          ],
          [
            -0.432630653069539,
            51.06257073298969
          ],
          [
            -0.432616903100316,
            51.06262447548407
          ],
          [
            -0.43260418514067,
            51.06267669164522
          ],
          [
            -0.432596669563829,
            51.06270541907226
          ]
        ]
      },
      "properties": {
        "row_number": "216"
      }
    },
    {
      "type": "Feature",
      "geometry": {
        "type": "Point",
        "coordinates": [
          -0.432995510843532,
          51.06108699670897
        ]
      },
      "properties": {
        "row_number": "216"
      }
    },
    {
      "type": "Feature",
      "geometry": {
        "type": "Point",
        "coordinates": [
          -0.432984313505216,
          51.06113218857318
        ]
      },
      "properties": {
        "row_number": "216"
      }
    },
    {
      "type": "Feature",
      "geometry": {
        "type": "Point",
        "coordinates": [
          -0.432971232493402,
          51.06118489474498
        ]
      },
      "properties": {
        "row_number": "216"
      }
    },
    {
      "type": "Feature",
      "geometry": {
        "type": "Point",
        "coordinates": [
          -0.432958248183834,
          51.06123921010878
        ]
      },
      "properties": {
        "row_number": "216"
      }
    },
    {
      "type": "Feature",
      "geometry": {
        "type": "Point",
        "coordinates": [
          -0.432945323185383,
          51.06129182976457
        ]
      },
      "properties": {
        "row_number": "216"
      }
    },
    {
      "type": "Feature",
      "geometry": {
        "type": "Point",
        "coordinates": [
          -0.432932310416681,
          51.06134548364152
        ]
      },
      "properties": {
        "row_number": "216"
      }
    },
    {
      "type": "Feature",
      "geometry": {
        "type": "Point",
        "coordinates": [
          -0.432918711536439,
          51.06139876531451
        ]
      },
      "properties": {
        "row_number": "216"
      }
    },
    {
      "type": "Feature",
      "geometry": {
        "type": "Point",
        "coordinates": [
          -0.432905273595359,
          51.06145140399497
        ]
      },
      "properties": {
        "row_number": "216"
      }
    },
    {
      "type": "Feature",
      "geometry": {
        "type": "Point",
        "coordinates": [
          -0.432892666487501,
          51.06150515126983
        ]
      },
      "properties": {
        "row_number": "216"
      }
    },
    {
      "type": "Feature",
      "geometry": {
        "type": "Point",
        "coordinates": [
          -0.432879712041965,
          51.06155833581516
        ]
      },
      "properties": {
        "row_number": "216"
      }
    },
    {
      "type": "Feature",
      "geometry": {
        "type": "Point",
        "coordinates": [
          -0.432866515970769,
          51.06161122442357
        ]
      },
      "properties": {
        "row_number": "216"
      }
    },
    {
      "type": "Feature",
      "geometry": {
        "type": "Point",
        "coordinates": [
          -0.432852808456825,
          51.06166459957891
        ]
      },
      "properties": {
        "row_number": "216"
      }
    },
    {
      "type": "Feature",
      "geometry": {
        "type": "Point",
        "coordinates": [
          -0.432839535733345,
          51.06171810975564
        ]
      },
      "properties": {
        "row_number": "216"
      }
    },
    {
      "type": "Feature",
      "geometry": {
        "type": "Point",
        "coordinates": [
          -0.432826948856124,
          51.06177204328424
        ]
      },
      "properties": {
        "row_number": "216"
      }
    },
    {
      "type": "Feature",
      "geometry": {
        "type": "Point",
        "coordinates": [
          -0.432813188766097,
          51.06182468849619
        ]
      },
      "properties": {
        "row_number": "216"
      }
    },
    {
      "type": "Feature",
      "geometry": {
        "type": "Point",
        "coordinates": [
          -0.432799859824746,
          51.06187807616915
        ]
      },
      "properties": {
        "row_number": "216"
      }
    },
    {
      "type": "Feature",
      "geometry": {
        "type": "Point",
        "coordinates": [
          -0.432787896605471,
          51.06193128463831
        ]
      },
      "properties": {
        "row_number": "216"
      }
    },
    {
      "type": "Feature",
      "geometry": {
        "type": "Point",
        "coordinates": [
          -0.432773658937387,
          51.06198456110966
        ]
      },
      "properties": {
        "row_number": "216"
      }
    },
    {
      "type": "Feature",
      "geometry": {
        "type": "Point",
        "coordinates": [
          -0.432760908549601,
          51.06203785588501
        ]
      },
      "properties": {
        "row_number": "216"
      }
    },
    {
      "type": "Feature",
      "geometry": {
        "type": "Point",
        "coordinates": [
          -0.432747852383413,
          51.0620910314106
        ]
      },
      "properties": {
        "row_number": "216"
      }
    },
    {
      "type": "Feature",
      "geometry": {
        "type": "Point",
        "coordinates": [
          -0.432734524753493,
          51.06214405263165
        ]
      },
      "properties": {
        "row_number": "216"
      }
    },
    {
      "type": "Feature",
      "geometry": {
        "type": "Point",
        "coordinates": [
          -0.432721774059113,
          51.06219754022273
        ]
      },
      "properties": {
        "row_number": "216"
      }
    },
    {
      "type": "Feature",
      "geometry": {
        "type": "Point",
        "coordinates": [
          -0.432707656457465,
          51.06225098211276
        ]
      },
      "properties": {
        "row_number": "216"
      }
    },
    {
      "type": "Feature",
      "geometry": {
        "type": "Point",
        "coordinates": [
          -0.432694989075821,
          51.06230424089323
        ]
      },
      "properties": {
        "row_number": "216"
      }
    },
    {
      "type": "Feature",
      "geometry": {
        "type": "Point",
        "coordinates": [
          -0.432681803176769,
          51.06235746244955
        ]
      },
      "properties": {
        "row_number": "216"
      }
    },
    {
      "type": "Feature",
      "geometry": {
        "type": "Point",
        "coordinates": [
          -0.432669401860515,
          51.06241078011547
        ]
      },
      "properties": {
        "row_number": "216"
      }
    },
    {
      "type": "Feature",
      "geometry": {
        "type": "Point",
        "coordinates": [
          -0.432656079889389,
          51.06246380954499
        ]
      },
      "properties": {
        "row_number": "216"
      }
    },
    {
      "type": "Feature",
      "geometry": {
        "type": "Point",
        "coordinates": [
          -0.43264318875319,
          51.06251787494151
        ]
      },
      "properties": {
        "row_number": "216"
      }
    },
    {
      "type": "Feature",
      "geometry": {
        "type": "Point",
        "coordinates": [
          -0.432630653069539,
          51.06257073298969
        ]
      },
      "properties": {
        "row_number": "216"
      }
    },
    {
      "type": "Feature",
      "geometry": {
        "type": "Point",
        "coordinates": [
          -0.432616903100316,
          51.06262447548407
        ]
      },
      "properties": {
        "row_number": "216"
      }
    },
    {
      "type": "Feature",
      "geometry": {
        "type": "Point",
        "coordinates": [
          -0.43260418514067,
          51.06267669164522
        ]
      },
      "properties": {
        "row_number": "216"
      }
    },
    {
      "type": "Feature",
      "geometry": {
        "type": "Point",
        "coordinates": [
          -0.432596669563829,
          51.06270541907226
        ]
      },
      "properties": {
        "row_number": "216"
      }
    },
    {
      "type": "Feature",
      "geometry": {
        "type": "LineString",
        "coordinates": [
          [
            -0.432966321071113,
            51.06108206330545
          ],
          [
            -0.432954363403697,
            51.06112844681333
          ],
          [
            -0.432941178064816,
            51.06118200148562
          ],
          [
            -0.432927554680795,
            51.06123549084153
          ],
          [
            -0.432914672985045,
            51.06128887818531
          ],
          [
            -0.432901075087178,
            51.0613427156414
          ],
          [
            -0.432888348877012,
            51.06139513359066
          ],
          [
            -0.432875285860743,
            51.06144823328055
          ],
          [
            -0.432861226492354,
            51.06150200384779
          ],
          [
            -0.432848131130639,
            51.06155495133223
          ],
          [
            -0.432835524271262,
            51.06160801323882
          ],
          [
            -0.432823067662618,
            51.06166166106443
          ],
          [
            -0.43280940279482,
            51.06171511039931
          ],
          [
            -0.432796074677591,
            51.06176878871507
          ],
          [
            -0.432783595908992,
            51.06182148463142
          ],
          [
            -0.432769844993666,
            51.06187509713861
          ],
          [
            -0.432756982157629,
            51.06192828781735
          ],
          [
            -0.432743596072849,
            51.06198140482894
          ],
          [
            -0.432730224531155,
            51.06203495106639
          ],
          [
            -0.432717244533158,
            51.06208825685889
          ],
          [
            -0.432704407836493,
            51.06214127483002
          ],
          [
            -0.432691761937405,
            51.06219473113177
          ],
          [
            -0.432677456471053,
            51.06224846727502
          ],
          [
            -0.432665039784954,
            51.06230145262357
          ],
          [
            -0.432651454229134,
            51.06235475345888
          ],
          [
            -0.432638479107876,
            51.0624079710853
          ],
          [
            -0.432625803027271,
            51.06246148808777
          ],
          [
            -0.432612810581952,
            51.06251490205977
          ],
          [
            -0.432599751928393,
            51.06256784833662
          ],
          [
            -0.432586425436403,
            51.0626216031304
          ],
          [
            -0.432573283012194,
            51.06267411032594
          ],
          [
            -0.432567584687462,
            51.06269629170648
          ]
        ]
      },
      "properties": {
        "row_number": "217"
      }
    },
    {
      "type": "Feature",
      "geometry": {
        "type": "Point",
        "coordinates": [
          -0.432966321071113,
          51.06108206330545
        ]
      },
      "properties": {
        "row_number": "217"
      }
    },
    {
      "type": "Feature",
      "geometry": {
        "type": "Point",
        "coordinates": [
          -0.432954363403697,
          51.06112844681333
        ]
      },
      "properties": {
        "row_number": "217"
      }
    },
    {
      "type": "Feature",
      "geometry": {
        "type": "Point",
        "coordinates": [
          -0.432941178064816,
          51.06118200148562
        ]
      },
      "properties": {
        "row_number": "217"
      }
    },
    {
      "type": "Feature",
      "geometry": {
        "type": "Point",
        "coordinates": [
          -0.432927554680795,
          51.06123549084153
        ]
      },
      "properties": {
        "row_number": "217"
      }
    },
    {
      "type": "Feature",
      "geometry": {
        "type": "Point",
        "coordinates": [
          -0.432914672985045,
          51.06128887818531
        ]
      },
      "properties": {
        "row_number": "217"
      }
    },
    {
      "type": "Feature",
      "geometry": {
        "type": "Point",
        "coordinates": [
          -0.432901075087178,
          51.0613427156414
        ]
      },
      "properties": {
        "row_number": "217"
      }
    },
    {
      "type": "Feature",
      "geometry": {
        "type": "Point",
        "coordinates": [
          -0.432888348877012,
          51.06139513359066
        ]
      },
      "properties": {
        "row_number": "217"
      }
    },
    {
      "type": "Feature",
      "geometry": {
        "type": "Point",
        "coordinates": [
          -0.432875285860743,
          51.06144823328055
        ]
      },
      "properties": {
        "row_number": "217"
      }
    },
    {
      "type": "Feature",
      "geometry": {
        "type": "Point",
        "coordinates": [
          -0.432861226492354,
          51.06150200384779
        ]
      },
      "properties": {
        "row_number": "217"
      }
    },
    {
      "type": "Feature",
      "geometry": {
        "type": "Point",
        "coordinates": [
          -0.432848131130639,
          51.06155495133223
        ]
      },
      "properties": {
        "row_number": "217"
      }
    },
    {
      "type": "Feature",
      "geometry": {
        "type": "Point",
        "coordinates": [
          -0.432835524271262,
          51.06160801323882
        ]
      },
      "properties": {
        "row_number": "217"
      }
    },
    {
      "type": "Feature",
      "geometry": {
        "type": "Point",
        "coordinates": [
          -0.432823067662618,
          51.06166166106443
        ]
      },
      "properties": {
        "row_number": "217"
      }
    },
    {
      "type": "Feature",
      "geometry": {
        "type": "Point",
        "coordinates": [
          -0.43280940279482,
          51.06171511039931
        ]
      },
      "properties": {
        "row_number": "217"
      }
    },
    {
      "type": "Feature",
      "geometry": {
        "type": "Point",
        "coordinates": [
          -0.432796074677591,
          51.06176878871507
        ]
      },
      "properties": {
        "row_number": "217"
      }
    },
    {
      "type": "Feature",
      "geometry": {
        "type": "Point",
        "coordinates": [
          -0.432783595908992,
          51.06182148463142
        ]
      },
      "properties": {
        "row_number": "217"
      }
    },
    {
      "type": "Feature",
      "geometry": {
        "type": "Point",
        "coordinates": [
          -0.432769844993666,
          51.06187509713861
        ]
      },
      "properties": {
        "row_number": "217"
      }
    },
    {
      "type": "Feature",
      "geometry": {
        "type": "Point",
        "coordinates": [
          -0.432756982157629,
          51.06192828781735
        ]
      },
      "properties": {
        "row_number": "217"
      }
    },
    {
      "type": "Feature",
      "geometry": {
        "type": "Point",
        "coordinates": [
          -0.432743596072849,
          51.06198140482894
        ]
      },
      "properties": {
        "row_number": "217"
      }
    },
    {
      "type": "Feature",
      "geometry": {
        "type": "Point",
        "coordinates": [
          -0.432730224531155,
          51.06203495106639
        ]
      },
      "properties": {
        "row_number": "217"
      }
    },
    {
      "type": "Feature",
      "geometry": {
        "type": "Point",
        "coordinates": [
          -0.432717244533158,
          51.06208825685889
        ]
      },
      "properties": {
        "row_number": "217"
      }
    },
    {
      "type": "Feature",
      "geometry": {
        "type": "Point",
        "coordinates": [
          -0.432704407836493,
          51.06214127483002
        ]
      },
      "properties": {
        "row_number": "217"
      }
    },
    {
      "type": "Feature",
      "geometry": {
        "type": "Point",
        "coordinates": [
          -0.432691761937405,
          51.06219473113177
        ]
      },
      "properties": {
        "row_number": "217"
      }
    },
    {
      "type": "Feature",
      "geometry": {
        "type": "Point",
        "coordinates": [
          -0.432677456471053,
          51.06224846727502
        ]
      },
      "properties": {
        "row_number": "217"
      }
    },
    {
      "type": "Feature",
      "geometry": {
        "type": "Point",
        "coordinates": [
          -0.432665039784954,
          51.06230145262357
        ]
      },
      "properties": {
        "row_number": "217"
      }
    },
    {
      "type": "Feature",
      "geometry": {
        "type": "Point",
        "coordinates": [
          -0.432651454229134,
          51.06235475345888
        ]
      },
      "properties": {
        "row_number": "217"
      }
    },
    {
      "type": "Feature",
      "geometry": {
        "type": "Point",
        "coordinates": [
          -0.432638479107876,
          51.0624079710853
        ]
      },
      "properties": {
        "row_number": "217"
      }
    },
    {
      "type": "Feature",
      "geometry": {
        "type": "Point",
        "coordinates": [
          -0.432625803027271,
          51.06246148808777
        ]
      },
      "properties": {
        "row_number": "217"
      }
    },
    {
      "type": "Feature",
      "geometry": {
        "type": "Point",
        "coordinates": [
          -0.432612810581952,
          51.06251490205977
        ]
      },
      "properties": {
        "row_number": "217"
      }
    },
    {
      "type": "Feature",
      "geometry": {
        "type": "Point",
        "coordinates": [
          -0.432599751928393,
          51.06256784833662
        ]
      },
      "properties": {
        "row_number": "217"
      }
    },
    {
      "type": "Feature",
      "geometry": {
        "type": "Point",
        "coordinates": [
          -0.432586425436403,
          51.0626216031304
        ]
      },
      "properties": {
        "row_number": "217"
      }
    },
    {
      "type": "Feature",
      "geometry": {
        "type": "Point",
        "coordinates": [
          -0.432573283012194,
          51.06267411032594
        ]
      },
      "properties": {
        "row_number": "217"
      }
    },
    {
      "type": "Feature",
      "geometry": {
        "type": "Point",
        "coordinates": [
          -0.432567584687462,
          51.06269629170648
        ]
      },
      "properties": {
        "row_number": "217"
      }
    },
    {
      "type": "Feature",
      "geometry": {
        "type": "LineString",
        "coordinates": [
          [
            -0.432936528908376,
            51.06107425883366
          ],
          [
            -0.432923412002035,
            51.06112539616675
          ],
          [
            -0.432909667358112,
            51.06117922313475
          ],
          [
            -0.43289702211414,
            51.06123292149891
          ],
          [
            -0.432883660608898,
            51.06128614187809
          ],
          [
            -0.432870776563508,
            51.06133911807012
          ],
          [
            -0.432857164859124,
            51.06139308344338
          ],
          [
            -0.432843855031564,
            51.0614451603815
          ],
          [
            -0.432830666790045,
            51.06149895698191
          ],
          [
            -0.432817891092385,
            51.06155181307118
          ],
          [
            -0.432804855510531,
            51.0616053359041
          ],
          [
            -0.432791529139844,
            51.06165867323222
          ],
          [
            -0.432778448060844,
            51.06171255283139
          ],
          [
            -0.432765179528471,
            51.06176522268156
          ],
          [
            -0.432751514820586,
            51.06181850808665
          ],
          [
            -0.432738323536142,
            51.06187190513471
          ],
          [
            -0.432725835749857,
            51.06192526316634
          ],
          [
            -0.432712863070486,
            51.06197877149391
          ],
          [
            -0.43269932108871,
            51.06203184004259
          ],
          [
            -0.432686999245024,
            51.06208511235879
          ],
          [
            -0.432672844618234,
            51.06213816261314
          ],
          [
            -0.432659893310448,
            51.06219161859286
          ],
          [
            -0.432646020000767,
            51.06224518947835
          ],
          [
            -0.432633859864688,
            51.06229827441379
          ],
          [
            -0.432620066407792,
            51.06235188323593
          ],
          [
            -0.432606420851927,
            51.06240483442185
          ],
          [
            -0.432594808609938,
            51.06245817571959
          ],
          [
            -0.432581292035819,
            51.06251211413232
          ],
          [
            -0.432568477799726,
            51.06256479650906
          ],
          [
            -0.432554887060412,
            51.06261847604153
          ],
          [
            -0.432537896565042,
            51.06268718414201
          ]
        ]
      },
      "properties": {
        "row_number": "218"
      }
    },
    {
      "type": "Feature",
      "geometry": {
        "type": "Point",
        "coordinates": [
          -0.432936528908376,
          51.06107425883366
        ]
      },
      "properties": {
        "row_number": "218"
      }
    },
    {
      "type": "Feature",
      "geometry": {
        "type": "Point",
        "coordinates": [
          -0.432923412002035,
          51.06112539616675
        ]
      },
      "properties": {
        "row_number": "218"
      }
    },
    {
      "type": "Feature",
      "geometry": {
        "type": "Point",
        "coordinates": [
          -0.432909667358112,
          51.06117922313475
        ]
      },
      "properties": {
        "row_number": "218"
      }
    },
    {
      "type": "Feature",
      "geometry": {
        "type": "Point",
        "coordinates": [
          -0.43289702211414,
          51.06123292149891
        ]
      },
      "properties": {
        "row_number": "218"
      }
    },
    {
      "type": "Feature",
      "geometry": {
        "type": "Point",
        "coordinates": [
          -0.432883660608898,
          51.06128614187809
        ]
      },
      "properties": {
        "row_number": "218"
      }
    },
    {
      "type": "Feature",
      "geometry": {
        "type": "Point",
        "coordinates": [
          -0.432870776563508,
          51.06133911807012
        ]
      },
      "properties": {
        "row_number": "218"
      }
    },
    {
      "type": "Feature",
      "geometry": {
        "type": "Point",
        "coordinates": [
          -0.432857164859124,
          51.06139308344338
        ]
      },
      "properties": {
        "row_number": "218"
      }
    },
    {
      "type": "Feature",
      "geometry": {
        "type": "Point",
        "coordinates": [
          -0.432843855031564,
          51.0614451603815
        ]
      },
      "properties": {
        "row_number": "218"
      }
    },
    {
      "type": "Feature",
      "geometry": {
        "type": "Point",
        "coordinates": [
          -0.432830666790045,
          51.06149895698191
        ]
      },
      "properties": {
        "row_number": "218"
      }
    },
    {
      "type": "Feature",
      "geometry": {
        "type": "Point",
        "coordinates": [
          -0.432817891092385,
          51.06155181307118
        ]
      },
      "properties": {
        "row_number": "218"
      }
    },
    {
      "type": "Feature",
      "geometry": {
        "type": "Point",
        "coordinates": [
          -0.432804855510531,
          51.0616053359041
        ]
      },
      "properties": {
        "row_number": "218"
      }
    },
    {
      "type": "Feature",
      "geometry": {
        "type": "Point",
        "coordinates": [
          -0.432791529139844,
          51.06165867323222
        ]
      },
      "properties": {
        "row_number": "218"
      }
    },
    {
      "type": "Feature",
      "geometry": {
        "type": "Point",
        "coordinates": [
          -0.432778448060844,
          51.06171255283139
        ]
      },
      "properties": {
        "row_number": "218"
      }
    },
    {
      "type": "Feature",
      "geometry": {
        "type": "Point",
        "coordinates": [
          -0.432765179528471,
          51.06176522268156
        ]
      },
      "properties": {
        "row_number": "218"
      }
    },
    {
      "type": "Feature",
      "geometry": {
        "type": "Point",
        "coordinates": [
          -0.432751514820586,
          51.06181850808665
        ]
      },
      "properties": {
        "row_number": "218"
      }
    },
    {
      "type": "Feature",
      "geometry": {
        "type": "Point",
        "coordinates": [
          -0.432738323536142,
          51.06187190513471
        ]
      },
      "properties": {
        "row_number": "218"
      }
    },
    {
      "type": "Feature",
      "geometry": {
        "type": "Point",
        "coordinates": [
          -0.432725835749857,
          51.06192526316634
        ]
      },
      "properties": {
        "row_number": "218"
      }
    },
    {
      "type": "Feature",
      "geometry": {
        "type": "Point",
        "coordinates": [
          -0.432712863070486,
          51.06197877149391
        ]
      },
      "properties": {
        "row_number": "218"
      }
    },
    {
      "type": "Feature",
      "geometry": {
        "type": "Point",
        "coordinates": [
          -0.43269932108871,
          51.06203184004259
        ]
      },
      "properties": {
        "row_number": "218"
      }
    },
    {
      "type": "Feature",
      "geometry": {
        "type": "Point",
        "coordinates": [
          -0.432686999245024,
          51.06208511235879
        ]
      },
      "properties": {
        "row_number": "218"
      }
    },
    {
      "type": "Feature",
      "geometry": {
        "type": "Point",
        "coordinates": [
          -0.432672844618234,
          51.06213816261314
        ]
      },
      "properties": {
        "row_number": "218"
      }
    },
    {
      "type": "Feature",
      "geometry": {
        "type": "Point",
        "coordinates": [
          -0.432659893310448,
          51.06219161859286
        ]
      },
      "properties": {
        "row_number": "218"
      }
    },
    {
      "type": "Feature",
      "geometry": {
        "type": "Point",
        "coordinates": [
          -0.432646020000767,
          51.06224518947835
        ]
      },
      "properties": {
        "row_number": "218"
      }
    },
    {
      "type": "Feature",
      "geometry": {
        "type": "Point",
        "coordinates": [
          -0.432633859864688,
          51.06229827441379
        ]
      },
      "properties": {
        "row_number": "218"
      }
    },
    {
      "type": "Feature",
      "geometry": {
        "type": "Point",
        "coordinates": [
          -0.432620066407792,
          51.06235188323593
        ]
      },
      "properties": {
        "row_number": "218"
      }
    },
    {
      "type": "Feature",
      "geometry": {
        "type": "Point",
        "coordinates": [
          -0.432606420851927,
          51.06240483442185
        ]
      },
      "properties": {
        "row_number": "218"
      }
    },
    {
      "type": "Feature",
      "geometry": {
        "type": "Point",
        "coordinates": [
          -0.432594808609938,
          51.06245817571959
        ]
      },
      "properties": {
        "row_number": "218"
      }
    },
    {
      "type": "Feature",
      "geometry": {
        "type": "Point",
        "coordinates": [
          -0.432581292035819,
          51.06251211413232
        ]
      },
      "properties": {
        "row_number": "218"
      }
    },
    {
      "type": "Feature",
      "geometry": {
        "type": "Point",
        "coordinates": [
          -0.432568477799726,
          51.06256479650906
        ]
      },
      "properties": {
        "row_number": "218"
      }
    },
    {
      "type": "Feature",
      "geometry": {
        "type": "Point",
        "coordinates": [
          -0.432554887060412,
          51.06261847604153
        ]
      },
      "properties": {
        "row_number": "218"
      }
    },
    {
      "type": "Feature",
      "geometry": {
        "type": "Point",
        "coordinates": [
          -0.432537896565042,
          51.06268718414201
        ]
      },
      "properties": {
        "row_number": "218"
      }
    },
    {
      "type": "Feature",
      "geometry": {
        "type": "LineString",
        "coordinates": [
          [
            -0.432905839098683,
            51.06106828734536
          ],
          [
            -0.432892388316934,
            51.06112212995105
          ],
          [
            -0.432878994596901,
            51.06117574921796
          ],
          [
            -0.43286638716858,
            51.06122925778793
          ],
          [
            -0.432852915368844,
            51.06128346574713
          ],
          [
            -0.432838972508678,
            51.06133610379386
          ],
          [
            -0.432826061685887,
            51.0613892774893
          ],
          [
            -0.432813107518568,
            51.061442054187
          ],
          [
            -0.432799569605837,
            51.06149602042495
          ],
          [
            -0.432786954494921,
            51.06154916153726
          ],
          [
            -0.432773302326146,
            51.0616019357302
          ],
          [
            -0.432760054785482,
            51.06165582863682
          ],
          [
            -0.43274717084085,
            51.06170862217408
          ],
          [
            -0.432733950103346,
            51.06176243626214
          ],
          [
            -0.432719934669272,
            51.06181554799844
          ],
          [
            -0.432707330587794,
            51.06186882190543
          ],
          [
            -0.432694669672478,
            51.06192201793925
          ],
          [
            -0.43268146293949,
            51.06197558336311
          ],
          [
            -0.432667880227655,
            51.06202918198589
          ],
          [
            -0.432654916628441,
            51.06208192332403
          ],
          [
            -0.432642317381116,
            51.06213533884859
          ],
          [
            -0.432628843447247,
            51.06218883611889
          ],
          [
            -0.432615453353093,
            51.06224194785894
          ],
          [
            -0.432602333851069,
            51.06229521851366
          ],
          [
            -0.432588972608157,
            51.06234854567646
          ],
          [
            -0.432576312425874,
            51.0624021243843
          ],
          [
            -0.432563052527235,
            51.06245536914018
          ],
          [
            -0.432549938720195,
            51.06250834093821
          ],
          [
            -0.432536872710301,
            51.06256183245207
          ],
          [
            -0.432523783874226,
            51.06261516826651
          ],
          [
            -0.432509245665649,
            51.06267660103742
          ]
        ]
      },
      "properties": {
        "row_number": "219"
      }
    },
    {
      "type": "Feature",
      "geometry": {
        "type": "Point",
        "coordinates": [
          -0.432905839098683,
          51.06106828734536
        ]
      },
      "properties": {
        "row_number": "219"
      }
    },
    {
      "type": "Feature",
      "geometry": {
        "type": "Point",
        "coordinates": [
          -0.432892388316934,
          51.06112212995105
        ]
      },
      "properties": {
        "row_number": "219"
      }
    },
    {
      "type": "Feature",
      "geometry": {
        "type": "Point",
        "coordinates": [
          -0.432878994596901,
          51.06117574921796
        ]
      },
      "properties": {
        "row_number": "219"
      }
    },
    {
      "type": "Feature",
      "geometry": {
        "type": "Point",
        "coordinates": [
          -0.43286638716858,
          51.06122925778793
        ]
      },
      "properties": {
        "row_number": "219"
      }
    },
    {
      "type": "Feature",
      "geometry": {
        "type": "Point",
        "coordinates": [
          -0.432852915368844,
          51.06128346574713
        ]
      },
      "properties": {
        "row_number": "219"
      }
    },
    {
      "type": "Feature",
      "geometry": {
        "type": "Point",
        "coordinates": [
          -0.432838972508678,
          51.06133610379386
        ]
      },
      "properties": {
        "row_number": "219"
      }
    },
    {
      "type": "Feature",
      "geometry": {
        "type": "Point",
        "coordinates": [
          -0.432826061685887,
          51.0613892774893
        ]
      },
      "properties": {
        "row_number": "219"
      }
    },
    {
      "type": "Feature",
      "geometry": {
        "type": "Point",
        "coordinates": [
          -0.432813107518568,
          51.061442054187
        ]
      },
      "properties": {
        "row_number": "219"
      }
    },
    {
      "type": "Feature",
      "geometry": {
        "type": "Point",
        "coordinates": [
          -0.432799569605837,
          51.06149602042495
        ]
      },
      "properties": {
        "row_number": "219"
      }
    },
    {
      "type": "Feature",
      "geometry": {
        "type": "Point",
        "coordinates": [
          -0.432786954494921,
          51.06154916153726
        ]
      },
      "properties": {
        "row_number": "219"
      }
    },
    {
      "type": "Feature",
      "geometry": {
        "type": "Point",
        "coordinates": [
          -0.432773302326146,
          51.0616019357302
        ]
      },
      "properties": {
        "row_number": "219"
      }
    },
    {
      "type": "Feature",
      "geometry": {
        "type": "Point",
        "coordinates": [
          -0.432760054785482,
          51.06165582863682
        ]
      },
      "properties": {
        "row_number": "219"
      }
    },
    {
      "type": "Feature",
      "geometry": {
        "type": "Point",
        "coordinates": [
          -0.43274717084085,
          51.06170862217408
        ]
      },
      "properties": {
        "row_number": "219"
      }
    },
    {
      "type": "Feature",
      "geometry": {
        "type": "Point",
        "coordinates": [
          -0.432733950103346,
          51.06176243626214
        ]
      },
      "properties": {
        "row_number": "219"
      }
    },
    {
      "type": "Feature",
      "geometry": {
        "type": "Point",
        "coordinates": [
          -0.432719934669272,
          51.06181554799844
        ]
      },
      "properties": {
        "row_number": "219"
      }
    },
    {
      "type": "Feature",
      "geometry": {
        "type": "Point",
        "coordinates": [
          -0.432707330587794,
          51.06186882190543
        ]
      },
      "properties": {
        "row_number": "219"
      }
    },
    {
      "type": "Feature",
      "geometry": {
        "type": "Point",
        "coordinates": [
          -0.432694669672478,
          51.06192201793925
        ]
      },
      "properties": {
        "row_number": "219"
      }
    },
    {
      "type": "Feature",
      "geometry": {
        "type": "Point",
        "coordinates": [
          -0.43268146293949,
          51.06197558336311
        ]
      },
      "properties": {
        "row_number": "219"
      }
    },
    {
      "type": "Feature",
      "geometry": {
        "type": "Point",
        "coordinates": [
          -0.432667880227655,
          51.06202918198589
        ]
      },
      "properties": {
        "row_number": "219"
      }
    },
    {
      "type": "Feature",
      "geometry": {
        "type": "Point",
        "coordinates": [
          -0.432654916628441,
          51.06208192332403
        ]
      },
      "properties": {
        "row_number": "219"
      }
    },
    {
      "type": "Feature",
      "geometry": {
        "type": "Point",
        "coordinates": [
          -0.432642317381116,
          51.06213533884859
        ]
      },
      "properties": {
        "row_number": "219"
      }
    },
    {
      "type": "Feature",
      "geometry": {
        "type": "Point",
        "coordinates": [
          -0.432628843447247,
          51.06218883611889
        ]
      },
      "properties": {
        "row_number": "219"
      }
    },
    {
      "type": "Feature",
      "geometry": {
        "type": "Point",
        "coordinates": [
          -0.432615453353093,
          51.06224194785894
        ]
      },
      "properties": {
        "row_number": "219"
      }
    },
    {
      "type": "Feature",
      "geometry": {
        "type": "Point",
        "coordinates": [
          -0.432602333851069,
          51.06229521851366
        ]
      },
      "properties": {
        "row_number": "219"
      }
    },
    {
      "type": "Feature",
      "geometry": {
        "type": "Point",
        "coordinates": [
          -0.432588972608157,
          51.06234854567646
        ]
      },
      "properties": {
        "row_number": "219"
      }
    },
    {
      "type": "Feature",
      "geometry": {
        "type": "Point",
        "coordinates": [
          -0.432576312425874,
          51.0624021243843
        ]
      },
      "properties": {
        "row_number": "219"
      }
    },
    {
      "type": "Feature",
      "geometry": {
        "type": "Point",
        "coordinates": [
          -0.432563052527235,
          51.06245536914018
        ]
      },
      "properties": {
        "row_number": "219"
      }
    },
    {
      "type": "Feature",
      "geometry": {
        "type": "Point",
        "coordinates": [
          -0.432549938720195,
          51.06250834093821
        ]
      },
      "properties": {
        "row_number": "219"
      }
    },
    {
      "type": "Feature",
      "geometry": {
        "type": "Point",
        "coordinates": [
          -0.432536872710301,
          51.06256183245207
        ]
      },
      "properties": {
        "row_number": "219"
      }
    },
    {
      "type": "Feature",
      "geometry": {
        "type": "Point",
        "coordinates": [
          -0.432523783874226,
          51.06261516826651
        ]
      },
      "properties": {
        "row_number": "219"
      }
    },
    {
      "type": "Feature",
      "geometry": {
        "type": "Point",
        "coordinates": [
          -0.432509245665649,
          51.06267660103742
        ]
      },
      "properties": {
        "row_number": "219"
      }
    },
    {
      "type": "Feature",
      "geometry": {
        "type": "LineString",
        "coordinates": [
          [
            -0.432877384036976,
            51.06106320401932
          ],
          [
            -0.432864406293896,
            51.0611190466452
          ],
          [
            -0.432850940992302,
            51.06117325189916
          ],
          [
            -0.432836623584882,
            51.06122677431087
          ],
          [
            -0.432822678284788,
            51.06127989699029
          ],
          [
            -0.432809077183523,
            51.06133284849047
          ],
          [
            -0.432795684088829,
            51.06138596244974
          ],
          [
            -0.432782334467561,
            51.06143974011206
          ],
          [
            -0.43276903640473,
            51.06149278355374
          ],
          [
            -0.432755689290896,
            51.06154610995967
          ],
          [
            -0.432742901208363,
            51.06159926628881
          ],
          [
            -0.432729482309091,
            51.06165240300768
          ],
          [
            -0.43271693967406,
            51.06170571790721
          ],
          [
            -0.432704449913295,
            51.06175940839803
          ],
          [
            -0.43269002557637,
            51.06181217726274
          ],
          [
            -0.432676872909694,
            51.06186566907076
          ],
          [
            -0.432664333995567,
            51.06191903723813
          ],
          [
            -0.432650701755371,
            51.06197301054503
          ],
          [
            -0.432637884534646,
            51.06202603790842
          ],
          [
            -0.432624900330354,
            51.06207969532677
          ],
          [
            -0.432611610590785,
            51.06213240315707
          ],
          [
            -0.43259923879116,
            51.06218552996286
          ],
          [
            -0.432586352385358,
            51.06223860766929
          ],
          [
            -0.43257233405742,
            51.06229240595719
          ],
          [
            -0.432559076800267,
            51.06234561765412
          ],
          [
            -0.432546074745255,
            51.0623990328565
          ],
          [
            -0.432532437906277,
            51.0624525799539
          ],
          [
            -0.432517620837625,
            51.06250335292093
          ],
          [
            -0.432506163347048,
            51.0625591800291
          ],
          [
            -0.432493153936999,
            51.06261255966614
          ],
          [
            -0.432478917542935,
            51.06266674837558
          ]
        ]
      },
      "properties": {
        "row_number": "220"
      }
    },
    {
      "type": "Feature",
      "geometry": {
        "type": "Point",
        "coordinates": [
          -0.432877384036976,
          51.06106320401932
        ]
      },
      "properties": {
        "row_number": "220"
      }
    },
    {
      "type": "Feature",
      "geometry": {
        "type": "Point",
        "coordinates": [
          -0.432864406293896,
          51.0611190466452
        ]
      },
      "properties": {
        "row_number": "220"
      }
    },
    {
      "type": "Feature",
      "geometry": {
        "type": "Point",
        "coordinates": [
          -0.432850940992302,
          51.06117325189916
        ]
      },
      "properties": {
        "row_number": "220"
      }
    },
    {
      "type": "Feature",
      "geometry": {
        "type": "Point",
        "coordinates": [
          -0.432836623584882,
          51.06122677431087
        ]
      },
      "properties": {
        "row_number": "220"
      }
    },
    {
      "type": "Feature",
      "geometry": {
        "type": "Point",
        "coordinates": [
          -0.432822678284788,
          51.06127989699029
        ]
      },
      "properties": {
        "row_number": "220"
      }
    },
    {
      "type": "Feature",
      "geometry": {
        "type": "Point",
        "coordinates": [
          -0.432809077183523,
          51.06133284849047
        ]
      },
      "properties": {
        "row_number": "220"
      }
    },
    {
      "type": "Feature",
      "geometry": {
        "type": "Point",
        "coordinates": [
          -0.432795684088829,
          51.06138596244974
        ]
      },
      "properties": {
        "row_number": "220"
      }
    },
    {
      "type": "Feature",
      "geometry": {
        "type": "Point",
        "coordinates": [
          -0.432782334467561,
          51.06143974011206
        ]
      },
      "properties": {
        "row_number": "220"
      }
    },
    {
      "type": "Feature",
      "geometry": {
        "type": "Point",
        "coordinates": [
          -0.43276903640473,
          51.06149278355374
        ]
      },
      "properties": {
        "row_number": "220"
      }
    },
    {
      "type": "Feature",
      "geometry": {
        "type": "Point",
        "coordinates": [
          -0.432755689290896,
          51.06154610995967
        ]
      },
      "properties": {
        "row_number": "220"
      }
    },
    {
      "type": "Feature",
      "geometry": {
        "type": "Point",
        "coordinates": [
          -0.432742901208363,
          51.06159926628881
        ]
      },
      "properties": {
        "row_number": "220"
      }
    },
    {
      "type": "Feature",
      "geometry": {
        "type": "Point",
        "coordinates": [
          -0.432729482309091,
          51.06165240300768
        ]
      },
      "properties": {
        "row_number": "220"
      }
    },
    {
      "type": "Feature",
      "geometry": {
        "type": "Point",
        "coordinates": [
          -0.43271693967406,
          51.06170571790721
        ]
      },
      "properties": {
        "row_number": "220"
      }
    },
    {
      "type": "Feature",
      "geometry": {
        "type": "Point",
        "coordinates": [
          -0.432704449913295,
          51.06175940839803
        ]
      },
      "properties": {
        "row_number": "220"
      }
    },
    {
      "type": "Feature",
      "geometry": {
        "type": "Point",
        "coordinates": [
          -0.43269002557637,
          51.06181217726274
        ]
      },
      "properties": {
        "row_number": "220"
      }
    },
    {
      "type": "Feature",
      "geometry": {
        "type": "Point",
        "coordinates": [
          -0.432676872909694,
          51.06186566907076
        ]
      },
      "properties": {
        "row_number": "220"
      }
    },
    {
      "type": "Feature",
      "geometry": {
        "type": "Point",
        "coordinates": [
          -0.432664333995567,
          51.06191903723813
        ]
      },
      "properties": {
        "row_number": "220"
      }
    },
    {
      "type": "Feature",
      "geometry": {
        "type": "Point",
        "coordinates": [
          -0.432650701755371,
          51.06197301054503
        ]
      },
      "properties": {
        "row_number": "220"
      }
    },
    {
      "type": "Feature",
      "geometry": {
        "type": "Point",
        "coordinates": [
          -0.432637884534646,
          51.06202603790842
        ]
      },
      "properties": {
        "row_number": "220"
      }
    },
    {
      "type": "Feature",
      "geometry": {
        "type": "Point",
        "coordinates": [
          -0.432624900330354,
          51.06207969532677
        ]
      },
      "properties": {
        "row_number": "220"
      }
    },
    {
      "type": "Feature",
      "geometry": {
        "type": "Point",
        "coordinates": [
          -0.432611610590785,
          51.06213240315707
        ]
      },
      "properties": {
        "row_number": "220"
      }
    },
    {
      "type": "Feature",
      "geometry": {
        "type": "Point",
        "coordinates": [
          -0.43259923879116,
          51.06218552996286
        ]
      },
      "properties": {
        "row_number": "220"
      }
    },
    {
      "type": "Feature",
      "geometry": {
        "type": "Point",
        "coordinates": [
          -0.432586352385358,
          51.06223860766929
        ]
      },
      "properties": {
        "row_number": "220"
      }
    },
    {
      "type": "Feature",
      "geometry": {
        "type": "Point",
        "coordinates": [
          -0.43257233405742,
          51.06229240595719
        ]
      },
      "properties": {
        "row_number": "220"
      }
    },
    {
      "type": "Feature",
      "geometry": {
        "type": "Point",
        "coordinates": [
          -0.432559076800267,
          51.06234561765412
        ]
      },
      "properties": {
        "row_number": "220"
      }
    },
    {
      "type": "Feature",
      "geometry": {
        "type": "Point",
        "coordinates": [
          -0.432546074745255,
          51.0623990328565
        ]
      },
      "properties": {
        "row_number": "220"
      }
    },
    {
      "type": "Feature",
      "geometry": {
        "type": "Point",
        "coordinates": [
          -0.432532437906277,
          51.0624525799539
        ]
      },
      "properties": {
        "row_number": "220"
      }
    },
    {
      "type": "Feature",
      "geometry": {
        "type": "Point",
        "coordinates": [
          -0.432517620837625,
          51.06250335292093
        ]
      },
      "properties": {
        "row_number": "220"
      }
    },
    {
      "type": "Feature",
      "geometry": {
        "type": "Point",
        "coordinates": [
          -0.432506163347048,
          51.0625591800291
        ]
      },
      "properties": {
        "row_number": "220"
      }
    },
    {
      "type": "Feature",
      "geometry": {
        "type": "Point",
        "coordinates": [
          -0.432493153936999,
          51.06261255966614
        ]
      },
      "properties": {
        "row_number": "220"
      }
    },
    {
      "type": "Feature",
      "geometry": {
        "type": "Point",
        "coordinates": [
          -0.432478917542935,
          51.06266674837558
        ]
      },
      "properties": {
        "row_number": "220"
      }
    },
    {
      "type": "Feature",
      "geometry": {
        "type": "LineString",
        "coordinates": [
          [
            -0.432656596289211,
            51.06098035898101
          ],
          [
            -0.432643342834458,
            51.06103772279331
          ],
          [
            -0.432630534328902,
            51.06109073521927
          ],
          [
            -0.432617222080918,
            51.0611439015634
          ],
          [
            -0.43260319195028,
            51.06119790616971
          ],
          [
            -0.432590840760929,
            51.06125078440202
          ],
          [
            -0.432577269981929,
            51.06130425064238
          ],
          [
            -0.432565019748301,
            51.06135702060202
          ],
          [
            -0.432551345810519,
            51.06141083819392
          ],
          [
            -0.432538464562391,
            51.0614639740508
          ],
          [
            -0.43252554328868,
            51.06151656111486
          ],
          [
            -0.432512955524609,
            51.06157079194941
          ],
          [
            -0.432499956956007,
            51.06162372405934
          ],
          [
            -0.432487507031716,
            51.06167745486091
          ],
          [
            -0.432473995946905,
            51.06173026674785
          ],
          [
            -0.43246017367204,
            51.06178381221811
          ],
          [
            -0.432447450540911,
            51.06183681287949
          ],
          [
            -0.432434635808396,
            51.06189047683745
          ],
          [
            -0.432421538268184,
            51.06194360651507
          ],
          [
            -0.432408987947441,
            51.06199653354346
          ],
          [
            -0.43239572606319,
            51.06205037629472
          ],
          [
            -0.432382705038812,
            51.06210313684461
          ],
          [
            -0.432369960055323,
            51.06215702414363
          ],
          [
            -0.432356233166638,
            51.06221031519181
          ],
          [
            -0.432344363589896,
            51.06226350757271
          ],
          [
            -0.432330818341233,
            51.06231695774576
          ],
          [
            -0.43231792339882,
            51.06236989411776
          ],
          [
            -0.432304642530994,
            51.06242375928912
          ],
          [
            -0.432292025419119,
            51.06247677605402
          ],
          [
            -0.432278813099141,
            51.06253041585954
          ],
          [
            -0.432267337659602,
            51.0625778251699
          ]
        ]
      },
      "properties": {
        "row_number": "221"
      }
    },
    {
      "type": "Feature",
      "geometry": {
        "type": "Point",
        "coordinates": [
          -0.432656596289211,
          51.06098035898101
        ]
      },
      "properties": {
        "row_number": "221"
      }
    },
    {
      "type": "Feature",
      "geometry": {
        "type": "Point",
        "coordinates": [
          -0.432643342834458,
          51.06103772279331
        ]
      },
      "properties": {
        "row_number": "221"
      }
    },
    {
      "type": "Feature",
      "geometry": {
        "type": "Point",
        "coordinates": [
          -0.432630534328902,
          51.06109073521927
        ]
      },
      "properties": {
        "row_number": "221"
      }
    },
    {
      "type": "Feature",
      "geometry": {
        "type": "Point",
        "coordinates": [
          -0.432617222080918,
          51.0611439015634
        ]
      },
      "properties": {
        "row_number": "221"
      }
    },
    {
      "type": "Feature",
      "geometry": {
        "type": "Point",
        "coordinates": [
          -0.43260319195028,
          51.06119790616971
        ]
      },
      "properties": {
        "row_number": "221"
      }
    },
    {
      "type": "Feature",
      "geometry": {
        "type": "Point",
        "coordinates": [
          -0.432590840760929,
          51.06125078440202
        ]
      },
      "properties": {
        "row_number": "221"
      }
    },
    {
      "type": "Feature",
      "geometry": {
        "type": "Point",
        "coordinates": [
          -0.432577269981929,
          51.06130425064238
        ]
      },
      "properties": {
        "row_number": "221"
      }
    },
    {
      "type": "Feature",
      "geometry": {
        "type": "Point",
        "coordinates": [
          -0.432565019748301,
          51.06135702060202
        ]
      },
      "properties": {
        "row_number": "221"
      }
    },
    {
      "type": "Feature",
      "geometry": {
        "type": "Point",
        "coordinates": [
          -0.432551345810519,
          51.06141083819392
        ]
      },
      "properties": {
        "row_number": "221"
      }
    },
    {
      "type": "Feature",
      "geometry": {
        "type": "Point",
        "coordinates": [
          -0.432538464562391,
          51.0614639740508
        ]
      },
      "properties": {
        "row_number": "221"
      }
    },
    {
      "type": "Feature",
      "geometry": {
        "type": "Point",
        "coordinates": [
          -0.43252554328868,
          51.06151656111486
        ]
      },
      "properties": {
        "row_number": "221"
      }
    },
    {
      "type": "Feature",
      "geometry": {
        "type": "Point",
        "coordinates": [
          -0.432512955524609,
          51.06157079194941
        ]
      },
      "properties": {
        "row_number": "221"
      }
    },
    {
      "type": "Feature",
      "geometry": {
        "type": "Point",
        "coordinates": [
          -0.432499956956007,
          51.06162372405934
        ]
      },
      "properties": {
        "row_number": "221"
      }
    },
    {
      "type": "Feature",
      "geometry": {
        "type": "Point",
        "coordinates": [
          -0.432487507031716,
          51.06167745486091
        ]
      },
      "properties": {
        "row_number": "221"
      }
    },
    {
      "type": "Feature",
      "geometry": {
        "type": "Point",
        "coordinates": [
          -0.432473995946905,
          51.06173026674785
        ]
      },
      "properties": {
        "row_number": "221"
      }
    },
    {
      "type": "Feature",
      "geometry": {
        "type": "Point",
        "coordinates": [
          -0.43246017367204,
          51.06178381221811
        ]
      },
      "properties": {
        "row_number": "221"
      }
    },
    {
      "type": "Feature",
      "geometry": {
        "type": "Point",
        "coordinates": [
          -0.432447450540911,
          51.06183681287949
        ]
      },
      "properties": {
        "row_number": "221"
      }
    },
    {
      "type": "Feature",
      "geometry": {
        "type": "Point",
        "coordinates": [
          -0.432434635808396,
          51.06189047683745
        ]
      },
      "properties": {
        "row_number": "221"
      }
    },
    {
      "type": "Feature",
      "geometry": {
        "type": "Point",
        "coordinates": [
          -0.432421538268184,
          51.06194360651507
        ]
      },
      "properties": {
        "row_number": "221"
      }
    },
    {
      "type": "Feature",
      "geometry": {
        "type": "Point",
        "coordinates": [
          -0.432408987947441,
          51.06199653354346
        ]
      },
      "properties": {
        "row_number": "221"
      }
    },
    {
      "type": "Feature",
      "geometry": {
        "type": "Point",
        "coordinates": [
          -0.43239572606319,
          51.06205037629472
        ]
      },
      "properties": {
        "row_number": "221"
      }
    },
    {
      "type": "Feature",
      "geometry": {
        "type": "Point",
        "coordinates": [
          -0.432382705038812,
          51.06210313684461
        ]
      },
      "properties": {
        "row_number": "221"
      }
    },
    {
      "type": "Feature",
      "geometry": {
        "type": "Point",
        "coordinates": [
          -0.432369960055323,
          51.06215702414363
        ]
      },
      "properties": {
        "row_number": "221"
      }
    },
    {
      "type": "Feature",
      "geometry": {
        "type": "Point",
        "coordinates": [
          -0.432356233166638,
          51.06221031519181
        ]
      },
      "properties": {
        "row_number": "221"
      }
    },
    {
      "type": "Feature",
      "geometry": {
        "type": "Point",
        "coordinates": [
          -0.432344363589896,
          51.06226350757271
        ]
      },
      "properties": {
        "row_number": "221"
      }
    },
    {
      "type": "Feature",
      "geometry": {
        "type": "Point",
        "coordinates": [
          -0.432330818341233,
          51.06231695774576
        ]
      },
      "properties": {
        "row_number": "221"
      }
    },
    {
      "type": "Feature",
      "geometry": {
        "type": "Point",
        "coordinates": [
          -0.43231792339882,
          51.06236989411776
        ]
      },
      "properties": {
        "row_number": "221"
      }
    },
    {
      "type": "Feature",
      "geometry": {
        "type": "Point",
        "coordinates": [
          -0.432304642530994,
          51.06242375928912
        ]
      },
      "properties": {
        "row_number": "221"
      }
    },
    {
      "type": "Feature",
      "geometry": {
        "type": "Point",
        "coordinates": [
          -0.432292025419119,
          51.06247677605402
        ]
      },
      "properties": {
        "row_number": "221"
      }
    },
    {
      "type": "Feature",
      "geometry": {
        "type": "Point",
        "coordinates": [
          -0.432278813099141,
          51.06253041585954
        ]
      },
      "properties": {
        "row_number": "221"
      }
    },
    {
      "type": "Feature",
      "geometry": {
        "type": "Point",
        "coordinates": [
          -0.432267337659602,
          51.0625778251699
        ]
      },
      "properties": {
        "row_number": "221"
      }
    },
    {
      "type": "Feature",
      "geometry": {
        "type": "LineString",
        "coordinates": [
          [
            -0.432627209558862,
            51.06097243390549
          ],
          [
            -0.432611611069262,
            51.06103396845479
          ],
          [
            -0.43259900064164,
            51.06108744218231
          ],
          [
            -0.432585927602809,
            51.06114149984286
          ],
          [
            -0.432573257292268,
            51.06119459596272
          ],
          [
            -0.432560515914835,
            51.06124767367447
          ],
          [
            -0.43254762207396,
            51.06130138896329
          ],
          [
            -0.43253441509387,
            51.06135376394995
          ],
          [
            -0.432520577186091,
            51.06140746236395
          ],
          [
            -0.4325073761826,
            51.06146106560475
          ],
          [
            -0.432494644682086,
            51.06151371048985
          ],
          [
            -0.432481957074002,
            51.06156786815927
          ],
          [
            -0.432469269261162,
            51.0616211822746
          ],
          [
            -0.432456448418115,
            51.0616743460712
          ],
          [
            -0.432443322843947,
            51.06172731797155
          ],
          [
            -0.432429642021652,
            51.06178087475588
          ],
          [
            -0.432417481810974,
            51.06183406889297
          ],
          [
            -0.432404259666295,
            51.0618876760032
          ],
          [
            -0.432391171694089,
            51.06194058160794
          ],
          [
            -0.432378457143816,
            51.06199398818142
          ],
          [
            -0.432364938037801,
            51.06204710997099
          ],
          [
            -0.432352127721034,
            51.06210018470208
          ],
          [
            -0.432339078117217,
            51.0621539941796
          ],
          [
            -0.432325769476167,
            51.06220740873461
          ],
          [
            -0.4323129640101,
            51.06226047454276
          ],
          [
            -0.432299838184413,
            51.06231422694633
          ],
          [
            -0.432286769424199,
            51.06236716243204
          ],
          [
            -0.432273734861051,
            51.06242093629373
          ],
          [
            -0.432261290969014,
            51.06247377367711
          ],
          [
            -0.432247588445958,
            51.0625276491755
          ],
          [
            -0.432235561566925,
            51.06257515508022
          ]
        ]
      },
      "properties": {
        "row_number": "222"
      }
    },
    {
      "type": "Feature",
      "geometry": {
        "type": "Point",
        "coordinates": [
          -0.432627209558862,
          51.06097243390549
        ]
      },
      "properties": {
        "row_number": "222"
      }
    },
    {
      "type": "Feature",
      "geometry": {
        "type": "Point",
        "coordinates": [
          -0.432611611069262,
          51.06103396845479
        ]
      },
      "properties": {
        "row_number": "222"
      }
    },
    {
      "type": "Feature",
      "geometry": {
        "type": "Point",
        "coordinates": [
          -0.43259900064164,
          51.06108744218231
        ]
      },
      "properties": {
        "row_number": "222"
      }
    },
    {
      "type": "Feature",
      "geometry": {
        "type": "Point",
        "coordinates": [
          -0.432585927602809,
          51.06114149984286
        ]
      },
      "properties": {
        "row_number": "222"
      }
    },
    {
      "type": "Feature",
      "geometry": {
        "type": "Point",
        "coordinates": [
          -0.432573257292268,
          51.06119459596272
        ]
      },
      "properties": {
        "row_number": "222"
      }
    },
    {
      "type": "Feature",
      "geometry": {
        "type": "Point",
        "coordinates": [
          -0.432560515914835,
          51.06124767367447
        ]
      },
      "properties": {
        "row_number": "222"
      }
    },
    {
      "type": "Feature",
      "geometry": {
        "type": "Point",
        "coordinates": [
          -0.43254762207396,
          51.06130138896329
        ]
      },
      "properties": {
        "row_number": "222"
      }
    },
    {
      "type": "Feature",
      "geometry": {
        "type": "Point",
        "coordinates": [
          -0.43253441509387,
          51.06135376394995
        ]
      },
      "properties": {
        "row_number": "222"
      }
    },
    {
      "type": "Feature",
      "geometry": {
        "type": "Point",
        "coordinates": [
          -0.432520577186091,
          51.06140746236395
        ]
      },
      "properties": {
        "row_number": "222"
      }
    },
    {
      "type": "Feature",
      "geometry": {
        "type": "Point",
        "coordinates": [
          -0.4325073761826,
          51.06146106560475
        ]
      },
      "properties": {
        "row_number": "222"
      }
    },
    {
      "type": "Feature",
      "geometry": {
        "type": "Point",
        "coordinates": [
          -0.432494644682086,
          51.06151371048985
        ]
      },
      "properties": {
        "row_number": "222"
      }
    },
    {
      "type": "Feature",
      "geometry": {
        "type": "Point",
        "coordinates": [
          -0.432481957074002,
          51.06156786815927
        ]
      },
      "properties": {
        "row_number": "222"
      }
    },
    {
      "type": "Feature",
      "geometry": {
        "type": "Point",
        "coordinates": [
          -0.432469269261162,
          51.0616211822746
        ]
      },
      "properties": {
        "row_number": "222"
      }
    },
    {
      "type": "Feature",
      "geometry": {
        "type": "Point",
        "coordinates": [
          -0.432456448418115,
          51.0616743460712
        ]
      },
      "properties": {
        "row_number": "222"
      }
    },
    {
      "type": "Feature",
      "geometry": {
        "type": "Point",
        "coordinates": [
          -0.432443322843947,
          51.06172731797155
        ]
      },
      "properties": {
        "row_number": "222"
      }
    },
    {
      "type": "Feature",
      "geometry": {
        "type": "Point",
        "coordinates": [
          -0.432429642021652,
          51.06178087475588
        ]
      },
      "properties": {
        "row_number": "222"
      }
    },
    {
      "type": "Feature",
      "geometry": {
        "type": "Point",
        "coordinates": [
          -0.432417481810974,
          51.06183406889297
        ]
      },
      "properties": {
        "row_number": "222"
      }
    },
    {
      "type": "Feature",
      "geometry": {
        "type": "Point",
        "coordinates": [
          -0.432404259666295,
          51.0618876760032
        ]
      },
      "properties": {
        "row_number": "222"
      }
    },
    {
      "type": "Feature",
      "geometry": {
        "type": "Point",
        "coordinates": [
          -0.432391171694089,
          51.06194058160794
        ]
      },
      "properties": {
        "row_number": "222"
      }
    },
    {
      "type": "Feature",
      "geometry": {
        "type": "Point",
        "coordinates": [
          -0.432378457143816,
          51.06199398818142
        ]
      },
      "properties": {
        "row_number": "222"
      }
    },
    {
      "type": "Feature",
      "geometry": {
        "type": "Point",
        "coordinates": [
          -0.432364938037801,
          51.06204710997099
        ]
      },
      "properties": {
        "row_number": "222"
      }
    },
    {
      "type": "Feature",
      "geometry": {
        "type": "Point",
        "coordinates": [
          -0.432352127721034,
          51.06210018470208
        ]
      },
      "properties": {
        "row_number": "222"
      }
    },
    {
      "type": "Feature",
      "geometry": {
        "type": "Point",
        "coordinates": [
          -0.432339078117217,
          51.0621539941796
        ]
      },
      "properties": {
        "row_number": "222"
      }
    },
    {
      "type": "Feature",
      "geometry": {
        "type": "Point",
        "coordinates": [
          -0.432325769476167,
          51.06220740873461
        ]
      },
      "properties": {
        "row_number": "222"
      }
    },
    {
      "type": "Feature",
      "geometry": {
        "type": "Point",
        "coordinates": [
          -0.4323129640101,
          51.06226047454276
        ]
      },
      "properties": {
        "row_number": "222"
      }
    },
    {
      "type": "Feature",
      "geometry": {
        "type": "Point",
        "coordinates": [
          -0.432299838184413,
          51.06231422694633
        ]
      },
      "properties": {
        "row_number": "222"
      }
    },
    {
      "type": "Feature",
      "geometry": {
        "type": "Point",
        "coordinates": [
          -0.432286769424199,
          51.06236716243204
        ]
      },
      "properties": {
        "row_number": "222"
      }
    },
    {
      "type": "Feature",
      "geometry": {
        "type": "Point",
        "coordinates": [
          -0.432273734861051,
          51.06242093629373
        ]
      },
      "properties": {
        "row_number": "222"
      }
    },
    {
      "type": "Feature",
      "geometry": {
        "type": "Point",
        "coordinates": [
          -0.432261290969014,
          51.06247377367711
        ]
      },
      "properties": {
        "row_number": "222"
      }
    },
    {
      "type": "Feature",
      "geometry": {
        "type": "Point",
        "coordinates": [
          -0.432247588445958,
          51.0625276491755
        ]
      },
      "properties": {
        "row_number": "222"
      }
    },
    {
      "type": "Feature",
      "geometry": {
        "type": "Point",
        "coordinates": [
          -0.432235561566925,
          51.06257515508022
        ]
      },
      "properties": {
        "row_number": "222"
      }
    },
    {
      "type": "Feature",
      "geometry": {
        "type": "LineString",
        "coordinates": [
          [
            -0.432597448444709,
            51.0609654566779
          ],
          [
            -0.432580596967336,
            51.06103155162525
          ],
          [
            -0.432567722753101,
            51.06108476263385
          ],
          [
            -0.432554567728691,
            51.06113850025764
          ],
          [
            -0.432542082504877,
            51.06119190271006
          ],
          [
            -0.432528790290887,
            51.0612446399418
          ],
          [
            -0.432516463977577,
            51.06129836073002
          ],
          [
            -0.432503142748877,
            51.06135088664592
          ],
          [
            -0.43248969195252,
            51.06140427334874
          ],
          [
            -0.432476029378928,
            51.06145769149984
          ],
          [
            -0.432463960597034,
            51.06151055398779
          ],
          [
            -0.432451301740771,
            51.06156453833842
          ],
          [
            -0.432437742182394,
            51.06161755493337
          ],
          [
            -0.432424579930206,
            51.06167107669387
          ],
          [
            -0.432411424359633,
            51.0617241900009
          ],
          [
            -0.432398743942437,
            51.06177747700212
          ],
          [
            -0.432386225751353,
            51.06183080063671
          ],
          [
            -0.432372691583827,
            51.06188467528365
          ],
          [
            -0.432359858904587,
            51.06193752689006
          ],
          [
            -0.432347110059588,
            51.0619908885695
          ],
          [
            -0.432334102264667,
            51.06204413515975
          ],
          [
            -0.432320466097091,
            51.06209716779184
          ],
          [
            -0.432308104037835,
            51.06215103363495
          ],
          [
            -0.432295195199537,
            51.06220418070341
          ],
          [
            -0.432282084492277,
            51.06225735158814
          ],
          [
            -0.432268487244249,
            51.06231103753564
          ],
          [
            -0.432255631942726,
            51.06236372322569
          ],
          [
            -0.432242780784629,
            51.06241754580324
          ],
          [
            -0.432230126033262,
            51.0624701846904
          ],
          [
            -0.432216839437678,
            51.06252465854855
          ],
          [
            -0.432204216052561,
            51.06257528116613
          ]
        ]
      },
      "properties": {
        "row_number": "223"
      }
    },
    {
      "type": "Feature",
      "geometry": {
        "type": "Point",
        "coordinates": [
          -0.432597448444709,
          51.0609654566779
        ]
      },
      "properties": {
        "row_number": "223"
      }
    },
    {
      "type": "Feature",
      "geometry": {
        "type": "Point",
        "coordinates": [
          -0.432580596967336,
          51.06103155162525
        ]
      },
      "properties": {
        "row_number": "223"
      }
    },
    {
      "type": "Feature",
      "geometry": {
        "type": "Point",
        "coordinates": [
          -0.432567722753101,
          51.06108476263385
        ]
      },
      "properties": {
        "row_number": "223"
      }
    },
    {
      "type": "Feature",
      "geometry": {
        "type": "Point",
        "coordinates": [
          -0.432554567728691,
          51.06113850025764
        ]
      },
      "properties": {
        "row_number": "223"
      }
    },
    {
      "type": "Feature",
      "geometry": {
        "type": "Point",
        "coordinates": [
          -0.432542082504877,
          51.06119190271006
        ]
      },
      "properties": {
        "row_number": "223"
      }
    },
    {
      "type": "Feature",
      "geometry": {
        "type": "Point",
        "coordinates": [
          -0.432528790290887,
          51.0612446399418
        ]
      },
      "properties": {
        "row_number": "223"
      }
    },
    {
      "type": "Feature",
      "geometry": {
        "type": "Point",
        "coordinates": [
          -0.432516463977577,
          51.06129836073002
        ]
      },
      "properties": {
        "row_number": "223"
      }
    },
    {
      "type": "Feature",
      "geometry": {
        "type": "Point",
        "coordinates": [
          -0.432503142748877,
          51.06135088664592
        ]
      },
      "properties": {
        "row_number": "223"
      }
    },
    {
      "type": "Feature",
      "geometry": {
        "type": "Point",
        "coordinates": [
          -0.43248969195252,
          51.06140427334874
        ]
      },
      "properties": {
        "row_number": "223"
      }
    },
    {
      "type": "Feature",
      "geometry": {
        "type": "Point",
        "coordinates": [
          -0.432476029378928,
          51.06145769149984
        ]
      },
      "properties": {
        "row_number": "223"
      }
    },
    {
      "type": "Feature",
      "geometry": {
        "type": "Point",
        "coordinates": [
          -0.432463960597034,
          51.06151055398779
        ]
      },
      "properties": {
        "row_number": "223"
      }
    },
    {
      "type": "Feature",
      "geometry": {
        "type": "Point",
        "coordinates": [
          -0.432451301740771,
          51.06156453833842
        ]
      },
      "properties": {
        "row_number": "223"
      }
    },
    {
      "type": "Feature",
      "geometry": {
        "type": "Point",
        "coordinates": [
          -0.432437742182394,
          51.06161755493337
        ]
      },
      "properties": {
        "row_number": "223"
      }
    },
    {
      "type": "Feature",
      "geometry": {
        "type": "Point",
        "coordinates": [
          -0.432424579930206,
          51.06167107669387
        ]
      },
      "properties": {
        "row_number": "223"
      }
    },
    {
      "type": "Feature",
      "geometry": {
        "type": "Point",
        "coordinates": [
          -0.432411424359633,
          51.0617241900009
        ]
      },
      "properties": {
        "row_number": "223"
      }
    },
    {
      "type": "Feature",
      "geometry": {
        "type": "Point",
        "coordinates": [
          -0.432398743942437,
          51.06177747700212
        ]
      },
      "properties": {
        "row_number": "223"
      }
    },
    {
      "type": "Feature",
      "geometry": {
        "type": "Point",
        "coordinates": [
          -0.432386225751353,
          51.06183080063671
        ]
      },
      "properties": {
        "row_number": "223"
      }
    },
    {
      "type": "Feature",
      "geometry": {
        "type": "Point",
        "coordinates": [
          -0.432372691583827,
          51.06188467528365
        ]
      },
      "properties": {
        "row_number": "223"
      }
    },
    {
      "type": "Feature",
      "geometry": {
        "type": "Point",
        "coordinates": [
          -0.432359858904587,
          51.06193752689006
        ]
      },
      "properties": {
        "row_number": "223"
      }
    },
    {
      "type": "Feature",
      "geometry": {
        "type": "Point",
        "coordinates": [
          -0.432347110059588,
          51.0619908885695
        ]
      },
      "properties": {
        "row_number": "223"
      }
    },
    {
      "type": "Feature",
      "geometry": {
        "type": "Point",
        "coordinates": [
          -0.432334102264667,
          51.06204413515975
        ]
      },
      "properties": {
        "row_number": "223"
      }
    },
    {
      "type": "Feature",
      "geometry": {
        "type": "Point",
        "coordinates": [
          -0.432320466097091,
          51.06209716779184
        ]
      },
      "properties": {
        "row_number": "223"
      }
    },
    {
      "type": "Feature",
      "geometry": {
        "type": "Point",
        "coordinates": [
          -0.432308104037835,
          51.06215103363495
        ]
      },
      "properties": {
        "row_number": "223"
      }
    },
    {
      "type": "Feature",
      "geometry": {
        "type": "Point",
        "coordinates": [
          -0.432295195199537,
          51.06220418070341
        ]
      },
      "properties": {
        "row_number": "223"
      }
    },
    {
      "type": "Feature",
      "geometry": {
        "type": "Point",
        "coordinates": [
          -0.432282084492277,
          51.06225735158814
        ]
      },
      "properties": {
        "row_number": "223"
      }
    },
    {
      "type": "Feature",
      "geometry": {
        "type": "Point",
        "coordinates": [
          -0.432268487244249,
          51.06231103753564
        ]
      },
      "properties": {
        "row_number": "223"
      }
    },
    {
      "type": "Feature",
      "geometry": {
        "type": "Point",
        "coordinates": [
          -0.432255631942726,
          51.06236372322569
        ]
      },
      "properties": {
        "row_number": "223"
      }
    },
    {
      "type": "Feature",
      "geometry": {
        "type": "Point",
        "coordinates": [
          -0.432242780784629,
          51.06241754580324
        ]
      },
      "properties": {
        "row_number": "223"
      }
    },
    {
      "type": "Feature",
      "geometry": {
        "type": "Point",
        "coordinates": [
          -0.432230126033262,
          51.0624701846904
        ]
      },
      "properties": {
        "row_number": "223"
      }
    },
    {
      "type": "Feature",
      "geometry": {
        "type": "Point",
        "coordinates": [
          -0.432216839437678,
          51.06252465854855
        ]
      },
      "properties": {
        "row_number": "223"
      }
    },
    {
      "type": "Feature",
      "geometry": {
        "type": "Point",
        "coordinates": [
          -0.432204216052561,
          51.06257528116613
        ]
      },
      "properties": {
        "row_number": "223"
      }
    },
    {
      "type": "Feature",
      "geometry": {
        "type": "LineString",
        "coordinates": [
          [
            -0.43256680127181,
            51.06095658471513
          ],
          [
            -0.43254934955302,
            51.061028249748
          ],
          [
            -0.43253617098838,
            51.06108186432418
          ],
          [
            -0.432523343879145,
            51.06113458416983
          ],
          [
            -0.432510764066594,
            51.06118836448967
          ],
          [
            -0.432498230446552,
            51.06124161295386
          ],
          [
            -0.43248470044873,
            51.06129555667915
          ],
          [
            -0.432472567898945,
            51.06134751577677
          ],
          [
            -0.432459325165715,
            51.06140154940358
          ],
          [
            -0.432445957176759,
            51.06145481620651
          ],
          [
            -0.432433322707728,
            51.06150723777156
          ],
          [
            -0.432420364413351,
            51.06156158734421
          ],
          [
            -0.432407891824509,
            51.06161480967191
          ],
          [
            -0.432394182797595,
            51.0616679347815
          ],
          [
            -0.432381107810982,
            51.06172121095621
          ],
          [
            -0.432368396195102,
            51.06177476251504
          ],
          [
            -0.43235546175814,
            51.06182757316134
          ],
          [
            -0.432342056504753,
            51.06188200182807
          ],
          [
            -0.432329335134616,
            51.06193464542679
          ],
          [
            -0.432316449474677,
            51.06198782808595
          ],
          [
            -0.432303846976232,
            51.06204116051386
          ],
          [
            -0.43229054372631,
            51.06209520383352
          ],
          [
            -0.432277201192852,
            51.0621481979979
          ],
          [
            -0.432263888363393,
            51.06220139597225
          ],
          [
            -0.432250743772138,
            51.06225432762898
          ],
          [
            -0.43223769116812,
            51.06230839426427
          ],
          [
            -0.43222524984335,
            51.06236110339366
          ],
          [
            -0.432212530223153,
            51.0624147165496
          ],
          [
            -0.432198850750958,
            51.06246749721804
          ],
          [
            -0.432185689009741,
            51.06252074136022
          ],
          [
            -0.432173267355316,
            51.06257190829315
          ]
        ]
      },
      "properties": {
        "row_number": "224"
      }
    },
    {
      "type": "Feature",
      "geometry": {
        "type": "Point",
        "coordinates": [
          -0.43256680127181,
          51.06095658471513
        ]
      },
      "properties": {
        "row_number": "224"
      }
    },
    {
      "type": "Feature",
      "geometry": {
        "type": "Point",
        "coordinates": [
          -0.43254934955302,
          51.061028249748
        ]
      },
      "properties": {
        "row_number": "224"
      }
    },
    {
      "type": "Feature",
      "geometry": {
        "type": "Point",
        "coordinates": [
          -0.43253617098838,
          51.06108186432418
        ]
      },
      "properties": {
        "row_number": "224"
      }
    },
    {
      "type": "Feature",
      "geometry": {
        "type": "Point",
        "coordinates": [
          -0.432523343879145,
          51.06113458416983
        ]
      },
      "properties": {
        "row_number": "224"
      }
    },
    {
      "type": "Feature",
      "geometry": {
        "type": "Point",
        "coordinates": [
          -0.432510764066594,
          51.06118836448967
        ]
      },
      "properties": {
        "row_number": "224"
      }
    },
    {
      "type": "Feature",
      "geometry": {
        "type": "Point",
        "coordinates": [
          -0.432498230446552,
          51.06124161295386
        ]
      },
      "properties": {
        "row_number": "224"
      }
    },
    {
      "type": "Feature",
      "geometry": {
        "type": "Point",
        "coordinates": [
          -0.43248470044873,
          51.06129555667915
        ]
      },
      "properties": {
        "row_number": "224"
      }
    },
    {
      "type": "Feature",
      "geometry": {
        "type": "Point",
        "coordinates": [
          -0.432472567898945,
          51.06134751577677
        ]
      },
      "properties": {
        "row_number": "224"
      }
    },
    {
      "type": "Feature",
      "geometry": {
        "type": "Point",
        "coordinates": [
          -0.432459325165715,
          51.06140154940358
        ]
      },
      "properties": {
        "row_number": "224"
      }
    },
    {
      "type": "Feature",
      "geometry": {
        "type": "Point",
        "coordinates": [
          -0.432445957176759,
          51.06145481620651
        ]
      },
      "properties": {
        "row_number": "224"
      }
    },
    {
      "type": "Feature",
      "geometry": {
        "type": "Point",
        "coordinates": [
          -0.432433322707728,
          51.06150723777156
        ]
      },
      "properties": {
        "row_number": "224"
      }
    },
    {
      "type": "Feature",
      "geometry": {
        "type": "Point",
        "coordinates": [
          -0.432420364413351,
          51.06156158734421
        ]
      },
      "properties": {
        "row_number": "224"
      }
    },
    {
      "type": "Feature",
      "geometry": {
        "type": "Point",
        "coordinates": [
          -0.432407891824509,
          51.06161480967191
        ]
      },
      "properties": {
        "row_number": "224"
      }
    },
    {
      "type": "Feature",
      "geometry": {
        "type": "Point",
        "coordinates": [
          -0.432394182797595,
          51.0616679347815
        ]
      },
      "properties": {
        "row_number": "224"
      }
    },
    {
      "type": "Feature",
      "geometry": {
        "type": "Point",
        "coordinates": [
          -0.432381107810982,
          51.06172121095621
        ]
      },
      "properties": {
        "row_number": "224"
      }
    },
    {
      "type": "Feature",
      "geometry": {
        "type": "Point",
        "coordinates": [
          -0.432368396195102,
          51.06177476251504
        ]
      },
      "properties": {
        "row_number": "224"
      }
    },
    {
      "type": "Feature",
      "geometry": {
        "type": "Point",
        "coordinates": [
          -0.43235546175814,
          51.06182757316134
        ]
      },
      "properties": {
        "row_number": "224"
      }
    },
    {
      "type": "Feature",
      "geometry": {
        "type": "Point",
        "coordinates": [
          -0.432342056504753,
          51.06188200182807
        ]
      },
      "properties": {
        "row_number": "224"
      }
    },
    {
      "type": "Feature",
      "geometry": {
        "type": "Point",
        "coordinates": [
          -0.432329335134616,
          51.06193464542679
        ]
      },
      "properties": {
        "row_number": "224"
      }
    },
    {
      "type": "Feature",
      "geometry": {
        "type": "Point",
        "coordinates": [
          -0.432316449474677,
          51.06198782808595
        ]
      },
      "properties": {
        "row_number": "224"
      }
    },
    {
      "type": "Feature",
      "geometry": {
        "type": "Point",
        "coordinates": [
          -0.432303846976232,
          51.06204116051386
        ]
      },
      "properties": {
        "row_number": "224"
      }
    },
    {
      "type": "Feature",
      "geometry": {
        "type": "Point",
        "coordinates": [
          -0.43229054372631,
          51.06209520383352
        ]
      },
      "properties": {
        "row_number": "224"
      }
    },
    {
      "type": "Feature",
      "geometry": {
        "type": "Point",
        "coordinates": [
          -0.432277201192852,
          51.0621481979979
        ]
      },
      "properties": {
        "row_number": "224"
      }
    },
    {
      "type": "Feature",
      "geometry": {
        "type": "Point",
        "coordinates": [
          -0.432263888363393,
          51.06220139597225
        ]
      },
      "properties": {
        "row_number": "224"
      }
    },
    {
      "type": "Feature",
      "geometry": {
        "type": "Point",
        "coordinates": [
          -0.432250743772138,
          51.06225432762898
        ]
      },
      "properties": {
        "row_number": "224"
      }
    },
    {
      "type": "Feature",
      "geometry": {
        "type": "Point",
        "coordinates": [
          -0.43223769116812,
          51.06230839426427
        ]
      },
      "properties": {
        "row_number": "224"
      }
    },
    {
      "type": "Feature",
      "geometry": {
        "type": "Point",
        "coordinates": [
          -0.43222524984335,
          51.06236110339366
        ]
      },
      "properties": {
        "row_number": "224"
      }
    },
    {
      "type": "Feature",
      "geometry": {
        "type": "Point",
        "coordinates": [
          -0.432212530223153,
          51.0624147165496
        ]
      },
      "properties": {
        "row_number": "224"
      }
    },
    {
      "type": "Feature",
      "geometry": {
        "type": "Point",
        "coordinates": [
          -0.432198850750958,
          51.06246749721804
        ]
      },
      "properties": {
        "row_number": "224"
      }
    },
    {
      "type": "Feature",
      "geometry": {
        "type": "Point",
        "coordinates": [
          -0.432185689009741,
          51.06252074136022
        ]
      },
      "properties": {
        "row_number": "224"
      }
    },
    {
      "type": "Feature",
      "geometry": {
        "type": "Point",
        "coordinates": [
          -0.432173267355316,
          51.06257190829315
        ]
      },
      "properties": {
        "row_number": "224"
      }
    },
    {
      "type": "Feature",
      "geometry": {
        "type": "LineString",
        "coordinates": [
          [
            -0.432538241079978,
            51.06094940069927
          ],
          [
            -0.432519379416627,
            51.06102534726011
          ],
          [
            -0.432506954062801,
            51.06107756562263
          ],
          [
            -0.432492917665797,
            51.06113235862088
          ],
          [
            -0.432479768772302,
            51.06118552801277
          ],
          [
            -0.432467019497587,
            51.06123877690447
          ],
          [
            -0.432453838552751,
            51.06129212745157
          ],
          [
            -0.432440989262439,
            51.06134495462716
          ],
          [
            -0.432427955597512,
            51.06139841361767
          ],
          [
            -0.43241449229428,
            51.06145199315672
          ],
          [
            -0.432401333179941,
            51.06150453524596
          ],
          [
            -0.432388660111087,
            51.06155817132042
          ],
          [
            -0.432375872235189,
            51.06161200628271
          ],
          [
            -0.432362698447428,
            51.06166487342869
          ],
          [
            -0.432349891970569,
            51.06171813287607
          ],
          [
            -0.432336162191176,
            51.06177190944386
          ],
          [
            -0.432322963308049,
            51.06182439376347
          ],
          [
            -0.432310059401466,
            51.06187841703034
          ],
          [
            -0.432297694130879,
            51.06193143777153
          ],
          [
            -0.432284605588968,
            51.06198497696617
          ],
          [
            -0.43227157571377,
            51.06203787584177
          ],
          [
            -0.432258622006763,
            51.06209097228005
          ],
          [
            -0.43224555376971,
            51.06214432605277
          ],
          [
            -0.432232941661472,
            51.06219848322772
          ],
          [
            -0.432219230409938,
            51.06225152474366
          ],
          [
            -0.432206700574989,
            51.06230491650391
          ],
          [
            -0.4321937957506,
            51.06235813393861
          ],
          [
            -0.432180220116942,
            51.06241161704419
          ],
          [
            -0.432167783341433,
            51.0624646537505
          ],
          [
            -0.432154737033559,
            51.0625184745992
          ],
          [
            -0.432141764531986,
            51.06256958468556
          ]
        ]
      },
      "properties": {
        "row_number": "225"
      }
    },
    {
      "type": "Feature",
      "geometry": {
        "type": "Point",
        "coordinates": [
          -0.432538241079978,
          51.06094940069927
        ]
      },
      "properties": {
        "row_number": "225"
      }
    },
    {
      "type": "Feature",
      "geometry": {
        "type": "Point",
        "coordinates": [
          -0.432519379416627,
          51.06102534726011
        ]
      },
      "properties": {
        "row_number": "225"
      }
    },
    {
      "type": "Feature",
      "geometry": {
        "type": "Point",
        "coordinates": [
          -0.432506954062801,
          51.06107756562263
        ]
      },
      "properties": {
        "row_number": "225"
      }
    },
    {
      "type": "Feature",
      "geometry": {
        "type": "Point",
        "coordinates": [
          -0.432492917665797,
          51.06113235862088
        ]
      },
      "properties": {
        "row_number": "225"
      }
    },
    {
      "type": "Feature",
      "geometry": {
        "type": "Point",
        "coordinates": [
          -0.432479768772302,
          51.06118552801277
        ]
      },
      "properties": {
        "row_number": "225"
      }
    },
    {
      "type": "Feature",
      "geometry": {
        "type": "Point",
        "coordinates": [
          -0.432467019497587,
          51.06123877690447
        ]
      },
      "properties": {
        "row_number": "225"
      }
    },
    {
      "type": "Feature",
      "geometry": {
        "type": "Point",
        "coordinates": [
          -0.432453838552751,
          51.06129212745157
        ]
      },
      "properties": {
        "row_number": "225"
      }
    },
    {
      "type": "Feature",
      "geometry": {
        "type": "Point",
        "coordinates": [
          -0.432440989262439,
          51.06134495462716
        ]
      },
      "properties": {
        "row_number": "225"
      }
    },
    {
      "type": "Feature",
      "geometry": {
        "type": "Point",
        "coordinates": [
          -0.432427955597512,
          51.06139841361767
        ]
      },
      "properties": {
        "row_number": "225"
      }
    },
    {
      "type": "Feature",
      "geometry": {
        "type": "Point",
        "coordinates": [
          -0.43241449229428,
          51.06145199315672
        ]
      },
      "properties": {
        "row_number": "225"
      }
    },
    {
      "type": "Feature",
      "geometry": {
        "type": "Point",
        "coordinates": [
          -0.432401333179941,
          51.06150453524596
        ]
      },
      "properties": {
        "row_number": "225"
      }
    },
    {
      "type": "Feature",
      "geometry": {
        "type": "Point",
        "coordinates": [
          -0.432388660111087,
          51.06155817132042
        ]
      },
      "properties": {
        "row_number": "225"
      }
    },
    {
      "type": "Feature",
      "geometry": {
        "type": "Point",
        "coordinates": [
          -0.432375872235189,
          51.06161200628271
        ]
      },
      "properties": {
        "row_number": "225"
      }
    },
    {
      "type": "Feature",
      "geometry": {
        "type": "Point",
        "coordinates": [
          -0.432362698447428,
          51.06166487342869
        ]
      },
      "properties": {
        "row_number": "225"
      }
    },
    {
      "type": "Feature",
      "geometry": {
        "type": "Point",
        "coordinates": [
          -0.432349891970569,
          51.06171813287607
        ]
      },
      "properties": {
        "row_number": "225"
      }
    },
    {
      "type": "Feature",
      "geometry": {
        "type": "Point",
        "coordinates": [
          -0.432336162191176,
          51.06177190944386
        ]
      },
      "properties": {
        "row_number": "225"
      }
    },
    {
      "type": "Feature",
      "geometry": {
        "type": "Point",
        "coordinates": [
          -0.432322963308049,
          51.06182439376347
        ]
      },
      "properties": {
        "row_number": "225"
      }
    },
    {
      "type": "Feature",
      "geometry": {
        "type": "Point",
        "coordinates": [
          -0.432310059401466,
          51.06187841703034
        ]
      },
      "properties": {
        "row_number": "225"
      }
    },
    {
      "type": "Feature",
      "geometry": {
        "type": "Point",
        "coordinates": [
          -0.432297694130879,
          51.06193143777153
        ]
      },
      "properties": {
        "row_number": "225"
      }
    },
    {
      "type": "Feature",
      "geometry": {
        "type": "Point",
        "coordinates": [
          -0.432284605588968,
          51.06198497696617
        ]
      },
      "properties": {
        "row_number": "225"
      }
    },
    {
      "type": "Feature",
      "geometry": {
        "type": "Point",
        "coordinates": [
          -0.43227157571377,
          51.06203787584177
        ]
      },
      "properties": {
        "row_number": "225"
      }
    },
    {
      "type": "Feature",
      "geometry": {
        "type": "Point",
        "coordinates": [
          -0.432258622006763,
          51.06209097228005
        ]
      },
      "properties": {
        "row_number": "225"
      }
    },
    {
      "type": "Feature",
      "geometry": {
        "type": "Point",
        "coordinates": [
          -0.43224555376971,
          51.06214432605277
        ]
      },
      "properties": {
        "row_number": "225"
      }
    },
    {
      "type": "Feature",
      "geometry": {
        "type": "Point",
        "coordinates": [
          -0.432232941661472,
          51.06219848322772
        ]
      },
      "properties": {
        "row_number": "225"
      }
    },
    {
      "type": "Feature",
      "geometry": {
        "type": "Point",
        "coordinates": [
          -0.432219230409938,
          51.06225152474366
        ]
      },
      "properties": {
        "row_number": "225"
      }
    },
    {
      "type": "Feature",
      "geometry": {
        "type": "Point",
        "coordinates": [
          -0.432206700574989,
          51.06230491650391
        ]
      },
      "properties": {
        "row_number": "225"
      }
    },
    {
      "type": "Feature",
      "geometry": {
        "type": "Point",
        "coordinates": [
          -0.4321937957506,
          51.06235813393861
        ]
      },
      "properties": {
        "row_number": "225"
      }
    },
    {
      "type": "Feature",
      "geometry": {
        "type": "Point",
        "coordinates": [
          -0.432180220116942,
          51.06241161704419
        ]
      },
      "properties": {
        "row_number": "225"
      }
    },
    {
      "type": "Feature",
      "geometry": {
        "type": "Point",
        "coordinates": [
          -0.432167783341433,
          51.0624646537505
        ]
      },
      "properties": {
        "row_number": "225"
      }
    },
    {
      "type": "Feature",
      "geometry": {
        "type": "Point",
        "coordinates": [
          -0.432154737033559,
          51.0625184745992
        ]
      },
      "properties": {
        "row_number": "225"
      }
    },
    {
      "type": "Feature",
      "geometry": {
        "type": "Point",
        "coordinates": [
          -0.432141764531986,
          51.06256958468556
        ]
      },
      "properties": {
        "row_number": "225"
      }
    },
    {
      "type": "Feature",
      "geometry": {
        "type": "LineString",
        "coordinates": [
          [
            -0.432508604811679,
            51.06094207087544
          ],
          [
            -0.432501804092651,
            51.06096840163929
          ],
          [
            -0.432488394059507,
            51.06102220457488
          ],
          [
            -0.432475650744803,
            51.06107570096028
          ],
          [
            -0.432462703153025,
            51.06112896329618
          ],
          [
            -0.43244959277744,
            51.06118347766332
          ],
          [
            -0.432436619126806,
            51.06123572714678
          ],
          [
            -0.432423677701015,
            51.06128927494701
          ],
          [
            -0.432410887628214,
            51.06134219959228
          ],
          [
            -0.432398515201211,
            51.06139566238987
          ],
          [
            -0.432384959404606,
            51.06144907884201
          ],
          [
            -0.432372625677706,
            51.06150166312786
          ],
          [
            -0.432358389268555,
            51.0615559567212
          ],
          [
            -0.432345432951136,
            51.06160841428034
          ],
          [
            -0.432332935771025,
            51.06166225333287
          ],
          [
            -0.432319335453972,
            51.06171511939572
          ],
          [
            -0.43230691100828,
            51.06176865469859
          ],
          [
            -0.432293876004344,
            51.06182180317629
          ],
          [
            -0.432281366357465,
            51.06187569992695
          ],
          [
            -0.432268013656341,
            51.06192850810103
          ],
          [
            -0.43225510038305,
            51.06198174675735
          ],
          [
            -0.432242401661176,
            51.06203514778019
          ],
          [
            -0.432229593887654,
            51.06208805230775
          ],
          [
            -0.432216265420664,
            51.06214205348348
          ],
          [
            -0.432202909695099,
            51.0621951093563
          ],
          [
            -0.432190156713228,
            51.06224819446696
          ],
          [
            -0.432177076542761,
            51.06230176070505
          ],
          [
            -0.432163645220867,
            51.06235441717431
          ],
          [
            -0.432151367722349,
            51.06240880916727
          ],
          [
            -0.432137872057303,
            51.06246151077994
          ],
          [
            -0.432124004268326,
            51.0625156651319
          ],
          [
            -0.432111933382255,
            51.06256840575413
          ]
        ]
      },
      "properties": {
        "row_number": "226"
      }
    },
    {
      "type": "Feature",
      "geometry": {
        "type": "Point",
        "coordinates": [
          -0.432508604811679,
          51.06094207087544
        ]
      },
      "properties": {
        "row_number": "226"
      }
    },
    {
      "type": "Feature",
      "geometry": {
        "type": "Point",
        "coordinates": [
          -0.432501804092651,
          51.06096840163929
        ]
      },
      "properties": {
        "row_number": "226"
      }
    },
    {
      "type": "Feature",
      "geometry": {
        "type": "Point",
        "coordinates": [
          -0.432488394059507,
          51.06102220457488
        ]
      },
      "properties": {
        "row_number": "226"
      }
    },
    {
      "type": "Feature",
      "geometry": {
        "type": "Point",
        "coordinates": [
          -0.432475650744803,
          51.06107570096028
        ]
      },
      "properties": {
        "row_number": "226"
      }
    },
    {
      "type": "Feature",
      "geometry": {
        "type": "Point",
        "coordinates": [
          -0.432462703153025,
          51.06112896329618
        ]
      },
      "properties": {
        "row_number": "226"
      }
    },
    {
      "type": "Feature",
      "geometry": {
        "type": "Point",
        "coordinates": [
          -0.43244959277744,
          51.06118347766332
        ]
      },
      "properties": {
        "row_number": "226"
      }
    },
    {
      "type": "Feature",
      "geometry": {
        "type": "Point",
        "coordinates": [
          -0.432436619126806,
          51.06123572714678
        ]
      },
      "properties": {
        "row_number": "226"
      }
    },
    {
      "type": "Feature",
      "geometry": {
        "type": "Point",
        "coordinates": [
          -0.432423677701015,
          51.06128927494701
        ]
      },
      "properties": {
        "row_number": "226"
      }
    },
    {
      "type": "Feature",
      "geometry": {
        "type": "Point",
        "coordinates": [
          -0.432410887628214,
          51.06134219959228
        ]
      },
      "properties": {
        "row_number": "226"
      }
    },
    {
      "type": "Feature",
      "geometry": {
        "type": "Point",
        "coordinates": [
          -0.432398515201211,
          51.06139566238987
        ]
      },
      "properties": {
        "row_number": "226"
      }
    },
    {
      "type": "Feature",
      "geometry": {
        "type": "Point",
        "coordinates": [
          -0.432384959404606,
          51.06144907884201
        ]
      },
      "properties": {
        "row_number": "226"
      }
    },
    {
      "type": "Feature",
      "geometry": {
        "type": "Point",
        "coordinates": [
          -0.432372625677706,
          51.06150166312786
        ]
      },
      "properties": {
        "row_number": "226"
      }
    },
    {
      "type": "Feature",
      "geometry": {
        "type": "Point",
        "coordinates": [
          -0.432358389268555,
          51.0615559567212
        ]
      },
      "properties": {
        "row_number": "226"
      }
    },
    {
      "type": "Feature",
      "geometry": {
        "type": "Point",
        "coordinates": [
          -0.432345432951136,
          51.06160841428034
        ]
      },
      "properties": {
        "row_number": "226"
      }
    },
    {
      "type": "Feature",
      "geometry": {
        "type": "Point",
        "coordinates": [
          -0.432332935771025,
          51.06166225333287
        ]
      },
      "properties": {
        "row_number": "226"
      }
    },
    {
      "type": "Feature",
      "geometry": {
        "type": "Point",
        "coordinates": [
          -0.432319335453972,
          51.06171511939572
        ]
      },
      "properties": {
        "row_number": "226"
      }
    },
    {
      "type": "Feature",
      "geometry": {
        "type": "Point",
        "coordinates": [
          -0.43230691100828,
          51.06176865469859
        ]
      },
      "properties": {
        "row_number": "226"
      }
    },
    {
      "type": "Feature",
      "geometry": {
        "type": "Point",
        "coordinates": [
          -0.432293876004344,
          51.06182180317629
        ]
      },
      "properties": {
        "row_number": "226"
      }
    },
    {
      "type": "Feature",
      "geometry": {
        "type": "Point",
        "coordinates": [
          -0.432281366357465,
          51.06187569992695
        ]
      },
      "properties": {
        "row_number": "226"
      }
    },
    {
      "type": "Feature",
      "geometry": {
        "type": "Point",
        "coordinates": [
          -0.432268013656341,
          51.06192850810103
        ]
      },
      "properties": {
        "row_number": "226"
      }
    },
    {
      "type": "Feature",
      "geometry": {
        "type": "Point",
        "coordinates": [
          -0.43225510038305,
          51.06198174675735
        ]
      },
      "properties": {
        "row_number": "226"
      }
    },
    {
      "type": "Feature",
      "geometry": {
        "type": "Point",
        "coordinates": [
          -0.432242401661176,
          51.06203514778019
        ]
      },
      "properties": {
        "row_number": "226"
      }
    },
    {
      "type": "Feature",
      "geometry": {
        "type": "Point",
        "coordinates": [
          -0.432229593887654,
          51.06208805230775
        ]
      },
      "properties": {
        "row_number": "226"
      }
    },
    {
      "type": "Feature",
      "geometry": {
        "type": "Point",
        "coordinates": [
          -0.432216265420664,
          51.06214205348348
        ]
      },
      "properties": {
        "row_number": "226"
      }
    },
    {
      "type": "Feature",
      "geometry": {
        "type": "Point",
        "coordinates": [
          -0.432202909695099,
          51.0621951093563
        ]
      },
      "properties": {
        "row_number": "226"
      }
    },
    {
      "type": "Feature",
      "geometry": {
        "type": "Point",
        "coordinates": [
          -0.432190156713228,
          51.06224819446696
        ]
      },
      "properties": {
        "row_number": "226"
      }
    },
    {
      "type": "Feature",
      "geometry": {
        "type": "Point",
        "coordinates": [
          -0.432177076542761,
          51.06230176070505
        ]
      },
      "properties": {
        "row_number": "226"
      }
    },
    {
      "type": "Feature",
      "geometry": {
        "type": "Point",
        "coordinates": [
          -0.432163645220867,
          51.06235441717431
        ]
      },
      "properties": {
        "row_number": "226"
      }
    },
    {
      "type": "Feature",
      "geometry": {
        "type": "Point",
        "coordinates": [
          -0.432151367722349,
          51.06240880916727
        ]
      },
      "properties": {
        "row_number": "226"
      }
    },
    {
      "type": "Feature",
      "geometry": {
        "type": "Point",
        "coordinates": [
          -0.432137872057303,
          51.06246151077994
        ]
      },
      "properties": {
        "row_number": "226"
      }
    },
    {
      "type": "Feature",
      "geometry": {
        "type": "Point",
        "coordinates": [
          -0.432124004268326,
          51.0625156651319
        ]
      },
      "properties": {
        "row_number": "226"
      }
    },
    {
      "type": "Feature",
      "geometry": {
        "type": "Point",
        "coordinates": [
          -0.432111933382255,
          51.06256840575413
        ]
      },
      "properties": {
        "row_number": "226"
      }
    },
    {
      "type": "Feature",
      "geometry": {
        "type": "LineString",
        "coordinates": [
          [
            -0.432478640373268,
            51.06093466777355
          ],
          [
            -0.432470425609039,
            51.06096575634582
          ],
          [
            -0.432457553808854,
            51.06101902014168
          ],
          [
            -0.432443987811209,
            51.0610727616066
          ],
          [
            -0.432431305933401,
            51.06112607195153
          ],
          [
            -0.432418402789048,
            51.06117969590321
          ],
          [
            -0.432405251644334,
            51.06123295722401
          ],
          [
            -0.432392442575549,
            51.06128622613809
          ],
          [
            -0.432379060269206,
            51.06133938050352
          ],
          [
            -0.432365951361626,
            51.06139249786219
          ],
          [
            -0.432353999329142,
            51.0614458159877
          ],
          [
            -0.432340192725322,
            51.06149912119795
          ],
          [
            -0.432327415198845,
            51.06155269741586
          ],
          [
            -0.432314475669577,
            51.06160547751303
          ],
          [
            -0.432301180799492,
            51.06165850764927
          ],
          [
            -0.432287508765108,
            51.06171206321078
          ],
          [
            -0.432275226792789,
            51.06176579229611
          ],
          [
            -0.432262498846192,
            51.06181868618758
          ],
          [
            -0.432249520904491,
            51.06187274427327
          ],
          [
            -0.432236408995752,
            51.06192569946382
          ],
          [
            -0.432223089390673,
            51.06197872395886
          ],
          [
            -0.432210137013243,
            51.06203238495483
          ],
          [
            -0.432197098758726,
            51.06208522644381
          ],
          [
            -0.43218415198891,
            51.06213909665338
          ],
          [
            -0.432171165887896,
            51.06219226706194
          ],
          [
            -0.432158363686916,
            51.06224533706429
          ],
          [
            -0.43214475311061,
            51.06229895053527
          ],
          [
            -0.432132893739405,
            51.06235193470353
          ],
          [
            -0.432118983458138,
            51.06240585858536
          ],
          [
            -0.43210702544382,
            51.06245854973581
          ],
          [
            -0.432093903508382,
            51.06251217926203
          ],
          [
            -0.432080273609452,
            51.0625674019851
          ]
        ]
      },
      "properties": {
        "row_number": "227"
      }
    },
    {
      "type": "Feature",
      "geometry": {
        "type": "Point",
        "coordinates": [
          -0.432478640373268,
          51.06093466777355
        ]
      },
      "properties": {
        "row_number": "227"
      }
    },
    {
      "type": "Feature",
      "geometry": {
        "type": "Point",
        "coordinates": [
          -0.432470425609039,
          51.06096575634582
        ]
      },
      "properties": {
        "row_number": "227"
      }
    },
    {
      "type": "Feature",
      "geometry": {
        "type": "Point",
        "coordinates": [
          -0.432457553808854,
          51.06101902014168
        ]
      },
      "properties": {
        "row_number": "227"
      }
    },
    {
      "type": "Feature",
      "geometry": {
        "type": "Point",
        "coordinates": [
          -0.432443987811209,
          51.0610727616066
        ]
      },
      "properties": {
        "row_number": "227"
      }
    },
    {
      "type": "Feature",
      "geometry": {
        "type": "Point",
        "coordinates": [
          -0.432431305933401,
          51.06112607195153
        ]
      },
      "properties": {
        "row_number": "227"
      }
    },
    {
      "type": "Feature",
      "geometry": {
        "type": "Point",
        "coordinates": [
          -0.432418402789048,
          51.06117969590321
        ]
      },
      "properties": {
        "row_number": "227"
      }
    },
    {
      "type": "Feature",
      "geometry": {
        "type": "Point",
        "coordinates": [
          -0.432405251644334,
          51.06123295722401
        ]
      },
      "properties": {
        "row_number": "227"
      }
    },
    {
      "type": "Feature",
      "geometry": {
        "type": "Point",
        "coordinates": [
          -0.432392442575549,
          51.06128622613809
        ]
      },
      "properties": {
        "row_number": "227"
      }
    },
    {
      "type": "Feature",
      "geometry": {
        "type": "Point",
        "coordinates": [
          -0.432379060269206,
          51.06133938050352
        ]
      },
      "properties": {
        "row_number": "227"
      }
    },
    {
      "type": "Feature",
      "geometry": {
        "type": "Point",
        "coordinates": [
          -0.432365951361626,
          51.06139249786219
        ]
      },
      "properties": {
        "row_number": "227"
      }
    },
    {
      "type": "Feature",
      "geometry": {
        "type": "Point",
        "coordinates": [
          -0.432353999329142,
          51.0614458159877
        ]
      },
      "properties": {
        "row_number": "227"
      }
    },
    {
      "type": "Feature",
      "geometry": {
        "type": "Point",
        "coordinates": [
          -0.432340192725322,
          51.06149912119795
        ]
      },
      "properties": {
        "row_number": "227"
      }
    },
    {
      "type": "Feature",
      "geometry": {
        "type": "Point",
        "coordinates": [
          -0.432327415198845,
          51.06155269741586
        ]
      },
      "properties": {
        "row_number": "227"
      }
    },
    {
      "type": "Feature",
      "geometry": {
        "type": "Point",
        "coordinates": [
          -0.432314475669577,
          51.06160547751303
        ]
      },
      "properties": {
        "row_number": "227"
      }
    },
    {
      "type": "Feature",
      "geometry": {
        "type": "Point",
        "coordinates": [
          -0.432301180799492,
          51.06165850764927
        ]
      },
      "properties": {
        "row_number": "227"
      }
    },
    {
      "type": "Feature",
      "geometry": {
        "type": "Point",
        "coordinates": [
          -0.432287508765108,
          51.06171206321078
        ]
      },
      "properties": {
        "row_number": "227"
      }
    },
    {
      "type": "Feature",
      "geometry": {
        "type": "Point",
        "coordinates": [
          -0.432275226792789,
          51.06176579229611
        ]
      },
      "properties": {
        "row_number": "227"
      }
    },
    {
      "type": "Feature",
      "geometry": {
        "type": "Point",
        "coordinates": [
          -0.432262498846192,
          51.06181868618758
        ]
      },
      "properties": {
        "row_number": "227"
      }
    },
    {
      "type": "Feature",
      "geometry": {
        "type": "Point",
        "coordinates": [
          -0.432249520904491,
          51.06187274427327
        ]
      },
      "properties": {
        "row_number": "227"
      }
    },
    {
      "type": "Feature",
      "geometry": {
        "type": "Point",
        "coordinates": [
          -0.432236408995752,
          51.06192569946382
        ]
      },
      "properties": {
        "row_number": "227"
      }
    },
    {
      "type": "Feature",
      "geometry": {
        "type": "Point",
        "coordinates": [
          -0.432223089390673,
          51.06197872395886
        ]
      },
      "properties": {
        "row_number": "227"
      }
    },
    {
      "type": "Feature",
      "geometry": {
        "type": "Point",
        "coordinates": [
          -0.432210137013243,
          51.06203238495483
        ]
      },
      "properties": {
        "row_number": "227"
      }
    },
    {
      "type": "Feature",
      "geometry": {
        "type": "Point",
        "coordinates": [
          -0.432197098758726,
          51.06208522644381
        ]
      },
      "properties": {
        "row_number": "227"
      }
    },
    {
      "type": "Feature",
      "geometry": {
        "type": "Point",
        "coordinates": [
          -0.43218415198891,
          51.06213909665338
        ]
      },
      "properties": {
        "row_number": "227"
      }
    },
    {
      "type": "Feature",
      "geometry": {
        "type": "Point",
        "coordinates": [
          -0.432171165887896,
          51.06219226706194
        ]
      },
      "properties": {
        "row_number": "227"
      }
    },
    {
      "type": "Feature",
      "geometry": {
        "type": "Point",
        "coordinates": [
          -0.432158363686916,
          51.06224533706429
        ]
      },
      "properties": {
        "row_number": "227"
      }
    },
    {
      "type": "Feature",
      "geometry": {
        "type": "Point",
        "coordinates": [
          -0.43214475311061,
          51.06229895053527
        ]
      },
      "properties": {
        "row_number": "227"
      }
    },
    {
      "type": "Feature",
      "geometry": {
        "type": "Point",
        "coordinates": [
          -0.432132893739405,
          51.06235193470353
        ]
      },
      "properties": {
        "row_number": "227"
      }
    },
    {
      "type": "Feature",
      "geometry": {
        "type": "Point",
        "coordinates": [
          -0.432118983458138,
          51.06240585858536
        ]
      },
      "properties": {
        "row_number": "227"
      }
    },
    {
      "type": "Feature",
      "geometry": {
        "type": "Point",
        "coordinates": [
          -0.43210702544382,
          51.06245854973581
        ]
      },
      "properties": {
        "row_number": "227"
      }
    },
    {
      "type": "Feature",
      "geometry": {
        "type": "Point",
        "coordinates": [
          -0.432093903508382,
          51.06251217926203
        ]
      },
      "properties": {
        "row_number": "227"
      }
    },
    {
      "type": "Feature",
      "geometry": {
        "type": "Point",
        "coordinates": [
          -0.432080273609452,
          51.0625674019851
        ]
      },
      "properties": {
        "row_number": "227"
      }
    },
    {
      "type": "Feature",
      "geometry": {
        "type": "LineString",
        "coordinates": [
          [
            -0.43244871809847,
            51.06092771845587
          ],
          [
            -0.432439591445497,
            51.06096262298226
          ],
          [
            -0.432426904014271,
            51.06101617886731
          ],
          [
            -0.43241401080701,
            51.06106999822492
          ],
          [
            -0.432401443529471,
            51.06112299562439
          ],
          [
            -0.432388024301282,
            51.06117644071598
          ],
          [
            -0.432375542654646,
            51.06122900005246
          ],
          [
            -0.432362202120029,
            51.06128278888737
          ],
          [
            -0.432348729453507,
            51.06133617302675
          ],
          [
            -0.432336874001287,
            51.06138964563941
          ],
          [
            -0.432323467444582,
            51.06144303619187
          ],
          [
            -0.432310948519066,
            51.06149636793977
          ],
          [
            -0.432297197041869,
            51.06154969216421
          ],
          [
            -0.432283890059073,
            51.06160274505616
          ],
          [
            -0.432271114944087,
            51.06165582084681
          ],
          [
            -0.43225841033756,
            51.06170903684541
          ],
          [
            -0.432244955146579,
            51.06176288129431
          ],
          [
            -0.432232312150569,
            51.06181549352605
          ],
          [
            -0.432219163471084,
            51.0618697587763
          ],
          [
            -0.432206165926963,
            51.06192245811723
          ],
          [
            -0.432192802413167,
            51.0619759774203
          ],
          [
            -0.432179877639076,
            51.06202935621868
          ],
          [
            -0.432166904990601,
            51.06208238480592
          ],
          [
            -0.432153325501268,
            51.06213613706736
          ],
          [
            -0.432140767020313,
            51.06218940908188
          ],
          [
            -0.432127691604622,
            51.06224221306427
          ],
          [
            -0.43211530892622,
            51.06229420316534
          ],
          [
            -0.432101802838532,
            51.0623479500663
          ],
          [
            -0.432088402904049,
            51.06240233507644
          ],
          [
            -0.432076342518199,
            51.06245476446383
          ],
          [
            -0.432062746601527,
            51.06250948606324
          ],
          [
            -0.432048331882948,
            51.06256494534465
          ]
        ]
      },
      "properties": {
        "row_number": "228"
      }
    },
    {
      "type": "Feature",
      "geometry": {
        "type": "Point",
        "coordinates": [
          -0.43244871809847,
          51.06092771845587
        ]
      },
      "properties": {
        "row_number": "228"
      }
    },
    {
      "type": "Feature",
      "geometry": {
        "type": "Point",
        "coordinates": [
          -0.432439591445497,
          51.06096262298226
        ]
      },
      "properties": {
        "row_number": "228"
      }
    },
    {
      "type": "Feature",
      "geometry": {
        "type": "Point",
        "coordinates": [
          -0.432426904014271,
          51.06101617886731
        ]
      },
      "properties": {
        "row_number": "228"
      }
    },
    {
      "type": "Feature",
      "geometry": {
        "type": "Point",
        "coordinates": [
          -0.43241401080701,
          51.06106999822492
        ]
      },
      "properties": {
        "row_number": "228"
      }
    },
    {
      "type": "Feature",
      "geometry": {
        "type": "Point",
        "coordinates": [
          -0.432401443529471,
          51.06112299562439
        ]
      },
      "properties": {
        "row_number": "228"
      }
    },
    {
      "type": "Feature",
      "geometry": {
        "type": "Point",
        "coordinates": [
          -0.432388024301282,
          51.06117644071598
        ]
      },
      "properties": {
        "row_number": "228"
      }
    },
    {
      "type": "Feature",
      "geometry": {
        "type": "Point",
        "coordinates": [
          -0.432375542654646,
          51.06122900005246
        ]
      },
      "properties": {
        "row_number": "228"
      }
    },
    {
      "type": "Feature",
      "geometry": {
        "type": "Point",
        "coordinates": [
          -0.432362202120029,
          51.06128278888737
        ]
      },
      "properties": {
        "row_number": "228"
      }
    },
    {
      "type": "Feature",
      "geometry": {
        "type": "Point",
        "coordinates": [
          -0.432348729453507,
          51.06133617302675
        ]
      },
      "properties": {
        "row_number": "228"
      }
    },
    {
      "type": "Feature",
      "geometry": {
        "type": "Point",
        "coordinates": [
          -0.432336874001287,
          51.06138964563941
        ]
      },
      "properties": {
        "row_number": "228"
      }
    },
    {
      "type": "Feature",
      "geometry": {
        "type": "Point",
        "coordinates": [
          -0.432323467444582,
          51.06144303619187
        ]
      },
      "properties": {
        "row_number": "228"
      }
    },
    {
      "type": "Feature",
      "geometry": {
        "type": "Point",
        "coordinates": [
          -0.432310948519066,
          51.06149636793977
        ]
      },
      "properties": {
        "row_number": "228"
      }
    },
    {
      "type": "Feature",
      "geometry": {
        "type": "Point",
        "coordinates": [
          -0.432297197041869,
          51.06154969216421
        ]
      },
      "properties": {
        "row_number": "228"
      }
    },
    {
      "type": "Feature",
      "geometry": {
        "type": "Point",
        "coordinates": [
          -0.432283890059073,
          51.06160274505616
        ]
      },
      "properties": {
        "row_number": "228"
      }
    },
    {
      "type": "Feature",
      "geometry": {
        "type": "Point",
        "coordinates": [
          -0.432271114944087,
          51.06165582084681
        ]
      },
      "properties": {
        "row_number": "228"
      }
    },
    {
      "type": "Feature",
      "geometry": {
        "type": "Point",
        "coordinates": [
          -0.43225841033756,
          51.06170903684541
        ]
      },
      "properties": {
        "row_number": "228"
      }
    },
    {
      "type": "Feature",
      "geometry": {
        "type": "Point",
        "coordinates": [
          -0.432244955146579,
          51.06176288129431
        ]
      },
      "properties": {
        "row_number": "228"
      }
    },
    {
      "type": "Feature",
      "geometry": {
        "type": "Point",
        "coordinates": [
          -0.432232312150569,
          51.06181549352605
        ]
      },
      "properties": {
        "row_number": "228"
      }
    },
    {
      "type": "Feature",
      "geometry": {
        "type": "Point",
        "coordinates": [
          -0.432219163471084,
          51.0618697587763
        ]
      },
      "properties": {
        "row_number": "228"
      }
    },
    {
      "type": "Feature",
      "geometry": {
        "type": "Point",
        "coordinates": [
          -0.432206165926963,
          51.06192245811723
        ]
      },
      "properties": {
        "row_number": "228"
      }
    },
    {
      "type": "Feature",
      "geometry": {
        "type": "Point",
        "coordinates": [
          -0.432192802413167,
          51.0619759774203
        ]
      },
      "properties": {
        "row_number": "228"
      }
    },
    {
      "type": "Feature",
      "geometry": {
        "type": "Point",
        "coordinates": [
          -0.432179877639076,
          51.06202935621868
        ]
      },
      "properties": {
        "row_number": "228"
      }
    },
    {
      "type": "Feature",
      "geometry": {
        "type": "Point",
        "coordinates": [
          -0.432166904990601,
          51.06208238480592
        ]
      },
      "properties": {
        "row_number": "228"
      }
    },
    {
      "type": "Feature",
      "geometry": {
        "type": "Point",
        "coordinates": [
          -0.432153325501268,
          51.06213613706736
        ]
      },
      "properties": {
        "row_number": "228"
      }
    },
    {
      "type": "Feature",
      "geometry": {
        "type": "Point",
        "coordinates": [
          -0.432140767020313,
          51.06218940908188
        ]
      },
      "properties": {
        "row_number": "228"
      }
    },
    {
      "type": "Feature",
      "geometry": {
        "type": "Point",
        "coordinates": [
          -0.432127691604622,
          51.06224221306427
        ]
      },
      "properties": {
        "row_number": "228"
      }
    },
    {
      "type": "Feature",
      "geometry": {
        "type": "Point",
        "coordinates": [
          -0.43211530892622,
          51.06229420316534
        ]
      },
      "properties": {
        "row_number": "228"
      }
    },
    {
      "type": "Feature",
      "geometry": {
        "type": "Point",
        "coordinates": [
          -0.432101802838532,
          51.0623479500663
        ]
      },
      "properties": {
        "row_number": "228"
      }
    },
    {
      "type": "Feature",
      "geometry": {
        "type": "Point",
        "coordinates": [
          -0.432088402904049,
          51.06240233507644
        ]
      },
      "properties": {
        "row_number": "228"
      }
    },
    {
      "type": "Feature",
      "geometry": {
        "type": "Point",
        "coordinates": [
          -0.432076342518199,
          51.06245476446383
        ]
      },
      "properties": {
        "row_number": "228"
      }
    },
    {
      "type": "Feature",
      "geometry": {
        "type": "Point",
        "coordinates": [
          -0.432062746601527,
          51.06250948606324
        ]
      },
      "properties": {
        "row_number": "228"
      }
    },
    {
      "type": "Feature",
      "geometry": {
        "type": "Point",
        "coordinates": [
          -0.432048331882948,
          51.06256494534465
        ]
      },
      "properties": {
        "row_number": "228"
      }
    },
    {
      "type": "Feature",
      "geometry": {
        "type": "LineString",
        "coordinates": [
          [
            -0.432418784741597,
            51.06091883712688
          ],
          [
            -0.432408307367529,
            51.06095949277213
          ],
          [
            -0.43239525341479,
            51.06101274696115
          ],
          [
            -0.432382487889433,
            51.06106649764497
          ],
          [
            -0.432369368766905,
            51.06111991131566
          ],
          [
            -0.432355708022869,
            51.06117329791492
          ],
          [
            -0.432342962022014,
            51.06122654599322
          ],
          [
            -0.43233036471122,
            51.06127989138293
          ],
          [
            -0.432317297922249,
            51.06133289843991
          ],
          [
            -0.432304270396251,
            51.06138638651708
          ],
          [
            -0.432291571574757,
            51.06143965727829
          ],
          [
            -0.432278324420343,
            51.06149306219142
          ],
          [
            -0.432265212543339,
            51.06154625312559
          ],
          [
            -0.432252508254019,
            51.06159935210216
          ],
          [
            -0.432239285280362,
            51.06165294984685
          ],
          [
            -0.432226411407035,
            51.06170629332136
          ],
          [
            -0.432213250178928,
            51.06175930624949
          ],
          [
            -0.432200276853954,
            51.06181260941562
          ],
          [
            -0.432187703782489,
            51.06186649495872
          ],
          [
            -0.432174187723697,
            51.06191960809313
          ],
          [
            -0.432161175870882,
            51.06197262428917
          ],
          [
            -0.432148001000567,
            51.06202614154587
          ],
          [
            -0.432135223217536,
            51.06207812143491
          ],
          [
            -0.4321223226522,
            51.06213259679117
          ],
          [
            -0.432110060174586,
            51.06218449150914
          ],
          [
            -0.432096735926901,
            51.06223886139377
          ],
          [
            -0.43208334481698,
            51.0622926539405
          ],
          [
            -0.432070300375693,
            51.06234592031954
          ],
          [
            -0.432057138283777,
            51.06239934139358
          ],
          [
            -0.432044362236017,
            51.06245209429547
          ],
          [
            -0.432031205434609,
            51.06250617476205
          ],
          [
            -0.432017578880384,
            51.06256224165885
          ]
        ]
      },
      "properties": {
        "row_number": "229"
      }
    },
    {
      "type": "Feature",
      "geometry": {
        "type": "Point",
        "coordinates": [
          -0.432418784741597,
          51.06091883712688
        ]
      },
      "properties": {
        "row_number": "229"
      }
    },
    {
      "type": "Feature",
      "geometry": {
        "type": "Point",
        "coordinates": [
          -0.432408307367529,
          51.06095949277213
        ]
      },
      "properties": {
        "row_number": "229"
      }
    },
    {
      "type": "Feature",
      "geometry": {
        "type": "Point",
        "coordinates": [
          -0.43239525341479,
          51.06101274696115
        ]
      },
      "properties": {
        "row_number": "229"
      }
    },
    {
      "type": "Feature",
      "geometry": {
        "type": "Point",
        "coordinates": [
          -0.432382487889433,
          51.06106649764497
        ]
      },
      "properties": {
        "row_number": "229"
      }
    },
    {
      "type": "Feature",
      "geometry": {
        "type": "Point",
        "coordinates": [
          -0.432369368766905,
          51.06111991131566
        ]
      },
      "properties": {
        "row_number": "229"
      }
    },
    {
      "type": "Feature",
      "geometry": {
        "type": "Point",
        "coordinates": [
          -0.432355708022869,
          51.06117329791492
        ]
      },
      "properties": {
        "row_number": "229"
      }
    },
    {
      "type": "Feature",
      "geometry": {
        "type": "Point",
        "coordinates": [
          -0.432342962022014,
          51.06122654599322
        ]
      },
      "properties": {
        "row_number": "229"
      }
    },
    {
      "type": "Feature",
      "geometry": {
        "type": "Point",
        "coordinates": [
          -0.43233036471122,
          51.06127989138293
        ]
      },
      "properties": {
        "row_number": "229"
      }
    },
    {
      "type": "Feature",
      "geometry": {
        "type": "Point",
        "coordinates": [
          -0.432317297922249,
          51.06133289843991
        ]
      },
      "properties": {
        "row_number": "229"
      }
    },
    {
      "type": "Feature",
      "geometry": {
        "type": "Point",
        "coordinates": [
          -0.432304270396251,
          51.06138638651708
        ]
      },
      "properties": {
        "row_number": "229"
      }
    },
    {
      "type": "Feature",
      "geometry": {
        "type": "Point",
        "coordinates": [
          -0.432291571574757,
          51.06143965727829
        ]
      },
      "properties": {
        "row_number": "229"
      }
    },
    {
      "type": "Feature",
      "geometry": {
        "type": "Point",
        "coordinates": [
          -0.432278324420343,
          51.06149306219142
        ]
      },
      "properties": {
        "row_number": "229"
      }
    },
    {
      "type": "Feature",
      "geometry": {
        "type": "Point",
        "coordinates": [
          -0.432265212543339,
          51.06154625312559
        ]
      },
      "properties": {
        "row_number": "229"
      }
    },
    {
      "type": "Feature",
      "geometry": {
        "type": "Point",
        "coordinates": [
          -0.432252508254019,
          51.06159935210216
        ]
      },
      "properties": {
        "row_number": "229"
      }
    },
    {
      "type": "Feature",
      "geometry": {
        "type": "Point",
        "coordinates": [
          -0.432239285280362,
          51.06165294984685
        ]
      },
      "properties": {
        "row_number": "229"
      }
    },
    {
      "type": "Feature",
      "geometry": {
        "type": "Point",
        "coordinates": [
          -0.432226411407035,
          51.06170629332136
        ]
      },
      "properties": {
        "row_number": "229"
      }
    },
    {
      "type": "Feature",
      "geometry": {
        "type": "Point",
        "coordinates": [
          -0.432213250178928,
          51.06175930624949
        ]
      },
      "properties": {
        "row_number": "229"
      }
    },
    {
      "type": "Feature",
      "geometry": {
        "type": "Point",
        "coordinates": [
          -0.432200276853954,
          51.06181260941562
        ]
      },
      "properties": {
        "row_number": "229"
      }
    },
    {
      "type": "Feature",
      "geometry": {
        "type": "Point",
        "coordinates": [
          -0.432187703782489,
          51.06186649495872
        ]
      },
      "properties": {
        "row_number": "229"
      }
    },
    {
      "type": "Feature",
      "geometry": {
        "type": "Point",
        "coordinates": [
          -0.432174187723697,
          51.06191960809313
        ]
      },
      "properties": {
        "row_number": "229"
      }
    },
    {
      "type": "Feature",
      "geometry": {
        "type": "Point",
        "coordinates": [
          -0.432161175870882,
          51.06197262428917
        ]
      },
      "properties": {
        "row_number": "229"
      }
    },
    {
      "type": "Feature",
      "geometry": {
        "type": "Point",
        "coordinates": [
          -0.432148001000567,
          51.06202614154587
        ]
      },
      "properties": {
        "row_number": "229"
      }
    },
    {
      "type": "Feature",
      "geometry": {
        "type": "Point",
        "coordinates": [
          -0.432135223217536,
          51.06207812143491
        ]
      },
      "properties": {
        "row_number": "229"
      }
    },
    {
      "type": "Feature",
      "geometry": {
        "type": "Point",
        "coordinates": [
          -0.4321223226522,
          51.06213259679117
        ]
      },
      "properties": {
        "row_number": "229"
      }
    },
    {
      "type": "Feature",
      "geometry": {
        "type": "Point",
        "coordinates": [
          -0.432110060174586,
          51.06218449150914
        ]
      },
      "properties": {
        "row_number": "229"
      }
    },
    {
      "type": "Feature",
      "geometry": {
        "type": "Point",
        "coordinates": [
          -0.432096735926901,
          51.06223886139377
        ]
      },
      "properties": {
        "row_number": "229"
      }
    },
    {
      "type": "Feature",
      "geometry": {
        "type": "Point",
        "coordinates": [
          -0.43208334481698,
          51.0622926539405
        ]
      },
      "properties": {
        "row_number": "229"
      }
    },
    {
      "type": "Feature",
      "geometry": {
        "type": "Point",
        "coordinates": [
          -0.432070300375693,
          51.06234592031954
        ]
      },
      "properties": {
        "row_number": "229"
      }
    },
    {
      "type": "Feature",
      "geometry": {
        "type": "Point",
        "coordinates": [
          -0.432057138283777,
          51.06239934139358
        ]
      },
      "properties": {
        "row_number": "229"
      }
    },
    {
      "type": "Feature",
      "geometry": {
        "type": "Point",
        "coordinates": [
          -0.432044362236017,
          51.06245209429547
        ]
      },
      "properties": {
        "row_number": "229"
      }
    },
    {
      "type": "Feature",
      "geometry": {
        "type": "Point",
        "coordinates": [
          -0.432031205434609,
          51.06250617476205
        ]
      },
      "properties": {
        "row_number": "229"
      }
    },
    {
      "type": "Feature",
      "geometry": {
        "type": "Point",
        "coordinates": [
          -0.432017578880384,
          51.06256224165885
        ]
      },
      "properties": {
        "row_number": "229"
      }
    },
    {
      "type": "Feature",
      "geometry": {
        "type": "LineString",
        "coordinates": [
          [
            -0.432389190153377,
            51.06091326232945
          ],
          [
            -0.432377916842772,
            51.06095648860717
          ],
          [
            -0.432364276934209,
            51.06101025392273
          ],
          [
            -0.432350975028153,
            51.06106414716076
          ],
          [
            -0.432338389169078,
            51.06111706798061
          ],
          [
            -0.432324996191631,
            51.06117035758909
          ],
          [
            -0.432312460775146,
            51.06122405417032
          ],
          [
            -0.43229943552225,
            51.06127715204286
          ],
          [
            -0.432286889674769,
            51.06133031487092
          ],
          [
            -0.432273570039854,
            51.06138345253159
          ],
          [
            -0.432260425369142,
            51.06143753641567
          ],
          [
            -0.432247592611985,
            51.06149010210568
          ],
          [
            -0.432234927436437,
            51.06154371524401
          ],
          [
            -0.432221805707873,
            51.06159659771505
          ],
          [
            -0.432208840676904,
            51.06164975899743
          ],
          [
            -0.4321952309736,
            51.06170338603587
          ],
          [
            -0.432182407540205,
            51.06175690435849
          ],
          [
            -0.432169641160831,
            51.06180986665763
          ],
          [
            -0.432157186886199,
            51.06186345720819
          ],
          [
            -0.432143837980219,
            51.06191661208049
          ],
          [
            -0.432130886205846,
            51.06197002914898
          ],
          [
            -0.432117831638898,
            51.06202328381786
          ],
          [
            -0.432105264496332,
            51.06207658590848
          ],
          [
            -0.432091853308172,
            51.06212984064219
          ],
          [
            -0.432079049244842,
            51.0621828847885
          ],
          [
            -0.432065965501094,
            51.06223631915707
          ],
          [
            -0.432052541888992,
            51.0622898471637
          ],
          [
            -0.432039687618064,
            51.06234277774086
          ],
          [
            -0.432026759756523,
            51.06239682597462
          ],
          [
            -0.432013947029784,
            51.06244935338309
          ],
          [
            -0.432000848368328,
            51.062503120503
          ],
          [
            -0.431986711814121,
            51.06256018196196
          ]
        ]
      },
      "properties": {
        "row_number": "230"
      }
    },
    {
      "type": "Feature",
      "geometry": {
        "type": "Point",
        "coordinates": [
          -0.432389190153377,
          51.06091326232945
        ]
      },
      "properties": {
        "row_number": "230"
      }
    },
    {
      "type": "Feature",
      "geometry": {
        "type": "Point",
        "coordinates": [
          -0.432377916842772,
          51.06095648860717
        ]
      },
      "properties": {
        "row_number": "230"
      }
    },
    {
      "type": "Feature",
      "geometry": {
        "type": "Point",
        "coordinates": [
          -0.432364276934209,
          51.06101025392273
        ]
      },
      "properties": {
        "row_number": "230"
      }
    },
    {
      "type": "Feature",
      "geometry": {
        "type": "Point",
        "coordinates": [
          -0.432350975028153,
          51.06106414716076
        ]
      },
      "properties": {
        "row_number": "230"
      }
    },
    {
      "type": "Feature",
      "geometry": {
        "type": "Point",
        "coordinates": [
          -0.432338389169078,
          51.06111706798061
        ]
      },
      "properties": {
        "row_number": "230"
      }
    },
    {
      "type": "Feature",
      "geometry": {
        "type": "Point",
        "coordinates": [
          -0.432324996191631,
          51.06117035758909
        ]
      },
      "properties": {
        "row_number": "230"
      }
    },
    {
      "type": "Feature",
      "geometry": {
        "type": "Point",
        "coordinates": [
          -0.432312460775146,
          51.06122405417032
        ]
      },
      "properties": {
        "row_number": "230"
      }
    },
    {
      "type": "Feature",
      "geometry": {
        "type": "Point",
        "coordinates": [
          -0.43229943552225,
          51.06127715204286
        ]
      },
      "properties": {
        "row_number": "230"
      }
    },
    {
      "type": "Feature",
      "geometry": {
        "type": "Point",
        "coordinates": [
          -0.432286889674769,
          51.06133031487092
        ]
      },
      "properties": {
        "row_number": "230"
      }
    },
    {
      "type": "Feature",
      "geometry": {
        "type": "Point",
        "coordinates": [
          -0.432273570039854,
          51.06138345253159
        ]
      },
      "properties": {
        "row_number": "230"
      }
    },
    {
      "type": "Feature",
      "geometry": {
        "type": "Point",
        "coordinates": [
          -0.432260425369142,
          51.06143753641567
        ]
      },
      "properties": {
        "row_number": "230"
      }
    },
    {
      "type": "Feature",
      "geometry": {
        "type": "Point",
        "coordinates": [
          -0.432247592611985,
          51.06149010210568
        ]
      },
      "properties": {
        "row_number": "230"
      }
    },
    {
      "type": "Feature",
      "geometry": {
        "type": "Point",
        "coordinates": [
          -0.432234927436437,
          51.06154371524401
        ]
      },
      "properties": {
        "row_number": "230"
      }
    },
    {
      "type": "Feature",
      "geometry": {
        "type": "Point",
        "coordinates": [
          -0.432221805707873,
          51.06159659771505
        ]
      },
      "properties": {
        "row_number": "230"
      }
    },
    {
      "type": "Feature",
      "geometry": {
        "type": "Point",
        "coordinates": [
          -0.432208840676904,
          51.06164975899743
        ]
      },
      "properties": {
        "row_number": "230"
      }
    },
    {
      "type": "Feature",
      "geometry": {
        "type": "Point",
        "coordinates": [
          -0.4321952309736,
          51.06170338603587
        ]
      },
      "properties": {
        "row_number": "230"
      }
    },
    {
      "type": "Feature",
      "geometry": {
        "type": "Point",
        "coordinates": [
          -0.432182407540205,
          51.06175690435849
        ]
      },
      "properties": {
        "row_number": "230"
      }
    },
    {
      "type": "Feature",
      "geometry": {
        "type": "Point",
        "coordinates": [
          -0.432169641160831,
          51.06180986665763
        ]
      },
      "properties": {
        "row_number": "230"
      }
    },
    {
      "type": "Feature",
      "geometry": {
        "type": "Point",
        "coordinates": [
          -0.432157186886199,
          51.06186345720819
        ]
      },
      "properties": {
        "row_number": "230"
      }
    },
    {
      "type": "Feature",
      "geometry": {
        "type": "Point",
        "coordinates": [
          -0.432143837980219,
          51.06191661208049
        ]
      },
      "properties": {
        "row_number": "230"
      }
    },
    {
      "type": "Feature",
      "geometry": {
        "type": "Point",
        "coordinates": [
          -0.432130886205846,
          51.06197002914898
        ]
      },
      "properties": {
        "row_number": "230"
      }
    },
    {
      "type": "Feature",
      "geometry": {
        "type": "Point",
        "coordinates": [
          -0.432117831638898,
          51.06202328381786
        ]
      },
      "properties": {
        "row_number": "230"
      }
    },
    {
      "type": "Feature",
      "geometry": {
        "type": "Point",
        "coordinates": [
          -0.432105264496332,
          51.06207658590848
        ]
      },
      "properties": {
        "row_number": "230"
      }
    },
    {
      "type": "Feature",
      "geometry": {
        "type": "Point",
        "coordinates": [
          -0.432091853308172,
          51.06212984064219
        ]
      },
      "properties": {
        "row_number": "230"
      }
    },
    {
      "type": "Feature",
      "geometry": {
        "type": "Point",
        "coordinates": [
          -0.432079049244842,
          51.0621828847885
        ]
      },
      "properties": {
        "row_number": "230"
      }
    },
    {
      "type": "Feature",
      "geometry": {
        "type": "Point",
        "coordinates": [
          -0.432065965501094,
          51.06223631915707
        ]
      },
      "properties": {
        "row_number": "230"
      }
    },
    {
      "type": "Feature",
      "geometry": {
        "type": "Point",
        "coordinates": [
          -0.432052541888992,
          51.0622898471637
        ]
      },
      "properties": {
        "row_number": "230"
      }
    },
    {
      "type": "Feature",
      "geometry": {
        "type": "Point",
        "coordinates": [
          -0.432039687618064,
          51.06234277774086
        ]
      },
      "properties": {
        "row_number": "230"
      }
    },
    {
      "type": "Feature",
      "geometry": {
        "type": "Point",
        "coordinates": [
          -0.432026759756523,
          51.06239682597462
        ]
      },
      "properties": {
        "row_number": "230"
      }
    },
    {
      "type": "Feature",
      "geometry": {
        "type": "Point",
        "coordinates": [
          -0.432013947029784,
          51.06244935338309
        ]
      },
      "properties": {
        "row_number": "230"
      }
    },
    {
      "type": "Feature",
      "geometry": {
        "type": "Point",
        "coordinates": [
          -0.432000848368328,
          51.062503120503
        ]
      },
      "properties": {
        "row_number": "230"
      }
    },
    {
      "type": "Feature",
      "geometry": {
        "type": "Point",
        "coordinates": [
          -0.431986711814121,
          51.06256018196196
        ]
      },
      "properties": {
        "row_number": "230"
      }
    },
    {
      "type": "Feature",
      "geometry": {
        "type": "LineString",
        "coordinates": [
          [
            -0.432358530905537,
            51.06090386194474
          ],
          [
            -0.432345855425012,
            51.06095375084443
          ],
          [
            -0.432332908816846,
            51.06100729278124
          ],
          [
            -0.432319435622426,
            51.06106075139429
          ],
          [
            -0.432306949018435,
            51.06111369900667
          ],
          [
            -0.432293865046669,
            51.06116748504078
          ],
          [
            -0.432280778623984,
            51.06122065692711
          ],
          [
            -0.432268548882604,
            51.0612739299266
          ],
          [
            -0.432254632083491,
            51.06132710001557
          ],
          [
            -0.432242317960749,
            51.06138040247662
          ],
          [
            -0.432228991859347,
            51.06143398148964
          ],
          [
            -0.432215244200815,
            51.06148688668738
          ],
          [
            -0.432202786563234,
            51.06154040641208
          ],
          [
            -0.432189758203063,
            51.06159365345046
          ],
          [
            -0.432176634696582,
            51.06164649840399
          ],
          [
            -0.432163566474537,
            51.06170023938737
          ],
          [
            -0.432150688690658,
            51.06175377419768
          ],
          [
            -0.432137756491866,
            51.0618065400267
          ],
          [
            -0.432124097262199,
            51.06186029754706
          ],
          [
            -0.432111827292039,
            51.06191346178791
          ],
          [
            -0.432098496390816,
            51.06196646928822
          ],
          [
            -0.432086110469327,
            51.06202019171157
          ],
          [
            -0.432072737091223,
            51.06207300811874
          ],
          [
            -0.432059437712804,
            51.06212663208353
          ],
          [
            -0.432047008871968,
            51.06218009626005
          ],
          [
            -0.43203410479544,
            51.06223330426669
          ],
          [
            -0.432020812112506,
            51.06228638816265
          ],
          [
            -0.432007847681257,
            51.06233993470549
          ],
          [
            -0.431995291728899,
            51.06239220290022
          ],
          [
            -0.431981786702662,
            51.06244605907614
          ],
          [
            -0.431968577303727,
            51.062500350023
          ],
          [
            -0.431954536426986,
            51.06255812288182
          ]
        ]
      },
      "properties": {
        "row_number": "231"
      }
    },
    {
      "type": "Feature",
      "geometry": {
        "type": "Point",
        "coordinates": [
          -0.432358530905537,
          51.06090386194474
        ]
      },
      "properties": {
        "row_number": "231"
      }
    },
    {
      "type": "Feature",
      "geometry": {
        "type": "Point",
        "coordinates": [
          -0.432345855425012,
          51.06095375084443
        ]
      },
      "properties": {
        "row_number": "231"
      }
    },
    {
      "type": "Feature",
      "geometry": {
        "type": "Point",
        "coordinates": [
          -0.432332908816846,
          51.06100729278124
        ]
      },
      "properties": {
        "row_number": "231"
      }
    },
    {
      "type": "Feature",
      "geometry": {
        "type": "Point",
        "coordinates": [
          -0.432319435622426,
          51.06106075139429
        ]
      },
      "properties": {
        "row_number": "231"
      }
    },
    {
      "type": "Feature",
      "geometry": {
        "type": "Point",
        "coordinates": [
          -0.432306949018435,
          51.06111369900667
        ]
      },
      "properties": {
        "row_number": "231"
      }
    },
    {
      "type": "Feature",
      "geometry": {
        "type": "Point",
        "coordinates": [
          -0.432293865046669,
          51.06116748504078
        ]
      },
      "properties": {
        "row_number": "231"
      }
    },
    {
      "type": "Feature",
      "geometry": {
        "type": "Point",
        "coordinates": [
          -0.432280778623984,
          51.06122065692711
        ]
      },
      "properties": {
        "row_number": "231"
      }
    },
    {
      "type": "Feature",
      "geometry": {
        "type": "Point",
        "coordinates": [
          -0.432268548882604,
          51.0612739299266
        ]
      },
      "properties": {
        "row_number": "231"
      }
    },
    {
      "type": "Feature",
      "geometry": {
        "type": "Point",
        "coordinates": [
          -0.432254632083491,
          51.06132710001557
        ]
      },
      "properties": {
        "row_number": "231"
      }
    },
    {
      "type": "Feature",
      "geometry": {
        "type": "Point",
        "coordinates": [
          -0.432242317960749,
          51.06138040247662
        ]
      },
      "properties": {
        "row_number": "231"
      }
    },
    {
      "type": "Feature",
      "geometry": {
        "type": "Point",
        "coordinates": [
          -0.432228991859347,
          51.06143398148964
        ]
      },
      "properties": {
        "row_number": "231"
      }
    },
    {
      "type": "Feature",
      "geometry": {
        "type": "Point",
        "coordinates": [
          -0.432215244200815,
          51.06148688668738
        ]
      },
      "properties": {
        "row_number": "231"
      }
    },
    {
      "type": "Feature",
      "geometry": {
        "type": "Point",
        "coordinates": [
          -0.432202786563234,
          51.06154040641208
        ]
      },
      "properties": {
        "row_number": "231"
      }
    },
    {
      "type": "Feature",
      "geometry": {
        "type": "Point",
        "coordinates": [
          -0.432189758203063,
          51.06159365345046
        ]
      },
      "properties": {
        "row_number": "231"
      }
    },
    {
      "type": "Feature",
      "geometry": {
        "type": "Point",
        "coordinates": [
          -0.432176634696582,
          51.06164649840399
        ]
      },
      "properties": {
        "row_number": "231"
      }
    },
    {
      "type": "Feature",
      "geometry": {
        "type": "Point",
        "coordinates": [
          -0.432163566474537,
          51.06170023938737
        ]
      },
      "properties": {
        "row_number": "231"
      }
    },
    {
      "type": "Feature",
      "geometry": {
        "type": "Point",
        "coordinates": [
          -0.432150688690658,
          51.06175377419768
        ]
      },
      "properties": {
        "row_number": "231"
      }
    },
    {
      "type": "Feature",
      "geometry": {
        "type": "Point",
        "coordinates": [
          -0.432137756491866,
          51.0618065400267
        ]
      },
      "properties": {
        "row_number": "231"
      }
    },
    {
      "type": "Feature",
      "geometry": {
        "type": "Point",
        "coordinates": [
          -0.432124097262199,
          51.06186029754706
        ]
      },
      "properties": {
        "row_number": "231"
      }
    },
    {
      "type": "Feature",
      "geometry": {
        "type": "Point",
        "coordinates": [
          -0.432111827292039,
          51.06191346178791
        ]
      },
      "properties": {
        "row_number": "231"
      }
    },
    {
      "type": "Feature",
      "geometry": {
        "type": "Point",
        "coordinates": [
          -0.432098496390816,
          51.06196646928822
        ]
      },
      "properties": {
        "row_number": "231"
      }
    },
    {
      "type": "Feature",
      "geometry": {
        "type": "Point",
        "coordinates": [
          -0.432086110469327,
          51.06202019171157
        ]
      },
      "properties": {
        "row_number": "231"
      }
    },
    {
      "type": "Feature",
      "geometry": {
        "type": "Point",
        "coordinates": [
          -0.432072737091223,
          51.06207300811874
        ]
      },
      "properties": {
        "row_number": "231"
      }
    },
    {
      "type": "Feature",
      "geometry": {
        "type": "Point",
        "coordinates": [
          -0.432059437712804,
          51.06212663208353
        ]
      },
      "properties": {
        "row_number": "231"
      }
    },
    {
      "type": "Feature",
      "geometry": {
        "type": "Point",
        "coordinates": [
          -0.432047008871968,
          51.06218009626005
        ]
      },
      "properties": {
        "row_number": "231"
      }
    },
    {
      "type": "Feature",
      "geometry": {
        "type": "Point",
        "coordinates": [
          -0.43203410479544,
          51.06223330426669
        ]
      },
      "properties": {
        "row_number": "231"
      }
    },
    {
      "type": "Feature",
      "geometry": {
        "type": "Point",
        "coordinates": [
          -0.432020812112506,
          51.06228638816265
        ]
      },
      "properties": {
        "row_number": "231"
      }
    },
    {
      "type": "Feature",
      "geometry": {
        "type": "Point",
        "coordinates": [
          -0.432007847681257,
          51.06233993470549
        ]
      },
      "properties": {
        "row_number": "231"
      }
    },
    {
      "type": "Feature",
      "geometry": {
        "type": "Point",
        "coordinates": [
          -0.431995291728899,
          51.06239220290022
        ]
      },
      "properties": {
        "row_number": "231"
      }
    },
    {
      "type": "Feature",
      "geometry": {
        "type": "Point",
        "coordinates": [
          -0.431981786702662,
          51.06244605907614
        ]
      },
      "properties": {
        "row_number": "231"
      }
    },
    {
      "type": "Feature",
      "geometry": {
        "type": "Point",
        "coordinates": [
          -0.431968577303727,
          51.062500350023
        ]
      },
      "properties": {
        "row_number": "231"
      }
    },
    {
      "type": "Feature",
      "geometry": {
        "type": "Point",
        "coordinates": [
          -0.431954536426986,
          51.06255812288182
        ]
      },
      "properties": {
        "row_number": "231"
      }
    },
    {
      "type": "Feature",
      "geometry": {
        "type": "LineString",
        "coordinates": [
          [
            -0.432328865449705,
            51.06089770733492
          ],
          [
            -0.432315415192137,
            51.06095077191457
          ],
          [
            -0.432302499084554,
            51.06100435835366
          ],
          [
            -0.432289517640734,
            51.06105783613286
          ],
          [
            -0.43227665451363,
            51.06111088493725
          ],
          [
            -0.432263804131132,
            51.06116452642574
          ],
          [
            -0.432250690161622,
            51.06121806930175
          ],
          [
            -0.432237385665557,
            51.06127106258907
          ],
          [
            -0.432224652438604,
            51.0613241110935
          ],
          [
            -0.432211608927313,
            51.06137724570941
          ],
          [
            -0.432198418572625,
            51.06143079003962
          ],
          [
            -0.432185935143135,
            51.06148339740172
          ],
          [
            -0.432172569011613,
            51.06153720349311
          ],
          [
            -0.432159305644488,
            51.06159044140782
          ],
          [
            -0.432146691215507,
            51.06164342031361
          ],
          [
            -0.432133109644779,
            51.06169735405528
          ],
          [
            -0.432120382815449,
            51.06175060764738
          ],
          [
            -0.432107903892214,
            51.06180343568636
          ],
          [
            -0.432094645318635,
            51.06185749747313
          ],
          [
            -0.432082227055277,
            51.06191032493241
          ],
          [
            -0.43206941713863,
            51.06196308611456
          ],
          [
            -0.43205581563069,
            51.06201717531028
          ],
          [
            -0.432042783941142,
            51.06207023817961
          ],
          [
            -0.432029742647977,
            51.06212319346213
          ],
          [
            -0.432016468438345,
            51.06217696126491
          ],
          [
            -0.432003980441489,
            51.06223052528876
          ],
          [
            -0.431990318060222,
            51.06228322860995
          ],
          [
            -0.431977554325393,
            51.06233687123137
          ],
          [
            -0.431964170607899,
            51.06239088949264
          ],
          [
            -0.431950762383329,
            51.06244292467424
          ],
          [
            -0.431937745590964,
            51.0624978718098
          ],
          [
            -0.431923019370522,
            51.06255672254581
          ]
        ]
      },
      "properties": {
        "row_number": "232"
      }
    },
    {
      "type": "Feature",
      "geometry": {
        "type": "Point",
        "coordinates": [
          -0.432328865449705,
          51.06089770733492
        ]
      },
      "properties": {
        "row_number": "232"
      }
    },
    {
      "type": "Feature",
      "geometry": {
        "type": "Point",
        "coordinates": [
          -0.432315415192137,
          51.06095077191457
        ]
      },
      "properties": {
        "row_number": "232"
      }
    },
    {
      "type": "Feature",
      "geometry": {
        "type": "Point",
        "coordinates": [
          -0.432302499084554,
          51.06100435835366
        ]
      },
      "properties": {
        "row_number": "232"
      }
    },
    {
      "type": "Feature",
      "geometry": {
        "type": "Point",
        "coordinates": [
          -0.432289517640734,
          51.06105783613286
        ]
      },
      "properties": {
        "row_number": "232"
      }
    },
    {
      "type": "Feature",
      "geometry": {
        "type": "Point",
        "coordinates": [
          -0.43227665451363,
          51.06111088493725
        ]
      },
      "properties": {
        "row_number": "232"
      }
    },
    {
      "type": "Feature",
      "geometry": {
        "type": "Point",
        "coordinates": [
          -0.432263804131132,
          51.06116452642574
        ]
      },
      "properties": {
        "row_number": "232"
      }
    },
    {
      "type": "Feature",
      "geometry": {
        "type": "Point",
        "coordinates": [
          -0.432250690161622,
          51.06121806930175
        ]
      },
      "properties": {
        "row_number": "232"
      }
    },
    {
      "type": "Feature",
      "geometry": {
        "type": "Point",
        "coordinates": [
          -0.432237385665557,
          51.06127106258907
        ]
      },
      "properties": {
        "row_number": "232"
      }
    },
    {
      "type": "Feature",
      "geometry": {
        "type": "Point",
        "coordinates": [
          -0.432224652438604,
          51.0613241110935
        ]
      },
      "properties": {
        "row_number": "232"
      }
    },
    {
      "type": "Feature",
      "geometry": {
        "type": "Point",
        "coordinates": [
          -0.432211608927313,
          51.06137724570941
        ]
      },
      "properties": {
        "row_number": "232"
      }
    },
    {
      "type": "Feature",
      "geometry": {
        "type": "Point",
        "coordinates": [
          -0.432198418572625,
          51.06143079003962
        ]
      },
      "properties": {
        "row_number": "232"
      }
    },
    {
      "type": "Feature",
      "geometry": {
        "type": "Point",
        "coordinates": [
          -0.432185935143135,
          51.06148339740172
        ]
      },
      "properties": {
        "row_number": "232"
      }
    },
    {
      "type": "Feature",
      "geometry": {
        "type": "Point",
        "coordinates": [
          -0.432172569011613,
          51.06153720349311
        ]
      },
      "properties": {
        "row_number": "232"
      }
    },
    {
      "type": "Feature",
      "geometry": {
        "type": "Point",
        "coordinates": [
          -0.432159305644488,
          51.06159044140782
        ]
      },
      "properties": {
        "row_number": "232"
      }
    },
    {
      "type": "Feature",
      "geometry": {
        "type": "Point",
        "coordinates": [
          -0.432146691215507,
          51.06164342031361
        ]
      },
      "properties": {
        "row_number": "232"
      }
    },
    {
      "type": "Feature",
      "geometry": {
        "type": "Point",
        "coordinates": [
          -0.432133109644779,
          51.06169735405528
        ]
      },
      "properties": {
        "row_number": "232"
      }
    },
    {
      "type": "Feature",
      "geometry": {
        "type": "Point",
        "coordinates": [
          -0.432120382815449,
          51.06175060764738
        ]
      },
      "properties": {
        "row_number": "232"
      }
    },
    {
      "type": "Feature",
      "geometry": {
        "type": "Point",
        "coordinates": [
          -0.432107903892214,
          51.06180343568636
        ]
      },
      "properties": {
        "row_number": "232"
      }
    },
    {
      "type": "Feature",
      "geometry": {
        "type": "Point",
        "coordinates": [
          -0.432094645318635,
          51.06185749747313
        ]
      },
      "properties": {
        "row_number": "232"
      }
    },
    {
      "type": "Feature",
      "geometry": {
        "type": "Point",
        "coordinates": [
          -0.432082227055277,
          51.06191032493241
        ]
      },
      "properties": {
        "row_number": "232"
      }
    },
    {
      "type": "Feature",
      "geometry": {
        "type": "Point",
        "coordinates": [
          -0.43206941713863,
          51.06196308611456
        ]
      },
      "properties": {
        "row_number": "232"
      }
    },
    {
      "type": "Feature",
      "geometry": {
        "type": "Point",
        "coordinates": [
          -0.43205581563069,
          51.06201717531028
        ]
      },
      "properties": {
        "row_number": "232"
      }
    },
    {
      "type": "Feature",
      "geometry": {
        "type": "Point",
        "coordinates": [
          -0.432042783941142,
          51.06207023817961
        ]
      },
      "properties": {
        "row_number": "232"
      }
    },
    {
      "type": "Feature",
      "geometry": {
        "type": "Point",
        "coordinates": [
          -0.432029742647977,
          51.06212319346213
        ]
      },
      "properties": {
        "row_number": "232"
      }
    },
    {
      "type": "Feature",
      "geometry": {
        "type": "Point",
        "coordinates": [
          -0.432016468438345,
          51.06217696126491
        ]
      },
      "properties": {
        "row_number": "232"
      }
    },
    {
      "type": "Feature",
      "geometry": {
        "type": "Point",
        "coordinates": [
          -0.432003980441489,
          51.06223052528876
        ]
      },
      "properties": {
        "row_number": "232"
      }
    },
    {
      "type": "Feature",
      "geometry": {
        "type": "Point",
        "coordinates": [
          -0.431990318060222,
          51.06228322860995
        ]
      },
      "properties": {
        "row_number": "232"
      }
    },
    {
      "type": "Feature",
      "geometry": {
        "type": "Point",
        "coordinates": [
          -0.431977554325393,
          51.06233687123137
        ]
      },
      "properties": {
        "row_number": "232"
      }
    },
    {
      "type": "Feature",
      "geometry": {
        "type": "Point",
        "coordinates": [
          -0.431964170607899,
          51.06239088949264
        ]
      },
      "properties": {
        "row_number": "232"
      }
    },
    {
      "type": "Feature",
      "geometry": {
        "type": "Point",
        "coordinates": [
          -0.431950762383329,
          51.06244292467424
        ]
      },
      "properties": {
        "row_number": "232"
      }
    },
    {
      "type": "Feature",
      "geometry": {
        "type": "Point",
        "coordinates": [
          -0.431937745590964,
          51.0624978718098
        ]
      },
      "properties": {
        "row_number": "232"
      }
    },
    {
      "type": "Feature",
      "geometry": {
        "type": "Point",
        "coordinates": [
          -0.431923019370522,
          51.06255672254581
        ]
      },
      "properties": {
        "row_number": "232"
      }
    },
    {
      "type": "Feature",
      "geometry": {
        "type": "LineString",
        "coordinates": [
          [
            -0.4322975335133,
            51.06088921195835
          ],
          [
            -0.432283369372679,
            51.06094760536939
          ],
          [
            -0.432270575023359,
            51.06100166948102
          ],
          [
            -0.43225722765285,
            51.06105476219316
          ],
          [
            -0.432244417921714,
            51.06110745360444
          ],
          [
            -0.432231013776241,
            51.06116138649526
          ],
          [
            -0.432218129577273,
            51.0612154172027
          ],
          [
            -0.432205394515968,
            51.06126807089162
          ],
          [
            -0.432192296379892,
            51.06132115604581
          ],
          [
            -0.432179173097191,
            51.06137420883074
          ],
          [
            -0.432166337574507,
            51.06142674697797
          ],
          [
            -0.432153545367773,
            51.06148069969566
          ],
          [
            -0.432139877487945,
            51.06153450023369
          ],
          [
            -0.432127530048594,
            51.06158739645613
          ],
          [
            -0.432114515287985,
            51.06164081801775
          ],
          [
            -0.43210161992149,
            51.06169419452964
          ],
          [
            -0.432088844262379,
            51.0617475782112
          ],
          [
            -0.432076424774941,
            51.06180040811741
          ],
          [
            -0.432063221526986,
            51.06185432958613
          ],
          [
            -0.4320495734217,
            51.06190737745647
          ],
          [
            -0.432036408162277,
            51.06196053692214
          ],
          [
            -0.432023220544779,
            51.06201406084076
          ],
          [
            -0.43201024830086,
            51.06206713021285
          ],
          [
            -0.431997362019698,
            51.06212088375547
          ],
          [
            -0.431983968792331,
            51.06217357981507
          ],
          [
            -0.431971129148143,
            51.06222710219551
          ],
          [
            -0.431958427076629,
            51.06228054359618
          ],
          [
            -0.431945558188234,
            51.06233340067717
          ],
          [
            -0.431932275122506,
            51.06238801931546
          ],
          [
            -0.431919452476102,
            51.06244013791083
          ],
          [
            -0.431906910939413,
            51.06249340411163
          ],
          [
            -0.431891900793686,
            51.06255464084784
          ]
        ]
      },
      "properties": {
        "row_number": "233"
      }
    },
    {
      "type": "Feature",
      "geometry": {
        "type": "Point",
        "coordinates": [
          -0.4322975335133,
          51.06088921195835
        ]
      },
      "properties": {
        "row_number": "233"
      }
    },
    {
      "type": "Feature",
      "geometry": {
        "type": "Point",
        "coordinates": [
          -0.432283369372679,
          51.06094760536939
        ]
      },
      "properties": {
        "row_number": "233"
      }
    },
    {
      "type": "Feature",
      "geometry": {
        "type": "Point",
        "coordinates": [
          -0.432270575023359,
          51.06100166948102
        ]
      },
      "properties": {
        "row_number": "233"
      }
    },
    {
      "type": "Feature",
      "geometry": {
        "type": "Point",
        "coordinates": [
          -0.43225722765285,
          51.06105476219316
        ]
      },
      "properties": {
        "row_number": "233"
      }
    },
    {
      "type": "Feature",
      "geometry": {
        "type": "Point",
        "coordinates": [
          -0.432244417921714,
          51.06110745360444
        ]
      },
      "properties": {
        "row_number": "233"
      }
    },
    {
      "type": "Feature",
      "geometry": {
        "type": "Point",
        "coordinates": [
          -0.432231013776241,
          51.06116138649526
        ]
      },
      "properties": {
        "row_number": "233"
      }
    },
    {
      "type": "Feature",
      "geometry": {
        "type": "Point",
        "coordinates": [
          -0.432218129577273,
          51.0612154172027
        ]
      },
      "properties": {
        "row_number": "233"
      }
    },
    {
      "type": "Feature",
      "geometry": {
        "type": "Point",
        "coordinates": [
          -0.432205394515968,
          51.06126807089162
        ]
      },
      "properties": {
        "row_number": "233"
      }
    },
    {
      "type": "Feature",
      "geometry": {
        "type": "Point",
        "coordinates": [
          -0.432192296379892,
          51.06132115604581
        ]
      },
      "properties": {
        "row_number": "233"
      }
    },
    {
      "type": "Feature",
      "geometry": {
        "type": "Point",
        "coordinates": [
          -0.432179173097191,
          51.06137420883074
        ]
      },
      "properties": {
        "row_number": "233"
      }
    },
    {
      "type": "Feature",
      "geometry": {
        "type": "Point",
        "coordinates": [
          -0.432166337574507,
          51.06142674697797
        ]
      },
      "properties": {
        "row_number": "233"
      }
    },
    {
      "type": "Feature",
      "geometry": {
        "type": "Point",
        "coordinates": [
          -0.432153545367773,
          51.06148069969566
        ]
      },
      "properties": {
        "row_number": "233"
      }
    },
    {
      "type": "Feature",
      "geometry": {
        "type": "Point",
        "coordinates": [
          -0.432139877487945,
          51.06153450023369
        ]
      },
      "properties": {
        "row_number": "233"
      }
    },
    {
      "type": "Feature",
      "geometry": {
        "type": "Point",
        "coordinates": [
          -0.432127530048594,
          51.06158739645613
        ]
      },
      "properties": {
        "row_number": "233"
      }
    },
    {
      "type": "Feature",
      "geometry": {
        "type": "Point",
        "coordinates": [
          -0.432114515287985,
          51.06164081801775
        ]
      },
      "properties": {
        "row_number": "233"
      }
    },
    {
      "type": "Feature",
      "geometry": {
        "type": "Point",
        "coordinates": [
          -0.43210161992149,
          51.06169419452964
        ]
      },
      "properties": {
        "row_number": "233"
      }
    },
    {
      "type": "Feature",
      "geometry": {
        "type": "Point",
        "coordinates": [
          -0.432088844262379,
          51.0617475782112
        ]
      },
      "properties": {
        "row_number": "233"
      }
    },
    {
      "type": "Feature",
      "geometry": {
        "type": "Point",
        "coordinates": [
          -0.432076424774941,
          51.06180040811741
        ]
      },
      "properties": {
        "row_number": "233"
      }
    },
    {
      "type": "Feature",
      "geometry": {
        "type": "Point",
        "coordinates": [
          -0.432063221526986,
          51.06185432958613
        ]
      },
      "properties": {
        "row_number": "233"
      }
    },
    {
      "type": "Feature",
      "geometry": {
        "type": "Point",
        "coordinates": [
          -0.4320495734217,
          51.06190737745647
        ]
      },
      "properties": {
        "row_number": "233"
      }
    },
    {
      "type": "Feature",
      "geometry": {
        "type": "Point",
        "coordinates": [
          -0.432036408162277,
          51.06196053692214
        ]
      },
      "properties": {
        "row_number": "233"
      }
    },
    {
      "type": "Feature",
      "geometry": {
        "type": "Point",
        "coordinates": [
          -0.432023220544779,
          51.06201406084076
        ]
      },
      "properties": {
        "row_number": "233"
      }
    },
    {
      "type": "Feature",
      "geometry": {
        "type": "Point",
        "coordinates": [
          -0.43201024830086,
          51.06206713021285
        ]
      },
      "properties": {
        "row_number": "233"
      }
    },
    {
      "type": "Feature",
      "geometry": {
        "type": "Point",
        "coordinates": [
          -0.431997362019698,
          51.06212088375547
        ]
      },
      "properties": {
        "row_number": "233"
      }
    },
    {
      "type": "Feature",
      "geometry": {
        "type": "Point",
        "coordinates": [
          -0.431983968792331,
          51.06217357981507
        ]
      },
      "properties": {
        "row_number": "233"
      }
    },
    {
      "type": "Feature",
      "geometry": {
        "type": "Point",
        "coordinates": [
          -0.431971129148143,
          51.06222710219551
        ]
      },
      "properties": {
        "row_number": "233"
      }
    },
    {
      "type": "Feature",
      "geometry": {
        "type": "Point",
        "coordinates": [
          -0.431958427076629,
          51.06228054359618
        ]
      },
      "properties": {
        "row_number": "233"
      }
    },
    {
      "type": "Feature",
      "geometry": {
        "type": "Point",
        "coordinates": [
          -0.431945558188234,
          51.06233340067717
        ]
      },
      "properties": {
        "row_number": "233"
      }
    },
    {
      "type": "Feature",
      "geometry": {
        "type": "Point",
        "coordinates": [
          -0.431932275122506,
          51.06238801931546
        ]
      },
      "properties": {
        "row_number": "233"
      }
    },
    {
      "type": "Feature",
      "geometry": {
        "type": "Point",
        "coordinates": [
          -0.431919452476102,
          51.06244013791083
        ]
      },
      "properties": {
        "row_number": "233"
      }
    },
    {
      "type": "Feature",
      "geometry": {
        "type": "Point",
        "coordinates": [
          -0.431906910939413,
          51.06249340411163
        ]
      },
      "properties": {
        "row_number": "233"
      }
    },
    {
      "type": "Feature",
      "geometry": {
        "type": "Point",
        "coordinates": [
          -0.431891900793686,
          51.06255464084784
        ]
      },
      "properties": {
        "row_number": "233"
      }
    },
    {
      "type": "Feature",
      "geometry": {
        "type": "LineString",
        "coordinates": [
          [
            -0.432268027874647,
            51.06088336162014
          ],
          [
            -0.432252741473242,
            51.06094530981967
          ],
          [
            -0.432239604611444,
            51.06099855140789
          ],
          [
            -0.432226565831848,
            51.06105205028838
          ],
          [
            -0.432213774086285,
            51.06110477657879
          ],
          [
            -0.432200643048308,
            51.06115888744494
          ],
          [
            -0.432187345558759,
            51.06121175614284
          ],
          [
            -0.432174367468396,
            51.0612646227656
          ],
          [
            -0.432161742391852,
            51.06131797544659
          ],
          [
            -0.432148646229618,
            51.06137095002475
          ],
          [
            -0.432135701156144,
            51.06142470055994
          ],
          [
            -0.432122898383802,
            51.06147787412097
          ],
          [
            -0.432109649418557,
            51.06153126566956
          ],
          [
            -0.432096920596221,
            51.06158416619963
          ],
          [
            -0.432083597252013,
            51.06163745703082
          ],
          [
            -0.432070720057143,
            51.06169064570796
          ],
          [
            -0.432058307665648,
            51.06174378571308
          ],
          [
            -0.432044966206631,
            51.06179734149821
          ],
          [
            -0.432031861341138,
            51.06185156267611
          ],
          [
            -0.43201889358311,
            51.06190462986991
          ],
          [
            -0.432005664669446,
            51.06195781167895
          ],
          [
            -0.431992873423324,
            51.06201093187751
          ],
          [
            -0.431979774818443,
            51.06206336778325
          ],
          [
            -0.431966244312747,
            51.06211807280891
          ],
          [
            -0.431953856561142,
            51.06217095924183
          ],
          [
            -0.43194077361054,
            51.06222434146115
          ],
          [
            -0.431927285159564,
            51.06227765798499
          ],
          [
            -0.431914603685153,
            51.06233055506251
          ],
          [
            -0.431901770198999,
            51.06238517730831
          ],
          [
            -0.43188922421157,
            51.06243715057984
          ],
          [
            -0.431875672155053,
            51.06249094016646
          ],
          [
            -0.431860443437606,
            51.06255314477257
          ]
        ]
      },
      "properties": {
        "row_number": "234"
      }
    },
    {
      "type": "Feature",
      "geometry": {
        "type": "Point",
        "coordinates": [
          -0.432268027874647,
          51.06088336162014
        ]
      },
      "properties": {
        "row_number": "234"
      }
    },
    {
      "type": "Feature",
      "geometry": {
        "type": "Point",
        "coordinates": [
          -0.432252741473242,
          51.06094530981967
        ]
      },
      "properties": {
        "row_number": "234"
      }
    },
    {
      "type": "Feature",
      "geometry": {
        "type": "Point",
        "coordinates": [
          -0.432239604611444,
          51.06099855140789
        ]
      },
      "properties": {
        "row_number": "234"
      }
    },
    {
      "type": "Feature",
      "geometry": {
        "type": "Point",
        "coordinates": [
          -0.432226565831848,
          51.06105205028838
        ]
      },
      "properties": {
        "row_number": "234"
      }
    },
    {
      "type": "Feature",
      "geometry": {
        "type": "Point",
        "coordinates": [
          -0.432213774086285,
          51.06110477657879
        ]
      },
      "properties": {
        "row_number": "234"
      }
    },
    {
      "type": "Feature",
      "geometry": {
        "type": "Point",
        "coordinates": [
          -0.432200643048308,
          51.06115888744494
        ]
      },
      "properties": {
        "row_number": "234"
      }
    },
    {
      "type": "Feature",
      "geometry": {
        "type": "Point",
        "coordinates": [
          -0.432187345558759,
          51.06121175614284
        ]
      },
      "properties": {
        "row_number": "234"
      }
    },
    {
      "type": "Feature",
      "geometry": {
        "type": "Point",
        "coordinates": [
          -0.432174367468396,
          51.0612646227656
        ]
      },
      "properties": {
        "row_number": "234"
      }
    },
    {
      "type": "Feature",
      "geometry": {
        "type": "Point",
        "coordinates": [
          -0.432161742391852,
          51.06131797544659
        ]
      },
      "properties": {
        "row_number": "234"
      }
    },
    {
      "type": "Feature",
      "geometry": {
        "type": "Point",
        "coordinates": [
          -0.432148646229618,
          51.06137095002475
        ]
      },
      "properties": {
        "row_number": "234"
      }
    },
    {
      "type": "Feature",
      "geometry": {
        "type": "Point",
        "coordinates": [
          -0.432135701156144,
          51.06142470055994
        ]
      },
      "properties": {
        "row_number": "234"
      }
    },
    {
      "type": "Feature",
      "geometry": {
        "type": "Point",
        "coordinates": [
          -0.432122898383802,
          51.06147787412097
        ]
      },
      "properties": {
        "row_number": "234"
      }
    },
    {
      "type": "Feature",
      "geometry": {
        "type": "Point",
        "coordinates": [
          -0.432109649418557,
          51.06153126566956
        ]
      },
      "properties": {
        "row_number": "234"
      }
    },
    {
      "type": "Feature",
      "geometry": {
        "type": "Point",
        "coordinates": [
          -0.432096920596221,
          51.06158416619963
        ]
      },
      "properties": {
        "row_number": "234"
      }
    },
    {
      "type": "Feature",
      "geometry": {
        "type": "Point",
        "coordinates": [
          -0.432083597252013,
          51.06163745703082
        ]
      },
      "properties": {
        "row_number": "234"
      }
    },
    {
      "type": "Feature",
      "geometry": {
        "type": "Point",
        "coordinates": [
          -0.432070720057143,
          51.06169064570796
        ]
      },
      "properties": {
        "row_number": "234"
      }
    },
    {
      "type": "Feature",
      "geometry": {
        "type": "Point",
        "coordinates": [
          -0.432058307665648,
          51.06174378571308
        ]
      },
      "properties": {
        "row_number": "234"
      }
    },
    {
      "type": "Feature",
      "geometry": {
        "type": "Point",
        "coordinates": [
          -0.432044966206631,
          51.06179734149821
        ]
      },
      "properties": {
        "row_number": "234"
      }
    },
    {
      "type": "Feature",
      "geometry": {
        "type": "Point",
        "coordinates": [
          -0.432031861341138,
          51.06185156267611
        ]
      },
      "properties": {
        "row_number": "234"
      }
    },
    {
      "type": "Feature",
      "geometry": {
        "type": "Point",
        "coordinates": [
          -0.43201889358311,
          51.06190462986991
        ]
      },
      "properties": {
        "row_number": "234"
      }
    },
    {
      "type": "Feature",
      "geometry": {
        "type": "Point",
        "coordinates": [
          -0.432005664669446,
          51.06195781167895
        ]
      },
      "properties": {
        "row_number": "234"
      }
    },
    {
      "type": "Feature",
      "geometry": {
        "type": "Point",
        "coordinates": [
          -0.431992873423324,
          51.06201093187751
        ]
      },
      "properties": {
        "row_number": "234"
      }
    },
    {
      "type": "Feature",
      "geometry": {
        "type": "Point",
        "coordinates": [
          -0.431979774818443,
          51.06206336778325
        ]
      },
      "properties": {
        "row_number": "234"
      }
    },
    {
      "type": "Feature",
      "geometry": {
        "type": "Point",
        "coordinates": [
          -0.431966244312747,
          51.06211807280891
        ]
      },
      "properties": {
        "row_number": "234"
      }
    },
    {
      "type": "Feature",
      "geometry": {
        "type": "Point",
        "coordinates": [
          -0.431953856561142,
          51.06217095924183
        ]
      },
      "properties": {
        "row_number": "234"
      }
    },
    {
      "type": "Feature",
      "geometry": {
        "type": "Point",
        "coordinates": [
          -0.43194077361054,
          51.06222434146115
        ]
      },
      "properties": {
        "row_number": "234"
      }
    },
    {
      "type": "Feature",
      "geometry": {
        "type": "Point",
        "coordinates": [
          -0.431927285159564,
          51.06227765798499
        ]
      },
      "properties": {
        "row_number": "234"
      }
    },
    {
      "type": "Feature",
      "geometry": {
        "type": "Point",
        "coordinates": [
          -0.431914603685153,
          51.06233055506251
        ]
      },
      "properties": {
        "row_number": "234"
      }
    },
    {
      "type": "Feature",
      "geometry": {
        "type": "Point",
        "coordinates": [
          -0.431901770198999,
          51.06238517730831
        ]
      },
      "properties": {
        "row_number": "234"
      }
    },
    {
      "type": "Feature",
      "geometry": {
        "type": "Point",
        "coordinates": [
          -0.43188922421157,
          51.06243715057984
        ]
      },
      "properties": {
        "row_number": "234"
      }
    },
    {
      "type": "Feature",
      "geometry": {
        "type": "Point",
        "coordinates": [
          -0.431875672155053,
          51.06249094016646
        ]
      },
      "properties": {
        "row_number": "234"
      }
    },
    {
      "type": "Feature",
      "geometry": {
        "type": "Point",
        "coordinates": [
          -0.431860443437606,
          51.06255314477257
        ]
      },
      "properties": {
        "row_number": "234"
      }
    },
    {
      "type": "Feature",
      "geometry": {
        "type": "LineString",
        "coordinates": [
          [
            -0.432239475288292,
            51.06087660852858
          ],
          [
            -0.432221853309676,
            51.06094202473011
          ],
          [
            -0.432208614722329,
            51.06099536216418
          ],
          [
            -0.432195390207426,
            51.06104874337923
          ],
          [
            -0.432182257878821,
            51.06110172110923
          ],
          [
            -0.432169712609018,
            51.06115550762271
          ],
          [
            -0.432157216837401,
            51.06120875175905
          ],
          [
            -0.432143909513139,
            51.06126188379307
          ],
          [
            -0.432130505514128,
            51.06131527186299
          ],
          [
            -0.432117942855994,
            51.06136865901461
          ],
          [
            -0.432104545078487,
            51.06142164069058
          ],
          [
            -0.432091665735295,
            51.061474895022
          ],
          [
            -0.432078537762606,
            51.06152857579819
          ],
          [
            -0.432065475777133,
            51.06158145362842
          ],
          [
            -0.43205245180655,
            51.06163453552914
          ],
          [
            -0.432039130762323,
            51.06168791661277
          ],
          [
            -0.432025906217384,
            51.06174177282355
          ],
          [
            -0.432012861540305,
            51.0617944769261
          ],
          [
            -0.432000324103656,
            51.06184737167673
          ],
          [
            -0.431986986517701,
            51.06190150896446
          ],
          [
            -0.431974803267532,
            51.06195499721377
          ],
          [
            -0.43196136592899,
            51.06200826860982
          ],
          [
            -0.431948578128072,
            51.06206120484801
          ],
          [
            -0.43193583851223,
            51.06211472539233
          ],
          [
            -0.431922511418341,
            51.06216788629581
          ],
          [
            -0.43190923351972,
            51.06222145481599
          ],
          [
            -0.431896295662575,
            51.06227319752303
          ],
          [
            -0.431883409504954,
            51.06232687351276
          ],
          [
            -0.431870145766626,
            51.06238156721445
          ],
          [
            -0.431857536130331,
            51.06243415693807
          ],
          [
            -0.431844931109704,
            51.06248695239164
          ],
          [
            -0.431828630690809,
            51.06255194317403
          ]
        ]
      },
      "properties": {
        "row_number": "235"
      }
    },
    {
      "type": "Feature",
      "geometry": {
        "type": "Point",
        "coordinates": [
          -0.432239475288292,
          51.06087660852858
        ]
      },
      "properties": {
        "row_number": "235"
      }
    },
    {
      "type": "Feature",
      "geometry": {
        "type": "Point",
        "coordinates": [
          -0.432221853309676,
          51.06094202473011
        ]
      },
      "properties": {
        "row_number": "235"
      }
    },
    {
      "type": "Feature",
      "geometry": {
        "type": "Point",
        "coordinates": [
          -0.432208614722329,
          51.06099536216418
        ]
      },
      "properties": {
        "row_number": "235"
      }
    },
    {
      "type": "Feature",
      "geometry": {
        "type": "Point",
        "coordinates": [
          -0.432195390207426,
          51.06104874337923
        ]
      },
      "properties": {
        "row_number": "235"
      }
    },
    {
      "type": "Feature",
      "geometry": {
        "type": "Point",
        "coordinates": [
          -0.432182257878821,
          51.06110172110923
        ]
      },
      "properties": {
        "row_number": "235"
      }
    },
    {
      "type": "Feature",
      "geometry": {
        "type": "Point",
        "coordinates": [
          -0.432169712609018,
          51.06115550762271
        ]
      },
      "properties": {
        "row_number": "235"
      }
    },
    {
      "type": "Feature",
      "geometry": {
        "type": "Point",
        "coordinates": [
          -0.432157216837401,
          51.06120875175905
        ]
      },
      "properties": {
        "row_number": "235"
      }
    },
    {
      "type": "Feature",
      "geometry": {
        "type": "Point",
        "coordinates": [
          -0.432143909513139,
          51.06126188379307
        ]
      },
      "properties": {
        "row_number": "235"
      }
    },
    {
      "type": "Feature",
      "geometry": {
        "type": "Point",
        "coordinates": [
          -0.432130505514128,
          51.06131527186299
        ]
      },
      "properties": {
        "row_number": "235"
      }
    },
    {
      "type": "Feature",
      "geometry": {
        "type": "Point",
        "coordinates": [
          -0.432117942855994,
          51.06136865901461
        ]
      },
      "properties": {
        "row_number": "235"
      }
    },
    {
      "type": "Feature",
      "geometry": {
        "type": "Point",
        "coordinates": [
          -0.432104545078487,
          51.06142164069058
        ]
      },
      "properties": {
        "row_number": "235"
      }
    },
    {
      "type": "Feature",
      "geometry": {
        "type": "Point",
        "coordinates": [
          -0.432091665735295,
          51.061474895022
        ]
      },
      "properties": {
        "row_number": "235"
      }
    },
    {
      "type": "Feature",
      "geometry": {
        "type": "Point",
        "coordinates": [
          -0.432078537762606,
          51.06152857579819
        ]
      },
      "properties": {
        "row_number": "235"
      }
    },
    {
      "type": "Feature",
      "geometry": {
        "type": "Point",
        "coordinates": [
          -0.432065475777133,
          51.06158145362842
        ]
      },
      "properties": {
        "row_number": "235"
      }
    },
    {
      "type": "Feature",
      "geometry": {
        "type": "Point",
        "coordinates": [
          -0.43205245180655,
          51.06163453552914
        ]
      },
      "properties": {
        "row_number": "235"
      }
    },
    {
      "type": "Feature",
      "geometry": {
        "type": "Point",
        "coordinates": [
          -0.432039130762323,
          51.06168791661277
        ]
      },
      "properties": {
        "row_number": "235"
      }
    },
    {
      "type": "Feature",
      "geometry": {
        "type": "Point",
        "coordinates": [
          -0.432025906217384,
          51.06174177282355
        ]
      },
      "properties": {
        "row_number": "235"
      }
    },
    {
      "type": "Feature",
      "geometry": {
        "type": "Point",
        "coordinates": [
          -0.432012861540305,
          51.0617944769261
        ]
      },
      "properties": {
        "row_number": "235"
      }
    },
    {
      "type": "Feature",
      "geometry": {
        "type": "Point",
        "coordinates": [
          -0.432000324103656,
          51.06184737167673
        ]
      },
      "properties": {
        "row_number": "235"
      }
    },
    {
      "type": "Feature",
      "geometry": {
        "type": "Point",
        "coordinates": [
          -0.431986986517701,
          51.06190150896446
        ]
      },
      "properties": {
        "row_number": "235"
      }
    },
    {
      "type": "Feature",
      "geometry": {
        "type": "Point",
        "coordinates": [
          -0.431974803267532,
          51.06195499721377
        ]
      },
      "properties": {
        "row_number": "235"
      }
    },
    {
      "type": "Feature",
      "geometry": {
        "type": "Point",
        "coordinates": [
          -0.43196136592899,
          51.06200826860982
        ]
      },
      "properties": {
        "row_number": "235"
      }
    },
    {
      "type": "Feature",
      "geometry": {
        "type": "Point",
        "coordinates": [
          -0.431948578128072,
          51.06206120484801
        ]
      },
      "properties": {
        "row_number": "235"
      }
    },
    {
      "type": "Feature",
      "geometry": {
        "type": "Point",
        "coordinates": [
          -0.43193583851223,
          51.06211472539233
        ]
      },
      "properties": {
        "row_number": "235"
      }
    },
    {
      "type": "Feature",
      "geometry": {
        "type": "Point",
        "coordinates": [
          -0.431922511418341,
          51.06216788629581
        ]
      },
      "properties": {
        "row_number": "235"
      }
    },
    {
      "type": "Feature",
      "geometry": {
        "type": "Point",
        "coordinates": [
          -0.43190923351972,
          51.06222145481599
        ]
      },
      "properties": {
        "row_number": "235"
      }
    },
    {
      "type": "Feature",
      "geometry": {
        "type": "Point",
        "coordinates": [
          -0.431896295662575,
          51.06227319752303
        ]
      },
      "properties": {
        "row_number": "235"
      }
    },
    {
      "type": "Feature",
      "geometry": {
        "type": "Point",
        "coordinates": [
          -0.431883409504954,
          51.06232687351276
        ]
      },
      "properties": {
        "row_number": "235"
      }
    },
    {
      "type": "Feature",
      "geometry": {
        "type": "Point",
        "coordinates": [
          -0.431870145766626,
          51.06238156721445
        ]
      },
      "properties": {
        "row_number": "235"
      }
    },
    {
      "type": "Feature",
      "geometry": {
        "type": "Point",
        "coordinates": [
          -0.431857536130331,
          51.06243415693807
        ]
      },
      "properties": {
        "row_number": "235"
      }
    },
    {
      "type": "Feature",
      "geometry": {
        "type": "Point",
        "coordinates": [
          -0.431844931109704,
          51.06248695239164
        ]
      },
      "properties": {
        "row_number": "235"
      }
    },
    {
      "type": "Feature",
      "geometry": {
        "type": "Point",
        "coordinates": [
          -0.431828630690809,
          51.06255194317403
        ]
      },
      "properties": {
        "row_number": "235"
      }
    },
    {
      "type": "Feature",
      "geometry": {
        "type": "LineString",
        "coordinates": [
          [
            -0.432206309015464,
            51.06087135322295
          ],
          [
            -0.43219056205313,
            51.06093861633742
          ],
          [
            -0.432176770070134,
            51.06099222732175
          ],
          [
            -0.432163810459429,
            51.06104549936617
          ],
          [
            -0.432150722419218,
            51.06109815543699
          ],
          [
            -0.432137977682172,
            51.06115150380116
          ],
          [
            -0.432125124509526,
            51.06120576600341
          ],
          [
            -0.432111707443588,
            51.0612588938226
          ],
          [
            -0.432099155806158,
            51.06131191953038
          ],
          [
            -0.432086564254457,
            51.0613651402124
          ],
          [
            -0.432073280639309,
            51.06141852544756
          ],
          [
            -0.432060034117649,
            51.06147189951209
          ],
          [
            -0.43204759615395,
            51.0615256214298
          ],
          [
            -0.432034421109075,
            51.06157844781691
          ],
          [
            -0.432021299959728,
            51.06163099289527
          ],
          [
            -0.432008232340762,
            51.06168517516594
          ],
          [
            -0.431995535913991,
            51.06173845218598
          ],
          [
            -0.431982328079266,
            51.06179143325715
          ],
          [
            -0.431969234213514,
            51.06184586121533
          ],
          [
            -0.431956218926466,
            51.06189845817531
          ],
          [
            -0.431943454774171,
            51.06195182377913
          ],
          [
            -0.43193080340348,
            51.06200496603704
          ],
          [
            -0.431917528517149,
            51.06205807932929
          ],
          [
            -0.43190540553625,
            51.06211229654097
          ],
          [
            -0.431891565324454,
            51.06216490701951
          ],
          [
            -0.431878299141521,
            51.06221809271064
          ],
          [
            -0.431865201020234,
            51.06227172330404
          ],
          [
            -0.43185280723038,
            51.06232470150267
          ],
          [
            -0.431839756661274,
            51.06237848872559
          ],
          [
            -0.431826568665539,
            51.06243135604591
          ],
          [
            -0.431813549438322,
            51.06248467568697
          ]
        ]
      },
      "properties": {
        "row_number": "236"
      }
    },
    {
      "type": "Feature",
      "geometry": {
        "type": "Point",
        "coordinates": [
          -0.432206309015464,
          51.06087135322295
        ]
      },
      "properties": {
        "row_number": "236"
      }
    },
    {
      "type": "Feature",
      "geometry": {
        "type": "Point",
        "coordinates": [
          -0.43219056205313,
          51.06093861633742
        ]
      },
      "properties": {
        "row_number": "236"
      }
    },
    {
      "type": "Feature",
      "geometry": {
        "type": "Point",
        "coordinates": [
          -0.432176770070134,
          51.06099222732175
        ]
      },
      "properties": {
        "row_number": "236"
      }
    },
    {
      "type": "Feature",
      "geometry": {
        "type": "Point",
        "coordinates": [
          -0.432163810459429,
          51.06104549936617
        ]
      },
      "properties": {
        "row_number": "236"
      }
    },
    {
      "type": "Feature",
      "geometry": {
        "type": "Point",
        "coordinates": [
          -0.432150722419218,
          51.06109815543699
        ]
      },
      "properties": {
        "row_number": "236"
      }
    },
    {
      "type": "Feature",
      "geometry": {
        "type": "Point",
        "coordinates": [
          -0.432137977682172,
          51.06115150380116
        ]
      },
      "properties": {
        "row_number": "236"
      }
    },
    {
      "type": "Feature",
      "geometry": {
        "type": "Point",
        "coordinates": [
          -0.432125124509526,
          51.06120576600341
        ]
      },
      "properties": {
        "row_number": "236"
      }
    },
    {
      "type": "Feature",
      "geometry": {
        "type": "Point",
        "coordinates": [
          -0.432111707443588,
          51.0612588938226
        ]
      },
      "properties": {
        "row_number": "236"
      }
    },
    {
      "type": "Feature",
      "geometry": {
        "type": "Point",
        "coordinates": [
          -0.432099155806158,
          51.06131191953038
        ]
      },
      "properties": {
        "row_number": "236"
      }
    },
    {
      "type": "Feature",
      "geometry": {
        "type": "Point",
        "coordinates": [
          -0.432086564254457,
          51.0613651402124
        ]
      },
      "properties": {
        "row_number": "236"
      }
    },
    {
      "type": "Feature",
      "geometry": {
        "type": "Point",
        "coordinates": [
          -0.432073280639309,
          51.06141852544756
        ]
      },
      "properties": {
        "row_number": "236"
      }
    },
    {
      "type": "Feature",
      "geometry": {
        "type": "Point",
        "coordinates": [
          -0.432060034117649,
          51.06147189951209
        ]
      },
      "properties": {
        "row_number": "236"
      }
    },
    {
      "type": "Feature",
      "geometry": {
        "type": "Point",
        "coordinates": [
          -0.43204759615395,
          51.0615256214298
        ]
      },
      "properties": {
        "row_number": "236"
      }
    },
    {
      "type": "Feature",
      "geometry": {
        "type": "Point",
        "coordinates": [
          -0.432034421109075,
          51.06157844781691
        ]
      },
      "properties": {
        "row_number": "236"
      }
    },
    {
      "type": "Feature",
      "geometry": {
        "type": "Point",
        "coordinates": [
          -0.432021299959728,
          51.06163099289527
        ]
      },
      "properties": {
        "row_number": "236"
      }
    },
    {
      "type": "Feature",
      "geometry": {
        "type": "Point",
        "coordinates": [
          -0.432008232340762,
          51.06168517516594
        ]
      },
      "properties": {
        "row_number": "236"
      }
    },
    {
      "type": "Feature",
      "geometry": {
        "type": "Point",
        "coordinates": [
          -0.431995535913991,
          51.06173845218598
        ]
      },
      "properties": {
        "row_number": "236"
      }
    },
    {
      "type": "Feature",
      "geometry": {
        "type": "Point",
        "coordinates": [
          -0.431982328079266,
          51.06179143325715
        ]
      },
      "properties": {
        "row_number": "236"
      }
    },
    {
      "type": "Feature",
      "geometry": {
        "type": "Point",
        "coordinates": [
          -0.431969234213514,
          51.06184586121533
        ]
      },
      "properties": {
        "row_number": "236"
      }
    },
    {
      "type": "Feature",
      "geometry": {
        "type": "Point",
        "coordinates": [
          -0.431956218926466,
          51.06189845817531
        ]
      },
      "properties": {
        "row_number": "236"
      }
    },
    {
      "type": "Feature",
      "geometry": {
        "type": "Point",
        "coordinates": [
          -0.431943454774171,
          51.06195182377913
        ]
      },
      "properties": {
        "row_number": "236"
      }
    },
    {
      "type": "Feature",
      "geometry": {
        "type": "Point",
        "coordinates": [
          -0.43193080340348,
          51.06200496603704
        ]
      },
      "properties": {
        "row_number": "236"
      }
    },
    {
      "type": "Feature",
      "geometry": {
        "type": "Point",
        "coordinates": [
          -0.431917528517149,
          51.06205807932929
        ]
      },
      "properties": {
        "row_number": "236"
      }
    },
    {
      "type": "Feature",
      "geometry": {
        "type": "Point",
        "coordinates": [
          -0.43190540553625,
          51.06211229654097
        ]
      },
      "properties": {
        "row_number": "236"
      }
    },
    {
      "type": "Feature",
      "geometry": {
        "type": "Point",
        "coordinates": [
          -0.431891565324454,
          51.06216490701951
        ]
      },
      "properties": {
        "row_number": "236"
      }
    },
    {
      "type": "Feature",
      "geometry": {
        "type": "Point",
        "coordinates": [
          -0.431878299141521,
          51.06221809271064
        ]
      },
      "properties": {
        "row_number": "236"
      }
    },
    {
      "type": "Feature",
      "geometry": {
        "type": "Point",
        "coordinates": [
          -0.431865201020234,
          51.06227172330404
        ]
      },
      "properties": {
        "row_number": "236"
      }
    },
    {
      "type": "Feature",
      "geometry": {
        "type": "Point",
        "coordinates": [
          -0.43185280723038,
          51.06232470150267
        ]
      },
      "properties": {
        "row_number": "236"
      }
    },
    {
      "type": "Feature",
      "geometry": {
        "type": "Point",
        "coordinates": [
          -0.431839756661274,
          51.06237848872559
        ]
      },
      "properties": {
        "row_number": "236"
      }
    },
    {
      "type": "Feature",
      "geometry": {
        "type": "Point",
        "coordinates": [
          -0.431826568665539,
          51.06243135604591
        ]
      },
      "properties": {
        "row_number": "236"
      }
    },
    {
      "type": "Feature",
      "geometry": {
        "type": "Point",
        "coordinates": [
          -0.431813549438322,
          51.06248467568697
        ]
      },
      "properties": {
        "row_number": "236"
      }
    },
    {
      "type": "Feature",
      "geometry": {
        "type": "LineString",
        "coordinates": [
          [
            -0.432175854716481,
            51.06086770063883
          ],
          [
            -0.432158947639463,
            51.06093568172056
          ],
          [
            -0.432146306115355,
            51.06098888322108
          ],
          [
            -0.432133406668984,
            51.06104268026742
          ],
          [
            -0.432120495154407,
            51.06109589023769
          ],
          [
            -0.432107468418277,
            51.06114925965301
          ],
          [
            -0.432094200295776,
            51.06120290632676
          ],
          [
            -0.43208141894322,
            51.06125591391716
          ],
          [
            -0.432068309200768,
            51.06130914335082
          ],
          [
            -0.43205564555026,
            51.0613622066652
          ],
          [
            -0.432042639433257,
            51.06141544522652
          ],
          [
            -0.432029604509217,
            51.06146891351771
          ],
          [
            -0.432016801640751,
            51.06152257956424
          ],
          [
            -0.432003739469626,
            51.06157561054761
          ],
          [
            -0.431990638131032,
            51.06162891789082
          ],
          [
            -0.431977565626873,
            51.06168230129724
          ],
          [
            -0.431964476137261,
            51.06173544301826
          ],
          [
            -0.431951482585826,
            51.06178842029819
          ],
          [
            -0.431938195952313,
            51.06184228434621
          ],
          [
            -0.431925467967147,
            51.06189495163434
          ],
          [
            -0.431912641081633,
            51.06194823574886
          ],
          [
            -0.431899391004518,
            51.06200193198811
          ],
          [
            -0.431886448098771,
            51.06205512200275
          ],
          [
            -0.431873226290402,
            51.06210874955354
          ],
          [
            -0.431860176347676,
            51.0621617156481
          ],
          [
            -0.43184738931902,
            51.06221523563134
          ],
          [
            -0.431834410877079,
            51.06226834164661
          ],
          [
            -0.431821616404837,
            51.06232168536301
          ],
          [
            -0.431809148604065,
            51.06237547386635
          ],
          [
            -0.43179532766819,
            51.06242804998588
          ],
          [
            -0.431782929556452,
            51.06248208871022
          ],
          [
            -0.431766580911594,
            51.06254768286257
          ]
        ]
      },
      "properties": {
        "row_number": "237"
      }
    },
    {
      "type": "Feature",
      "geometry": {
        "type": "Point",
        "coordinates": [
          -0.432175854716481,
          51.06086770063883
        ]
      },
      "properties": {
        "row_number": "237"
      }
    },
    {
      "type": "Feature",
      "geometry": {
        "type": "Point",
        "coordinates": [
          -0.432158947639463,
          51.06093568172056
        ]
      },
      "properties": {
        "row_number": "237"
      }
    },
    {
      "type": "Feature",
      "geometry": {
        "type": "Point",
        "coordinates": [
          -0.432146306115355,
          51.06098888322108
        ]
      },
      "properties": {
        "row_number": "237"
      }
    },
    {
      "type": "Feature",
      "geometry": {
        "type": "Point",
        "coordinates": [
          -0.432133406668984,
          51.06104268026742
        ]
      },
      "properties": {
        "row_number": "237"
      }
    },
    {
      "type": "Feature",
      "geometry": {
        "type": "Point",
        "coordinates": [
          -0.432120495154407,
          51.06109589023769
        ]
      },
      "properties": {
        "row_number": "237"
      }
    },
    {
      "type": "Feature",
      "geometry": {
        "type": "Point",
        "coordinates": [
          -0.432107468418277,
          51.06114925965301
        ]
      },
      "properties": {
        "row_number": "237"
      }
    },
    {
      "type": "Feature",
      "geometry": {
        "type": "Point",
        "coordinates": [
          -0.432094200295776,
          51.06120290632676
        ]
      },
      "properties": {
        "row_number": "237"
      }
    },
    {
      "type": "Feature",
      "geometry": {
        "type": "Point",
        "coordinates": [
          -0.43208141894322,
          51.06125591391716
        ]
      },
      "properties": {
        "row_number": "237"
      }
    },
    {
      "type": "Feature",
      "geometry": {
        "type": "Point",
        "coordinates": [
          -0.432068309200768,
          51.06130914335082
        ]
      },
      "properties": {
        "row_number": "237"
      }
    },
    {
      "type": "Feature",
      "geometry": {
        "type": "Point",
        "coordinates": [
          -0.43205564555026,
          51.0613622066652
        ]
      },
      "properties": {
        "row_number": "237"
      }
    },
    {
      "type": "Feature",
      "geometry": {
        "type": "Point",
        "coordinates": [
          -0.432042639433257,
          51.06141544522652
        ]
      },
      "properties": {
        "row_number": "237"
      }
    },
    {
      "type": "Feature",
      "geometry": {
        "type": "Point",
        "coordinates": [
          -0.432029604509217,
          51.06146891351771
        ]
      },
      "properties": {
        "row_number": "237"
      }
    },
    {
      "type": "Feature",
      "geometry": {
        "type": "Point",
        "coordinates": [
          -0.432016801640751,
          51.06152257956424
        ]
      },
      "properties": {
        "row_number": "237"
      }
    },
    {
      "type": "Feature",
      "geometry": {
        "type": "Point",
        "coordinates": [
          -0.432003739469626,
          51.06157561054761
        ]
      },
      "properties": {
        "row_number": "237"
      }
    },
    {
      "type": "Feature",
      "geometry": {
        "type": "Point",
        "coordinates": [
          -0.431990638131032,
          51.06162891789082
        ]
      },
      "properties": {
        "row_number": "237"
      }
    },
    {
      "type": "Feature",
      "geometry": {
        "type": "Point",
        "coordinates": [
          -0.431977565626873,
          51.06168230129724
        ]
      },
      "properties": {
        "row_number": "237"
      }
    },
    {
      "type": "Feature",
      "geometry": {
        "type": "Point",
        "coordinates": [
          -0.431964476137261,
          51.06173544301826
        ]
      },
      "properties": {
        "row_number": "237"
      }
    },
    {
      "type": "Feature",
      "geometry": {
        "type": "Point",
        "coordinates": [
          -0.431951482585826,
          51.06178842029819
        ]
      },
      "properties": {
        "row_number": "237"
      }
    },
    {
      "type": "Feature",
      "geometry": {
        "type": "Point",
        "coordinates": [
          -0.431938195952313,
          51.06184228434621
        ]
      },
      "properties": {
        "row_number": "237"
      }
    },
    {
      "type": "Feature",
      "geometry": {
        "type": "Point",
        "coordinates": [
          -0.431925467967147,
          51.06189495163434
        ]
      },
      "properties": {
        "row_number": "237"
      }
    },
    {
      "type": "Feature",
      "geometry": {
        "type": "Point",
        "coordinates": [
          -0.431912641081633,
          51.06194823574886
        ]
      },
      "properties": {
        "row_number": "237"
      }
    },
    {
      "type": "Feature",
      "geometry": {
        "type": "Point",
        "coordinates": [
          -0.431899391004518,
          51.06200193198811
        ]
      },
      "properties": {
        "row_number": "237"
      }
    },
    {
      "type": "Feature",
      "geometry": {
        "type": "Point",
        "coordinates": [
          -0.431886448098771,
          51.06205512200275
        ]
      },
      "properties": {
        "row_number": "237"
      }
    },
    {
      "type": "Feature",
      "geometry": {
        "type": "Point",
        "coordinates": [
          -0.431873226290402,
          51.06210874955354
        ]
      },
      "properties": {
        "row_number": "237"
      }
    },
    {
      "type": "Feature",
      "geometry": {
        "type": "Point",
        "coordinates": [
          -0.431860176347676,
          51.0621617156481
        ]
      },
      "properties": {
        "row_number": "237"
      }
    },
    {
      "type": "Feature",
      "geometry": {
        "type": "Point",
        "coordinates": [
          -0.43184738931902,
          51.06221523563134
        ]
      },
      "properties": {
        "row_number": "237"
      }
    },
    {
      "type": "Feature",
      "geometry": {
        "type": "Point",
        "coordinates": [
          -0.431834410877079,
          51.06226834164661
        ]
      },
      "properties": {
        "row_number": "237"
      }
    },
    {
      "type": "Feature",
      "geometry": {
        "type": "Point",
        "coordinates": [
          -0.431821616404837,
          51.06232168536301
        ]
      },
      "properties": {
        "row_number": "237"
      }
    },
    {
      "type": "Feature",
      "geometry": {
        "type": "Point",
        "coordinates": [
          -0.431809148604065,
          51.06237547386635
        ]
      },
      "properties": {
        "row_number": "237"
      }
    },
    {
      "type": "Feature",
      "geometry": {
        "type": "Point",
        "coordinates": [
          -0.43179532766819,
          51.06242804998588
        ]
      },
      "properties": {
        "row_number": "237"
      }
    },
    {
      "type": "Feature",
      "geometry": {
        "type": "Point",
        "coordinates": [
          -0.431782929556452,
          51.06248208871022
        ]
      },
      "properties": {
        "row_number": "237"
      }
    },
    {
      "type": "Feature",
      "geometry": {
        "type": "Point",
        "coordinates": [
          -0.431766580911594,
          51.06254768286257
        ]
      },
      "properties": {
        "row_number": "237"
      }
    },
    {
      "type": "Feature",
      "geometry": {
        "type": "LineString",
        "coordinates": [
          [
            -0.432145311605441,
            51.06086399791019
          ],
          [
            -0.432128539024836,
            51.06093235222903
          ],
          [
            -0.432115454314921,
            51.06098582465788
          ],
          [
            -0.432102647300212,
            51.06103889776846
          ],
          [
            -0.432089442595722,
            51.06109280470741
          ],
          [
            -0.432076336496776,
            51.06114606422917
          ],
          [
            -0.432062990249928,
            51.06119944701648
          ],
          [
            -0.432050170153764,
            51.06125288798553
          ],
          [
            -0.432037302105437,
            51.06130615167535
          ],
          [
            -0.432024623673832,
            51.06135925862419
          ],
          [
            -0.432011013170068,
            51.0614126072593
          ],
          [
            -0.43199892914267,
            51.06146571168671
          ],
          [
            -0.431985046834367,
            51.06151951381439
          ],
          [
            -0.431972211102929,
            51.0615723041343
          ],
          [
            -0.431959913117139,
            51.06162537249349
          ],
          [
            -0.431946532467871,
            51.06167896492782
          ],
          [
            -0.43193316942276,
            51.06173256693397
          ],
          [
            -0.43192057085645,
            51.06178557481086
          ],
          [
            -0.431907289046398,
            51.06183967229795
          ],
          [
            -0.431894984914445,
            51.06189256472143
          ],
          [
            -0.431881989110852,
            51.06194578710925
          ],
          [
            -0.431868848897474,
            51.06199866415711
          ],
          [
            -0.431855653719744,
            51.0620518601946
          ],
          [
            -0.431842368521642,
            51.06210587597313
          ],
          [
            -0.431829894298128,
            51.06215905201599
          ],
          [
            -0.431816465213464,
            51.06221220038089
          ],
          [
            -0.431803498910313,
            51.06226546433474
          ],
          [
            -0.431790386371918,
            51.06231903195376
          ],
          [
            -0.431777684930419,
            51.06237284542656
          ],
          [
            -0.431764033150452,
            51.06242524316927
          ],
          [
            -0.431752266304275,
            51.06247908359306
          ],
          [
            -0.431735867492527,
            51.06254505732598
          ]
        ]
      },
      "properties": {
        "row_number": "238"
      }
    },
    {
      "type": "Feature",
      "geometry": {
        "type": "Point",
        "coordinates": [
          -0.432145311605441,
          51.06086399791019
        ]
      },
      "properties": {
        "row_number": "238"
      }
    },
    {
      "type": "Feature",
      "geometry": {
        "type": "Point",
        "coordinates": [
          -0.432128539024836,
          51.06093235222903
        ]
      },
      "properties": {
        "row_number": "238"
      }
    },
    {
      "type": "Feature",
      "geometry": {
        "type": "Point",
        "coordinates": [
          -0.432115454314921,
          51.06098582465788
        ]
      },
      "properties": {
        "row_number": "238"
      }
    },
    {
      "type": "Feature",
      "geometry": {
        "type": "Point",
        "coordinates": [
          -0.432102647300212,
          51.06103889776846
        ]
      },
      "properties": {
        "row_number": "238"
      }
    },
    {
      "type": "Feature",
      "geometry": {
        "type": "Point",
        "coordinates": [
          -0.432089442595722,
          51.06109280470741
        ]
      },
      "properties": {
        "row_number": "238"
      }
    },
    {
      "type": "Feature",
      "geometry": {
        "type": "Point",
        "coordinates": [
          -0.432076336496776,
          51.06114606422917
        ]
      },
      "properties": {
        "row_number": "238"
      }
    },
    {
      "type": "Feature",
      "geometry": {
        "type": "Point",
        "coordinates": [
          -0.432062990249928,
          51.06119944701648
        ]
      },
      "properties": {
        "row_number": "238"
      }
    },
    {
      "type": "Feature",
      "geometry": {
        "type": "Point",
        "coordinates": [
          -0.432050170153764,
          51.06125288798553
        ]
      },
      "properties": {
        "row_number": "238"
      }
    },
    {
      "type": "Feature",
      "geometry": {
        "type": "Point",
        "coordinates": [
          -0.432037302105437,
          51.06130615167535
        ]
      },
      "properties": {
        "row_number": "238"
      }
    },
    {
      "type": "Feature",
      "geometry": {
        "type": "Point",
        "coordinates": [
          -0.432024623673832,
          51.06135925862419
        ]
      },
      "properties": {
        "row_number": "238"
      }
    },
    {
      "type": "Feature",
      "geometry": {
        "type": "Point",
        "coordinates": [
          -0.432011013170068,
          51.0614126072593
        ]
      },
      "properties": {
        "row_number": "238"
      }
    },
    {
      "type": "Feature",
      "geometry": {
        "type": "Point",
        "coordinates": [
          -0.43199892914267,
          51.06146571168671
        ]
      },
      "properties": {
        "row_number": "238"
      }
    },
    {
      "type": "Feature",
      "geometry": {
        "type": "Point",
        "coordinates": [
          -0.431985046834367,
          51.06151951381439
        ]
      },
      "properties": {
        "row_number": "238"
      }
    },
    {
      "type": "Feature",
      "geometry": {
        "type": "Point",
        "coordinates": [
          -0.431972211102929,
          51.0615723041343
        ]
      },
      "properties": {
        "row_number": "238"
      }
    },
    {
      "type": "Feature",
      "geometry": {
        "type": "Point",
        "coordinates": [
          -0.431959913117139,
          51.06162537249349
        ]
      },
      "properties": {
        "row_number": "238"
      }
    },
    {
      "type": "Feature",
      "geometry": {
        "type": "Point",
        "coordinates": [
          -0.431946532467871,
          51.06167896492782
        ]
      },
      "properties": {
        "row_number": "238"
      }
    },
    {
      "type": "Feature",
      "geometry": {
        "type": "Point",
        "coordinates": [
          -0.43193316942276,
          51.06173256693397
        ]
      },
      "properties": {
        "row_number": "238"
      }
    },
    {
      "type": "Feature",
      "geometry": {
        "type": "Point",
        "coordinates": [
          -0.43192057085645,
          51.06178557481086
        ]
      },
      "properties": {
        "row_number": "238"
      }
    },
    {
      "type": "Feature",
      "geometry": {
        "type": "Point",
        "coordinates": [
          -0.431907289046398,
          51.06183967229795
        ]
      },
      "properties": {
        "row_number": "238"
      }
    },
    {
      "type": "Feature",
      "geometry": {
        "type": "Point",
        "coordinates": [
          -0.431894984914445,
          51.06189256472143
        ]
      },
      "properties": {
        "row_number": "238"
      }
    },
    {
      "type": "Feature",
      "geometry": {
        "type": "Point",
        "coordinates": [
          -0.431881989110852,
          51.06194578710925
        ]
      },
      "properties": {
        "row_number": "238"
      }
    },
    {
      "type": "Feature",
      "geometry": {
        "type": "Point",
        "coordinates": [
          -0.431868848897474,
          51.06199866415711
        ]
      },
      "properties": {
        "row_number": "238"
      }
    },
    {
      "type": "Feature",
      "geometry": {
        "type": "Point",
        "coordinates": [
          -0.431855653719744,
          51.0620518601946
        ]
      },
      "properties": {
        "row_number": "238"
      }
    },
    {
      "type": "Feature",
      "geometry": {
        "type": "Point",
        "coordinates": [
          -0.431842368521642,
          51.06210587597313
        ]
      },
      "properties": {
        "row_number": "238"
      }
    },
    {
      "type": "Feature",
      "geometry": {
        "type": "Point",
        "coordinates": [
          -0.431829894298128,
          51.06215905201599
        ]
      },
      "properties": {
        "row_number": "238"
      }
    },
    {
      "type": "Feature",
      "geometry": {
        "type": "Point",
        "coordinates": [
          -0.431816465213464,
          51.06221220038089
        ]
      },
      "properties": {
        "row_number": "238"
      }
    },
    {
      "type": "Feature",
      "geometry": {
        "type": "Point",
        "coordinates": [
          -0.431803498910313,
          51.06226546433474
        ]
      },
      "properties": {
        "row_number": "238"
      }
    },
    {
      "type": "Feature",
      "geometry": {
        "type": "Point",
        "coordinates": [
          -0.431790386371918,
          51.06231903195376
        ]
      },
      "properties": {
        "row_number": "238"
      }
    },
    {
      "type": "Feature",
      "geometry": {
        "type": "Point",
        "coordinates": [
          -0.431777684930419,
          51.06237284542656
        ]
      },
      "properties": {
        "row_number": "238"
      }
    },
    {
      "type": "Feature",
      "geometry": {
        "type": "Point",
        "coordinates": [
          -0.431764033150452,
          51.06242524316927
        ]
      },
      "properties": {
        "row_number": "238"
      }
    },
    {
      "type": "Feature",
      "geometry": {
        "type": "Point",
        "coordinates": [
          -0.431752266304275,
          51.06247908359306
        ]
      },
      "properties": {
        "row_number": "238"
      }
    },
    {
      "type": "Feature",
      "geometry": {
        "type": "Point",
        "coordinates": [
          -0.431735867492527,
          51.06254505732598
        ]
      },
      "properties": {
        "row_number": "238"
      }
    },
    {
      "type": "Feature",
      "geometry": {
        "type": "LineString",
        "coordinates": [
          [
            -0.432114259330629,
            51.06086056035495
          ],
          [
            -0.432097595440502,
            51.06092952740746
          ],
          [
            -0.432084396940609,
            51.06098329462869
          ],
          [
            -0.432071746573794,
            51.06103680235622
          ],
          [
            -0.432059122437798,
            51.06108992727049
          ],
          [
            -0.432046114615499,
            51.06114343183107
          ],
          [
            -0.432032819597972,
            51.06119677196938
          ],
          [
            -0.43202039023913,
            51.06124986298244
          ],
          [
            -0.432006884823104,
            51.06130334307495
          ],
          [
            -0.431994550854597,
            51.06135578851491
          ],
          [
            -0.431981438688125,
            51.06140934914612
          ],
          [
            -0.43196836795397,
            51.06146271272183
          ],
          [
            -0.431955302609503,
            51.06151566210987
          ],
          [
            -0.431941520966297,
            51.06156936479481
          ],
          [
            -0.431928891399045,
            51.06162213879038
          ],
          [
            -0.431915724673335,
            51.06167650041043
          ],
          [
            -0.431903002764189,
            51.06172977435005
          ],
          [
            -0.431890270564614,
            51.06178201337915
          ],
          [
            -0.431876702304659,
            51.06183649342239
          ],
          [
            -0.431864364270844,
            51.06188963504137
          ],
          [
            -0.43185131648775,
            51.06194289033123
          ],
          [
            -0.431838303920187,
            51.06199555031704
          ],
          [
            -0.431825001004857,
            51.06204929492753
          ],
          [
            -0.431811885784687,
            51.06210236101872
          ],
          [
            -0.43179922825894,
            51.0621560820113
          ],
          [
            -0.431785796628452,
            51.06220928094284
          ],
          [
            -0.431772864691871,
            51.06226271425442
          ],
          [
            -0.431759817168689,
            51.06231609333206
          ],
          [
            -0.431747422572959,
            51.06236994167212
          ],
          [
            -0.431734478409738,
            51.06242197519018
          ],
          [
            -0.431720948363894,
            51.06247610299625
          ],
          [
            -0.431704816470673,
            51.0625427574431
          ]
        ]
      },
      "properties": {
        "row_number": "239"
      }
    },
    {
      "type": "Feature",
      "geometry": {
        "type": "Point",
        "coordinates": [
          -0.432114259330629,
          51.06086056035495
        ]
      },
      "properties": {
        "row_number": "239"
      }
    },
    {
      "type": "Feature",
      "geometry": {
        "type": "Point",
        "coordinates": [
          -0.432097595440502,
          51.06092952740746
        ]
      },
      "properties": {
        "row_number": "239"
      }
    },
    {
      "type": "Feature",
      "geometry": {
        "type": "Point",
        "coordinates": [
          -0.432084396940609,
          51.06098329462869
        ]
      },
      "properties": {
        "row_number": "239"
      }
    },
    {
      "type": "Feature",
      "geometry": {
        "type": "Point",
        "coordinates": [
          -0.432071746573794,
          51.06103680235622
        ]
      },
      "properties": {
        "row_number": "239"
      }
    },
    {
      "type": "Feature",
      "geometry": {
        "type": "Point",
        "coordinates": [
          -0.432059122437798,
          51.06108992727049
        ]
      },
      "properties": {
        "row_number": "239"
      }
    },
    {
      "type": "Feature",
      "geometry": {
        "type": "Point",
        "coordinates": [
          -0.432046114615499,
          51.06114343183107
        ]
      },
      "properties": {
        "row_number": "239"
      }
    },
    {
      "type": "Feature",
      "geometry": {
        "type": "Point",
        "coordinates": [
          -0.432032819597972,
          51.06119677196938
        ]
      },
      "properties": {
        "row_number": "239"
      }
    },
    {
      "type": "Feature",
      "geometry": {
        "type": "Point",
        "coordinates": [
          -0.43202039023913,
          51.06124986298244
        ]
      },
      "properties": {
        "row_number": "239"
      }
    },
    {
      "type": "Feature",
      "geometry": {
        "type": "Point",
        "coordinates": [
          -0.432006884823104,
          51.06130334307495
        ]
      },
      "properties": {
        "row_number": "239"
      }
    },
    {
      "type": "Feature",
      "geometry": {
        "type": "Point",
        "coordinates": [
          -0.431994550854597,
          51.06135578851491
        ]
      },
      "properties": {
        "row_number": "239"
      }
    },
    {
      "type": "Feature",
      "geometry": {
        "type": "Point",
        "coordinates": [
          -0.431981438688125,
          51.06140934914612
        ]
      },
      "properties": {
        "row_number": "239"
      }
    },
    {
      "type": "Feature",
      "geometry": {
        "type": "Point",
        "coordinates": [
          -0.43196836795397,
          51.06146271272183
        ]
      },
      "properties": {
        "row_number": "239"
      }
    },
    {
      "type": "Feature",
      "geometry": {
        "type": "Point",
        "coordinates": [
          -0.431955302609503,
          51.06151566210987
        ]
      },
      "properties": {
        "row_number": "239"
      }
    },
    {
      "type": "Feature",
      "geometry": {
        "type": "Point",
        "coordinates": [
          -0.431941520966297,
          51.06156936479481
        ]
      },
      "properties": {
        "row_number": "239"
      }
    },
    {
      "type": "Feature",
      "geometry": {
        "type": "Point",
        "coordinates": [
          -0.431928891399045,
          51.06162213879038
        ]
      },
      "properties": {
        "row_number": "239"
      }
    },
    {
      "type": "Feature",
      "geometry": {
        "type": "Point",
        "coordinates": [
          -0.431915724673335,
          51.06167650041043
        ]
      },
      "properties": {
        "row_number": "239"
      }
    },
    {
      "type": "Feature",
      "geometry": {
        "type": "Point",
        "coordinates": [
          -0.431903002764189,
          51.06172977435005
        ]
      },
      "properties": {
        "row_number": "239"
      }
    },
    {
      "type": "Feature",
      "geometry": {
        "type": "Point",
        "coordinates": [
          -0.431890270564614,
          51.06178201337915
        ]
      },
      "properties": {
        "row_number": "239"
      }
    },
    {
      "type": "Feature",
      "geometry": {
        "type": "Point",
        "coordinates": [
          -0.431876702304659,
          51.06183649342239
        ]
      },
      "properties": {
        "row_number": "239"
      }
    },
    {
      "type": "Feature",
      "geometry": {
        "type": "Point",
        "coordinates": [
          -0.431864364270844,
          51.06188963504137
        ]
      },
      "properties": {
        "row_number": "239"
      }
    },
    {
      "type": "Feature",
      "geometry": {
        "type": "Point",
        "coordinates": [
          -0.43185131648775,
          51.06194289033123
        ]
      },
      "properties": {
        "row_number": "239"
      }
    },
    {
      "type": "Feature",
      "geometry": {
        "type": "Point",
        "coordinates": [
          -0.431838303920187,
          51.06199555031704
        ]
      },
      "properties": {
        "row_number": "239"
      }
    },
    {
      "type": "Feature",
      "geometry": {
        "type": "Point",
        "coordinates": [
          -0.431825001004857,
          51.06204929492753
        ]
      },
      "properties": {
        "row_number": "239"
      }
    },
    {
      "type": "Feature",
      "geometry": {
        "type": "Point",
        "coordinates": [
          -0.431811885784687,
          51.06210236101872
        ]
      },
      "properties": {
        "row_number": "239"
      }
    },
    {
      "type": "Feature",
      "geometry": {
        "type": "Point",
        "coordinates": [
          -0.43179922825894,
          51.0621560820113
        ]
      },
      "properties": {
        "row_number": "239"
      }
    },
    {
      "type": "Feature",
      "geometry": {
        "type": "Point",
        "coordinates": [
          -0.431785796628452,
          51.06220928094284
        ]
      },
      "properties": {
        "row_number": "239"
      }
    },
    {
      "type": "Feature",
      "geometry": {
        "type": "Point",
        "coordinates": [
          -0.431772864691871,
          51.06226271425442
        ]
      },
      "properties": {
        "row_number": "239"
      }
    },
    {
      "type": "Feature",
      "geometry": {
        "type": "Point",
        "coordinates": [
          -0.431759817168689,
          51.06231609333206
        ]
      },
      "properties": {
        "row_number": "239"
      }
    },
    {
      "type": "Feature",
      "geometry": {
        "type": "Point",
        "coordinates": [
          -0.431747422572959,
          51.06236994167212
        ]
      },
      "properties": {
        "row_number": "239"
      }
    },
    {
      "type": "Feature",
      "geometry": {
        "type": "Point",
        "coordinates": [
          -0.431734478409738,
          51.06242197519018
        ]
      },
      "properties": {
        "row_number": "239"
      }
    },
    {
      "type": "Feature",
      "geometry": {
        "type": "Point",
        "coordinates": [
          -0.431720948363894,
          51.06247610299625
        ]
      },
      "properties": {
        "row_number": "239"
      }
    },
    {
      "type": "Feature",
      "geometry": {
        "type": "Point",
        "coordinates": [
          -0.431704816470673,
          51.0625427574431
        ]
      },
      "properties": {
        "row_number": "239"
      }
    },
    {
      "type": "Feature",
      "geometry": {
        "type": "LineString",
        "coordinates": [
          [
            -0.432083608942342,
            51.06085897211636
          ],
          [
            -0.432067261288931,
            51.06092726360383
          ],
          [
            -0.432053817016376,
            51.0609801990672
          ],
          [
            -0.432041026816017,
            51.06103397388284
          ],
          [
            -0.432028592723581,
            51.06108633125532
          ],
          [
            -0.432015097275462,
            51.06114036788681
          ],
          [
            -0.432002291155558,
            51.06119394208641
          ],
          [
            -0.431989060124547,
            51.06124645712976
          ],
          [
            -0.43197645692796,
            51.06130020009105
          ],
          [
            -0.431963485981324,
            51.06135340238397
          ],
          [
            -0.431950245387702,
            51.06140694216774
          ],
          [
            -0.431937072634074,
            51.06145977027091
          ],
          [
            -0.431924030148403,
            51.06151357106925
          ],
          [
            -0.43191162938081,
            51.06156643487886
          ],
          [
            -0.431898132972979,
            51.06161985565366
          ],
          [
            -0.431885584287608,
            51.06167320174633
          ],
          [
            -0.43187233633879,
            51.06172692788299
          ],
          [
            -0.431859422780567,
            51.06177965547692
          ],
          [
            -0.431846246832974,
            51.0618337907834
          ],
          [
            -0.431832219980155,
            51.06188637773798
          ],
          [
            -0.431820121352495,
            51.06193995752719
          ],
          [
            -0.431807401482978,
            51.0619919819169
          ],
          [
            -0.431794065652817,
            51.06204600413848
          ],
          [
            -0.431781200231929,
            51.06209955599424
          ],
          [
            -0.431768814370093,
            51.06215304322636
          ],
          [
            -0.431755245320209,
            51.06220624275614
          ],
          [
            -0.431742228300247,
            51.06225990589935
          ],
          [
            -0.431728997534924,
            51.06231270655727
          ],
          [
            -0.431716046146442,
            51.06236667087137
          ],
          [
            -0.431703624694995,
            51.0624189608454
          ],
          [
            -0.431690614355609,
            51.06247277838211
          ],
          [
            -0.431672408937116,
            51.06254301645443
          ]
        ]
      },
      "properties": {
        "row_number": "240"
      }
    },
    {
      "type": "Feature",
      "geometry": {
        "type": "Point",
        "coordinates": [
          -0.432083608942342,
          51.06085897211636
        ]
      },
      "properties": {
        "row_number": "240"
      }
    },
    {
      "type": "Feature",
      "geometry": {
        "type": "Point",
        "coordinates": [
          -0.432067261288931,
          51.06092726360383
        ]
      },
      "properties": {
        "row_number": "240"
      }
    },
    {
      "type": "Feature",
      "geometry": {
        "type": "Point",
        "coordinates": [
          -0.432053817016376,
          51.0609801990672
        ]
      },
      "properties": {
        "row_number": "240"
      }
    },
    {
      "type": "Feature",
      "geometry": {
        "type": "Point",
        "coordinates": [
          -0.432041026816017,
          51.06103397388284
        ]
      },
      "properties": {
        "row_number": "240"
      }
    },
    {
      "type": "Feature",
      "geometry": {
        "type": "Point",
        "coordinates": [
          -0.432028592723581,
          51.06108633125532
        ]
      },
      "properties": {
        "row_number": "240"
      }
    },
    {
      "type": "Feature",
      "geometry": {
        "type": "Point",
        "coordinates": [
          -0.432015097275462,
          51.06114036788681
        ]
      },
      "properties": {
        "row_number": "240"
      }
    },
    {
      "type": "Feature",
      "geometry": {
        "type": "Point",
        "coordinates": [
          -0.432002291155558,
          51.06119394208641
        ]
      },
      "properties": {
        "row_number": "240"
      }
    },
    {
      "type": "Feature",
      "geometry": {
        "type": "Point",
        "coordinates": [
          -0.431989060124547,
          51.06124645712976
        ]
      },
      "properties": {
        "row_number": "240"
      }
    },
    {
      "type": "Feature",
      "geometry": {
        "type": "Point",
        "coordinates": [
          -0.43197645692796,
          51.06130020009105
        ]
      },
      "properties": {
        "row_number": "240"
      }
    },
    {
      "type": "Feature",
      "geometry": {
        "type": "Point",
        "coordinates": [
          -0.431963485981324,
          51.06135340238397
        ]
      },
      "properties": {
        "row_number": "240"
      }
    },
    {
      "type": "Feature",
      "geometry": {
        "type": "Point",
        "coordinates": [
          -0.431950245387702,
          51.06140694216774
        ]
      },
      "properties": {
        "row_number": "240"
      }
    },
    {
      "type": "Feature",
      "geometry": {
        "type": "Point",
        "coordinates": [
          -0.431937072634074,
          51.06145977027091
        ]
      },
      "properties": {
        "row_number": "240"
      }
    },
    {
      "type": "Feature",
      "geometry": {
        "type": "Point",
        "coordinates": [
          -0.431924030148403,
          51.06151357106925
        ]
      },
      "properties": {
        "row_number": "240"
      }
    },
    {
      "type": "Feature",
      "geometry": {
        "type": "Point",
        "coordinates": [
          -0.43191162938081,
          51.06156643487886
        ]
      },
      "properties": {
        "row_number": "240"
      }
    },
    {
      "type": "Feature",
      "geometry": {
        "type": "Point",
        "coordinates": [
          -0.431898132972979,
          51.06161985565366
        ]
      },
      "properties": {
        "row_number": "240"
      }
    },
    {
      "type": "Feature",
      "geometry": {
        "type": "Point",
        "coordinates": [
          -0.431885584287608,
          51.06167320174633
        ]
      },
      "properties": {
        "row_number": "240"
      }
    },
    {
      "type": "Feature",
      "geometry": {
        "type": "Point",
        "coordinates": [
          -0.43187233633879,
          51.06172692788299
        ]
      },
      "properties": {
        "row_number": "240"
      }
    },
    {
      "type": "Feature",
      "geometry": {
        "type": "Point",
        "coordinates": [
          -0.431859422780567,
          51.06177965547692
        ]
      },
      "properties": {
        "row_number": "240"
      }
    },
    {
      "type": "Feature",
      "geometry": {
        "type": "Point",
        "coordinates": [
          -0.431846246832974,
          51.0618337907834
        ]
      },
      "properties": {
        "row_number": "240"
      }
    },
    {
      "type": "Feature",
      "geometry": {
        "type": "Point",
        "coordinates": [
          -0.431832219980155,
          51.06188637773798
        ]
      },
      "properties": {
        "row_number": "240"
      }
    },
    {
      "type": "Feature",
      "geometry": {
        "type": "Point",
        "coordinates": [
          -0.431820121352495,
          51.06193995752719
        ]
      },
      "properties": {
        "row_number": "240"
      }
    },
    {
      "type": "Feature",
      "geometry": {
        "type": "Point",
        "coordinates": [
          -0.431807401482978,
          51.0619919819169
        ]
      },
      "properties": {
        "row_number": "240"
      }
    },
    {
      "type": "Feature",
      "geometry": {
        "type": "Point",
        "coordinates": [
          -0.431794065652817,
          51.06204600413848
        ]
      },
      "properties": {
        "row_number": "240"
      }
    },
    {
      "type": "Feature",
      "geometry": {
        "type": "Point",
        "coordinates": [
          -0.431781200231929,
          51.06209955599424
        ]
      },
      "properties": {
        "row_number": "240"
      }
    },
    {
      "type": "Feature",
      "geometry": {
        "type": "Point",
        "coordinates": [
          -0.431768814370093,
          51.06215304322636
        ]
      },
      "properties": {
        "row_number": "240"
      }
    },
    {
      "type": "Feature",
      "geometry": {
        "type": "Point",
        "coordinates": [
          -0.431755245320209,
          51.06220624275614
        ]
      },
      "properties": {
        "row_number": "240"
      }
    },
    {
      "type": "Feature",
      "geometry": {
        "type": "Point",
        "coordinates": [
          -0.431742228300247,
          51.06225990589935
        ]
      },
      "properties": {
        "row_number": "240"
      }
    },
    {
      "type": "Feature",
      "geometry": {
        "type": "Point",
        "coordinates": [
          -0.431728997534924,
          51.06231270655727
        ]
      },
      "properties": {
        "row_number": "240"
      }
    },
    {
      "type": "Feature",
      "geometry": {
        "type": "Point",
        "coordinates": [
          -0.431716046146442,
          51.06236667087137
        ]
      },
      "properties": {
        "row_number": "240"
      }
    },
    {
      "type": "Feature",
      "geometry": {
        "type": "Point",
        "coordinates": [
          -0.431703624694995,
          51.0624189608454
        ]
      },
      "properties": {
        "row_number": "240"
      }
    },
    {
      "type": "Feature",
      "geometry": {
        "type": "Point",
        "coordinates": [
          -0.431690614355609,
          51.06247277838211
        ]
      },
      "properties": {
        "row_number": "240"
      }
    },
    {
      "type": "Feature",
      "geometry": {
        "type": "Point",
        "coordinates": [
          -0.431672408937116,
          51.06254301645443
        ]
      },
      "properties": {
        "row_number": "240"
      }
    },
    {
      "type": "Feature",
      "geometry": {
        "type": "LineString",
        "coordinates": [
          [
            -0.43205407291248,
            51.06085525672965
          ],
          [
            -0.432036861364054,
            51.06092397226882
          ],
          [
            -0.432023640142716,
            51.06097749318892
          ],
          [
            -0.43201068064584,
            51.0610308478415
          ],
          [
            -0.431997708542489,
            51.06108379959644
          ],
          [
            -0.431984033581125,
            51.06113698600308
          ],
          [
            -0.431971100152357,
            51.06119060613689
          ],
          [
            -0.431958507856112,
            51.06124407899375
          ],
          [
            -0.431945245434091,
            51.061297131326
          ],
          [
            -0.431932369870056,
            51.0613505342076
          ],
          [
            -0.431919300089598,
            51.06140392361673
          ],
          [
            -0.431906314811066,
            51.06145685396248
          ],
          [
            -0.431893222208424,
            51.06151056426784
          ],
          [
            -0.431880482521019,
            51.06156364495097
          ],
          [
            -0.43186741801702,
            51.06161704155587
          ],
          [
            -0.43185387567837,
            51.06167040388898
          ],
          [
            -0.431841543561402,
            51.06172371302917
          ],
          [
            -0.431828006008543,
            51.06177677477524
          ],
          [
            -0.431814928640135,
            51.06183071212742
          ],
          [
            -0.431802067449662,
            51.06188376807574
          ],
          [
            -0.431789080756921,
            51.06193656908982
          ],
          [
            -0.431776089087861,
            51.06199002074361
          ],
          [
            -0.431762802029347,
            51.0620432363785
          ],
          [
            -0.43175024692679,
            51.06209706990874
          ],
          [
            -0.431737291000738,
            51.06214994824812
          ],
          [
            -0.431723815217509,
            51.0622032580433
          ],
          [
            -0.431711021385834,
            51.06225660461434
          ],
          [
            -0.431698126953992,
            51.06230981399556
          ],
          [
            -0.431685440313694,
            51.06236360507963
          ],
          [
            -0.431672360243767,
            51.06241607816742
          ],
          [
            -0.431659077949322,
            51.06246999249119
          ],
          [
            -0.431641009963095,
            51.06254493564903
          ]
        ]
      },
      "properties": {
        "row_number": "241"
      }
    },
    {
      "type": "Feature",
      "geometry": {
        "type": "Point",
        "coordinates": [
          -0.43205407291248,
          51.06085525672965
        ]
      },
      "properties": {
        "row_number": "241"
      }
    },
    {
      "type": "Feature",
      "geometry": {
        "type": "Point",
        "coordinates": [
          -0.432036861364054,
          51.06092397226882
        ]
      },
      "properties": {
        "row_number": "241"
      }
    },
    {
      "type": "Feature",
      "geometry": {
        "type": "Point",
        "coordinates": [
          -0.432023640142716,
          51.06097749318892
        ]
      },
      "properties": {
        "row_number": "241"
      }
    },
    {
      "type": "Feature",
      "geometry": {
        "type": "Point",
        "coordinates": [
          -0.43201068064584,
          51.0610308478415
        ]
      },
      "properties": {
        "row_number": "241"
      }
    },
    {
      "type": "Feature",
      "geometry": {
        "type": "Point",
        "coordinates": [
          -0.431997708542489,
          51.06108379959644
        ]
      },
      "properties": {
        "row_number": "241"
      }
    },
    {
      "type": "Feature",
      "geometry": {
        "type": "Point",
        "coordinates": [
          -0.431984033581125,
          51.06113698600308
        ]
      },
      "properties": {
        "row_number": "241"
      }
    },
    {
      "type": "Feature",
      "geometry": {
        "type": "Point",
        "coordinates": [
          -0.431971100152357,
          51.06119060613689
        ]
      },
      "properties": {
        "row_number": "241"
      }
    },
    {
      "type": "Feature",
      "geometry": {
        "type": "Point",
        "coordinates": [
          -0.431958507856112,
          51.06124407899375
        ]
      },
      "properties": {
        "row_number": "241"
      }
    },
    {
      "type": "Feature",
      "geometry": {
        "type": "Point",
        "coordinates": [
          -0.431945245434091,
          51.061297131326
        ]
      },
      "properties": {
        "row_number": "241"
      }
    },
    {
      "type": "Feature",
      "geometry": {
        "type": "Point",
        "coordinates": [
          -0.431932369870056,
          51.0613505342076
        ]
      },
      "properties": {
        "row_number": "241"
      }
    },
    {
      "type": "Feature",
      "geometry": {
        "type": "Point",
        "coordinates": [
          -0.431919300089598,
          51.06140392361673
        ]
      },
      "properties": {
        "row_number": "241"
      }
    },
    {
      "type": "Feature",
      "geometry": {
        "type": "Point",
        "coordinates": [
          -0.431906314811066,
          51.06145685396248
        ]
      },
      "properties": {
        "row_number": "241"
      }
    },
    {
      "type": "Feature",
      "geometry": {
        "type": "Point",
        "coordinates": [
          -0.431893222208424,
          51.06151056426784
        ]
      },
      "properties": {
        "row_number": "241"
      }
    },
    {
      "type": "Feature",
      "geometry": {
        "type": "Point",
        "coordinates": [
          -0.431880482521019,
          51.06156364495097
        ]
      },
      "properties": {
        "row_number": "241"
      }
    },
    {
      "type": "Feature",
      "geometry": {
        "type": "Point",
        "coordinates": [
          -0.43186741801702,
          51.06161704155587
        ]
      },
      "properties": {
        "row_number": "241"
      }
    },
    {
      "type": "Feature",
      "geometry": {
        "type": "Point",
        "coordinates": [
          -0.43185387567837,
          51.06167040388898
        ]
      },
      "properties": {
        "row_number": "241"
      }
    },
    {
      "type": "Feature",
      "geometry": {
        "type": "Point",
        "coordinates": [
          -0.431841543561402,
          51.06172371302917
        ]
      },
      "properties": {
        "row_number": "241"
      }
    },
    {
      "type": "Feature",
      "geometry": {
        "type": "Point",
        "coordinates": [
          -0.431828006008543,
          51.06177677477524
        ]
      },
      "properties": {
        "row_number": "241"
      }
    },
    {
      "type": "Feature",
      "geometry": {
        "type": "Point",
        "coordinates": [
          -0.431814928640135,
          51.06183071212742
        ]
      },
      "properties": {
        "row_number": "241"
      }
    },
    {
      "type": "Feature",
      "geometry": {
        "type": "Point",
        "coordinates": [
          -0.431802067449662,
          51.06188376807574
        ]
      },
      "properties": {
        "row_number": "241"
      }
    },
    {
      "type": "Feature",
      "geometry": {
        "type": "Point",
        "coordinates": [
          -0.431789080756921,
          51.06193656908982
        ]
      },
      "properties": {
        "row_number": "241"
      }
    },
    {
      "type": "Feature",
      "geometry": {
        "type": "Point",
        "coordinates": [
          -0.431776089087861,
          51.06199002074361
        ]
      },
      "properties": {
        "row_number": "241"
      }
    },
    {
      "type": "Feature",
      "geometry": {
        "type": "Point",
        "coordinates": [
          -0.431762802029347,
          51.0620432363785
        ]
      },
      "properties": {
        "row_number": "241"
      }
    },
    {
      "type": "Feature",
      "geometry": {
        "type": "Point",
        "coordinates": [
          -0.43175024692679,
          51.06209706990874
        ]
      },
      "properties": {
        "row_number": "241"
      }
    },
    {
      "type": "Feature",
      "geometry": {
        "type": "Point",
        "coordinates": [
          -0.431737291000738,
          51.06214994824812
        ]
      },
      "properties": {
        "row_number": "241"
      }
    },
    {
      "type": "Feature",
      "geometry": {
        "type": "Point",
        "coordinates": [
          -0.431723815217509,
          51.0622032580433
        ]
      },
      "properties": {
        "row_number": "241"
      }
    },
    {
      "type": "Feature",
      "geometry": {
        "type": "Point",
        "coordinates": [
          -0.431711021385834,
          51.06225660461434
        ]
      },
      "properties": {
        "row_number": "241"
      }
    },
    {
      "type": "Feature",
      "geometry": {
        "type": "Point",
        "coordinates": [
          -0.431698126953992,
          51.06230981399556
        ]
      },
      "properties": {
        "row_number": "241"
      }
    },
    {
      "type": "Feature",
      "geometry": {
        "type": "Point",
        "coordinates": [
          -0.431685440313694,
          51.06236360507963
        ]
      },
      "properties": {
        "row_number": "241"
      }
    },
    {
      "type": "Feature",
      "geometry": {
        "type": "Point",
        "coordinates": [
          -0.431672360243767,
          51.06241607816742
        ]
      },
      "properties": {
        "row_number": "241"
      }
    },
    {
      "type": "Feature",
      "geometry": {
        "type": "Point",
        "coordinates": [
          -0.431659077949322,
          51.06246999249119
        ]
      },
      "properties": {
        "row_number": "241"
      }
    },
    {
      "type": "Feature",
      "geometry": {
        "type": "Point",
        "coordinates": [
          -0.431641009963095,
          51.06254493564903
        ]
      },
      "properties": {
        "row_number": "241"
      }
    },
    {
      "type": "Feature",
      "geometry": {
        "type": "LineString",
        "coordinates": [
          [
            -0.432022189165797,
            51.06085326892857
          ],
          [
            -0.432005632353516,
            51.06092119880481
          ],
          [
            -0.431991785784245,
            51.06097495232837
          ],
          [
            -0.431978960013459,
            51.0610279456226
          ],
          [
            -0.431966186233685,
            51.0610807805093
          ],
          [
            -0.431953334468653,
            51.06113408843405
          ],
          [
            -0.431940001465372,
            51.06118801435734
          ],
          [
            -0.431927074322975,
            51.06124101290853
          ],
          [
            -0.431913957928365,
            51.06129432149447
          ],
          [
            -0.431901389921909,
            51.06134781340749
          ],
          [
            -0.431888348985698,
            51.06140078770756
          ],
          [
            -0.431875308635918,
            51.06145407463016
          ],
          [
            -0.431862711456339,
            51.0615073429826
          ],
          [
            -0.431849314437465,
            51.06156090207421
          ],
          [
            -0.431836521745819,
            51.06161388541176
          ],
          [
            -0.431823404214957,
            51.06166738514916
          ],
          [
            -0.431810383185562,
            51.06172118411716
          ],
          [
            -0.431797506859817,
            51.06177372279973
          ],
          [
            -0.431784246125206,
            51.06182776088098
          ],
          [
            -0.431771439478663,
            51.06188052051964
          ],
          [
            -0.431758773222519,
            51.06193404878122
          ],
          [
            -0.431745788254438,
            51.06198674188973
          ],
          [
            -0.431732691828195,
            51.06204018815902
          ],
          [
            -0.431719829818797,
            51.06209367722057
          ],
          [
            -0.431706663481637,
            51.06214711458226
          ],
          [
            -0.431694417471571,
            51.06220043253915
          ],
          [
            -0.431680289718144,
            51.06225408922045
          ],
          [
            -0.431667736604535,
            51.06230638743709
          ],
          [
            -0.43165378940534,
            51.06236063802734
          ],
          [
            -0.431641727921008,
            51.06241337459046
          ],
          [
            -0.431628192598745,
            51.06246724395164
          ],
          [
            -0.431614825898599,
            51.06252007672855
          ],
          [
            -0.431609135560398,
            51.06254567359685
          ]
        ]
      },
      "properties": {
        "row_number": "242"
      }
    },
    {
      "type": "Feature",
      "geometry": {
        "type": "Point",
        "coordinates": [
          -0.432022189165797,
          51.06085326892857
        ]
      },
      "properties": {
        "row_number": "242"
      }
    },
    {
      "type": "Feature",
      "geometry": {
        "type": "Point",
        "coordinates": [
          -0.432005632353516,
          51.06092119880481
        ]
      },
      "properties": {
        "row_number": "242"
      }
    },
    {
      "type": "Feature",
      "geometry": {
        "type": "Point",
        "coordinates": [
          -0.431991785784245,
          51.06097495232837
        ]
      },
      "properties": {
        "row_number": "242"
      }
    },
    {
      "type": "Feature",
      "geometry": {
        "type": "Point",
        "coordinates": [
          -0.431978960013459,
          51.0610279456226
        ]
      },
      "properties": {
        "row_number": "242"
      }
    },
    {
      "type": "Feature",
      "geometry": {
        "type": "Point",
        "coordinates": [
          -0.431966186233685,
          51.0610807805093
        ]
      },
      "properties": {
        "row_number": "242"
      }
    },
    {
      "type": "Feature",
      "geometry": {
        "type": "Point",
        "coordinates": [
          -0.431953334468653,
          51.06113408843405
        ]
      },
      "properties": {
        "row_number": "242"
      }
    },
    {
      "type": "Feature",
      "geometry": {
        "type": "Point",
        "coordinates": [
          -0.431940001465372,
          51.06118801435734
        ]
      },
      "properties": {
        "row_number": "242"
      }
    },
    {
      "type": "Feature",
      "geometry": {
        "type": "Point",
        "coordinates": [
          -0.431927074322975,
          51.06124101290853
        ]
      },
      "properties": {
        "row_number": "242"
      }
    },
    {
      "type": "Feature",
      "geometry": {
        "type": "Point",
        "coordinates": [
          -0.431913957928365,
          51.06129432149447
        ]
      },
      "properties": {
        "row_number": "242"
      }
    },
    {
      "type": "Feature",
      "geometry": {
        "type": "Point",
        "coordinates": [
          -0.431901389921909,
          51.06134781340749
        ]
      },
      "properties": {
        "row_number": "242"
      }
    },
    {
      "type": "Feature",
      "geometry": {
        "type": "Point",
        "coordinates": [
          -0.431888348985698,
          51.06140078770756
        ]
      },
      "properties": {
        "row_number": "242"
      }
    },
    {
      "type": "Feature",
      "geometry": {
        "type": "Point",
        "coordinates": [
          -0.431875308635918,
          51.06145407463016
        ]
      },
      "properties": {
        "row_number": "242"
      }
    },
    {
      "type": "Feature",
      "geometry": {
        "type": "Point",
        "coordinates": [
          -0.431862711456339,
          51.0615073429826
        ]
      },
      "properties": {
        "row_number": "242"
      }
    },
    {
      "type": "Feature",
      "geometry": {
        "type": "Point",
        "coordinates": [
          -0.431849314437465,
          51.06156090207421
        ]
      },
      "properties": {
        "row_number": "242"
      }
    },
    {
      "type": "Feature",
      "geometry": {
        "type": "Point",
        "coordinates": [
          -0.431836521745819,
          51.06161388541176
        ]
      },
      "properties": {
        "row_number": "242"
      }
    },
    {
      "type": "Feature",
      "geometry": {
        "type": "Point",
        "coordinates": [
          -0.431823404214957,
          51.06166738514916
        ]
      },
      "properties": {
        "row_number": "242"
      }
    },
    {
      "type": "Feature",
      "geometry": {
        "type": "Point",
        "coordinates": [
          -0.431810383185562,
          51.06172118411716
        ]
      },
      "properties": {
        "row_number": "242"
      }
    },
    {
      "type": "Feature",
      "geometry": {
        "type": "Point",
        "coordinates": [
          -0.431797506859817,
          51.06177372279973
        ]
      },
      "properties": {
        "row_number": "242"
      }
    },
    {
      "type": "Feature",
      "geometry": {
        "type": "Point",
        "coordinates": [
          -0.431784246125206,
          51.06182776088098
        ]
      },
      "properties": {
        "row_number": "242"
      }
    },
    {
      "type": "Feature",
      "geometry": {
        "type": "Point",
        "coordinates": [
          -0.431771439478663,
          51.06188052051964
        ]
      },
      "properties": {
        "row_number": "242"
      }
    },
    {
      "type": "Feature",
      "geometry": {
        "type": "Point",
        "coordinates": [
          -0.431758773222519,
          51.06193404878122
        ]
      },
      "properties": {
        "row_number": "242"
      }
    },
    {
      "type": "Feature",
      "geometry": {
        "type": "Point",
        "coordinates": [
          -0.431745788254438,
          51.06198674188973
        ]
      },
      "properties": {
        "row_number": "242"
      }
    },
    {
      "type": "Feature",
      "geometry": {
        "type": "Point",
        "coordinates": [
          -0.431732691828195,
          51.06204018815902
        ]
      },
      "properties": {
        "row_number": "242"
      }
    },
    {
      "type": "Feature",
      "geometry": {
        "type": "Point",
        "coordinates": [
          -0.431719829818797,
          51.06209367722057
        ]
      },
      "properties": {
        "row_number": "242"
      }
    },
    {
      "type": "Feature",
      "geometry": {
        "type": "Point",
        "coordinates": [
          -0.431706663481637,
          51.06214711458226
        ]
      },
      "properties": {
        "row_number": "242"
      }
    },
    {
      "type": "Feature",
      "geometry": {
        "type": "Point",
        "coordinates": [
          -0.431694417471571,
          51.06220043253915
        ]
      },
      "properties": {
        "row_number": "242"
      }
    },
    {
      "type": "Feature",
      "geometry": {
        "type": "Point",
        "coordinates": [
          -0.431680289718144,
          51.06225408922045
        ]
      },
      "properties": {
        "row_number": "242"
      }
    },
    {
      "type": "Feature",
      "geometry": {
        "type": "Point",
        "coordinates": [
          -0.431667736604535,
          51.06230638743709
        ]
      },
      "properties": {
        "row_number": "242"
      }
    },
    {
      "type": "Feature",
      "geometry": {
        "type": "Point",
        "coordinates": [
          -0.43165378940534,
          51.06236063802734
        ]
      },
      "properties": {
        "row_number": "242"
      }
    },
    {
      "type": "Feature",
      "geometry": {
        "type": "Point",
        "coordinates": [
          -0.431641727921008,
          51.06241337459046
        ]
      },
      "properties": {
        "row_number": "242"
      }
    },
    {
      "type": "Feature",
      "geometry": {
        "type": "Point",
        "coordinates": [
          -0.431628192598745,
          51.06246724395164
        ]
      },
      "properties": {
        "row_number": "242"
      }
    },
    {
      "type": "Feature",
      "geometry": {
        "type": "Point",
        "coordinates": [
          -0.431614825898599,
          51.06252007672855
        ]
      },
      "properties": {
        "row_number": "242"
      }
    },
    {
      "type": "Feature",
      "geometry": {
        "type": "Point",
        "coordinates": [
          -0.431609135560398,
          51.06254567359685
        ]
      },
      "properties": {
        "row_number": "242"
      }
    },
    {
      "type": "Feature",
      "geometry": {
        "type": "LineString",
        "coordinates": [
          [
            -0.431989410396518,
            51.06085416639303
          ],
          [
            -0.431973925214522,
            51.06091820153346
          ],
          [
            -0.431960611345554,
            51.06097179919037
          ],
          [
            -0.431947274336217,
            51.06102496710169
          ],
          [
            -0.431935237578847,
            51.06107776398435
          ],
          [
            -0.431922373746367,
            51.06113120123853
          ],
          [
            -0.431909081639792,
            51.06118519833797
          ],
          [
            -0.431896027789631,
            51.06123805729781
          ],
          [
            -0.431882924565266,
            51.0612913997075
          ],
          [
            -0.43187014737432,
            51.06134463612682
          ],
          [
            -0.431857430342113,
            51.06139789351892
          ],
          [
            -0.431844138403283,
            51.06145136578701
          ],
          [
            -0.4318313466085,
            51.06150428465057
          ],
          [
            -0.431818735181937,
            51.06155771933122
          ],
          [
            -0.431804794948729,
            51.06161061299311
          ],
          [
            -0.431791283002467,
            51.06166434829348
          ],
          [
            -0.431778826868443,
            51.06171786984839
          ],
          [
            -0.431765925191636,
            51.06177097260194
          ],
          [
            -0.431752924663722,
            51.06182469999939
          ],
          [
            -0.431739958584532,
            51.06187751893434
          ],
          [
            -0.431726708437372,
            51.06193102319484
          ],
          [
            -0.431713896828538,
            51.06198402583611
          ],
          [
            -0.4317016554098,
            51.06203719604367
          ],
          [
            -0.431687976259128,
            51.06209070446676
          ],
          [
            -0.431674889650111,
            51.06214436958435
          ],
          [
            -0.431662335534464,
            51.0621974917015
          ],
          [
            -0.431648659254755,
            51.06225093423709
          ],
          [
            -0.431636504632307,
            51.06230297124728
          ],
          [
            -0.431623396667213,
            51.06235719821979
          ],
          [
            -0.431610452490983,
            51.06241044839142
          ],
          [
            -0.431597569284661,
            51.06246433370847
          ],
          [
            -0.43158403809781,
            51.06251713708949
          ],
          [
            -0.431576950457175,
            51.0625453082015
          ]
        ]
      },
      "properties": {
        "row_number": "243"
      }
    },
    {
      "type": "Feature",
      "geometry": {
        "type": "Point",
        "coordinates": [
          -0.431989410396518,
          51.06085416639303
        ]
      },
      "properties": {
        "row_number": "243"
      }
    },
    {
      "type": "Feature",
      "geometry": {
        "type": "Point",
        "coordinates": [
          -0.431973925214522,
          51.06091820153346
        ]
      },
      "properties": {
        "row_number": "243"
      }
    },
    {
      "type": "Feature",
      "geometry": {
        "type": "Point",
        "coordinates": [
          -0.431960611345554,
          51.06097179919037
        ]
      },
      "properties": {
        "row_number": "243"
      }
    },
    {
      "type": "Feature",
      "geometry": {
        "type": "Point",
        "coordinates": [
          -0.431947274336217,
          51.06102496710169
        ]
      },
      "properties": {
        "row_number": "243"
      }
    },
    {
      "type": "Feature",
      "geometry": {
        "type": "Point",
        "coordinates": [
          -0.431935237578847,
          51.06107776398435
        ]
      },
      "properties": {
        "row_number": "243"
      }
    },
    {
      "type": "Feature",
      "geometry": {
        "type": "Point",
        "coordinates": [
          -0.431922373746367,
          51.06113120123853
        ]
      },
      "properties": {
        "row_number": "243"
      }
    },
    {
      "type": "Feature",
      "geometry": {
        "type": "Point",
        "coordinates": [
          -0.431909081639792,
          51.06118519833797
        ]
      },
      "properties": {
        "row_number": "243"
      }
    },
    {
      "type": "Feature",
      "geometry": {
        "type": "Point",
        "coordinates": [
          -0.431896027789631,
          51.06123805729781
        ]
      },
      "properties": {
        "row_number": "243"
      }
    },
    {
      "type": "Feature",
      "geometry": {
        "type": "Point",
        "coordinates": [
          -0.431882924565266,
          51.0612913997075
        ]
      },
      "properties": {
        "row_number": "243"
      }
    },
    {
      "type": "Feature",
      "geometry": {
        "type": "Point",
        "coordinates": [
          -0.43187014737432,
          51.06134463612682
        ]
      },
      "properties": {
        "row_number": "243"
      }
    },
    {
      "type": "Feature",
      "geometry": {
        "type": "Point",
        "coordinates": [
          -0.431857430342113,
          51.06139789351892
        ]
      },
      "properties": {
        "row_number": "243"
      }
    },
    {
      "type": "Feature",
      "geometry": {
        "type": "Point",
        "coordinates": [
          -0.431844138403283,
          51.06145136578701
        ]
      },
      "properties": {
        "row_number": "243"
      }
    },
    {
      "type": "Feature",
      "geometry": {
        "type": "Point",
        "coordinates": [
          -0.4318313466085,
          51.06150428465057
        ]
      },
      "properties": {
        "row_number": "243"
      }
    },
    {
      "type": "Feature",
      "geometry": {
        "type": "Point",
        "coordinates": [
          -0.431818735181937,
          51.06155771933122
        ]
      },
      "properties": {
        "row_number": "243"
      }
    },
    {
      "type": "Feature",
      "geometry": {
        "type": "Point",
        "coordinates": [
          -0.431804794948729,
          51.06161061299311
        ]
      },
      "properties": {
        "row_number": "243"
      }
    },
    {
      "type": "Feature",
      "geometry": {
        "type": "Point",
        "coordinates": [
          -0.431791283002467,
          51.06166434829348
        ]
      },
      "properties": {
        "row_number": "243"
      }
    },
    {
      "type": "Feature",
      "geometry": {
        "type": "Point",
        "coordinates": [
          -0.431778826868443,
          51.06171786984839
        ]
      },
      "properties": {
        "row_number": "243"
      }
    },
    {
      "type": "Feature",
      "geometry": {
        "type": "Point",
        "coordinates": [
          -0.431765925191636,
          51.06177097260194
        ]
      },
      "properties": {
        "row_number": "243"
      }
    },
    {
      "type": "Feature",
      "geometry": {
        "type": "Point",
        "coordinates": [
          -0.431752924663722,
          51.06182469999939
        ]
      },
      "properties": {
        "row_number": "243"
      }
    },
    {
      "type": "Feature",
      "geometry": {
        "type": "Point",
        "coordinates": [
          -0.431739958584532,
          51.06187751893434
        ]
      },
      "properties": {
        "row_number": "243"
      }
    },
    {
      "type": "Feature",
      "geometry": {
        "type": "Point",
        "coordinates": [
          -0.431726708437372,
          51.06193102319484
        ]
      },
      "properties": {
        "row_number": "243"
      }
    },
    {
      "type": "Feature",
      "geometry": {
        "type": "Point",
        "coordinates": [
          -0.431713896828538,
          51.06198402583611
        ]
      },
      "properties": {
        "row_number": "243"
      }
    },
    {
      "type": "Feature",
      "geometry": {
        "type": "Point",
        "coordinates": [
          -0.4317016554098,
          51.06203719604367
        ]
      },
      "properties": {
        "row_number": "243"
      }
    },
    {
      "type": "Feature",
      "geometry": {
        "type": "Point",
        "coordinates": [
          -0.431687976259128,
          51.06209070446676
        ]
      },
      "properties": {
        "row_number": "243"
      }
    },
    {
      "type": "Feature",
      "geometry": {
        "type": "Point",
        "coordinates": [
          -0.431674889650111,
          51.06214436958435
        ]
      },
      "properties": {
        "row_number": "243"
      }
    },
    {
      "type": "Feature",
      "geometry": {
        "type": "Point",
        "coordinates": [
          -0.431662335534464,
          51.0621974917015
        ]
      },
      "properties": {
        "row_number": "243"
      }
    },
    {
      "type": "Feature",
      "geometry": {
        "type": "Point",
        "coordinates": [
          -0.431648659254755,
          51.06225093423709
        ]
      },
      "properties": {
        "row_number": "243"
      }
    },
    {
      "type": "Feature",
      "geometry": {
        "type": "Point",
        "coordinates": [
          -0.431636504632307,
          51.06230297124728
        ]
      },
      "properties": {
        "row_number": "243"
      }
    },
    {
      "type": "Feature",
      "geometry": {
        "type": "Point",
        "coordinates": [
          -0.431623396667213,
          51.06235719821979
        ]
      },
      "properties": {
        "row_number": "243"
      }
    },
    {
      "type": "Feature",
      "geometry": {
        "type": "Point",
        "coordinates": [
          -0.431610452490983,
          51.06241044839142
        ]
      },
      "properties": {
        "row_number": "243"
      }
    },
    {
      "type": "Feature",
      "geometry": {
        "type": "Point",
        "coordinates": [
          -0.431597569284661,
          51.06246433370847
        ]
      },
      "properties": {
        "row_number": "243"
      }
    },
    {
      "type": "Feature",
      "geometry": {
        "type": "Point",
        "coordinates": [
          -0.43158403809781,
          51.06251713708949
        ]
      },
      "properties": {
        "row_number": "243"
      }
    },
    {
      "type": "Feature",
      "geometry": {
        "type": "Point",
        "coordinates": [
          -0.431576950457175,
          51.0625453082015
        ]
      },
      "properties": {
        "row_number": "243"
      }
    },
    {
      "type": "Feature",
      "geometry": {
        "type": "LineString",
        "coordinates": [
          [
            -0.431957683030903,
            51.06085357430237
          ],
          [
            -0.431942707252806,
            51.06091530365212
          ],
          [
            -0.43193040407457,
            51.06096859929323
          ],
          [
            -0.431917073504162,
            51.06102116125956
          ],
          [
            -0.431903770770727,
            51.0610748667192
          ],
          [
            -0.431890893617004,
            51.06112836990368
          ],
          [
            -0.431877836026535,
            51.06118202685021
          ],
          [
            -0.431865032212306,
            51.06123520263579
          ],
          [
            -0.431852284339589,
            51.06128843044842
          ],
          [
            -0.431838926266521,
            51.06134165775322
          ],
          [
            -0.431826478922965,
            51.06139504863007
          ],
          [
            -0.431813841967503,
            51.06144791878081
          ],
          [
            -0.431800632268269,
            51.06150149900854
          ],
          [
            -0.431787446835363,
            51.06155542665948
          ],
          [
            -0.431774172306947,
            51.06160774049614
          ],
          [
            -0.431761476897143,
            51.06166150565599
          ],
          [
            -0.431748158512368,
            51.06171478521448
          ],
          [
            -0.431735238953905,
            51.06176799428131
          ],
          [
            -0.431721958525348,
            51.06182191687866
          ],
          [
            -0.431709201874093,
            51.06187469492095
          ],
          [
            -0.43169691826912,
            51.06192812549467
          ],
          [
            -0.43168328542083,
            51.06198080547925
          ],
          [
            -0.43166982569002,
            51.06203426040845
          ],
          [
            -0.431656408944006,
            51.06208776898926
          ],
          [
            -0.431644465632866,
            51.0621407873213
          ],
          [
            -0.431631341155481,
            51.06219423312773
          ],
          [
            -0.431618147419217,
            51.06224789995843
          ],
          [
            -0.431605592897435,
            51.06230071528866
          ],
          [
            -0.431592350147079,
            51.06235463143876
          ],
          [
            -0.43157945242325,
            51.06240733715047
          ],
          [
            -0.431566753012707,
            51.06246137877797
          ],
          [
            -0.43155348555977,
            51.0625142804732
          ],
          [
            -0.431545870267633,
            51.06254479843359
          ]
        ]
      },
      "properties": {
        "row_number": "244"
      }
    },
    {
      "type": "Feature",
      "geometry": {
        "type": "Point",
        "coordinates": [
          -0.431957683030903,
          51.06085357430237
        ]
      },
      "properties": {
        "row_number": "244"
      }
    },
    {
      "type": "Feature",
      "geometry": {
        "type": "Point",
        "coordinates": [
          -0.431942707252806,
          51.06091530365212
        ]
      },
      "properties": {
        "row_number": "244"
      }
    },
    {
      "type": "Feature",
      "geometry": {
        "type": "Point",
        "coordinates": [
          -0.43193040407457,
          51.06096859929323
        ]
      },
      "properties": {
        "row_number": "244"
      }
    },
    {
      "type": "Feature",
      "geometry": {
        "type": "Point",
        "coordinates": [
          -0.431917073504162,
          51.06102116125956
        ]
      },
      "properties": {
        "row_number": "244"
      }
    },
    {
      "type": "Feature",
      "geometry": {
        "type": "Point",
        "coordinates": [
          -0.431903770770727,
          51.0610748667192
        ]
      },
      "properties": {
        "row_number": "244"
      }
    },
    {
      "type": "Feature",
      "geometry": {
        "type": "Point",
        "coordinates": [
          -0.431890893617004,
          51.06112836990368
        ]
      },
      "properties": {
        "row_number": "244"
      }
    },
    {
      "type": "Feature",
      "geometry": {
        "type": "Point",
        "coordinates": [
          -0.431877836026535,
          51.06118202685021
        ]
      },
      "properties": {
        "row_number": "244"
      }
    },
    {
      "type": "Feature",
      "geometry": {
        "type": "Point",
        "coordinates": [
          -0.431865032212306,
          51.06123520263579
        ]
      },
      "properties": {
        "row_number": "244"
      }
    },
    {
      "type": "Feature",
      "geometry": {
        "type": "Point",
        "coordinates": [
          -0.431852284339589,
          51.06128843044842
        ]
      },
      "properties": {
        "row_number": "244"
      }
    },
    {
      "type": "Feature",
      "geometry": {
        "type": "Point",
        "coordinates": [
          -0.431838926266521,
          51.06134165775322
        ]
      },
      "properties": {
        "row_number": "244"
      }
    },
    {
      "type": "Feature",
      "geometry": {
        "type": "Point",
        "coordinates": [
          -0.431826478922965,
          51.06139504863007
        ]
      },
      "properties": {
        "row_number": "244"
      }
    },
    {
      "type": "Feature",
      "geometry": {
        "type": "Point",
        "coordinates": [
          -0.431813841967503,
          51.06144791878081
        ]
      },
      "properties": {
        "row_number": "244"
      }
    },
    {
      "type": "Feature",
      "geometry": {
        "type": "Point",
        "coordinates": [
          -0.431800632268269,
          51.06150149900854
        ]
      },
      "properties": {
        "row_number": "244"
      }
    },
    {
      "type": "Feature",
      "geometry": {
        "type": "Point",
        "coordinates": [
          -0.431787446835363,
          51.06155542665948
        ]
      },
      "properties": {
        "row_number": "244"
      }
    },
    {
      "type": "Feature",
      "geometry": {
        "type": "Point",
        "coordinates": [
          -0.431774172306947,
          51.06160774049614
        ]
      },
      "properties": {
        "row_number": "244"
      }
    },
    {
      "type": "Feature",
      "geometry": {
        "type": "Point",
        "coordinates": [
          -0.431761476897143,
          51.06166150565599
        ]
      },
      "properties": {
        "row_number": "244"
      }
    },
    {
      "type": "Feature",
      "geometry": {
        "type": "Point",
        "coordinates": [
          -0.431748158512368,
          51.06171478521448
        ]
      },
      "properties": {
        "row_number": "244"
      }
    },
    {
      "type": "Feature",
      "geometry": {
        "type": "Point",
        "coordinates": [
          -0.431735238953905,
          51.06176799428131
        ]
      },
      "properties": {
        "row_number": "244"
      }
    },
    {
      "type": "Feature",
      "geometry": {
        "type": "Point",
        "coordinates": [
          -0.431721958525348,
          51.06182191687866
        ]
      },
      "properties": {
        "row_number": "244"
      }
    },
    {
      "type": "Feature",
      "geometry": {
        "type": "Point",
        "coordinates": [
          -0.431709201874093,
          51.06187469492095
        ]
      },
      "properties": {
        "row_number": "244"
      }
    },
    {
      "type": "Feature",
      "geometry": {
        "type": "Point",
        "coordinates": [
          -0.43169691826912,
          51.06192812549467
        ]
      },
      "properties": {
        "row_number": "244"
      }
    },
    {
      "type": "Feature",
      "geometry": {
        "type": "Point",
        "coordinates": [
          -0.43168328542083,
          51.06198080547925
        ]
      },
      "properties": {
        "row_number": "244"
      }
    },
    {
      "type": "Feature",
      "geometry": {
        "type": "Point",
        "coordinates": [
          -0.43166982569002,
          51.06203426040845
        ]
      },
      "properties": {
        "row_number": "244"
      }
    },
    {
      "type": "Feature",
      "geometry": {
        "type": "Point",
        "coordinates": [
          -0.431656408944006,
          51.06208776898926
        ]
      },
      "properties": {
        "row_number": "244"
      }
    },
    {
      "type": "Feature",
      "geometry": {
        "type": "Point",
        "coordinates": [
          -0.431644465632866,
          51.0621407873213
        ]
      },
      "properties": {
        "row_number": "244"
      }
    },
    {
      "type": "Feature",
      "geometry": {
        "type": "Point",
        "coordinates": [
          -0.431631341155481,
          51.06219423312773
        ]
      },
      "properties": {
        "row_number": "244"
      }
    },
    {
      "type": "Feature",
      "geometry": {
        "type": "Point",
        "coordinates": [
          -0.431618147419217,
          51.06224789995843
        ]
      },
      "properties": {
        "row_number": "244"
      }
    },
    {
      "type": "Feature",
      "geometry": {
        "type": "Point",
        "coordinates": [
          -0.431605592897435,
          51.06230071528866
        ]
      },
      "properties": {
        "row_number": "244"
      }
    },
    {
      "type": "Feature",
      "geometry": {
        "type": "Point",
        "coordinates": [
          -0.431592350147079,
          51.06235463143876
        ]
      },
      "properties": {
        "row_number": "244"
      }
    },
    {
      "type": "Feature",
      "geometry": {
        "type": "Point",
        "coordinates": [
          -0.43157945242325,
          51.06240733715047
        ]
      },
      "properties": {
        "row_number": "244"
      }
    },
    {
      "type": "Feature",
      "geometry": {
        "type": "Point",
        "coordinates": [
          -0.431566753012707,
          51.06246137877797
        ]
      },
      "properties": {
        "row_number": "244"
      }
    },
    {
      "type": "Feature",
      "geometry": {
        "type": "Point",
        "coordinates": [
          -0.43155348555977,
          51.0625142804732
        ]
      },
      "properties": {
        "row_number": "244"
      }
    },
    {
      "type": "Feature",
      "geometry": {
        "type": "Point",
        "coordinates": [
          -0.431545870267633,
          51.06254479843359
        ]
      },
      "properties": {
        "row_number": "244"
      }
    },
    {
      "type": "Feature",
      "geometry": {
        "type": "LineString",
        "coordinates": [
          [
            -0.431924309085536,
            51.06085651676388
          ],
          [
            -0.431910710066625,
            51.06091216944503
          ],
          [
            -0.431898220199165,
            51.06096530296993
          ],
          [
            -0.431885512796035,
            51.06101895978852
          ],
          [
            -0.431872497926033,
            51.06107198168963
          ],
          [
            -0.431859474277394,
            51.06112491376079
          ],
          [
            -0.431845868907563,
            51.06117898889393
          ],
          [
            -0.431833231814551,
            51.06123215554557
          ],
          [
            -0.431820352481311,
            51.06128536653818
          ],
          [
            -0.431807644069149,
            51.06133848683794
          ],
          [
            -0.431794059253217,
            51.06139177704654
          ],
          [
            -0.431781426677251,
            51.06144451129443
          ],
          [
            -0.43176842001976,
            51.06149852136261
          ],
          [
            -0.43175545867836,
            51.06155166846197
          ],
          [
            -0.431742967236479,
            51.06160481290062
          ],
          [
            -0.43172932529848,
            51.06165852279288
          ],
          [
            -0.431716106334656,
            51.06171177935024
          ],
          [
            -0.431703126673151,
            51.06176486490543
          ],
          [
            -0.431690114671914,
            51.06181812386851
          ],
          [
            -0.431677106319339,
            51.06187185425353
          ],
          [
            -0.431664113755355,
            51.06192490882183
          ],
          [
            -0.431651575405916,
            51.06197754840336
          ],
          [
            -0.431638691390781,
            51.06203128180753
          ],
          [
            -0.431625366955326,
            51.06208459743588
          ],
          [
            -0.431612237790291,
            51.06213750318015
          ],
          [
            -0.431599510282403,
            51.06219100796551
          ],
          [
            -0.43158657447216,
            51.06224493206594
          ],
          [
            -0.43157386474411,
            51.06229810953073
          ],
          [
            -0.431560465774736,
            51.06235165373584
          ],
          [
            -0.431547603302509,
            51.06240431064707
          ],
          [
            -0.431534248366212,
            51.06245875280185
          ],
          [
            -0.431522200693453,
            51.06251091856991
          ],
          [
            -0.431513615524717,
            51.06254683772393
          ]
        ]
      },
      "properties": {
        "row_number": "245"
      }
    },
    {
      "type": "Feature",
      "geometry": {
        "type": "Point",
        "coordinates": [
          -0.431924309085536,
          51.06085651676388
        ]
      },
      "properties": {
        "row_number": "245"
      }
    },
    {
      "type": "Feature",
      "geometry": {
        "type": "Point",
        "coordinates": [
          -0.431910710066625,
          51.06091216944503
        ]
      },
      "properties": {
        "row_number": "245"
      }
    },
    {
      "type": "Feature",
      "geometry": {
        "type": "Point",
        "coordinates": [
          -0.431898220199165,
          51.06096530296993
        ]
      },
      "properties": {
        "row_number": "245"
      }
    },
    {
      "type": "Feature",
      "geometry": {
        "type": "Point",
        "coordinates": [
          -0.431885512796035,
          51.06101895978852
        ]
      },
      "properties": {
        "row_number": "245"
      }
    },
    {
      "type": "Feature",
      "geometry": {
        "type": "Point",
        "coordinates": [
          -0.431872497926033,
          51.06107198168963
        ]
      },
      "properties": {
        "row_number": "245"
      }
    },
    {
      "type": "Feature",
      "geometry": {
        "type": "Point",
        "coordinates": [
          -0.431859474277394,
          51.06112491376079
        ]
      },
      "properties": {
        "row_number": "245"
      }
    },
    {
      "type": "Feature",
      "geometry": {
        "type": "Point",
        "coordinates": [
          -0.431845868907563,
          51.06117898889393
        ]
      },
      "properties": {
        "row_number": "245"
      }
    },
    {
      "type": "Feature",
      "geometry": {
        "type": "Point",
        "coordinates": [
          -0.431833231814551,
          51.06123215554557
        ]
      },
      "properties": {
        "row_number": "245"
      }
    },
    {
      "type": "Feature",
      "geometry": {
        "type": "Point",
        "coordinates": [
          -0.431820352481311,
          51.06128536653818
        ]
      },
      "properties": {
        "row_number": "245"
      }
    },
    {
      "type": "Feature",
      "geometry": {
        "type": "Point",
        "coordinates": [
          -0.431807644069149,
          51.06133848683794
        ]
      },
      "properties": {
        "row_number": "245"
      }
    },
    {
      "type": "Feature",
      "geometry": {
        "type": "Point",
        "coordinates": [
          -0.431794059253217,
          51.06139177704654
        ]
      },
      "properties": {
        "row_number": "245"
      }
    },
    {
      "type": "Feature",
      "geometry": {
        "type": "Point",
        "coordinates": [
          -0.431781426677251,
          51.06144451129443
        ]
      },
      "properties": {
        "row_number": "245"
      }
    },
    {
      "type": "Feature",
      "geometry": {
        "type": "Point",
        "coordinates": [
          -0.43176842001976,
          51.06149852136261
        ]
      },
      "properties": {
        "row_number": "245"
      }
    },
    {
      "type": "Feature",
      "geometry": {
        "type": "Point",
        "coordinates": [
          -0.43175545867836,
          51.06155166846197
        ]
      },
      "properties": {
        "row_number": "245"
      }
    },
    {
      "type": "Feature",
      "geometry": {
        "type": "Point",
        "coordinates": [
          -0.431742967236479,
          51.06160481290062
        ]
      },
      "properties": {
        "row_number": "245"
      }
    },
    {
      "type": "Feature",
      "geometry": {
        "type": "Point",
        "coordinates": [
          -0.43172932529848,
          51.06165852279288
        ]
      },
      "properties": {
        "row_number": "245"
      }
    },
    {
      "type": "Feature",
      "geometry": {
        "type": "Point",
        "coordinates": [
          -0.431716106334656,
          51.06171177935024
        ]
      },
      "properties": {
        "row_number": "245"
      }
    },
    {
      "type": "Feature",
      "geometry": {
        "type": "Point",
        "coordinates": [
          -0.431703126673151,
          51.06176486490543
        ]
      },
      "properties": {
        "row_number": "245"
      }
    },
    {
      "type": "Feature",
      "geometry": {
        "type": "Point",
        "coordinates": [
          -0.431690114671914,
          51.06181812386851
        ]
      },
      "properties": {
        "row_number": "245"
      }
    },
    {
      "type": "Feature",
      "geometry": {
        "type": "Point",
        "coordinates": [
          -0.431677106319339,
          51.06187185425353
        ]
      },
      "properties": {
        "row_number": "245"
      }
    },
    {
      "type": "Feature",
      "geometry": {
        "type": "Point",
        "coordinates": [
          -0.431664113755355,
          51.06192490882183
        ]
      },
      "properties": {
        "row_number": "245"
      }
    },
    {
      "type": "Feature",
      "geometry": {
        "type": "Point",
        "coordinates": [
          -0.431651575405916,
          51.06197754840336
        ]
      },
      "properties": {
        "row_number": "245"
      }
    },
    {
      "type": "Feature",
      "geometry": {
        "type": "Point",
        "coordinates": [
          -0.431638691390781,
          51.06203128180753
        ]
      },
      "properties": {
        "row_number": "245"
      }
    },
    {
      "type": "Feature",
      "geometry": {
        "type": "Point",
        "coordinates": [
          -0.431625366955326,
          51.06208459743588
        ]
      },
      "properties": {
        "row_number": "245"
      }
    },
    {
      "type": "Feature",
      "geometry": {
        "type": "Point",
        "coordinates": [
          -0.431612237790291,
          51.06213750318015
        ]
      },
      "properties": {
        "row_number": "245"
      }
    },
    {
      "type": "Feature",
      "geometry": {
        "type": "Point",
        "coordinates": [
          -0.431599510282403,
          51.06219100796551
        ]
      },
      "properties": {
        "row_number": "245"
      }
    },
    {
      "type": "Feature",
      "geometry": {
        "type": "Point",
        "coordinates": [
          -0.43158657447216,
          51.06224493206594
        ]
      },
      "properties": {
        "row_number": "245"
      }
    },
    {
      "type": "Feature",
      "geometry": {
        "type": "Point",
        "coordinates": [
          -0.43157386474411,
          51.06229810953073
        ]
      },
      "properties": {
        "row_number": "245"
      }
    },
    {
      "type": "Feature",
      "geometry": {
        "type": "Point",
        "coordinates": [
          -0.431560465774736,
          51.06235165373584
        ]
      },
      "properties": {
        "row_number": "245"
      }
    },
    {
      "type": "Feature",
      "geometry": {
        "type": "Point",
        "coordinates": [
          -0.431547603302509,
          51.06240431064707
        ]
      },
      "properties": {
        "row_number": "245"
      }
    },
    {
      "type": "Feature",
      "geometry": {
        "type": "Point",
        "coordinates": [
          -0.431534248366212,
          51.06245875280185
        ]
      },
      "properties": {
        "row_number": "245"
      }
    },
    {
      "type": "Feature",
      "geometry": {
        "type": "Point",
        "coordinates": [
          -0.431522200693453,
          51.06251091856991
        ]
      },
      "properties": {
        "row_number": "245"
      }
    },
    {
      "type": "Feature",
      "geometry": {
        "type": "Point",
        "coordinates": [
          -0.431513615524717,
          51.06254683772393
        ]
      },
      "properties": {
        "row_number": "245"
      }
    },
    {
      "type": "Feature",
      "geometry": {
        "type": "LineString",
        "coordinates": [
          [
            -0.431893282554532,
            51.06085619151622
          ],
          [
            -0.431880052167466,
            51.06090883454279
          ],
          [
            -0.431866623839816,
            51.06096253518097
          ],
          [
            -0.431853750178539,
            51.0610153089353
          ],
          [
            -0.431840454652879,
            51.06106852398962
          ],
          [
            -0.431827567090102,
            51.06112252079289
          ],
          [
            -0.431814520718039,
            51.06117568258362
          ],
          [
            -0.431801469380528,
            51.06122919838177
          ],
          [
            -0.43178880316753,
            51.06128234898122
          ],
          [
            -0.431775598559003,
            51.0613357099507
          ],
          [
            -0.431762838969838,
            51.06138867261943
          ],
          [
            -0.431749327022237,
            51.06144215537633
          ],
          [
            -0.431736710446753,
            51.06149506938638
          ],
          [
            -0.431723888739017,
            51.06154840544367
          ],
          [
            -0.431711128839141,
            51.06160158534703
          ],
          [
            -0.43169778853372,
            51.06165541999414
          ],
          [
            -0.431684579648495,
            51.0617089253028
          ],
          [
            -0.431671863339968,
            51.06176193417969
          ],
          [
            -0.431658458208883,
            51.06181526369393
          ],
          [
            -0.431645983866844,
            51.06186898124786
          ],
          [
            -0.43163305914701,
            51.0619219813799
          ],
          [
            -0.431620414906155,
            51.0619749539617
          ],
          [
            -0.431607172424344,
            51.0620283332861
          ],
          [
            -0.431594317640107,
            51.06208159238064
          ],
          [
            -0.431581247563746,
            51.06213536598437
          ],
          [
            -0.431568125559982,
            51.06218803014308
          ],
          [
            -0.431554720996823,
            51.06224187134862
          ],
          [
            -0.431541933617547,
            51.06229466720099
          ],
          [
            -0.431528847143423,
            51.06234873715066
          ],
          [
            -0.431516270427714,
            51.06240117771771
          ],
          [
            -0.431502981850775,
            51.06245505536278
          ],
          [
            -0.431489642213441,
            51.06250805215002
          ],
          [
            -0.43148054427194,
            51.06254622380065
          ]
        ]
      },
      "properties": {
        "row_number": "246"
      }
    },
    {
      "type": "Feature",
      "geometry": {
        "type": "Point",
        "coordinates": [
          -0.431893282554532,
          51.06085619151622
        ]
      },
      "properties": {
        "row_number": "246"
      }
    },
    {
      "type": "Feature",
      "geometry": {
        "type": "Point",
        "coordinates": [
          -0.431880052167466,
          51.06090883454279
        ]
      },
      "properties": {
        "row_number": "246"
      }
    },
    {
      "type": "Feature",
      "geometry": {
        "type": "Point",
        "coordinates": [
          -0.431866623839816,
          51.06096253518097
        ]
      },
      "properties": {
        "row_number": "246"
      }
    },
    {
      "type": "Feature",
      "geometry": {
        "type": "Point",
        "coordinates": [
          -0.431853750178539,
          51.0610153089353
        ]
      },
      "properties": {
        "row_number": "246"
      }
    },
    {
      "type": "Feature",
      "geometry": {
        "type": "Point",
        "coordinates": [
          -0.431840454652879,
          51.06106852398962
        ]
      },
      "properties": {
        "row_number": "246"
      }
    },
    {
      "type": "Feature",
      "geometry": {
        "type": "Point",
        "coordinates": [
          -0.431827567090102,
          51.06112252079289
        ]
      },
      "properties": {
        "row_number": "246"
      }
    },
    {
      "type": "Feature",
      "geometry": {
        "type": "Point",
        "coordinates": [
          -0.431814520718039,
          51.06117568258362
        ]
      },
      "properties": {
        "row_number": "246"
      }
    },
    {
      "type": "Feature",
      "geometry": {
        "type": "Point",
        "coordinates": [
          -0.431801469380528,
          51.06122919838177
        ]
      },
      "properties": {
        "row_number": "246"
      }
    },
    {
      "type": "Feature",
      "geometry": {
        "type": "Point",
        "coordinates": [
          -0.43178880316753,
          51.06128234898122
        ]
      },
      "properties": {
        "row_number": "246"
      }
    },
    {
      "type": "Feature",
      "geometry": {
        "type": "Point",
        "coordinates": [
          -0.431775598559003,
          51.0613357099507
        ]
      },
      "properties": {
        "row_number": "246"
      }
    },
    {
      "type": "Feature",
      "geometry": {
        "type": "Point",
        "coordinates": [
          -0.431762838969838,
          51.06138867261943
        ]
      },
      "properties": {
        "row_number": "246"
      }
    },
    {
      "type": "Feature",
      "geometry": {
        "type": "Point",
        "coordinates": [
          -0.431749327022237,
          51.06144215537633
        ]
      },
      "properties": {
        "row_number": "246"
      }
    },
    {
      "type": "Feature",
      "geometry": {
        "type": "Point",
        "coordinates": [
          -0.431736710446753,
          51.06149506938638
        ]
      },
      "properties": {
        "row_number": "246"
      }
    },
    {
      "type": "Feature",
      "geometry": {
        "type": "Point",
        "coordinates": [
          -0.431723888739017,
          51.06154840544367
        ]
      },
      "properties": {
        "row_number": "246"
      }
    },
    {
      "type": "Feature",
      "geometry": {
        "type": "Point",
        "coordinates": [
          -0.431711128839141,
          51.06160158534703
        ]
      },
      "properties": {
        "row_number": "246"
      }
    },
    {
      "type": "Feature",
      "geometry": {
        "type": "Point",
        "coordinates": [
          -0.43169778853372,
          51.06165541999414
        ]
      },
      "properties": {
        "row_number": "246"
      }
    },
    {
      "type": "Feature",
      "geometry": {
        "type": "Point",
        "coordinates": [
          -0.431684579648495,
          51.0617089253028
        ]
      },
      "properties": {
        "row_number": "246"
      }
    },
    {
      "type": "Feature",
      "geometry": {
        "type": "Point",
        "coordinates": [
          -0.431671863339968,
          51.06176193417969
        ]
      },
      "properties": {
        "row_number": "246"
      }
    },
    {
      "type": "Feature",
      "geometry": {
        "type": "Point",
        "coordinates": [
          -0.431658458208883,
          51.06181526369393
        ]
      },
      "properties": {
        "row_number": "246"
      }
    },
    {
      "type": "Feature",
      "geometry": {
        "type": "Point",
        "coordinates": [
          -0.431645983866844,
          51.06186898124786
        ]
      },
      "properties": {
        "row_number": "246"
      }
    },
    {
      "type": "Feature",
      "geometry": {
        "type": "Point",
        "coordinates": [
          -0.43163305914701,
          51.0619219813799
        ]
      },
      "properties": {
        "row_number": "246"
      }
    },
    {
      "type": "Feature",
      "geometry": {
        "type": "Point",
        "coordinates": [
          -0.431620414906155,
          51.0619749539617
        ]
      },
      "properties": {
        "row_number": "246"
      }
    },
    {
      "type": "Feature",
      "geometry": {
        "type": "Point",
        "coordinates": [
          -0.431607172424344,
          51.0620283332861
        ]
      },
      "properties": {
        "row_number": "246"
      }
    },
    {
      "type": "Feature",
      "geometry": {
        "type": "Point",
        "coordinates": [
          -0.431594317640107,
          51.06208159238064
        ]
      },
      "properties": {
        "row_number": "246"
      }
    },
    {
      "type": "Feature",
      "geometry": {
        "type": "Point",
        "coordinates": [
          -0.431581247563746,
          51.06213536598437
        ]
      },
      "properties": {
        "row_number": "246"
      }
    },
    {
      "type": "Feature",
      "geometry": {
        "type": "Point",
        "coordinates": [
          -0.431568125559982,
          51.06218803014308
        ]
      },
      "properties": {
        "row_number": "246"
      }
    },
    {
      "type": "Feature",
      "geometry": {
        "type": "Point",
        "coordinates": [
          -0.431554720996823,
          51.06224187134862
        ]
      },
      "properties": {
        "row_number": "246"
      }
    },
    {
      "type": "Feature",
      "geometry": {
        "type": "Point",
        "coordinates": [
          -0.431541933617547,
          51.06229466720099
        ]
      },
      "properties": {
        "row_number": "246"
      }
    },
    {
      "type": "Feature",
      "geometry": {
        "type": "Point",
        "coordinates": [
          -0.431528847143423,
          51.06234873715066
        ]
      },
      "properties": {
        "row_number": "246"
      }
    },
    {
      "type": "Feature",
      "geometry": {
        "type": "Point",
        "coordinates": [
          -0.431516270427714,
          51.06240117771771
        ]
      },
      "properties": {
        "row_number": "246"
      }
    },
    {
      "type": "Feature",
      "geometry": {
        "type": "Point",
        "coordinates": [
          -0.431502981850775,
          51.06245505536278
        ]
      },
      "properties": {
        "row_number": "246"
      }
    },
    {
      "type": "Feature",
      "geometry": {
        "type": "Point",
        "coordinates": [
          -0.431489642213441,
          51.06250805215002
        ]
      },
      "properties": {
        "row_number": "246"
      }
    },
    {
      "type": "Feature",
      "geometry": {
        "type": "Point",
        "coordinates": [
          -0.43148054427194,
          51.06254622380065
        ]
      },
      "properties": {
        "row_number": "246"
      }
    },
    {
      "type": "Feature",
      "geometry": {
        "type": "LineString",
        "coordinates": [
          [
            -0.431861249199044,
            51.06085678252258
          ],
          [
            -0.431848864179873,
            51.06090642002501
          ],
          [
            -0.431835935835239,
            51.06095951245138
          ],
          [
            -0.431823186890459,
            51.06101248061832
          ],
          [
            -0.431809666303329,
            51.06106584290942
          ],
          [
            -0.431797098131625,
            51.06111917778238
          ],
          [
            -0.431783579220955,
            51.06117279935952
          ],
          [
            -0.431770309622035,
            51.06122600297572
          ],
          [
            -0.431757444024388,
            51.06127934615039
          ],
          [
            -0.431744989298717,
            51.06133230980897
          ],
          [
            -0.431732713073441,
            51.06138592246604
          ],
          [
            -0.431718997252382,
            51.06143907460585
          ],
          [
            -0.431706274227908,
            51.06149196526235
          ],
          [
            -0.431693656021308,
            51.06154494314718
          ],
          [
            -0.431680477020198,
            51.06159833287858
          ],
          [
            -0.431667135358063,
            51.06165216947624
          ],
          [
            -0.431653914989882,
            51.06170552986539
          ],
          [
            -0.431641119944039,
            51.06175874217247
          ],
          [
            -0.431628146542806,
            51.06181221098169
          ],
          [
            -0.431615196462938,
            51.06186596474417
          ],
          [
            -0.431602000351574,
            51.0619187774541
          ],
          [
            -0.431589132777368,
            51.06197196673903
          ],
          [
            -0.431575969228897,
            51.0620253714303
          ],
          [
            -0.431562948367408,
            51.06207892360339
          ],
          [
            -0.431550195884818,
            51.0621320306456
          ],
          [
            -0.431536774719459,
            51.06218517031023
          ],
          [
            -0.431523982250495,
            51.06223893322363
          ],
          [
            -0.4315115269302,
            51.06229178035762
          ],
          [
            -0.431497939426897,
            51.06234537199643
          ],
          [
            -0.431484590569517,
            51.06239851536282
          ],
          [
            -0.431472340505714,
            51.06245204787824
          ],
          [
            -0.431459195141317,
            51.06250540821111
          ],
          [
            -0.431449631628475,
            51.0625467121521
          ]
        ]
      },
      "properties": {
        "row_number": "247"
      }
    },
    {
      "type": "Feature",
      "geometry": {
        "type": "Point",
        "coordinates": [
          -0.431861249199044,
          51.06085678252258
        ]
      },
      "properties": {
        "row_number": "247"
      }
    },
    {
      "type": "Feature",
      "geometry": {
        "type": "Point",
        "coordinates": [
          -0.431848864179873,
          51.06090642002501
        ]
      },
      "properties": {
        "row_number": "247"
      }
    },
    {
      "type": "Feature",
      "geometry": {
        "type": "Point",
        "coordinates": [
          -0.431835935835239,
          51.06095951245138
        ]
      },
      "properties": {
        "row_number": "247"
      }
    },
    {
      "type": "Feature",
      "geometry": {
        "type": "Point",
        "coordinates": [
          -0.431823186890459,
          51.06101248061832
        ]
      },
      "properties": {
        "row_number": "247"
      }
    },
    {
      "type": "Feature",
      "geometry": {
        "type": "Point",
        "coordinates": [
          -0.431809666303329,
          51.06106584290942
        ]
      },
      "properties": {
        "row_number": "247"
      }
    },
    {
      "type": "Feature",
      "geometry": {
        "type": "Point",
        "coordinates": [
          -0.431797098131625,
          51.06111917778238
        ]
      },
      "properties": {
        "row_number": "247"
      }
    },
    {
      "type": "Feature",
      "geometry": {
        "type": "Point",
        "coordinates": [
          -0.431783579220955,
          51.06117279935952
        ]
      },
      "properties": {
        "row_number": "247"
      }
    },
    {
      "type": "Feature",
      "geometry": {
        "type": "Point",
        "coordinates": [
          -0.431770309622035,
          51.06122600297572
        ]
      },
      "properties": {
        "row_number": "247"
      }
    },
    {
      "type": "Feature",
      "geometry": {
        "type": "Point",
        "coordinates": [
          -0.431757444024388,
          51.06127934615039
        ]
      },
      "properties": {
        "row_number": "247"
      }
    },
    {
      "type": "Feature",
      "geometry": {
        "type": "Point",
        "coordinates": [
          -0.431744989298717,
          51.06133230980897
        ]
      },
      "properties": {
        "row_number": "247"
      }
    },
    {
      "type": "Feature",
      "geometry": {
        "type": "Point",
        "coordinates": [
          -0.431732713073441,
          51.06138592246604
        ]
      },
      "properties": {
        "row_number": "247"
      }
    },
    {
      "type": "Feature",
      "geometry": {
        "type": "Point",
        "coordinates": [
          -0.431718997252382,
          51.06143907460585
        ]
      },
      "properties": {
        "row_number": "247"
      }
    },
    {
      "type": "Feature",
      "geometry": {
        "type": "Point",
        "coordinates": [
          -0.431706274227908,
          51.06149196526235
        ]
      },
      "properties": {
        "row_number": "247"
      }
    },
    {
      "type": "Feature",
      "geometry": {
        "type": "Point",
        "coordinates": [
          -0.431693656021308,
          51.06154494314718
        ]
      },
      "properties": {
        "row_number": "247"
      }
    },
    {
      "type": "Feature",
      "geometry": {
        "type": "Point",
        "coordinates": [
          -0.431680477020198,
          51.06159833287858
        ]
      },
      "properties": {
        "row_number": "247"
      }
    },
    {
      "type": "Feature",
      "geometry": {
        "type": "Point",
        "coordinates": [
          -0.431667135358063,
          51.06165216947624
        ]
      },
      "properties": {
        "row_number": "247"
      }
    },
    {
      "type": "Feature",
      "geometry": {
        "type": "Point",
        "coordinates": [
          -0.431653914989882,
          51.06170552986539
        ]
      },
      "properties": {
        "row_number": "247"
      }
    },
    {
      "type": "Feature",
      "geometry": {
        "type": "Point",
        "coordinates": [
          -0.431641119944039,
          51.06175874217247
        ]
      },
      "properties": {
        "row_number": "247"
      }
    },
    {
      "type": "Feature",
      "geometry": {
        "type": "Point",
        "coordinates": [
          -0.431628146542806,
          51.06181221098169
        ]
      },
      "properties": {
        "row_number": "247"
      }
    },
    {
      "type": "Feature",
      "geometry": {
        "type": "Point",
        "coordinates": [
          -0.431615196462938,
          51.06186596474417
        ]
      },
      "properties": {
        "row_number": "247"
      }
    },
    {
      "type": "Feature",
      "geometry": {
        "type": "Point",
        "coordinates": [
          -0.431602000351574,
          51.0619187774541
        ]
      },
      "properties": {
        "row_number": "247"
      }
    },
    {
      "type": "Feature",
      "geometry": {
        "type": "Point",
        "coordinates": [
          -0.431589132777368,
          51.06197196673903
        ]
      },
      "properties": {
        "row_number": "247"
      }
    },
    {
      "type": "Feature",
      "geometry": {
        "type": "Point",
        "coordinates": [
          -0.431575969228897,
          51.0620253714303
        ]
      },
      "properties": {
        "row_number": "247"
      }
    },
    {
      "type": "Feature",
      "geometry": {
        "type": "Point",
        "coordinates": [
          -0.431562948367408,
          51.06207892360339
        ]
      },
      "properties": {
        "row_number": "247"
      }
    },
    {
      "type": "Feature",
      "geometry": {
        "type": "Point",
        "coordinates": [
          -0.431550195884818,
          51.0621320306456
        ]
      },
      "properties": {
        "row_number": "247"
      }
    },
    {
      "type": "Feature",
      "geometry": {
        "type": "Point",
        "coordinates": [
          -0.431536774719459,
          51.06218517031023
        ]
      },
      "properties": {
        "row_number": "247"
      }
    },
    {
      "type": "Feature",
      "geometry": {
        "type": "Point",
        "coordinates": [
          -0.431523982250495,
          51.06223893322363
        ]
      },
      "properties": {
        "row_number": "247"
      }
    },
    {
      "type": "Feature",
      "geometry": {
        "type": "Point",
        "coordinates": [
          -0.4315115269302,
          51.06229178035762
        ]
      },
      "properties": {
        "row_number": "247"
      }
    },
    {
      "type": "Feature",
      "geometry": {
        "type": "Point",
        "coordinates": [
          -0.431497939426897,
          51.06234537199643
        ]
      },
      "properties": {
        "row_number": "247"
      }
    },
    {
      "type": "Feature",
      "geometry": {
        "type": "Point",
        "coordinates": [
          -0.431484590569517,
          51.06239851536282
        ]
      },
      "properties": {
        "row_number": "247"
      }
    },
    {
      "type": "Feature",
      "geometry": {
        "type": "Point",
        "coordinates": [
          -0.431472340505714,
          51.06245204787824
        ]
      },
      "properties": {
        "row_number": "247"
      }
    },
    {
      "type": "Feature",
      "geometry": {
        "type": "Point",
        "coordinates": [
          -0.431459195141317,
          51.06250540821111
        ]
      },
      "properties": {
        "row_number": "247"
      }
    },
    {
      "type": "Feature",
      "geometry": {
        "type": "Point",
        "coordinates": [
          -0.431449631628475,
          51.0625467121521
        ]
      },
      "properties": {
        "row_number": "247"
      }
    },
    {
      "type": "Feature",
      "geometry": {
        "type": "LineString",
        "coordinates": [
          [
            -0.431828932899627,
            51.06085628863968
          ],
          [
            -0.431818182225476,
            51.06090317396975
          ],
          [
            -0.431804972004839,
            51.06095670784176
          ],
          [
            -0.431792189215432,
            51.06100877899279
          ],
          [
            -0.431778593133592,
            51.06106229192508
          ],
          [
            -0.431765998078313,
            51.06111629113646
          ],
          [
            -0.431752639785661,
            51.06116980630507
          ],
          [
            -0.431739553646569,
            51.06122297625728
          ],
          [
            -0.431726499959957,
            51.06127623061064
          ],
          [
            -0.431713892222283,
            51.06132926554481
          ],
          [
            -0.431700814437048,
            51.06138255389218
          ],
          [
            -0.431687756169401,
            51.06143611768914
          ],
          [
            -0.431674985144743,
            51.06148924182703
          ],
          [
            -0.431661934129755,
            51.061542510477
          ],
          [
            -0.431649670509395,
            51.06159543355772
          ],
          [
            -0.431636470397172,
            51.06164940182817
          ],
          [
            -0.431623659153806,
            51.0617019237804
          ],
          [
            -0.431609859168531,
            51.06175560334184
          ],
          [
            -0.431597211519343,
            51.06180906259042
          ],
          [
            -0.431584234587714,
            51.06186356385608
          ],
          [
            -0.431570871157732,
            51.06191594456226
          ],
          [
            -0.431558064106392,
            51.0619688623018
          ],
          [
            -0.431545158520152,
            51.06202241593297
          ],
          [
            -0.43153206784283,
            51.06207560256875
          ],
          [
            -0.431519511283138,
            51.06212926151328
          ],
          [
            -0.431505860037245,
            51.06218211640083
          ],
          [
            -0.431493119330155,
            51.06223590926031
          ],
          [
            -0.431479982613381,
            51.06228853131223
          ],
          [
            -0.431466827792528,
            51.0623420575816
          ],
          [
            -0.431454644055089,
            51.06239531495444
          ],
          [
            -0.431441687458654,
            51.0624492633137
          ],
          [
            -0.431428297268977,
            51.06250238777129
          ],
          [
            -0.431416974097796,
            51.06254665909258
          ]
        ]
      },
      "properties": {
        "row_number": "248"
      }
    },
    {
      "type": "Feature",
      "geometry": {
        "type": "Point",
        "coordinates": [
          -0.431828932899627,
          51.06085628863968
        ]
      },
      "properties": {
        "row_number": "248"
      }
    },
    {
      "type": "Feature",
      "geometry": {
        "type": "Point",
        "coordinates": [
          -0.431818182225476,
          51.06090317396975
        ]
      },
      "properties": {
        "row_number": "248"
      }
    },
    {
      "type": "Feature",
      "geometry": {
        "type": "Point",
        "coordinates": [
          -0.431804972004839,
          51.06095670784176
        ]
      },
      "properties": {
        "row_number": "248"
      }
    },
    {
      "type": "Feature",
      "geometry": {
        "type": "Point",
        "coordinates": [
          -0.431792189215432,
          51.06100877899279
        ]
      },
      "properties": {
        "row_number": "248"
      }
    },
    {
      "type": "Feature",
      "geometry": {
        "type": "Point",
        "coordinates": [
          -0.431778593133592,
          51.06106229192508
        ]
      },
      "properties": {
        "row_number": "248"
      }
    },
    {
      "type": "Feature",
      "geometry": {
        "type": "Point",
        "coordinates": [
          -0.431765998078313,
          51.06111629113646
        ]
      },
      "properties": {
        "row_number": "248"
      }
    },
    {
      "type": "Feature",
      "geometry": {
        "type": "Point",
        "coordinates": [
          -0.431752639785661,
          51.06116980630507
        ]
      },
      "properties": {
        "row_number": "248"
      }
    },
    {
      "type": "Feature",
      "geometry": {
        "type": "Point",
        "coordinates": [
          -0.431739553646569,
          51.06122297625728
        ]
      },
      "properties": {
        "row_number": "248"
      }
    },
    {
      "type": "Feature",
      "geometry": {
        "type": "Point",
        "coordinates": [
          -0.431726499959957,
          51.06127623061064
        ]
      },
      "properties": {
        "row_number": "248"
      }
    },
    {
      "type": "Feature",
      "geometry": {
        "type": "Point",
        "coordinates": [
          -0.431713892222283,
          51.06132926554481
        ]
      },
      "properties": {
        "row_number": "248"
      }
    },
    {
      "type": "Feature",
      "geometry": {
        "type": "Point",
        "coordinates": [
          -0.431700814437048,
          51.06138255389218
        ]
      },
      "properties": {
        "row_number": "248"
      }
    },
    {
      "type": "Feature",
      "geometry": {
        "type": "Point",
        "coordinates": [
          -0.431687756169401,
          51.06143611768914
        ]
      },
      "properties": {
        "row_number": "248"
      }
    },
    {
      "type": "Feature",
      "geometry": {
        "type": "Point",
        "coordinates": [
          -0.431674985144743,
          51.06148924182703
        ]
      },
      "properties": {
        "row_number": "248"
      }
    },
    {
      "type": "Feature",
      "geometry": {
        "type": "Point",
        "coordinates": [
          -0.431661934129755,
          51.061542510477
        ]
      },
      "properties": {
        "row_number": "248"
      }
    },
    {
      "type": "Feature",
      "geometry": {
        "type": "Point",
        "coordinates": [
          -0.431649670509395,
          51.06159543355772
        ]
      },
      "properties": {
        "row_number": "248"
      }
    },
    {
      "type": "Feature",
      "geometry": {
        "type": "Point",
        "coordinates": [
          -0.431636470397172,
          51.06164940182817
        ]
      },
      "properties": {
        "row_number": "248"
      }
    },
    {
      "type": "Feature",
      "geometry": {
        "type": "Point",
        "coordinates": [
          -0.431623659153806,
          51.0617019237804
        ]
      },
      "properties": {
        "row_number": "248"
      }
    },
    {
      "type": "Feature",
      "geometry": {
        "type": "Point",
        "coordinates": [
          -0.431609859168531,
          51.06175560334184
        ]
      },
      "properties": {
        "row_number": "248"
      }
    },
    {
      "type": "Feature",
      "geometry": {
        "type": "Point",
        "coordinates": [
          -0.431597211519343,
          51.06180906259042
        ]
      },
      "properties": {
        "row_number": "248"
      }
    },
    {
      "type": "Feature",
      "geometry": {
        "type": "Point",
        "coordinates": [
          -0.431584234587714,
          51.06186356385608
        ]
      },
      "properties": {
        "row_number": "248"
      }
    },
    {
      "type": "Feature",
      "geometry": {
        "type": "Point",
        "coordinates": [
          -0.431570871157732,
          51.06191594456226
        ]
      },
      "properties": {
        "row_number": "248"
      }
    },
    {
      "type": "Feature",
      "geometry": {
        "type": "Point",
        "coordinates": [
          -0.431558064106392,
          51.0619688623018
        ]
      },
      "properties": {
        "row_number": "248"
      }
    },
    {
      "type": "Feature",
      "geometry": {
        "type": "Point",
        "coordinates": [
          -0.431545158520152,
          51.06202241593297
        ]
      },
      "properties": {
        "row_number": "248"
      }
    },
    {
      "type": "Feature",
      "geometry": {
        "type": "Point",
        "coordinates": [
          -0.43153206784283,
          51.06207560256875
        ]
      },
      "properties": {
        "row_number": "248"
      }
    },
    {
      "type": "Feature",
      "geometry": {
        "type": "Point",
        "coordinates": [
          -0.431519511283138,
          51.06212926151328
        ]
      },
      "properties": {
        "row_number": "248"
      }
    },
    {
      "type": "Feature",
      "geometry": {
        "type": "Point",
        "coordinates": [
          -0.431505860037245,
          51.06218211640083
        ]
      },
      "properties": {
        "row_number": "248"
      }
    },
    {
      "type": "Feature",
      "geometry": {
        "type": "Point",
        "coordinates": [
          -0.431493119330155,
          51.06223590926031
        ]
      },
      "properties": {
        "row_number": "248"
      }
    },
    {
      "type": "Feature",
      "geometry": {
        "type": "Point",
        "coordinates": [
          -0.431479982613381,
          51.06228853131223
        ]
      },
      "properties": {
        "row_number": "248"
      }
    },
    {
      "type": "Feature",
      "geometry": {
        "type": "Point",
        "coordinates": [
          -0.431466827792528,
          51.0623420575816
        ]
      },
      "properties": {
        "row_number": "248"
      }
    },
    {
      "type": "Feature",
      "geometry": {
        "type": "Point",
        "coordinates": [
          -0.431454644055089,
          51.06239531495444
        ]
      },
      "properties": {
        "row_number": "248"
      }
    },
    {
      "type": "Feature",
      "geometry": {
        "type": "Point",
        "coordinates": [
          -0.431441687458654,
          51.0624492633137
        ]
      },
      "properties": {
        "row_number": "248"
      }
    },
    {
      "type": "Feature",
      "geometry": {
        "type": "Point",
        "coordinates": [
          -0.431428297268977,
          51.06250238777129
        ]
      },
      "properties": {
        "row_number": "248"
      }
    },
    {
      "type": "Feature",
      "geometry": {
        "type": "Point",
        "coordinates": [
          -0.431416974097796,
          51.06254665909258
        ]
      },
      "properties": {
        "row_number": "248"
      }
    },
    {
      "type": "Feature",
      "geometry": {
        "type": "LineString",
        "coordinates": [
          [
            -0.43179768927496,
            51.06085734588418
          ],
          [
            -0.431786612259715,
            51.06090009043292
          ],
          [
            -0.431773770180575,
            51.06095382365847
          ],
          [
            -0.431761274064053,
            51.06100608554905
          ],
          [
            -0.431748177270583,
            51.06105979929729
          ],
          [
            -0.431735147632935,
            51.06111346479174
          ],
          [
            -0.431722139035675,
            51.06116693681287
          ],
          [
            -0.431709441905868,
            51.06122034942376
          ],
          [
            -0.43169657182059,
            51.0612733879284
          ],
          [
            -0.431683474458375,
            51.06132655290913
          ],
          [
            -0.431670403365907,
            51.06137966029354
          ],
          [
            -0.431656996392515,
            51.06143273093095
          ],
          [
            -0.431644389425945,
            51.06148576985991
          ],
          [
            -0.43163092636322,
            51.06153929873249
          ],
          [
            -0.431617844162297,
            51.06159228567604
          ],
          [
            -0.431605076292696,
            51.06164632654914
          ],
          [
            -0.431591815871515,
            51.06169951849075
          ],
          [
            -0.431579224238299,
            51.06175262608456
          ],
          [
            -0.431566180858223,
            51.06180624759802
          ],
          [
            -0.431553810485577,
            51.0618599245358
          ],
          [
            -0.431540084976427,
            51.06191280626847
          ],
          [
            -0.431527780215217,
            51.06196561720633
          ],
          [
            -0.431514821816643,
            51.06201905116195
          ],
          [
            -0.431501761238704,
            51.06207235399586
          ],
          [
            -0.431487978664882,
            51.06212545953071
          ],
          [
            -0.431475411518678,
            51.06217921598012
          ],
          [
            -0.431462663776216,
            51.06223296739189
          ],
          [
            -0.431449239109378,
            51.06228532433418
          ],
          [
            -0.431436263031806,
            51.0623396008404
          ],
          [
            -0.431423062314706,
            51.06239223774607
          ],
          [
            -0.431410339862994,
            51.06244560434921
          ],
          [
            -0.431397446497979,
            51.0624989781121
          ],
          [
            -0.431385464194429,
            51.06254636752169
          ]
        ]
      },
      "properties": {
        "row_number": "249"
      }
    },
    {
      "type": "Feature",
      "geometry": {
        "type": "Point",
        "coordinates": [
          -0.43179768927496,
          51.06085734588418
        ]
      },
      "properties": {
        "row_number": "249"
      }
    },
    {
      "type": "Feature",
      "geometry": {
        "type": "Point",
        "coordinates": [
          -0.431786612259715,
          51.06090009043292
        ]
      },
      "properties": {
        "row_number": "249"
      }
    },
    {
      "type": "Feature",
      "geometry": {
        "type": "Point",
        "coordinates": [
          -0.431773770180575,
          51.06095382365847
        ]
      },
      "properties": {
        "row_number": "249"
      }
    },
    {
      "type": "Feature",
      "geometry": {
        "type": "Point",
        "coordinates": [
          -0.431761274064053,
          51.06100608554905
        ]
      },
      "properties": {
        "row_number": "249"
      }
    },
    {
      "type": "Feature",
      "geometry": {
        "type": "Point",
        "coordinates": [
          -0.431748177270583,
          51.06105979929729
        ]
      },
      "properties": {
        "row_number": "249"
      }
    },
    {
      "type": "Feature",
      "geometry": {
        "type": "Point",
        "coordinates": [
          -0.431735147632935,
          51.06111346479174
        ]
      },
      "properties": {
        "row_number": "249"
      }
    },
    {
      "type": "Feature",
      "geometry": {
        "type": "Point",
        "coordinates": [
          -0.431722139035675,
          51.06116693681287
        ]
      },
      "properties": {
        "row_number": "249"
      }
    },
    {
      "type": "Feature",
      "geometry": {
        "type": "Point",
        "coordinates": [
          -0.431709441905868,
          51.06122034942376
        ]
      },
      "properties": {
        "row_number": "249"
      }
    },
    {
      "type": "Feature",
      "geometry": {
        "type": "Point",
        "coordinates": [
          -0.43169657182059,
          51.0612733879284
        ]
      },
      "properties": {
        "row_number": "249"
      }
    },
    {
      "type": "Feature",
      "geometry": {
        "type": "Point",
        "coordinates": [
          -0.431683474458375,
          51.06132655290913
        ]
      },
      "properties": {
        "row_number": "249"
      }
    },
    {
      "type": "Feature",
      "geometry": {
        "type": "Point",
        "coordinates": [
          -0.431670403365907,
          51.06137966029354
        ]
      },
      "properties": {
        "row_number": "249"
      }
    },
    {
      "type": "Feature",
      "geometry": {
        "type": "Point",
        "coordinates": [
          -0.431656996392515,
          51.06143273093095
        ]
      },
      "properties": {
        "row_number": "249"
      }
    },
    {
      "type": "Feature",
      "geometry": {
        "type": "Point",
        "coordinates": [
          -0.431644389425945,
          51.06148576985991
        ]
      },
      "properties": {
        "row_number": "249"
      }
    },
    {
      "type": "Feature",
      "geometry": {
        "type": "Point",
        "coordinates": [
          -0.43163092636322,
          51.06153929873249
        ]
      },
      "properties": {
        "row_number": "249"
      }
    },
    {
      "type": "Feature",
      "geometry": {
        "type": "Point",
        "coordinates": [
          -0.431617844162297,
          51.06159228567604
        ]
      },
      "properties": {
        "row_number": "249"
      }
    },
    {
      "type": "Feature",
      "geometry": {
        "type": "Point",
        "coordinates": [
          -0.431605076292696,
          51.06164632654914
        ]
      },
      "properties": {
        "row_number": "249"
      }
    },
    {
      "type": "Feature",
      "geometry": {
        "type": "Point",
        "coordinates": [
          -0.431591815871515,
          51.06169951849075
        ]
      },
      "properties": {
        "row_number": "249"
      }
    },
    {
      "type": "Feature",
      "geometry": {
        "type": "Point",
        "coordinates": [
          -0.431579224238299,
          51.06175262608456
        ]
      },
      "properties": {
        "row_number": "249"
      }
    },
    {
      "type": "Feature",
      "geometry": {
        "type": "Point",
        "coordinates": [
          -0.431566180858223,
          51.06180624759802
        ]
      },
      "properties": {
        "row_number": "249"
      }
    },
    {
      "type": "Feature",
      "geometry": {
        "type": "Point",
        "coordinates": [
          -0.431553810485577,
          51.0618599245358
        ]
      },
      "properties": {
        "row_number": "249"
      }
    },
    {
      "type": "Feature",
      "geometry": {
        "type": "Point",
        "coordinates": [
          -0.431540084976427,
          51.06191280626847
        ]
      },
      "properties": {
        "row_number": "249"
      }
    },
    {
      "type": "Feature",
      "geometry": {
        "type": "Point",
        "coordinates": [
          -0.431527780215217,
          51.06196561720633
        ]
      },
      "properties": {
        "row_number": "249"
      }
    },
    {
      "type": "Feature",
      "geometry": {
        "type": "Point",
        "coordinates": [
          -0.431514821816643,
          51.06201905116195
        ]
      },
      "properties": {
        "row_number": "249"
      }
    },
    {
      "type": "Feature",
      "geometry": {
        "type": "Point",
        "coordinates": [
          -0.431501761238704,
          51.06207235399586
        ]
      },
      "properties": {
        "row_number": "249"
      }
    },
    {
      "type": "Feature",
      "geometry": {
        "type": "Point",
        "coordinates": [
          -0.431487978664882,
          51.06212545953071
        ]
      },
      "properties": {
        "row_number": "249"
      }
    },
    {
      "type": "Feature",
      "geometry": {
        "type": "Point",
        "coordinates": [
          -0.431475411518678,
          51.06217921598012
        ]
      },
      "properties": {
        "row_number": "249"
      }
    },
    {
      "type": "Feature",
      "geometry": {
        "type": "Point",
        "coordinates": [
          -0.431462663776216,
          51.06223296739189
        ]
      },
      "properties": {
        "row_number": "249"
      }
    },
    {
      "type": "Feature",
      "geometry": {
        "type": "Point",
        "coordinates": [
          -0.431449239109378,
          51.06228532433418
        ]
      },
      "properties": {
        "row_number": "249"
      }
    },
    {
      "type": "Feature",
      "geometry": {
        "type": "Point",
        "coordinates": [
          -0.431436263031806,
          51.0623396008404
        ]
      },
      "properties": {
        "row_number": "249"
      }
    },
    {
      "type": "Feature",
      "geometry": {
        "type": "Point",
        "coordinates": [
          -0.431423062314706,
          51.06239223774607
        ]
      },
      "properties": {
        "row_number": "249"
      }
    },
    {
      "type": "Feature",
      "geometry": {
        "type": "Point",
        "coordinates": [
          -0.431410339862994,
          51.06244560434921
        ]
      },
      "properties": {
        "row_number": "249"
      }
    },
    {
      "type": "Feature",
      "geometry": {
        "type": "Point",
        "coordinates": [
          -0.431397446497979,
          51.0624989781121
        ]
      },
      "properties": {
        "row_number": "249"
      }
    },
    {
      "type": "Feature",
      "geometry": {
        "type": "Point",
        "coordinates": [
          -0.431385464194429,
          51.06254636752169
        ]
      },
      "properties": {
        "row_number": "249"
      }
    },
    {
      "type": "Feature",
      "geometry": {
        "type": "LineString",
        "coordinates": [
          [
            -0.431766119038095,
            51.06085717366578
          ],
          [
            -0.431756634215528,
            51.06089699048083
          ],
          [
            -0.431743050401594,
            51.0609502607475
          ],
          [
            -0.431730728382889,
            51.06100311385807
          ],
          [
            -0.43171732679363,
            51.06105618335335
          ],
          [
            -0.431704140010825,
            51.0611101380664
          ],
          [
            -0.431691172353816,
            51.06116365167707
          ],
          [
            -0.431678423215032,
            51.06121682769857
          ],
          [
            -0.431665200463578,
            51.06126992084553
          ],
          [
            -0.431652174648172,
            51.06132312889394
          ],
          [
            -0.431639440396558,
            51.06137608481511
          ],
          [
            -0.431626072928046,
            51.06142988967972
          ],
          [
            -0.431612874118021,
            51.06148234851495
          ],
          [
            -0.431599801413403,
            51.06153602622302
          ],
          [
            -0.431586923350047,
            51.06158930410477
          ],
          [
            -0.431574646196173,
            51.06164250900086
          ],
          [
            -0.431561319684539,
            51.06169570073472
          ],
          [
            -0.431548155393222,
            51.06174952919105
          ],
          [
            -0.431535647306955,
            51.06180318627363
          ],
          [
            -0.431522287624515,
            51.06185668396854
          ],
          [
            -0.431509406539996,
            51.0619101341746
          ],
          [
            -0.431496168033225,
            51.06196264711888
          ],
          [
            -0.431484052431523,
            51.06201553805179
          ],
          [
            -0.431470825058506,
            51.06206935028802
          ],
          [
            -0.431458112552978,
            51.06212246767738
          ],
          [
            -0.431445007037346,
            51.06217622704766
          ],
          [
            -0.431431861112976,
            51.06222973614953
          ],
          [
            -0.431418942713966,
            51.06228257581006
          ],
          [
            -0.431405886297198,
            51.06233611097524
          ],
          [
            -0.431393085122698,
            51.0623889713745
          ],
          [
            -0.431380348879857,
            51.06244312981715
          ],
          [
            -0.431367167480205,
            51.06249587362819
          ],
          [
            -0.431354197593841,
            51.06254644708869
          ]
        ]
      },
      "properties": {
        "row_number": "250"
      }
    },
    {
      "type": "Feature",
      "geometry": {
        "type": "Point",
        "coordinates": [
          -0.431766119038095,
          51.06085717366578
        ]
      },
      "properties": {
        "row_number": "250"
      }
    },
    {
      "type": "Feature",
      "geometry": {
        "type": "Point",
        "coordinates": [
          -0.431756634215528,
          51.06089699048083
        ]
      },
      "properties": {
        "row_number": "250"
      }
    },
    {
      "type": "Feature",
      "geometry": {
        "type": "Point",
        "coordinates": [
          -0.431743050401594,
          51.0609502607475
        ]
      },
      "properties": {
        "row_number": "250"
      }
    },
    {
      "type": "Feature",
      "geometry": {
        "type": "Point",
        "coordinates": [
          -0.431730728382889,
          51.06100311385807
        ]
      },
      "properties": {
        "row_number": "250"
      }
    },
    {
      "type": "Feature",
      "geometry": {
        "type": "Point",
        "coordinates": [
          -0.43171732679363,
          51.06105618335335
        ]
      },
      "properties": {
        "row_number": "250"
      }
    },
    {
      "type": "Feature",
      "geometry": {
        "type": "Point",
        "coordinates": [
          -0.431704140010825,
          51.0611101380664
        ]
      },
      "properties": {
        "row_number": "250"
      }
    },
    {
      "type": "Feature",
      "geometry": {
        "type": "Point",
        "coordinates": [
          -0.431691172353816,
          51.06116365167707
        ]
      },
      "properties": {
        "row_number": "250"
      }
    },
    {
      "type": "Feature",
      "geometry": {
        "type": "Point",
        "coordinates": [
          -0.431678423215032,
          51.06121682769857
        ]
      },
      "properties": {
        "row_number": "250"
      }
    },
    {
      "type": "Feature",
      "geometry": {
        "type": "Point",
        "coordinates": [
          -0.431665200463578,
          51.06126992084553
        ]
      },
      "properties": {
        "row_number": "250"
      }
    },
    {
      "type": "Feature",
      "geometry": {
        "type": "Point",
        "coordinates": [
          -0.431652174648172,
          51.06132312889394
        ]
      },
      "properties": {
        "row_number": "250"
      }
    },
    {
      "type": "Feature",
      "geometry": {
        "type": "Point",
        "coordinates": [
          -0.431639440396558,
          51.06137608481511
        ]
      },
      "properties": {
        "row_number": "250"
      }
    },
    {
      "type": "Feature",
      "geometry": {
        "type": "Point",
        "coordinates": [
          -0.431626072928046,
          51.06142988967972
        ]
      },
      "properties": {
        "row_number": "250"
      }
    },
    {
      "type": "Feature",
      "geometry": {
        "type": "Point",
        "coordinates": [
          -0.431612874118021,
          51.06148234851495
        ]
      },
      "properties": {
        "row_number": "250"
      }
    },
    {
      "type": "Feature",
      "geometry": {
        "type": "Point",
        "coordinates": [
          -0.431599801413403,
          51.06153602622302
        ]
      },
      "properties": {
        "row_number": "250"
      }
    },
    {
      "type": "Feature",
      "geometry": {
        "type": "Point",
        "coordinates": [
          -0.431586923350047,
          51.06158930410477
        ]
      },
      "properties": {
        "row_number": "250"
      }
    },
    {
      "type": "Feature",
      "geometry": {
        "type": "Point",
        "coordinates": [
          -0.431574646196173,
          51.06164250900086
        ]
      },
      "properties": {
        "row_number": "250"
      }
    },
    {
      "type": "Feature",
      "geometry": {
        "type": "Point",
        "coordinates": [
          -0.431561319684539,
          51.06169570073472
        ]
      },
      "properties": {
        "row_number": "250"
      }
    },
    {
      "type": "Feature",
      "geometry": {
        "type": "Point",
        "coordinates": [
          -0.431548155393222,
          51.06174952919105
        ]
      },
      "properties": {
        "row_number": "250"
      }
    },
    {
      "type": "Feature",
      "geometry": {
        "type": "Point",
        "coordinates": [
          -0.431535647306955,
          51.06180318627363
        ]
      },
      "properties": {
        "row_number": "250"
      }
    },
    {
      "type": "Feature",
      "geometry": {
        "type": "Point",
        "coordinates": [
          -0.431522287624515,
          51.06185668396854
        ]
      },
      "properties": {
        "row_number": "250"
      }
    },
    {
      "type": "Feature",
      "geometry": {
        "type": "Point",
        "coordinates": [
          -0.431509406539996,
          51.0619101341746
        ]
      },
      "properties": {
        "row_number": "250"
      }
    },
    {
      "type": "Feature",
      "geometry": {
        "type": "Point",
        "coordinates": [
          -0.431496168033225,
          51.06196264711888
        ]
      },
      "properties": {
        "row_number": "250"
      }
    },
    {
      "type": "Feature",
      "geometry": {
        "type": "Point",
        "coordinates": [
          -0.431484052431523,
          51.06201553805179
        ]
      },
      "properties": {
        "row_number": "250"
      }
    },
    {
      "type": "Feature",
      "geometry": {
        "type": "Point",
        "coordinates": [
          -0.431470825058506,
          51.06206935028802
        ]
      },
      "properties": {
        "row_number": "250"
      }
    },
    {
      "type": "Feature",
      "geometry": {
        "type": "Point",
        "coordinates": [
          -0.431458112552978,
          51.06212246767738
        ]
      },
      "properties": {
        "row_number": "250"
      }
    },
    {
      "type": "Feature",
      "geometry": {
        "type": "Point",
        "coordinates": [
          -0.431445007037346,
          51.06217622704766
        ]
      },
      "properties": {
        "row_number": "250"
      }
    },
    {
      "type": "Feature",
      "geometry": {
        "type": "Point",
        "coordinates": [
          -0.431431861112976,
          51.06222973614953
        ]
      },
      "properties": {
        "row_number": "250"
      }
    },
    {
      "type": "Feature",
      "geometry": {
        "type": "Point",
        "coordinates": [
          -0.431418942713966,
          51.06228257581006
        ]
      },
      "properties": {
        "row_number": "250"
      }
    },
    {
      "type": "Feature",
      "geometry": {
        "type": "Point",
        "coordinates": [
          -0.431405886297198,
          51.06233611097524
        ]
      },
      "properties": {
        "row_number": "250"
      }
    },
    {
      "type": "Feature",
      "geometry": {
        "type": "Point",
        "coordinates": [
          -0.431393085122698,
          51.0623889713745
        ]
      },
      "properties": {
        "row_number": "250"
      }
    },
    {
      "type": "Feature",
      "geometry": {
        "type": "Point",
        "coordinates": [
          -0.431380348879857,
          51.06244312981715
        ]
      },
      "properties": {
        "row_number": "250"
      }
    },
    {
      "type": "Feature",
      "geometry": {
        "type": "Point",
        "coordinates": [
          -0.431367167480205,
          51.06249587362819
        ]
      },
      "properties": {
        "row_number": "250"
      }
    },
    {
      "type": "Feature",
      "geometry": {
        "type": "Point",
        "coordinates": [
          -0.431354197593841,
          51.06254644708869
        ]
      },
      "properties": {
        "row_number": "250"
      }
    },
    {
      "type": "Feature",
      "geometry": {
        "type": "LineString",
        "coordinates": [
          [
            -0.431734305559623,
            51.06085783659205
          ],
          [
            -0.431725281093829,
            51.06089397489136
          ],
          [
            -0.431712424680275,
            51.06094733277432
          ],
          [
            -0.431700126743586,
            51.06100016434104
          ],
          [
            -0.431687262830991,
            51.06105363866481
          ],
          [
            -0.43167378701225,
            51.06110719827419
          ],
          [
            -0.431660762412911,
            51.0611607433092
          ],
          [
            -0.431648320742657,
            51.06121378434484
          ],
          [
            -0.431634827260445,
            51.06126719475226
          ],
          [
            -0.431622204462378,
            51.0613207932354
          ],
          [
            -0.431608849419807,
            51.06137331534258
          ],
          [
            -0.431596240972421,
            51.06142691397694
          ],
          [
            -0.431583317235,
            51.06147992768901
          ],
          [
            -0.431569972193269,
            51.0615334249832
          ],
          [
            -0.431557044869777,
            51.06158634558034
          ],
          [
            -0.431543918953363,
            51.06163996850317
          ],
          [
            -0.431531306181177,
            51.06169323422936
          ],
          [
            -0.431518008160232,
            51.06174659185452
          ],
          [
            -0.431505157236367,
            51.06179952766941
          ],
          [
            -0.431491594921176,
            51.06185389795353
          ],
          [
            -0.431478643093666,
            51.06190660944633
          ],
          [
            -0.43146536840148,
            51.06195989632245
          ],
          [
            -0.431452839559396,
            51.06201300894854
          ],
          [
            -0.431440344108383,
            51.06206674737893
          ],
          [
            -0.431427078136322,
            51.06212028398792
          ],
          [
            -0.431414714487577,
            51.06217269719137
          ],
          [
            -0.431400893220906,
            51.06222686633107
          ],
          [
            -0.431388775928636,
            51.06227940678485
          ],
          [
            -0.431374784333174,
            51.06233366701684
          ],
          [
            -0.431361805639874,
            51.06238624183126
          ],
          [
            -0.431348632741901,
            51.06243987079085
          ],
          [
            -0.431336047061703,
            51.06249342401647
          ],
          [
            -0.431322262922213,
            51.0625467956274
          ]
        ]
      },
      "properties": {
        "row_number": "251"
      }
    },
    {
      "type": "Feature",
      "geometry": {
        "type": "Point",
        "coordinates": [
          -0.431734305559623,
          51.06085783659205
        ]
      },
      "properties": {
        "row_number": "251"
      }
    },
    {
      "type": "Feature",
      "geometry": {
        "type": "Point",
        "coordinates": [
          -0.431725281093829,
          51.06089397489136
        ]
      },
      "properties": {
        "row_number": "251"
      }
    },
    {
      "type": "Feature",
      "geometry": {
        "type": "Point",
        "coordinates": [
          -0.431712424680275,
          51.06094733277432
        ]
      },
      "properties": {
        "row_number": "251"
      }
    },
    {
      "type": "Feature",
      "geometry": {
        "type": "Point",
        "coordinates": [
          -0.431700126743586,
          51.06100016434104
        ]
      },
      "properties": {
        "row_number": "251"
      }
    },
    {
      "type": "Feature",
      "geometry": {
        "type": "Point",
        "coordinates": [
          -0.431687262830991,
          51.06105363866481
        ]
      },
      "properties": {
        "row_number": "251"
      }
    },
    {
      "type": "Feature",
      "geometry": {
        "type": "Point",
        "coordinates": [
          -0.43167378701225,
          51.06110719827419
        ]
      },
      "properties": {
        "row_number": "251"
      }
    },
    {
      "type": "Feature",
      "geometry": {
        "type": "Point",
        "coordinates": [
          -0.431660762412911,
          51.0611607433092
        ]
      },
      "properties": {
        "row_number": "251"
      }
    },
    {
      "type": "Feature",
      "geometry": {
        "type": "Point",
        "coordinates": [
          -0.431648320742657,
          51.06121378434484
        ]
      },
      "properties": {
        "row_number": "251"
      }
    },
    {
      "type": "Feature",
      "geometry": {
        "type": "Point",
        "coordinates": [
          -0.431634827260445,
          51.06126719475226
        ]
      },
      "properties": {
        "row_number": "251"
      }
    },
    {
      "type": "Feature",
      "geometry": {
        "type": "Point",
        "coordinates": [
          -0.431622204462378,
          51.0613207932354
        ]
      },
      "properties": {
        "row_number": "251"
      }
    },
    {
      "type": "Feature",
      "geometry": {
        "type": "Point",
        "coordinates": [
          -0.431608849419807,
          51.06137331534258
        ]
      },
      "properties": {
        "row_number": "251"
      }
    },
    {
      "type": "Feature",
      "geometry": {
        "type": "Point",
        "coordinates": [
          -0.431596240972421,
          51.06142691397694
        ]
      },
      "properties": {
        "row_number": "251"
      }
    },
    {
      "type": "Feature",
      "geometry": {
        "type": "Point",
        "coordinates": [
          -0.431583317235,
          51.06147992768901
        ]
      },
      "properties": {
        "row_number": "251"
      }
    },
    {
      "type": "Feature",
      "geometry": {
        "type": "Point",
        "coordinates": [
          -0.431569972193269,
          51.0615334249832
        ]
      },
      "properties": {
        "row_number": "251"
      }
    },
    {
      "type": "Feature",
      "geometry": {
        "type": "Point",
        "coordinates": [
          -0.431557044869777,
          51.06158634558034
        ]
      },
      "properties": {
        "row_number": "251"
      }
    },
    {
      "type": "Feature",
      "geometry": {
        "type": "Point",
        "coordinates": [
          -0.431543918953363,
          51.06163996850317
        ]
      },
      "properties": {
        "row_number": "251"
      }
    },
    {
      "type": "Feature",
      "geometry": {
        "type": "Point",
        "coordinates": [
          -0.431531306181177,
          51.06169323422936
        ]
      },
      "properties": {
        "row_number": "251"
      }
    },
    {
      "type": "Feature",
      "geometry": {
        "type": "Point",
        "coordinates": [
          -0.431518008160232,
          51.06174659185452
        ]
      },
      "properties": {
        "row_number": "251"
      }
    },
    {
      "type": "Feature",
      "geometry": {
        "type": "Point",
        "coordinates": [
          -0.431505157236367,
          51.06179952766941
        ]
      },
      "properties": {
        "row_number": "251"
      }
    },
    {
      "type": "Feature",
      "geometry": {
        "type": "Point",
        "coordinates": [
          -0.431491594921176,
          51.06185389795353
        ]
      },
      "properties": {
        "row_number": "251"
      }
    },
    {
      "type": "Feature",
      "geometry": {
        "type": "Point",
        "coordinates": [
          -0.431478643093666,
          51.06190660944633
        ]
      },
      "properties": {
        "row_number": "251"
      }
    },
    {
      "type": "Feature",
      "geometry": {
        "type": "Point",
        "coordinates": [
          -0.43146536840148,
          51.06195989632245
        ]
      },
      "properties": {
        "row_number": "251"
      }
    },
    {
      "type": "Feature",
      "geometry": {
        "type": "Point",
        "coordinates": [
          -0.431452839559396,
          51.06201300894854
        ]
      },
      "properties": {
        "row_number": "251"
      }
    },
    {
      "type": "Feature",
      "geometry": {
        "type": "Point",
        "coordinates": [
          -0.431440344108383,
          51.06206674737893
        ]
      },
      "properties": {
        "row_number": "251"
      }
    },
    {
      "type": "Feature",
      "geometry": {
        "type": "Point",
        "coordinates": [
          -0.431427078136322,
          51.06212028398792
        ]
      },
      "properties": {
        "row_number": "251"
      }
    },
    {
      "type": "Feature",
      "geometry": {
        "type": "Point",
        "coordinates": [
          -0.431414714487577,
          51.06217269719137
        ]
      },
      "properties": {
        "row_number": "251"
      }
    },
    {
      "type": "Feature",
      "geometry": {
        "type": "Point",
        "coordinates": [
          -0.431400893220906,
          51.06222686633107
        ]
      },
      "properties": {
        "row_number": "251"
      }
    },
    {
      "type": "Feature",
      "geometry": {
        "type": "Point",
        "coordinates": [
          -0.431388775928636,
          51.06227940678485
        ]
      },
      "properties": {
        "row_number": "251"
      }
    },
    {
      "type": "Feature",
      "geometry": {
        "type": "Point",
        "coordinates": [
          -0.431374784333174,
          51.06233366701684
        ]
      },
      "properties": {
        "row_number": "251"
      }
    },
    {
      "type": "Feature",
      "geometry": {
        "type": "Point",
        "coordinates": [
          -0.431361805639874,
          51.06238624183126
        ]
      },
      "properties": {
        "row_number": "251"
      }
    },
    {
      "type": "Feature",
      "geometry": {
        "type": "Point",
        "coordinates": [
          -0.431348632741901,
          51.06243987079085
        ]
      },
      "properties": {
        "row_number": "251"
      }
    },
    {
      "type": "Feature",
      "geometry": {
        "type": "Point",
        "coordinates": [
          -0.431336047061703,
          51.06249342401647
        ]
      },
      "properties": {
        "row_number": "251"
      }
    },
    {
      "type": "Feature",
      "geometry": {
        "type": "Point",
        "coordinates": [
          -0.431322262922213,
          51.0625467956274
        ]
      },
      "properties": {
        "row_number": "251"
      }
    },
    {
      "type": "Feature",
      "geometry": {
        "type": "LineString",
        "coordinates": [
          [
            -0.431702865155823,
            51.0608588858678
          ],
          [
            -0.431694792143764,
            51.06089118596556
          ],
          [
            -0.431681734338867,
            51.06094423142858
          ],
          [
            -0.431669079730426,
            51.06099718428216
          ],
          [
            -0.431655879620021,
            51.06105064609473
          ],
          [
            -0.431642834121739,
            51.06110387988891
          ],
          [
            -0.431629434700547,
            51.06115801064974
          ],
          [
            -0.431617210281809,
            51.06120753872091
          ],
          [
            -0.43160367815557,
            51.06126402570452
          ],
          [
            -0.431591588713423,
            51.06131674868757
          ],
          [
            -0.431577973211437,
            51.06137026396674
          ],
          [
            -0.431565226453408,
            51.06142412076341
          ],
          [
            -0.431552532177897,
            51.06147677033
          ],
          [
            -0.431539293881338,
            51.06153037160289
          ],
          [
            -0.431526540684619,
            51.06158323700019
          ],
          [
            -0.431513014324367,
            51.06163724030982
          ],
          [
            -0.431499843736727,
            51.06169044017913
          ],
          [
            -0.431486761795636,
            51.06174334091205
          ],
          [
            -0.431473503746758,
            51.06179744834933
          ],
          [
            -0.431460639455785,
            51.06185111924566
          ],
          [
            -0.431447608578888,
            51.06190361671291
          ],
          [
            -0.431435191987653,
            51.06195681034598
          ],
          [
            -0.431422059161066,
            51.06200942206743
          ],
          [
            -0.431409633878364,
            51.0620623917432
          ],
          [
            -0.43139603362466,
            51.06211729778308
          ],
          [
            -0.431383126867837,
            51.06216993314035
          ],
          [
            -0.431370353417999,
            51.06222273123372
          ],
          [
            -0.431357358082491,
            51.062275987446
          ],
          [
            -0.431343226064136,
            51.06233059049524
          ],
          [
            -0.431330744702771,
            51.06238226511271
          ],
          [
            -0.431317452138222,
            51.06243716687988
          ],
          [
            -0.43130460548644,
            51.06249008995257
          ],
          [
            -0.431290393504249,
            51.06254700978993
          ]
        ]
      },
      "properties": {
        "row_number": "252"
      }
    },
    {
      "type": "Feature",
      "geometry": {
        "type": "Point",
        "coordinates": [
          -0.431702865155823,
          51.0608588858678
        ]
      },
      "properties": {
        "row_number": "252"
      }
    },
    {
      "type": "Feature",
      "geometry": {
        "type": "Point",
        "coordinates": [
          -0.431694792143764,
          51.06089118596556
        ]
      },
      "properties": {
        "row_number": "252"
      }
    },
    {
      "type": "Feature",
      "geometry": {
        "type": "Point",
        "coordinates": [
          -0.431681734338867,
          51.06094423142858
        ]
      },
      "properties": {
        "row_number": "252"
      }
    },
    {
      "type": "Feature",
      "geometry": {
        "type": "Point",
        "coordinates": [
          -0.431669079730426,
          51.06099718428216
        ]
      },
      "properties": {
        "row_number": "252"
      }
    },
    {
      "type": "Feature",
      "geometry": {
        "type": "Point",
        "coordinates": [
          -0.431655879620021,
          51.06105064609473
        ]
      },
      "properties": {
        "row_number": "252"
      }
    },
    {
      "type": "Feature",
      "geometry": {
        "type": "Point",
        "coordinates": [
          -0.431642834121739,
          51.06110387988891
        ]
      },
      "properties": {
        "row_number": "252"
      }
    },
    {
      "type": "Feature",
      "geometry": {
        "type": "Point",
        "coordinates": [
          -0.431629434700547,
          51.06115801064974
        ]
      },
      "properties": {
        "row_number": "252"
      }
    },
    {
      "type": "Feature",
      "geometry": {
        "type": "Point",
        "coordinates": [
          -0.431617210281809,
          51.06120753872091
        ]
      },
      "properties": {
        "row_number": "252"
      }
    },
    {
      "type": "Feature",
      "geometry": {
        "type": "Point",
        "coordinates": [
          -0.43160367815557,
          51.06126402570452
        ]
      },
      "properties": {
        "row_number": "252"
      }
    },
    {
      "type": "Feature",
      "geometry": {
        "type": "Point",
        "coordinates": [
          -0.431591588713423,
          51.06131674868757
        ]
      },
      "properties": {
        "row_number": "252"
      }
    },
    {
      "type": "Feature",
      "geometry": {
        "type": "Point",
        "coordinates": [
          -0.431577973211437,
          51.06137026396674
        ]
      },
      "properties": {
        "row_number": "252"
      }
    },
    {
      "type": "Feature",
      "geometry": {
        "type": "Point",
        "coordinates": [
          -0.431565226453408,
          51.06142412076341
        ]
      },
      "properties": {
        "row_number": "252"
      }
    },
    {
      "type": "Feature",
      "geometry": {
        "type": "Point",
        "coordinates": [
          -0.431552532177897,
          51.06147677033
        ]
      },
      "properties": {
        "row_number": "252"
      }
    },
    {
      "type": "Feature",
      "geometry": {
        "type": "Point",
        "coordinates": [
          -0.431539293881338,
          51.06153037160289
        ]
      },
      "properties": {
        "row_number": "252"
      }
    },
    {
      "type": "Feature",
      "geometry": {
        "type": "Point",
        "coordinates": [
          -0.431526540684619,
          51.06158323700019
        ]
      },
      "properties": {
        "row_number": "252"
      }
    },
    {
      "type": "Feature",
      "geometry": {
        "type": "Point",
        "coordinates": [
          -0.431513014324367,
          51.06163724030982
        ]
      },
      "properties": {
        "row_number": "252"
      }
    },
    {
      "type": "Feature",
      "geometry": {
        "type": "Point",
        "coordinates": [
          -0.431499843736727,
          51.06169044017913
        ]
      },
      "properties": {
        "row_number": "252"
      }
    },
    {
      "type": "Feature",
      "geometry": {
        "type": "Point",
        "coordinates": [
          -0.431486761795636,
          51.06174334091205
        ]
      },
      "properties": {
        "row_number": "252"
      }
    },
    {
      "type": "Feature",
      "geometry": {
        "type": "Point",
        "coordinates": [
          -0.431473503746758,
          51.06179744834933
        ]
      },
      "properties": {
        "row_number": "252"
      }
    },
    {
      "type": "Feature",
      "geometry": {
        "type": "Point",
        "coordinates": [
          -0.431460639455785,
          51.06185111924566
        ]
      },
      "properties": {
        "row_number": "252"
      }
    },
    {
      "type": "Feature",
      "geometry": {
        "type": "Point",
        "coordinates": [
          -0.431447608578888,
          51.06190361671291
        ]
      },
      "properties": {
        "row_number": "252"
      }
    },
    {
      "type": "Feature",
      "geometry": {
        "type": "Point",
        "coordinates": [
          -0.431435191987653,
          51.06195681034598
        ]
      },
      "properties": {
        "row_number": "252"
      }
    },
    {
      "type": "Feature",
      "geometry": {
        "type": "Point",
        "coordinates": [
          -0.431422059161066,
          51.06200942206743
        ]
      },
      "properties": {
        "row_number": "252"
      }
    },
    {
      "type": "Feature",
      "geometry": {
        "type": "Point",
        "coordinates": [
          -0.431409633878364,
          51.0620623917432
        ]
      },
      "properties": {
        "row_number": "252"
      }
    },
    {
      "type": "Feature",
      "geometry": {
        "type": "Point",
        "coordinates": [
          -0.43139603362466,
          51.06211729778308
        ]
      },
      "properties": {
        "row_number": "252"
      }
    },
    {
      "type": "Feature",
      "geometry": {
        "type": "Point",
        "coordinates": [
          -0.431383126867837,
          51.06216993314035
        ]
      },
      "properties": {
        "row_number": "252"
      }
    },
    {
      "type": "Feature",
      "geometry": {
        "type": "Point",
        "coordinates": [
          -0.431370353417999,
          51.06222273123372
        ]
      },
      "properties": {
        "row_number": "252"
      }
    },
    {
      "type": "Feature",
      "geometry": {
        "type": "Point",
        "coordinates": [
          -0.431357358082491,
          51.062275987446
        ]
      },
      "properties": {
        "row_number": "252"
      }
    },
    {
      "type": "Feature",
      "geometry": {
        "type": "Point",
        "coordinates": [
          -0.431343226064136,
          51.06233059049524
        ]
      },
      "properties": {
        "row_number": "252"
      }
    },
    {
      "type": "Feature",
      "geometry": {
        "type": "Point",
        "coordinates": [
          -0.431330744702771,
          51.06238226511271
        ]
      },
      "properties": {
        "row_number": "252"
      }
    },
    {
      "type": "Feature",
      "geometry": {
        "type": "Point",
        "coordinates": [
          -0.431317452138222,
          51.06243716687988
        ]
      },
      "properties": {
        "row_number": "252"
      }
    },
    {
      "type": "Feature",
      "geometry": {
        "type": "Point",
        "coordinates": [
          -0.43130460548644,
          51.06249008995257
        ]
      },
      "properties": {
        "row_number": "252"
      }
    },
    {
      "type": "Feature",
      "geometry": {
        "type": "Point",
        "coordinates": [
          -0.431290393504249,
          51.06254700978993
        ]
      },
      "properties": {
        "row_number": "252"
      }
    },
    {
      "type": "Feature",
      "geometry": {
        "type": "LineString",
        "coordinates": [
          [
            -0.431670007592633,
            51.06086007982326
          ],
          [
            -0.431662561747252,
            51.06088765666327
          ],
          [
            -0.431650397876122,
            51.06094099698922
          ],
          [
            -0.431637520223058,
            51.06099385535027
          ],
          [
            -0.431624704654892,
            51.06104548655538
          ],
          [
            -0.431611632561184,
            51.06110104375266
          ],
          [
            -0.431598770489556,
            51.06115427188341
          ],
          [
            -0.431585799638803,
            51.06120779689387
          ],
          [
            -0.431572558390285,
            51.06126110527982
          ],
          [
            -0.431559835478761,
            51.06131440212423
          ],
          [
            -0.431547173915023,
            51.06136731947386
          ],
          [
            -0.431534037733201,
            51.06142081973344
          ],
          [
            -0.431521152720584,
            51.06147425430153
          ],
          [
            -0.431508010504848,
            51.06152756720007
          ],
          [
            -0.431494701882325,
            51.06158080771946
          ],
          [
            -0.431481662658704,
            51.06163421842971
          ],
          [
            -0.431468807589974,
            51.06168711824233
          ],
          [
            -0.431455989080201,
            51.06174058710282
          ],
          [
            -0.431442603414345,
            51.0617945718479
          ],
          [
            -0.43142968660868,
            51.06184811640448
          ],
          [
            -0.431416790750778,
            51.06190051072365
          ],
          [
            -0.431403553080938,
            51.06195407941333
          ],
          [
            -0.431391297332122,
            51.0620071251244
          ],
          [
            -0.431378898849542,
            51.06206055390587
          ],
          [
            -0.431365335111988,
            51.06211379931523
          ],
          [
            -0.431351840016247,
            51.06216700512368
          ],
          [
            -0.431338709398574,
            51.06222089841762
          ],
          [
            -0.431325696971478,
            51.06227386802692
          ],
          [
            -0.431312203779575,
            51.0623276645512
          ],
          [
            -0.43130015150044,
            51.06238042476535
          ],
          [
            -0.431287173918211,
            51.06243340172062
          ],
          [
            -0.431274125327143,
            51.06248746506242
          ],
          [
            -0.43125773741002,
            51.06254693709676
          ]
        ]
      },
      "properties": {
        "row_number": "253"
      }
    },
    {
      "type": "Feature",
      "geometry": {
        "type": "Point",
        "coordinates": [
          -0.431670007592633,
          51.06086007982326
        ]
      },
      "properties": {
        "row_number": "253"
      }
    },
    {
      "type": "Feature",
      "geometry": {
        "type": "Point",
        "coordinates": [
          -0.431662561747252,
          51.06088765666327
        ]
      },
      "properties": {
        "row_number": "253"
      }
    },
    {
      "type": "Feature",
      "geometry": {
        "type": "Point",
        "coordinates": [
          -0.431650397876122,
          51.06094099698922
        ]
      },
      "properties": {
        "row_number": "253"
      }
    },
    {
      "type": "Feature",
      "geometry": {
        "type": "Point",
        "coordinates": [
          -0.431637520223058,
          51.06099385535027
        ]
      },
      "properties": {
        "row_number": "253"
      }
    },
    {
      "type": "Feature",
      "geometry": {
        "type": "Point",
        "coordinates": [
          -0.431624704654892,
          51.06104548655538
        ]
      },
      "properties": {
        "row_number": "253"
      }
    },
    {
      "type": "Feature",
      "geometry": {
        "type": "Point",
        "coordinates": [
          -0.431611632561184,
          51.06110104375266
        ]
      },
      "properties": {
        "row_number": "253"
      }
    },
    {
      "type": "Feature",
      "geometry": {
        "type": "Point",
        "coordinates": [
          -0.431598770489556,
          51.06115427188341
        ]
      },
      "properties": {
        "row_number": "253"
      }
    },
    {
      "type": "Feature",
      "geometry": {
        "type": "Point",
        "coordinates": [
          -0.431585799638803,
          51.06120779689387
        ]
      },
      "properties": {
        "row_number": "253"
      }
    },
    {
      "type": "Feature",
      "geometry": {
        "type": "Point",
        "coordinates": [
          -0.431572558390285,
          51.06126110527982
        ]
      },
      "properties": {
        "row_number": "253"
      }
    },
    {
      "type": "Feature",
      "geometry": {
        "type": "Point",
        "coordinates": [
          -0.431559835478761,
          51.06131440212423
        ]
      },
      "properties": {
        "row_number": "253"
      }
    },
    {
      "type": "Feature",
      "geometry": {
        "type": "Point",
        "coordinates": [
          -0.431547173915023,
          51.06136731947386
        ]
      },
      "properties": {
        "row_number": "253"
      }
    },
    {
      "type": "Feature",
      "geometry": {
        "type": "Point",
        "coordinates": [
          -0.431534037733201,
          51.06142081973344
        ]
      },
      "properties": {
        "row_number": "253"
      }
    },
    {
      "type": "Feature",
      "geometry": {
        "type": "Point",
        "coordinates": [
          -0.431521152720584,
          51.06147425430153
        ]
      },
      "properties": {
        "row_number": "253"
      }
    },
    {
      "type": "Feature",
      "geometry": {
        "type": "Point",
        "coordinates": [
          -0.431508010504848,
          51.06152756720007
        ]
      },
      "properties": {
        "row_number": "253"
      }
    },
    {
      "type": "Feature",
      "geometry": {
        "type": "Point",
        "coordinates": [
          -0.431494701882325,
          51.06158080771946
        ]
      },
      "properties": {
        "row_number": "253"
      }
    },
    {
      "type": "Feature",
      "geometry": {
        "type": "Point",
        "coordinates": [
          -0.431481662658704,
          51.06163421842971
        ]
      },
      "properties": {
        "row_number": "253"
      }
    },
    {
      "type": "Feature",
      "geometry": {
        "type": "Point",
        "coordinates": [
          -0.431468807589974,
          51.06168711824233
        ]
      },
      "properties": {
        "row_number": "253"
      }
    },
    {
      "type": "Feature",
      "geometry": {
        "type": "Point",
        "coordinates": [
          -0.431455989080201,
          51.06174058710282
        ]
      },
      "properties": {
        "row_number": "253"
      }
    },
    {
      "type": "Feature",
      "geometry": {
        "type": "Point",
        "coordinates": [
          -0.431442603414345,
          51.0617945718479
        ]
      },
      "properties": {
        "row_number": "253"
      }
    },
    {
      "type": "Feature",
      "geometry": {
        "type": "Point",
        "coordinates": [
          -0.43142968660868,
          51.06184811640448
        ]
      },
      "properties": {
        "row_number": "253"
      }
    },
    {
      "type": "Feature",
      "geometry": {
        "type": "Point",
        "coordinates": [
          -0.431416790750778,
          51.06190051072365
        ]
      },
      "properties": {
        "row_number": "253"
      }
    },
    {
      "type": "Feature",
      "geometry": {
        "type": "Point",
        "coordinates": [
          -0.431403553080938,
          51.06195407941333
        ]
      },
      "properties": {
        "row_number": "253"
      }
    },
    {
      "type": "Feature",
      "geometry": {
        "type": "Point",
        "coordinates": [
          -0.431391297332122,
          51.0620071251244
        ]
      },
      "properties": {
        "row_number": "253"
      }
    },
    {
      "type": "Feature",
      "geometry": {
        "type": "Point",
        "coordinates": [
          -0.431378898849542,
          51.06206055390587
        ]
      },
      "properties": {
        "row_number": "253"
      }
    },
    {
      "type": "Feature",
      "geometry": {
        "type": "Point",
        "coordinates": [
          -0.431365335111988,
          51.06211379931523
        ]
      },
      "properties": {
        "row_number": "253"
      }
    },
    {
      "type": "Feature",
      "geometry": {
        "type": "Point",
        "coordinates": [
          -0.431351840016247,
          51.06216700512368
        ]
      },
      "properties": {
        "row_number": "253"
      }
    },
    {
      "type": "Feature",
      "geometry": {
        "type": "Point",
        "coordinates": [
          -0.431338709398574,
          51.06222089841762
        ]
      },
      "properties": {
        "row_number": "253"
      }
    },
    {
      "type": "Feature",
      "geometry": {
        "type": "Point",
        "coordinates": [
          -0.431325696971478,
          51.06227386802692
        ]
      },
      "properties": {
        "row_number": "253"
      }
    },
    {
      "type": "Feature",
      "geometry": {
        "type": "Point",
        "coordinates": [
          -0.431312203779575,
          51.0623276645512
        ]
      },
      "properties": {
        "row_number": "253"
      }
    },
    {
      "type": "Feature",
      "geometry": {
        "type": "Point",
        "coordinates": [
          -0.43130015150044,
          51.06238042476535
        ]
      },
      "properties": {
        "row_number": "253"
      }
    },
    {
      "type": "Feature",
      "geometry": {
        "type": "Point",
        "coordinates": [
          -0.431287173918211,
          51.06243340172062
        ]
      },
      "properties": {
        "row_number": "253"
      }
    },
    {
      "type": "Feature",
      "geometry": {
        "type": "Point",
        "coordinates": [
          -0.431274125327143,
          51.06248746506242
        ]
      },
      "properties": {
        "row_number": "253"
      }
    },
    {
      "type": "Feature",
      "geometry": {
        "type": "Point",
        "coordinates": [
          -0.43125773741002,
          51.06254693709676
        ]
      },
      "properties": {
        "row_number": "253"
      }
    },
    {
      "type": "Feature",
      "geometry": {
        "type": "LineString",
        "coordinates": [
          [
            -0.431637416014277,
            51.06086149969024
          ],
          [
            -0.431631777310293,
            51.06088503795246
          ],
          [
            -0.431619120260844,
            51.06093801632439
          ],
          [
            -0.431606651422603,
            51.06099114661883
          ],
          [
            -0.431593231825249,
            51.06104424803222
          ],
          [
            -0.431580705904189,
            51.0610980453778
          ],
          [
            -0.431567607307082,
            51.06115099671219
          ],
          [
            -0.43155471576287,
            51.0612050238177
          ],
          [
            -0.431541408254335,
            51.0612578668333
          ],
          [
            -0.431528644607595,
            51.06131127665287
          ],
          [
            -0.431515704681564,
            51.06136442464879
          ],
          [
            -0.431502390265475,
            51.0614173056433
          ],
          [
            -0.431489142009263,
            51.06147204654023
          ],
          [
            -0.431476156519999,
            51.06152439903401
          ],
          [
            -0.431463346190042,
            51.06157723853156
          ],
          [
            -0.431450521169556,
            51.06163111177294
          ],
          [
            -0.431438023503454,
            51.06168398890869
          ],
          [
            -0.431424794805198,
            51.06173775485351
          ],
          [
            -0.431412011823224,
            51.06179159077659
          ],
          [
            -0.431398615532008,
            51.0618450450844
          ],
          [
            -0.431385896042087,
            51.06189790448027
          ],
          [
            -0.431372269939061,
            51.0619511504244
          ],
          [
            -0.431359197176788,
            51.06200405420879
          ],
          [
            -0.431346999519944,
            51.06205688723087
          ],
          [
            -0.431333839330146,
            51.06211098707148
          ],
          [
            -0.431320727959497,
            51.06216485430171
          ],
          [
            -0.431306626741723,
            51.06221787650434
          ],
          [
            -0.43129362769974,
            51.0622708261313
          ],
          [
            -0.431281586524783,
            51.06232433783346
          ],
          [
            -0.431268465915144,
            51.06237801132455
          ],
          [
            -0.43125565250745,
            51.06243057922278
          ],
          [
            -0.431242903697102,
            51.0624844001447
          ],
          [
            -0.431226445076596,
            51.06254745677758
          ]
        ]
      },
      "properties": {
        "row_number": "254"
      }
    },
    {
      "type": "Feature",
      "geometry": {
        "type": "Point",
        "coordinates": [
          -0.431637416014277,
          51.06086149969024
        ]
      },
      "properties": {
        "row_number": "254"
      }
    },
    {
      "type": "Feature",
      "geometry": {
        "type": "Point",
        "coordinates": [
          -0.431631777310293,
          51.06088503795246
        ]
      },
      "properties": {
        "row_number": "254"
      }
    },
    {
      "type": "Feature",
      "geometry": {
        "type": "Point",
        "coordinates": [
          -0.431619120260844,
          51.06093801632439
        ]
      },
      "properties": {
        "row_number": "254"
      }
    },
    {
      "type": "Feature",
      "geometry": {
        "type": "Point",
        "coordinates": [
          -0.431606651422603,
          51.06099114661883
        ]
      },
      "properties": {
        "row_number": "254"
      }
    },
    {
      "type": "Feature",
      "geometry": {
        "type": "Point",
        "coordinates": [
          -0.431593231825249,
          51.06104424803222
        ]
      },
      "properties": {
        "row_number": "254"
      }
    },
    {
      "type": "Feature",
      "geometry": {
        "type": "Point",
        "coordinates": [
          -0.431580705904189,
          51.0610980453778
        ]
      },
      "properties": {
        "row_number": "254"
      }
    },
    {
      "type": "Feature",
      "geometry": {
        "type": "Point",
        "coordinates": [
          -0.431567607307082,
          51.06115099671219
        ]
      },
      "properties": {
        "row_number": "254"
      }
    },
    {
      "type": "Feature",
      "geometry": {
        "type": "Point",
        "coordinates": [
          -0.43155471576287,
          51.0612050238177
        ]
      },
      "properties": {
        "row_number": "254"
      }
    },
    {
      "type": "Feature",
      "geometry": {
        "type": "Point",
        "coordinates": [
          -0.431541408254335,
          51.0612578668333
        ]
      },
      "properties": {
        "row_number": "254"
      }
    },
    {
      "type": "Feature",
      "geometry": {
        "type": "Point",
        "coordinates": [
          -0.431528644607595,
          51.06131127665287
        ]
      },
      "properties": {
        "row_number": "254"
      }
    },
    {
      "type": "Feature",
      "geometry": {
        "type": "Point",
        "coordinates": [
          -0.431515704681564,
          51.06136442464879
        ]
      },
      "properties": {
        "row_number": "254"
      }
    },
    {
      "type": "Feature",
      "geometry": {
        "type": "Point",
        "coordinates": [
          -0.431502390265475,
          51.0614173056433
        ]
      },
      "properties": {
        "row_number": "254"
      }
    },
    {
      "type": "Feature",
      "geometry": {
        "type": "Point",
        "coordinates": [
          -0.431489142009263,
          51.06147204654023
        ]
      },
      "properties": {
        "row_number": "254"
      }
    },
    {
      "type": "Feature",
      "geometry": {
        "type": "Point",
        "coordinates": [
          -0.431476156519999,
          51.06152439903401
        ]
      },
      "properties": {
        "row_number": "254"
      }
    },
    {
      "type": "Feature",
      "geometry": {
        "type": "Point",
        "coordinates": [
          -0.431463346190042,
          51.06157723853156
        ]
      },
      "properties": {
        "row_number": "254"
      }
    },
    {
      "type": "Feature",
      "geometry": {
        "type": "Point",
        "coordinates": [
          -0.431450521169556,
          51.06163111177294
        ]
      },
      "properties": {
        "row_number": "254"
      }
    },
    {
      "type": "Feature",
      "geometry": {
        "type": "Point",
        "coordinates": [
          -0.431438023503454,
          51.06168398890869
        ]
      },
      "properties": {
        "row_number": "254"
      }
    },
    {
      "type": "Feature",
      "geometry": {
        "type": "Point",
        "coordinates": [
          -0.431424794805198,
          51.06173775485351
        ]
      },
      "properties": {
        "row_number": "254"
      }
    },
    {
      "type": "Feature",
      "geometry": {
        "type": "Point",
        "coordinates": [
          -0.431412011823224,
          51.06179159077659
        ]
      },
      "properties": {
        "row_number": "254"
      }
    },
    {
      "type": "Feature",
      "geometry": {
        "type": "Point",
        "coordinates": [
          -0.431398615532008,
          51.0618450450844
        ]
      },
      "properties": {
        "row_number": "254"
      }
    },
    {
      "type": "Feature",
      "geometry": {
        "type": "Point",
        "coordinates": [
          -0.431385896042087,
          51.06189790448027
        ]
      },
      "properties": {
        "row_number": "254"
      }
    },
    {
      "type": "Feature",
      "geometry": {
        "type": "Point",
        "coordinates": [
          -0.431372269939061,
          51.0619511504244
        ]
      },
      "properties": {
        "row_number": "254"
      }
    },
    {
      "type": "Feature",
      "geometry": {
        "type": "Point",
        "coordinates": [
          -0.431359197176788,
          51.06200405420879
        ]
      },
      "properties": {
        "row_number": "254"
      }
    },
    {
      "type": "Feature",
      "geometry": {
        "type": "Point",
        "coordinates": [
          -0.431346999519944,
          51.06205688723087
        ]
      },
      "properties": {
        "row_number": "254"
      }
    },
    {
      "type": "Feature",
      "geometry": {
        "type": "Point",
        "coordinates": [
          -0.431333839330146,
          51.06211098707148
        ]
      },
      "properties": {
        "row_number": "254"
      }
    },
    {
      "type": "Feature",
      "geometry": {
        "type": "Point",
        "coordinates": [
          -0.431320727959497,
          51.06216485430171
        ]
      },
      "properties": {
        "row_number": "254"
      }
    },
    {
      "type": "Feature",
      "geometry": {
        "type": "Point",
        "coordinates": [
          -0.431306626741723,
          51.06221787650434
        ]
      },
      "properties": {
        "row_number": "254"
      }
    },
    {
      "type": "Feature",
      "geometry": {
        "type": "Point",
        "coordinates": [
          -0.43129362769974,
          51.0622708261313
        ]
      },
      "properties": {
        "row_number": "254"
      }
    },
    {
      "type": "Feature",
      "geometry": {
        "type": "Point",
        "coordinates": [
          -0.431281586524783,
          51.06232433783346
        ]
      },
      "properties": {
        "row_number": "254"
      }
    },
    {
      "type": "Feature",
      "geometry": {
        "type": "Point",
        "coordinates": [
          -0.431268465915144,
          51.06237801132455
        ]
      },
      "properties": {
        "row_number": "254"
      }
    },
    {
      "type": "Feature",
      "geometry": {
        "type": "Point",
        "coordinates": [
          -0.43125565250745,
          51.06243057922278
        ]
      },
      "properties": {
        "row_number": "254"
      }
    },
    {
      "type": "Feature",
      "geometry": {
        "type": "Point",
        "coordinates": [
          -0.431242903697102,
          51.0624844001447
        ]
      },
      "properties": {
        "row_number": "254"
      }
    },
    {
      "type": "Feature",
      "geometry": {
        "type": "Point",
        "coordinates": [
          -0.431226445076596,
          51.06254745677758
        ]
      },
      "properties": {
        "row_number": "254"
      }
    },
    {
      "type": "Feature",
      "geometry": {
        "type": "LineString",
        "coordinates": [
          [
            -0.431605667676958,
            51.06086170953765
          ],
          [
            -0.431588479493521,
            51.06093505094724
          ],
          [
            -0.431575483964768,
            51.06098794545694
          ],
          [
            -0.431562338475091,
            51.06104138033238
          ],
          [
            -0.431549271988079,
            51.06109452479657
          ],
          [
            -0.431536305890263,
            51.06114828226844
          ],
          [
            -0.431522870486314,
            51.06120148278271
          ],
          [
            -0.4315102520221,
            51.0612532415832
          ],
          [
            -0.431496842094072,
            51.06130813365673
          ],
          [
            -0.431484224307677,
            51.06136126707639
          ],
          [
            -0.43147103692615,
            51.06141487657999
          ],
          [
            -0.431457873306675,
            51.06146849107795
          ],
          [
            -0.431445535712729,
            51.06152184622333
          ],
          [
            -0.431432266171023,
            51.06157473867303
          ],
          [
            -0.431419119084304,
            51.06162830212103
          ],
          [
            -0.431406561034404,
            51.06168099083122
          ],
          [
            -0.431393233084401,
            51.06173477977453
          ],
          [
            -0.431380490246516,
            51.06178762163177
          ],
          [
            -0.431366862771647,
            51.06184238791136
          ],
          [
            -0.431354037294587,
            51.06189643017215
          ],
          [
            -0.431341208208413,
            51.06194818348938
          ],
          [
            -0.431328371004294,
            51.0620015066587
          ],
          [
            -0.431315306774815,
            51.06205452712424
          ],
          [
            -0.431302778332992,
            51.06210745706623
          ],
          [
            -0.431289522768785,
            51.06216113840149
          ],
          [
            -0.431276775419669,
            51.06221558424001
          ],
          [
            -0.431263933162991,
            51.06226802937152
          ],
          [
            -0.431250494633582,
            51.06232156624962
          ],
          [
            -0.431237666275646,
            51.06237457073893
          ],
          [
            -0.431224279877036,
            51.06242787963235
          ],
          [
            -0.431210899365557,
            51.06248196435281
          ],
          [
            -0.431194605354057,
            51.06254860593059
          ]
        ]
      },
      "properties": {
        "row_number": "255"
      }
    },
    {
      "type": "Feature",
      "geometry": {
        "type": "Point",
        "coordinates": [
          -0.431605667676958,
          51.06086170953765
        ]
      },
      "properties": {
        "row_number": "255"
      }
    },
    {
      "type": "Feature",
      "geometry": {
        "type": "Point",
        "coordinates": [
          -0.431588479493521,
          51.06093505094724
        ]
      },
      "properties": {
        "row_number": "255"
      }
    },
    {
      "type": "Feature",
      "geometry": {
        "type": "Point",
        "coordinates": [
          -0.431575483964768,
          51.06098794545694
        ]
      },
      "properties": {
        "row_number": "255"
      }
    },
    {
      "type": "Feature",
      "geometry": {
        "type": "Point",
        "coordinates": [
          -0.431562338475091,
          51.06104138033238
        ]
      },
      "properties": {
        "row_number": "255"
      }
    },
    {
      "type": "Feature",
      "geometry": {
        "type": "Point",
        "coordinates": [
          -0.431549271988079,
          51.06109452479657
        ]
      },
      "properties": {
        "row_number": "255"
      }
    },
    {
      "type": "Feature",
      "geometry": {
        "type": "Point",
        "coordinates": [
          -0.431536305890263,
          51.06114828226844
        ]
      },
      "properties": {
        "row_number": "255"
      }
    },
    {
      "type": "Feature",
      "geometry": {
        "type": "Point",
        "coordinates": [
          -0.431522870486314,
          51.06120148278271
        ]
      },
      "properties": {
        "row_number": "255"
      }
    },
    {
      "type": "Feature",
      "geometry": {
        "type": "Point",
        "coordinates": [
          -0.4315102520221,
          51.0612532415832
        ]
      },
      "properties": {
        "row_number": "255"
      }
    },
    {
      "type": "Feature",
      "geometry": {
        "type": "Point",
        "coordinates": [
          -0.431496842094072,
          51.06130813365673
        ]
      },
      "properties": {
        "row_number": "255"
      }
    },
    {
      "type": "Feature",
      "geometry": {
        "type": "Point",
        "coordinates": [
          -0.431484224307677,
          51.06136126707639
        ]
      },
      "properties": {
        "row_number": "255"
      }
    },
    {
      "type": "Feature",
      "geometry": {
        "type": "Point",
        "coordinates": [
          -0.43147103692615,
          51.06141487657999
        ]
      },
      "properties": {
        "row_number": "255"
      }
    },
    {
      "type": "Feature",
      "geometry": {
        "type": "Point",
        "coordinates": [
          -0.431457873306675,
          51.06146849107795
        ]
      },
      "properties": {
        "row_number": "255"
      }
    },
    {
      "type": "Feature",
      "geometry": {
        "type": "Point",
        "coordinates": [
          -0.431445535712729,
          51.06152184622333
        ]
      },
      "properties": {
        "row_number": "255"
      }
    },
    {
      "type": "Feature",
      "geometry": {
        "type": "Point",
        "coordinates": [
          -0.431432266171023,
          51.06157473867303
        ]
      },
      "properties": {
        "row_number": "255"
      }
    },
    {
      "type": "Feature",
      "geometry": {
        "type": "Point",
        "coordinates": [
          -0.431419119084304,
          51.06162830212103
        ]
      },
      "properties": {
        "row_number": "255"
      }
    },
    {
      "type": "Feature",
      "geometry": {
        "type": "Point",
        "coordinates": [
          -0.431406561034404,
          51.06168099083122
        ]
      },
      "properties": {
        "row_number": "255"
      }
    },
    {
      "type": "Feature",
      "geometry": {
        "type": "Point",
        "coordinates": [
          -0.431393233084401,
          51.06173477977453
        ]
      },
      "properties": {
        "row_number": "255"
      }
    },
    {
      "type": "Feature",
      "geometry": {
        "type": "Point",
        "coordinates": [
          -0.431380490246516,
          51.06178762163177
        ]
      },
      "properties": {
        "row_number": "255"
      }
    },
    {
      "type": "Feature",
      "geometry": {
        "type": "Point",
        "coordinates": [
          -0.431366862771647,
          51.06184238791136
        ]
      },
      "properties": {
        "row_number": "255"
      }
    },
    {
      "type": "Feature",
      "geometry": {
        "type": "Point",
        "coordinates": [
          -0.431354037294587,
          51.06189643017215
        ]
      },
      "properties": {
        "row_number": "255"
      }
    },
    {
      "type": "Feature",
      "geometry": {
        "type": "Point",
        "coordinates": [
          -0.431341208208413,
          51.06194818348938
        ]
      },
      "properties": {
        "row_number": "255"
      }
    },
    {
      "type": "Feature",
      "geometry": {
        "type": "Point",
        "coordinates": [
          -0.431328371004294,
          51.0620015066587
        ]
      },
      "properties": {
        "row_number": "255"
      }
    },
    {
      "type": "Feature",
      "geometry": {
        "type": "Point",
        "coordinates": [
          -0.431315306774815,
          51.06205452712424
        ]
      },
      "properties": {
        "row_number": "255"
      }
    },
    {
      "type": "Feature",
      "geometry": {
        "type": "Point",
        "coordinates": [
          -0.431302778332992,
          51.06210745706623
        ]
      },
      "properties": {
        "row_number": "255"
      }
    },
    {
      "type": "Feature",
      "geometry": {
        "type": "Point",
        "coordinates": [
          -0.431289522768785,
          51.06216113840149
        ]
      },
      "properties": {
        "row_number": "255"
      }
    },
    {
      "type": "Feature",
      "geometry": {
        "type": "Point",
        "coordinates": [
          -0.431276775419669,
          51.06221558424001
        ]
      },
      "properties": {
        "row_number": "255"
      }
    },
    {
      "type": "Feature",
      "geometry": {
        "type": "Point",
        "coordinates": [
          -0.431263933162991,
          51.06226802937152
        ]
      },
      "properties": {
        "row_number": "255"
      }
    },
    {
      "type": "Feature",
      "geometry": {
        "type": "Point",
        "coordinates": [
          -0.431250494633582,
          51.06232156624962
        ]
      },
      "properties": {
        "row_number": "255"
      }
    },
    {
      "type": "Feature",
      "geometry": {
        "type": "Point",
        "coordinates": [
          -0.431237666275646,
          51.06237457073893
        ]
      },
      "properties": {
        "row_number": "255"
      }
    },
    {
      "type": "Feature",
      "geometry": {
        "type": "Point",
        "coordinates": [
          -0.431224279877036,
          51.06242787963235
        ]
      },
      "properties": {
        "row_number": "255"
      }
    },
    {
      "type": "Feature",
      "geometry": {
        "type": "Point",
        "coordinates": [
          -0.431210899365557,
          51.06248196435281
        ]
      },
      "properties": {
        "row_number": "255"
      }
    },
    {
      "type": "Feature",
      "geometry": {
        "type": "Point",
        "coordinates": [
          -0.431194605354057,
          51.06254860593059
        ]
      },
      "properties": {
        "row_number": "255"
      }
    },
    {
      "type": "Feature",
      "geometry": {
        "type": "LineString",
        "coordinates": [
          [
            -0.431574865787379,
            51.06086146757804
          ],
          [
            -0.431557919089494,
            51.06093198087896
          ],
          [
            -0.431545160576228,
            51.0609850391342
          ],
          [
            -0.43153215350187,
            51.0610383678388
          ],
          [
            -0.431519014119828,
            51.06109182502556
          ],
          [
            -0.431505308062619,
            51.06114472782055
          ],
          [
            -0.431493131329117,
            51.06119894998734
          ],
          [
            -0.431480111801581,
            51.06125100728229
          ],
          [
            -0.431466563764169,
            51.061305175009
          ],
          [
            -0.431454058484997,
            51.06135834650617
          ],
          [
            -0.431441110856847,
            51.06141206542085
          ],
          [
            -0.431427460768108,
            51.06146485054943
          ],
          [
            -0.431415285668659,
            51.06151849430283
          ],
          [
            -0.431402063339767,
            51.06157129175508
          ],
          [
            -0.431388471124734,
            51.06162526466043
          ],
          [
            -0.431375645469896,
            51.06167780353424
          ],
          [
            -0.43136272137716,
            51.06173173394797
          ],
          [
            -0.431350232827325,
            51.06178472891191
          ],
          [
            -0.431336582201656,
            51.06183898525269
          ],
          [
            -0.431323232057845,
            51.06189185934475
          ],
          [
            -0.431310099771107,
            51.06194530100565
          ],
          [
            -0.431297769847765,
            51.06199850246201
          ],
          [
            -0.431284739245308,
            51.06205195785476
          ],
          [
            -0.431271836484548,
            51.06210471948871
          ],
          [
            -0.431258356068944,
            51.06215821604093
          ],
          [
            -0.431245039974817,
            51.06221191380341
          ],
          [
            -0.431232913545676,
            51.06226388321055
          ],
          [
            -0.431219085857642,
            51.06231838867377
          ],
          [
            -0.43120692453843,
            51.06237164250172
          ],
          [
            -0.431193590250236,
            51.06242481924297
          ],
          [
            -0.431181155298108,
            51.06247883692453
          ],
          [
            -0.431163543855604,
            51.06254804655548
          ]
        ]
      },
      "properties": {
        "row_number": "256"
      }
    },
    {
      "type": "Feature",
      "geometry": {
        "type": "Point",
        "coordinates": [
          -0.431574865787379,
          51.06086146757804
        ]
      },
      "properties": {
        "row_number": "256"
      }
    },
    {
      "type": "Feature",
      "geometry": {
        "type": "Point",
        "coordinates": [
          -0.431557919089494,
          51.06093198087896
        ]
      },
      "properties": {
        "row_number": "256"
      }
    },
    {
      "type": "Feature",
      "geometry": {
        "type": "Point",
        "coordinates": [
          -0.431545160576228,
          51.0609850391342
        ]
      },
      "properties": {
        "row_number": "256"
      }
    },
    {
      "type": "Feature",
      "geometry": {
        "type": "Point",
        "coordinates": [
          -0.43153215350187,
          51.0610383678388
        ]
      },
      "properties": {
        "row_number": "256"
      }
    },
    {
      "type": "Feature",
      "geometry": {
        "type": "Point",
        "coordinates": [
          -0.431519014119828,
          51.06109182502556
        ]
      },
      "properties": {
        "row_number": "256"
      }
    },
    {
      "type": "Feature",
      "geometry": {
        "type": "Point",
        "coordinates": [
          -0.431505308062619,
          51.06114472782055
        ]
      },
      "properties": {
        "row_number": "256"
      }
    },
    {
      "type": "Feature",
      "geometry": {
        "type": "Point",
        "coordinates": [
          -0.431493131329117,
          51.06119894998734
        ]
      },
      "properties": {
        "row_number": "256"
      }
    },
    {
      "type": "Feature",
      "geometry": {
        "type": "Point",
        "coordinates": [
          -0.431480111801581,
          51.06125100728229
        ]
      },
      "properties": {
        "row_number": "256"
      }
    },
    {
      "type": "Feature",
      "geometry": {
        "type": "Point",
        "coordinates": [
          -0.431466563764169,
          51.061305175009
        ]
      },
      "properties": {
        "row_number": "256"
      }
    },
    {
      "type": "Feature",
      "geometry": {
        "type": "Point",
        "coordinates": [
          -0.431454058484997,
          51.06135834650617
        ]
      },
      "properties": {
        "row_number": "256"
      }
    },
    {
      "type": "Feature",
      "geometry": {
        "type": "Point",
        "coordinates": [
          -0.431441110856847,
          51.06141206542085
        ]
      },
      "properties": {
        "row_number": "256"
      }
    },
    {
      "type": "Feature",
      "geometry": {
        "type": "Point",
        "coordinates": [
          -0.431427460768108,
          51.06146485054943
        ]
      },
      "properties": {
        "row_number": "256"
      }
    },
    {
      "type": "Feature",
      "geometry": {
        "type": "Point",
        "coordinates": [
          -0.431415285668659,
          51.06151849430283
        ]
      },
      "properties": {
        "row_number": "256"
      }
    },
    {
      "type": "Feature",
      "geometry": {
        "type": "Point",
        "coordinates": [
          -0.431402063339767,
          51.06157129175508
        ]
      },
      "properties": {
        "row_number": "256"
      }
    },
    {
      "type": "Feature",
      "geometry": {
        "type": "Point",
        "coordinates": [
          -0.431388471124734,
          51.06162526466043
        ]
      },
      "properties": {
        "row_number": "256"
      }
    },
    {
      "type": "Feature",
      "geometry": {
        "type": "Point",
        "coordinates": [
          -0.431375645469896,
          51.06167780353424
        ]
      },
      "properties": {
        "row_number": "256"
      }
    },
    {
      "type": "Feature",
      "geometry": {
        "type": "Point",
        "coordinates": [
          -0.43136272137716,
          51.06173173394797
        ]
      },
      "properties": {
        "row_number": "256"
      }
    },
    {
      "type": "Feature",
      "geometry": {
        "type": "Point",
        "coordinates": [
          -0.431350232827325,
          51.06178472891191
        ]
      },
      "properties": {
        "row_number": "256"
      }
    },
    {
      "type": "Feature",
      "geometry": {
        "type": "Point",
        "coordinates": [
          -0.431336582201656,
          51.06183898525269
        ]
      },
      "properties": {
        "row_number": "256"
      }
    },
    {
      "type": "Feature",
      "geometry": {
        "type": "Point",
        "coordinates": [
          -0.431323232057845,
          51.06189185934475
        ]
      },
      "properties": {
        "row_number": "256"
      }
    },
    {
      "type": "Feature",
      "geometry": {
        "type": "Point",
        "coordinates": [
          -0.431310099771107,
          51.06194530100565
        ]
      },
      "properties": {
        "row_number": "256"
      }
    },
    {
      "type": "Feature",
      "geometry": {
        "type": "Point",
        "coordinates": [
          -0.431297769847765,
          51.06199850246201
        ]
      },
      "properties": {
        "row_number": "256"
      }
    },
    {
      "type": "Feature",
      "geometry": {
        "type": "Point",
        "coordinates": [
          -0.431284739245308,
          51.06205195785476
        ]
      },
      "properties": {
        "row_number": "256"
      }
    },
    {
      "type": "Feature",
      "geometry": {
        "type": "Point",
        "coordinates": [
          -0.431271836484548,
          51.06210471948871
        ]
      },
      "properties": {
        "row_number": "256"
      }
    },
    {
      "type": "Feature",
      "geometry": {
        "type": "Point",
        "coordinates": [
          -0.431258356068944,
          51.06215821604093
        ]
      },
      "properties": {
        "row_number": "256"
      }
    },
    {
      "type": "Feature",
      "geometry": {
        "type": "Point",
        "coordinates": [
          -0.431245039974817,
          51.06221191380341
        ]
      },
      "properties": {
        "row_number": "256"
      }
    },
    {
      "type": "Feature",
      "geometry": {
        "type": "Point",
        "coordinates": [
          -0.431232913545676,
          51.06226388321055
        ]
      },
      "properties": {
        "row_number": "256"
      }
    },
    {
      "type": "Feature",
      "geometry": {
        "type": "Point",
        "coordinates": [
          -0.431219085857642,
          51.06231838867377
        ]
      },
      "properties": {
        "row_number": "256"
      }
    },
    {
      "type": "Feature",
      "geometry": {
        "type": "Point",
        "coordinates": [
          -0.43120692453843,
          51.06237164250172
        ]
      },
      "properties": {
        "row_number": "256"
      }
    },
    {
      "type": "Feature",
      "geometry": {
        "type": "Point",
        "coordinates": [
          -0.431193590250236,
          51.06242481924297
        ]
      },
      "properties": {
        "row_number": "256"
      }
    },
    {
      "type": "Feature",
      "geometry": {
        "type": "Point",
        "coordinates": [
          -0.431181155298108,
          51.06247883692453
        ]
      },
      "properties": {
        "row_number": "256"
      }
    },
    {
      "type": "Feature",
      "geometry": {
        "type": "Point",
        "coordinates": [
          -0.431163543855604,
          51.06254804655548
        ]
      },
      "properties": {
        "row_number": "256"
      }
    },
    {
      "type": "Feature",
      "geometry": {
        "type": "LineString",
        "coordinates": [
          [
            -0.431542237594391,
            51.06086439783157
          ],
          [
            -0.431526952278998,
            51.06092921220427
          ],
          [
            -0.43151255219859,
            51.06098211858907
          ],
          [
            -0.431500172123185,
            51.0610350655546
          ],
          [
            -0.43148731566131,
            51.06108871037918
          ],
          [
            -0.431473387677443,
            51.06114212327712
          ],
          [
            -0.431460264044883,
            51.06119563829174
          ],
          [
            -0.431448341420655,
            51.06124869580141
          ],
          [
            -0.431435042156245,
            51.06130213952394
          ],
          [
            -0.431422315099816,
            51.06135498343775
          ],
          [
            -0.431408743834305,
            51.06140851012311
          ],
          [
            -0.431395719240901,
            51.0614618580322
          ],
          [
            -0.431383378120775,
            51.06151546624714
          ],
          [
            -0.431370425885511,
            51.06156886104577
          ],
          [
            -0.431356785414498,
            51.06162306935018
          ],
          [
            -0.431344538044041,
            51.06167515485464
          ],
          [
            -0.431331307633114,
            51.06172885314714
          ],
          [
            -0.431317997051057,
            51.06178194771308
          ],
          [
            -0.431304994375561,
            51.06183596381479
          ],
          [
            -0.431291172122379,
            51.06188856911035
          ],
          [
            -0.431278792161123,
            51.06194212885207
          ],
          [
            -0.431266075369363,
            51.06199531755595
          ],
          [
            -0.431252685020493,
            51.06204824761057
          ],
          [
            -0.431240526749683,
            51.06210173987267
          ],
          [
            -0.431227201173121,
            51.06215491396136
          ],
          [
            -0.431214107992022,
            51.06220936032167
          ],
          [
            -0.431201315723817,
            51.06226163589709
          ],
          [
            -0.431187744252151,
            51.06231543010038
          ],
          [
            -0.431174288739846,
            51.06236878959493
          ],
          [
            -0.431162211305294,
            51.06242167226965
          ],
          [
            -0.431149366678192,
            51.06247550505056
          ],
          [
            -0.431131334236972,
            51.06254895921259
          ]
        ]
      },
      "properties": {
        "row_number": "257"
      }
    },
    {
      "type": "Feature",
      "geometry": {
        "type": "Point",
        "coordinates": [
          -0.431542237594391,
          51.06086439783157
        ]
      },
      "properties": {
        "row_number": "257"
      }
    },
    {
      "type": "Feature",
      "geometry": {
        "type": "Point",
        "coordinates": [
          -0.431526952278998,
          51.06092921220427
        ]
      },
      "properties": {
        "row_number": "257"
      }
    },
    {
      "type": "Feature",
      "geometry": {
        "type": "Point",
        "coordinates": [
          -0.43151255219859,
          51.06098211858907
        ]
      },
      "properties": {
        "row_number": "257"
      }
    },
    {
      "type": "Feature",
      "geometry": {
        "type": "Point",
        "coordinates": [
          -0.431500172123185,
          51.0610350655546
        ]
      },
      "properties": {
        "row_number": "257"
      }
    },
    {
      "type": "Feature",
      "geometry": {
        "type": "Point",
        "coordinates": [
          -0.43148731566131,
          51.06108871037918
        ]
      },
      "properties": {
        "row_number": "257"
      }
    },
    {
      "type": "Feature",
      "geometry": {
        "type": "Point",
        "coordinates": [
          -0.431473387677443,
          51.06114212327712
        ]
      },
      "properties": {
        "row_number": "257"
      }
    },
    {
      "type": "Feature",
      "geometry": {
        "type": "Point",
        "coordinates": [
          -0.431460264044883,
          51.06119563829174
        ]
      },
      "properties": {
        "row_number": "257"
      }
    },
    {
      "type": "Feature",
      "geometry": {
        "type": "Point",
        "coordinates": [
          -0.431448341420655,
          51.06124869580141
        ]
      },
      "properties": {
        "row_number": "257"
      }
    },
    {
      "type": "Feature",
      "geometry": {
        "type": "Point",
        "coordinates": [
          -0.431435042156245,
          51.06130213952394
        ]
      },
      "properties": {
        "row_number": "257"
      }
    },
    {
      "type": "Feature",
      "geometry": {
        "type": "Point",
        "coordinates": [
          -0.431422315099816,
          51.06135498343775
        ]
      },
      "properties": {
        "row_number": "257"
      }
    },
    {
      "type": "Feature",
      "geometry": {
        "type": "Point",
        "coordinates": [
          -0.431408743834305,
          51.06140851012311
        ]
      },
      "properties": {
        "row_number": "257"
      }
    },
    {
      "type": "Feature",
      "geometry": {
        "type": "Point",
        "coordinates": [
          -0.431395719240901,
          51.0614618580322
        ]
      },
      "properties": {
        "row_number": "257"
      }
    },
    {
      "type": "Feature",
      "geometry": {
        "type": "Point",
        "coordinates": [
          -0.431383378120775,
          51.06151546624714
        ]
      },
      "properties": {
        "row_number": "257"
      }
    },
    {
      "type": "Feature",
      "geometry": {
        "type": "Point",
        "coordinates": [
          -0.431370425885511,
          51.06156886104577
        ]
      },
      "properties": {
        "row_number": "257"
      }
    },
    {
      "type": "Feature",
      "geometry": {
        "type": "Point",
        "coordinates": [
          -0.431356785414498,
          51.06162306935018
        ]
      },
      "properties": {
        "row_number": "257"
      }
    },
    {
      "type": "Feature",
      "geometry": {
        "type": "Point",
        "coordinates": [
          -0.431344538044041,
          51.06167515485464
        ]
      },
      "properties": {
        "row_number": "257"
      }
    },
    {
      "type": "Feature",
      "geometry": {
        "type": "Point",
        "coordinates": [
          -0.431331307633114,
          51.06172885314714
        ]
      },
      "properties": {
        "row_number": "257"
      }
    },
    {
      "type": "Feature",
      "geometry": {
        "type": "Point",
        "coordinates": [
          -0.431317997051057,
          51.06178194771308
        ]
      },
      "properties": {
        "row_number": "257"
      }
    },
    {
      "type": "Feature",
      "geometry": {
        "type": "Point",
        "coordinates": [
          -0.431304994375561,
          51.06183596381479
        ]
      },
      "properties": {
        "row_number": "257"
      }
    },
    {
      "type": "Feature",
      "geometry": {
        "type": "Point",
        "coordinates": [
          -0.431291172122379,
          51.06188856911035
        ]
      },
      "properties": {
        "row_number": "257"
      }
    },
    {
      "type": "Feature",
      "geometry": {
        "type": "Point",
        "coordinates": [
          -0.431278792161123,
          51.06194212885207
        ]
      },
      "properties": {
        "row_number": "257"
      }
    },
    {
      "type": "Feature",
      "geometry": {
        "type": "Point",
        "coordinates": [
          -0.431266075369363,
          51.06199531755595
        ]
      },
      "properties": {
        "row_number": "257"
      }
    },
    {
      "type": "Feature",
      "geometry": {
        "type": "Point",
        "coordinates": [
          -0.431252685020493,
          51.06204824761057
        ]
      },
      "properties": {
        "row_number": "257"
      }
    },
    {
      "type": "Feature",
      "geometry": {
        "type": "Point",
        "coordinates": [
          -0.431240526749683,
          51.06210173987267
        ]
      },
      "properties": {
        "row_number": "257"
      }
    },
    {
      "type": "Feature",
      "geometry": {
        "type": "Point",
        "coordinates": [
          -0.431227201173121,
          51.06215491396136
        ]
      },
      "properties": {
        "row_number": "257"
      }
    },
    {
      "type": "Feature",
      "geometry": {
        "type": "Point",
        "coordinates": [
          -0.431214107992022,
          51.06220936032167
        ]
      },
      "properties": {
        "row_number": "257"
      }
    },
    {
      "type": "Feature",
      "geometry": {
        "type": "Point",
        "coordinates": [
          -0.431201315723817,
          51.06226163589709
        ]
      },
      "properties": {
        "row_number": "257"
      }
    },
    {
      "type": "Feature",
      "geometry": {
        "type": "Point",
        "coordinates": [
          -0.431187744252151,
          51.06231543010038
        ]
      },
      "properties": {
        "row_number": "257"
      }
    },
    {
      "type": "Feature",
      "geometry": {
        "type": "Point",
        "coordinates": [
          -0.431174288739846,
          51.06236878959493
        ]
      },
      "properties": {
        "row_number": "257"
      }
    },
    {
      "type": "Feature",
      "geometry": {
        "type": "Point",
        "coordinates": [
          -0.431162211305294,
          51.06242167226965
        ]
      },
      "properties": {
        "row_number": "257"
      }
    },
    {
      "type": "Feature",
      "geometry": {
        "type": "Point",
        "coordinates": [
          -0.431149366678192,
          51.06247550505056
        ]
      },
      "properties": {
        "row_number": "257"
      }
    },
    {
      "type": "Feature",
      "geometry": {
        "type": "Point",
        "coordinates": [
          -0.431131334236972,
          51.06254895921259
        ]
      },
      "properties": {
        "row_number": "257"
      }
    },
    {
      "type": "Feature",
      "geometry": {
        "type": "LineString",
        "coordinates": [
          [
            -0.431509747262626,
            51.06086622085913
          ],
          [
            -0.431495198191418,
            51.06092620882749
          ],
          [
            -0.431481796294146,
            51.06097933915375
          ],
          [
            -0.431469517159517,
            51.06103250989827
          ],
          [
            -0.431456334215661,
            51.06108568316834
          ],
          [
            -0.431443264779747,
            51.06113953238071
          ],
          [
            -0.431429813274438,
            51.06119268158495
          ],
          [
            -0.431417761747102,
            51.06124533016121
          ],
          [
            -0.431403721059209,
            51.0612999083009
          ],
          [
            -0.431391507297407,
            51.06135228860698
          ],
          [
            -0.431378011025947,
            51.0614055745536
          ],
          [
            -0.431365646924124,
            51.0614595392227
          ],
          [
            -0.431352458324192,
            51.0615127980269
          ],
          [
            -0.431339199521117,
            51.06156558033226
          ],
          [
            -0.431325706251555,
            51.06161949495215
          ],
          [
            -0.431312905769261,
            51.06167208137593
          ],
          [
            -0.431299234927003,
            51.06172576348941
          ],
          [
            -0.431286442971548,
            51.06177902736755
          ],
          [
            -0.431273090193345,
            51.06183274047063
          ],
          [
            -0.431260245612746,
            51.06188558248376
          ],
          [
            -0.431247788362075,
            51.06193900751504
          ],
          [
            -0.43123514932184,
            51.06199220816065
          ],
          [
            -0.431221901994146,
            51.06204605970436
          ],
          [
            -0.43120937999271,
            51.06209932259777
          ],
          [
            -0.431197145812121,
            51.06215205262623
          ],
          [
            -0.431182870425368,
            51.06220639721906
          ],
          [
            -0.43117015916996,
            51.06225916749777
          ],
          [
            -0.431156862376614,
            51.06231275381396
          ],
          [
            -0.431143891056356,
            51.06236579504368
          ],
          [
            -0.431130852080777,
            51.06241915663271
          ],
          [
            -0.431118258092704,
            51.06247286949655
          ],
          [
            -0.431099226455638,
            51.06254866703419
          ]
        ]
      },
      "properties": {
        "row_number": "258"
      }
    },
    {
      "type": "Feature",
      "geometry": {
        "type": "Point",
        "coordinates": [
          -0.431509747262626,
          51.06086622085913
        ]
      },
      "properties": {
        "row_number": "258"
      }
    },
    {
      "type": "Feature",
      "geometry": {
        "type": "Point",
        "coordinates": [
          -0.431495198191418,
          51.06092620882749
        ]
      },
      "properties": {
        "row_number": "258"
      }
    },
    {
      "type": "Feature",
      "geometry": {
        "type": "Point",
        "coordinates": [
          -0.431481796294146,
          51.06097933915375
        ]
      },
      "properties": {
        "row_number": "258"
      }
    },
    {
      "type": "Feature",
      "geometry": {
        "type": "Point",
        "coordinates": [
          -0.431469517159517,
          51.06103250989827
        ]
      },
      "properties": {
        "row_number": "258"
      }
    },
    {
      "type": "Feature",
      "geometry": {
        "type": "Point",
        "coordinates": [
          -0.431456334215661,
          51.06108568316834
        ]
      },
      "properties": {
        "row_number": "258"
      }
    },
    {
      "type": "Feature",
      "geometry": {
        "type": "Point",
        "coordinates": [
          -0.431443264779747,
          51.06113953238071
        ]
      },
      "properties": {
        "row_number": "258"
      }
    },
    {
      "type": "Feature",
      "geometry": {
        "type": "Point",
        "coordinates": [
          -0.431429813274438,
          51.06119268158495
        ]
      },
      "properties": {
        "row_number": "258"
      }
    },
    {
      "type": "Feature",
      "geometry": {
        "type": "Point",
        "coordinates": [
          -0.431417761747102,
          51.06124533016121
        ]
      },
      "properties": {
        "row_number": "258"
      }
    },
    {
      "type": "Feature",
      "geometry": {
        "type": "Point",
        "coordinates": [
          -0.431403721059209,
          51.0612999083009
        ]
      },
      "properties": {
        "row_number": "258"
      }
    },
    {
      "type": "Feature",
      "geometry": {
        "type": "Point",
        "coordinates": [
          -0.431391507297407,
          51.06135228860698
        ]
      },
      "properties": {
        "row_number": "258"
      }
    },
    {
      "type": "Feature",
      "geometry": {
        "type": "Point",
        "coordinates": [
          -0.431378011025947,
          51.0614055745536
        ]
      },
      "properties": {
        "row_number": "258"
      }
    },
    {
      "type": "Feature",
      "geometry": {
        "type": "Point",
        "coordinates": [
          -0.431365646924124,
          51.0614595392227
        ]
      },
      "properties": {
        "row_number": "258"
      }
    },
    {
      "type": "Feature",
      "geometry": {
        "type": "Point",
        "coordinates": [
          -0.431352458324192,
          51.0615127980269
        ]
      },
      "properties": {
        "row_number": "258"
      }
    },
    {
      "type": "Feature",
      "geometry": {
        "type": "Point",
        "coordinates": [
          -0.431339199521117,
          51.06156558033226
        ]
      },
      "properties": {
        "row_number": "258"
      }
    },
    {
      "type": "Feature",
      "geometry": {
        "type": "Point",
        "coordinates": [
          -0.431325706251555,
          51.06161949495215
        ]
      },
      "properties": {
        "row_number": "258"
      }
    },
    {
      "type": "Feature",
      "geometry": {
        "type": "Point",
        "coordinates": [
          -0.431312905769261,
          51.06167208137593
        ]
      },
      "properties": {
        "row_number": "258"
      }
    },
    {
      "type": "Feature",
      "geometry": {
        "type": "Point",
        "coordinates": [
          -0.431299234927003,
          51.06172576348941
        ]
      },
      "properties": {
        "row_number": "258"
      }
    },
    {
      "type": "Feature",
      "geometry": {
        "type": "Point",
        "coordinates": [
          -0.431286442971548,
          51.06177902736755
        ]
      },
      "properties": {
        "row_number": "258"
      }
    },
    {
      "type": "Feature",
      "geometry": {
        "type": "Point",
        "coordinates": [
          -0.431273090193345,
          51.06183274047063
        ]
      },
      "properties": {
        "row_number": "258"
      }
    },
    {
      "type": "Feature",
      "geometry": {
        "type": "Point",
        "coordinates": [
          -0.431260245612746,
          51.06188558248376
        ]
      },
      "properties": {
        "row_number": "258"
      }
    },
    {
      "type": "Feature",
      "geometry": {
        "type": "Point",
        "coordinates": [
          -0.431247788362075,
          51.06193900751504
        ]
      },
      "properties": {
        "row_number": "258"
      }
    },
    {
      "type": "Feature",
      "geometry": {
        "type": "Point",
        "coordinates": [
          -0.43123514932184,
          51.06199220816065
        ]
      },
      "properties": {
        "row_number": "258"
      }
    },
    {
      "type": "Feature",
      "geometry": {
        "type": "Point",
        "coordinates": [
          -0.431221901994146,
          51.06204605970436
        ]
      },
      "properties": {
        "row_number": "258"
      }
    },
    {
      "type": "Feature",
      "geometry": {
        "type": "Point",
        "coordinates": [
          -0.43120937999271,
          51.06209932259777
        ]
      },
      "properties": {
        "row_number": "258"
      }
    },
    {
      "type": "Feature",
      "geometry": {
        "type": "Point",
        "coordinates": [
          -0.431197145812121,
          51.06215205262623
        ]
      },
      "properties": {
        "row_number": "258"
      }
    },
    {
      "type": "Feature",
      "geometry": {
        "type": "Point",
        "coordinates": [
          -0.431182870425368,
          51.06220639721906
        ]
      },
      "properties": {
        "row_number": "258"
      }
    },
    {
      "type": "Feature",
      "geometry": {
        "type": "Point",
        "coordinates": [
          -0.43117015916996,
          51.06225916749777
        ]
      },
      "properties": {
        "row_number": "258"
      }
    },
    {
      "type": "Feature",
      "geometry": {
        "type": "Point",
        "coordinates": [
          -0.431156862376614,
          51.06231275381396
        ]
      },
      "properties": {
        "row_number": "258"
      }
    },
    {
      "type": "Feature",
      "geometry": {
        "type": "Point",
        "coordinates": [
          -0.431143891056356,
          51.06236579504368
        ]
      },
      "properties": {
        "row_number": "258"
      }
    },
    {
      "type": "Feature",
      "geometry": {
        "type": "Point",
        "coordinates": [
          -0.431130852080777,
          51.06241915663271
        ]
      },
      "properties": {
        "row_number": "258"
      }
    },
    {
      "type": "Feature",
      "geometry": {
        "type": "Point",
        "coordinates": [
          -0.431118258092704,
          51.06247286949655
        ]
      },
      "properties": {
        "row_number": "258"
      }
    },
    {
      "type": "Feature",
      "geometry": {
        "type": "Point",
        "coordinates": [
          -0.431099226455638,
          51.06254866703419
        ]
      },
      "properties": {
        "row_number": "258"
      }
    },
    {
      "type": "Feature",
      "geometry": {
        "type": "LineString",
        "coordinates": [
          [
            -0.431478129298939,
            51.06086526626009
          ],
          [
            -0.431463970161556,
            51.06092283324448
          ],
          [
            -0.431451358773562,
            51.06097600286586
          ],
          [
            -0.431438861742013,
            51.06102947009898
          ],
          [
            -0.431425543501482,
            51.06108252756272
          ],
          [
            -0.431412852383766,
            51.06113592389652
          ],
          [
            -0.431399209048484,
            51.06118958817578
          ],
          [
            -0.431386890664271,
            51.06124250205721
          ],
          [
            -0.431374326422904,
            51.06129642851739
          ],
          [
            -0.431360258767663,
            51.06134922700301
          ],
          [
            -0.43134756224515,
            51.0614028123692
          ],
          [
            -0.431334572347393,
            51.06145605322456
          ],
          [
            -0.431320880468482,
            51.06150955668894
          ],
          [
            -0.431308448505803,
            51.06156285025902
          ],
          [
            -0.431295426290796,
            51.0616164040979
          ],
          [
            -0.431282737494123,
            51.06166888575568
          ],
          [
            -0.43126899575102,
            51.06172273269667
          ],
          [
            -0.431260139205962,
            51.06175834413123
          ]
        ]
      },
      "properties": {
        "row_number": "259"
      }
    },
    {
      "type": "Feature",
      "geometry": {
        "type": "Point",
        "coordinates": [
          -0.431478129298939,
          51.06086526626009
        ]
      },
      "properties": {
        "row_number": "259"
      }
    },
    {
      "type": "Feature",
      "geometry": {
        "type": "Point",
        "coordinates": [
          -0.431463970161556,
          51.06092283324448
        ]
      },
      "properties": {
        "row_number": "259"
      }
    },
    {
      "type": "Feature",
      "geometry": {
        "type": "Point",
        "coordinates": [
          -0.431451358773562,
          51.06097600286586
        ]
      },
      "properties": {
        "row_number": "259"
      }
    },
    {
      "type": "Feature",
      "geometry": {
        "type": "Point",
        "coordinates": [
          -0.431438861742013,
          51.06102947009898
        ]
      },
      "properties": {
        "row_number": "259"
      }
    },
    {
      "type": "Feature",
      "geometry": {
        "type": "Point",
        "coordinates": [
          -0.431425543501482,
          51.06108252756272
        ]
      },
      "properties": {
        "row_number": "259"
      }
    },
    {
      "type": "Feature",
      "geometry": {
        "type": "Point",
        "coordinates": [
          -0.431412852383766,
          51.06113592389652
        ]
      },
      "properties": {
        "row_number": "259"
      }
    },
    {
      "type": "Feature",
      "geometry": {
        "type": "Point",
        "coordinates": [
          -0.431399209048484,
          51.06118958817578
        ]
      },
      "properties": {
        "row_number": "259"
      }
    },
    {
      "type": "Feature",
      "geometry": {
        "type": "Point",
        "coordinates": [
          -0.431386890664271,
          51.06124250205721
        ]
      },
      "properties": {
        "row_number": "259"
      }
    },
    {
      "type": "Feature",
      "geometry": {
        "type": "Point",
        "coordinates": [
          -0.431374326422904,
          51.06129642851739
        ]
      },
      "properties": {
        "row_number": "259"
      }
    },
    {
      "type": "Feature",
      "geometry": {
        "type": "Point",
        "coordinates": [
          -0.431360258767663,
          51.06134922700301
        ]
      },
      "properties": {
        "row_number": "259"
      }
    },
    {
      "type": "Feature",
      "geometry": {
        "type": "Point",
        "coordinates": [
          -0.43134756224515,
          51.0614028123692
        ]
      },
      "properties": {
        "row_number": "259"
      }
    },
    {
      "type": "Feature",
      "geometry": {
        "type": "Point",
        "coordinates": [
          -0.431334572347393,
          51.06145605322456
        ]
      },
      "properties": {
        "row_number": "259"
      }
    },
    {
      "type": "Feature",
      "geometry": {
        "type": "Point",
        "coordinates": [
          -0.431320880468482,
          51.06150955668894
        ]
      },
      "properties": {
        "row_number": "259"
      }
    },
    {
      "type": "Feature",
      "geometry": {
        "type": "Point",
        "coordinates": [
          -0.431308448505803,
          51.06156285025902
        ]
      },
      "properties": {
        "row_number": "259"
      }
    },
    {
      "type": "Feature",
      "geometry": {
        "type": "Point",
        "coordinates": [
          -0.431295426290796,
          51.0616164040979
        ]
      },
      "properties": {
        "row_number": "259"
      }
    },
    {
      "type": "Feature",
      "geometry": {
        "type": "Point",
        "coordinates": [
          -0.431282737494123,
          51.06166888575568
        ]
      },
      "properties": {
        "row_number": "259"
      }
    },
    {
      "type": "Feature",
      "geometry": {
        "type": "Point",
        "coordinates": [
          -0.43126899575102,
          51.06172273269667
        ]
      },
      "properties": {
        "row_number": "259"
      }
    },
    {
      "type": "Feature",
      "geometry": {
        "type": "Point",
        "coordinates": [
          -0.431260139205962,
          51.06175834413123
        ]
      },
      "properties": {
        "row_number": "259"
      }
    },
    {
      "type": "Feature",
      "geometry": {
        "type": "LineString",
        "coordinates": [
          [
            -0.431446366653605,
            51.06086604404489
          ],
          [
            -0.431433617779988,
            51.06091989054119
          ],
          [
            -0.431419823164638,
            51.06097303714962
          ],
          [
            -0.431406938351242,
            51.06102624870015
          ],
          [
            -0.431394064786448,
            51.06107949057782
          ],
          [
            -0.431380923958502,
            51.06113288203775
          ],
          [
            -0.431367905187861,
            51.06118680179129
          ],
          [
            -0.431358353943545,
            51.06122586765388
          ]
        ]
      },
      "properties": {
        "row_number": "260"
      }
    },
    {
      "type": "Feature",
      "geometry": {
        "type": "Point",
        "coordinates": [
          -0.431446366653605,
          51.06086604404489
        ]
      },
      "properties": {
        "row_number": "260"
      }
    },
    {
      "type": "Feature",
      "geometry": {
        "type": "Point",
        "coordinates": [
          -0.431433617779988,
          51.06091989054119
        ]
      },
      "properties": {
        "row_number": "260"
      }
    },
    {
      "type": "Feature",
      "geometry": {
        "type": "Point",
        "coordinates": [
          -0.431419823164638,
          51.06097303714962
        ]
      },
      "properties": {
        "row_number": "260"
      }
    },
    {
      "type": "Feature",
      "geometry": {
        "type": "Point",
        "coordinates": [
          -0.431406938351242,
          51.06102624870015
        ]
      },
      "properties": {
        "row_number": "260"
      }
    },
    {
      "type": "Feature",
      "geometry": {
        "type": "Point",
        "coordinates": [
          -0.431394064786448,
          51.06107949057782
        ]
      },
      "properties": {
        "row_number": "260"
      }
    },
    {
      "type": "Feature",
      "geometry": {
        "type": "Point",
        "coordinates": [
          -0.431380923958502,
          51.06113288203775
        ]
      },
      "properties": {
        "row_number": "260"
      }
    },
    {
      "type": "Feature",
      "geometry": {
        "type": "Point",
        "coordinates": [
          -0.431367905187861,
          51.06118680179129
        ]
      },
      "properties": {
        "row_number": "260"
      }
    },
    {
      "type": "Feature",
      "geometry": {
        "type": "Point",
        "coordinates": [
          -0.431358353943545,
          51.06122586765388
        ]
      },
      "properties": {
        "row_number": "260"
      }
    },
    {
      "type": "Feature",
      "geometry": {
        "type": "LineString",
        "coordinates": [
          [
            -0.431413846257409,
            51.06086630056182
          ],
          [
            -0.431401491263661,
            51.0609165574852
          ],
          [
            -0.431389041081136,
            51.06096958416401
          ],
          [
            -0.431377317025889,
            51.06102323286909
          ],
          [
            -0.431368171936564,
            51.06106102420067
          ]
        ]
      },
      "properties": {
        "row_number": "261"
      }
    },
    {
      "type": "Feature",
      "geometry": {
        "type": "Point",
        "coordinates": [
          -0.431413846257409,
          51.06086630056182
        ]
      },
      "properties": {
        "row_number": "261"
      }
    },
    {
      "type": "Feature",
      "geometry": {
        "type": "Point",
        "coordinates": [
          -0.431401491263661,
          51.0609165574852
        ]
      },
      "properties": {
        "row_number": "261"
      }
    },
    {
      "type": "Feature",
      "geometry": {
        "type": "Point",
        "coordinates": [
          -0.431389041081136,
          51.06096958416401
        ]
      },
      "properties": {
        "row_number": "261"
      }
    },
    {
      "type": "Feature",
      "geometry": {
        "type": "Point",
        "coordinates": [
          -0.431377317025889,
          51.06102323286909
        ]
      },
      "properties": {
        "row_number": "261"
      }
    },
    {
      "type": "Feature",
      "geometry": {
        "type": "Point",
        "coordinates": [
          -0.431368171936564,
          51.06106102420067
        ]
      },
      "properties": {
        "row_number": "261"
      }
    },
    {
      "type": "Feature",
      "geometry": {
        "type": "LineString",
        "coordinates": [
          [
            -0.43138138647111,
            51.06086891004897
          ],
          [
            -0.431371465211476,
            51.06091358672416
          ],
          [
            -0.431358273113522,
            51.06096649287439
          ],
          [
            -0.431345777162928,
            51.061019980393
          ],
          [
            -0.431337042207449,
            51.06105670846826
          ]
        ]
      },
      "properties": {
        "row_number": "262"
      }
    },
    {
      "type": "Feature",
      "geometry": {
        "type": "Point",
        "coordinates": [
          -0.43138138647111,
          51.06086891004897
        ]
      },
      "properties": {
        "row_number": "262"
      }
    },
    {
      "type": "Feature",
      "geometry": {
        "type": "Point",
        "coordinates": [
          -0.431371465211476,
          51.06091358672416
        ]
      },
      "properties": {
        "row_number": "262"
      }
    },
    {
      "type": "Feature",
      "geometry": {
        "type": "Point",
        "coordinates": [
          -0.431358273113522,
          51.06096649287439
        ]
      },
      "properties": {
        "row_number": "262"
      }
    },
    {
      "type": "Feature",
      "geometry": {
        "type": "Point",
        "coordinates": [
          -0.431345777162928,
          51.061019980393
        ]
      },
      "properties": {
        "row_number": "262"
      }
    },
    {
      "type": "Feature",
      "geometry": {
        "type": "Point",
        "coordinates": [
          -0.431337042207449,
          51.06105670846826
        ]
      },
      "properties": {
        "row_number": "262"
      }
    },
    {
      "type": "Feature",
      "geometry": {
        "type": "LineString",
        "coordinates": [
          [
            -0.431350182714791,
            51.06086772986857
          ],
          [
            -0.431340049194968,
            51.0609104845056
          ],
          [
            -0.43132730074823,
            51.06096421554837
          ],
          [
            -0.431313333647174,
            51.06101668668669
          ],
          [
            -0.431304992703239,
            51.06105252480916
          ]
        ]
      },
      "properties": {
        "row_number": "263"
      }
    },
    {
      "type": "Feature",
      "geometry": {
        "type": "Point",
        "coordinates": [
          -0.431350182714791,
          51.06086772986857
        ]
      },
      "properties": {
        "row_number": "263"
      }
    },
    {
      "type": "Feature",
      "geometry": {
        "type": "Point",
        "coordinates": [
          -0.431340049194968,
          51.0609104845056
        ]
      },
      "properties": {
        "row_number": "263"
      }
    },
    {
      "type": "Feature",
      "geometry": {
        "type": "Point",
        "coordinates": [
          -0.43132730074823,
          51.06096421554837
        ]
      },
      "properties": {
        "row_number": "263"
      }
    },
    {
      "type": "Feature",
      "geometry": {
        "type": "Point",
        "coordinates": [
          -0.431313333647174,
          51.06101668668669
        ]
      },
      "properties": {
        "row_number": "263"
      }
    },
    {
      "type": "Feature",
      "geometry": {
        "type": "Point",
        "coordinates": [
          -0.431304992703239,
          51.06105252480916
        ]
      },
      "properties": {
        "row_number": "263"
      }
    }
  ]
}