{
  "type": "FeatureCollection",
  "features": [
    {
      "type": "Feature",
      "geometry": {
        "type": "LineString",
        "coordinates": [
          [
            -0.437056007729719,
            51.06117863545081
          ],
          [
            -0.437051924174086,
            51.06124637149878
          ],
          [
            -0.437049024296408,
            51.06130030747791
          ],
          [
            -0.437046175862998,
            51.06135339901487
          ],
          [
            -0.437043461396807,
            51.0614080991863
          ],
          [
            -0.43704022540695,
            51.06146272030645
          ],
          [
            -0.437037055497915,
            51.06151637837412
          ],
          [
            -0.43703415626694,
            51.06157018196758
          ],
          [
            -0.437030495029607,
            51.06162413007332
          ],
          [
            -0.437027829393035,
            51.06167725410521
          ],
          [
            -0.43702502540981,
            51.06173163866232
          ],
          [
            -0.437021654237488,
            51.06178514275179
          ],
          [
            -0.43701877123723,
            51.0618391207605
          ],
          [
            -0.437015658166189,
            51.06189308637495
          ],
          [
            -0.437012206315084,
            51.06194678459598
          ],
          [
            -0.437009591412729,
            51.06200044719051
          ],
          [
            -0.43700515547763,
            51.06207033745828
          ]
        ]
      },
      "properties": {
        "row_number": "100"
      }
    },
    {
      "type": "Feature",
      "geometry": {
        "type": "Point",
        "coordinates": [
          -0.437056007729719,
          51.06117863545081
        ]
      },
      "properties": {
        "row_number": "100"
      }
    },
    {
      "type": "Feature",
      "geometry": {
        "type": "Point",
        "coordinates": [
          -0.437051924174086,
          51.06124637149878
        ]
      },
      "properties": {
        "row_number": "100"
      }
    },
    {
      "type": "Feature",
      "geometry": {
        "type": "Point",
        "coordinates": [
          -0.437049024296408,
          51.06130030747791
        ]
      },
      "properties": {
        "row_number": "100"
      }
    },
    {
      "type": "Feature",
      "geometry": {
        "type": "Point",
        "coordinates": [
          -0.437046175862998,
          51.06135339901487
        ]
      },
      "properties": {
        "row_number": "100"
      }
    },
    {
      "type": "Feature",
      "geometry": {
        "type": "Point",
        "coordinates": [
          -0.437043461396807,
          51.0614080991863
        ]
      },
      "properties": {
        "row_number": "100"
      }
    },
    {
      "type": "Feature",
      "geometry": {
        "type": "Point",
        "coordinates": [
          -0.43704022540695,
          51.06146272030645
        ]
      },
      "properties": {
        "row_number": "100"
      }
    },
    {
      "type": "Feature",
      "geometry": {
        "type": "Point",
        "coordinates": [
          -0.437037055497915,
          51.06151637837412
        ]
      },
      "properties": {
        "row_number": "100"
      }
    },
    {
      "type": "Feature",
      "geometry": {
        "type": "Point",
        "coordinates": [
          -0.43703415626694,
          51.06157018196758
        ]
      },
      "properties": {
        "row_number": "100"
      }
    },
    {
      "type": "Feature",
      "geometry": {
        "type": "Point",
        "coordinates": [
          -0.437030495029607,
          51.06162413007332
        ]
      },
      "properties": {
        "row_number": "100"
      }
    },
    {
      "type": "Feature",
      "geometry": {
        "type": "Point",
        "coordinates": [
          -0.437027829393035,
          51.06167725410521
        ]
      },
      "properties": {
        "row_number": "100"
      }
    },
    {
      "type": "Feature",
      "geometry": {
        "type": "Point",
        "coordinates": [
          -0.43702502540981,
          51.06173163866232
        ]
      },
      "properties": {
        "row_number": "100"
      }
    },
    {
      "type": "Feature",
      "geometry": {
        "type": "Point",
        "coordinates": [
          -0.437021654237488,
          51.06178514275179
        ]
      },
      "properties": {
        "row_number": "100"
      }
    },
    {
      "type": "Feature",
      "geometry": {
        "type": "Point",
        "coordinates": [
          -0.43701877123723,
          51.0618391207605
        ]
      },
      "properties": {
        "row_number": "100"
      }
    },
    {
      "type": "Feature",
      "geometry": {
        "type": "Point",
        "coordinates": [
          -0.437015658166189,
          51.06189308637495
        ]
      },
      "properties": {
        "row_number": "100"
      }
    },
    {
      "type": "Feature",
      "geometry": {
        "type": "Point",
        "coordinates": [
          -0.437012206315084,
          51.06194678459598
        ]
      },
      "properties": {
        "row_number": "100"
      }
    },
    {
      "type": "Feature",
      "geometry": {
        "type": "Point",
        "coordinates": [
          -0.437009591412729,
          51.06200044719051
        ]
      },
      "properties": {
        "row_number": "100"
      }
    },
    {
      "type": "Feature",
      "geometry": {
        "type": "Point",
        "coordinates": [
          -0.43700515547763,
          51.06207033745828
        ]
      },
      "properties": {
        "row_number": "100"
      }
    },
    {
      "type": "Feature",
      "geometry": {
        "type": "LineString",
        "coordinates": [
          [
            -0.437027533422907,
            51.06113985588429
          ],
          [
            -0.437023213264576,
            51.06119251971219
          ],
          [
            -0.437020268632717,
            51.06124570346423
          ],
          [
            -0.437017122832117,
            51.06129979966259
          ],
          [
            -0.437013833282065,
            51.0613530722451
          ],
          [
            -0.437010508002913,
            51.06140739607102
          ],
          [
            -0.437007367547297,
            51.06146172898239
          ],
          [
            -0.437004845557121,
            51.06151558710103
          ],
          [
            -0.437001654824802,
            51.06156957931162
          ],
          [
            -0.436998811666634,
            51.06162345950444
          ],
          [
            -0.436995409538914,
            51.06167671655093
          ],
          [
            -0.436992792564417,
            51.0617309247212
          ],
          [
            -0.436989910527947,
            51.0617845872286
          ],
          [
            -0.436986760401108,
            51.06183848536412
          ],
          [
            -0.436984061358059,
            51.06189247688529
          ],
          [
            -0.436981086043924,
            51.06194626242284
          ],
          [
            -0.436977479182015,
            51.06200002659567
          ],
          [
            -0.436973499135642,
            51.06207340907545
          ]
        ]
      },
      "properties": {
        "row_number": "101"
      }
    },
    {
      "type": "Feature",
      "geometry": {
        "type": "Point",
        "coordinates": [
          -0.437027533422907,
          51.06113985588429
        ]
      },
      "properties": {
        "row_number": "101"
      }
    },
    {
      "type": "Feature",
      "geometry": {
        "type": "Point",
        "coordinates": [
          -0.437023213264576,
          51.06119251971219
        ]
      },
      "properties": {
        "row_number": "101"
      }
    },
    {
      "type": "Feature",
      "geometry": {
        "type": "Point",
        "coordinates": [
          -0.437020268632717,
          51.06124570346423
        ]
      },
      "properties": {
        "row_number": "101"
      }
    },
    {
      "type": "Feature",
      "geometry": {
        "type": "Point",
        "coordinates": [
          -0.437017122832117,
          51.06129979966259
        ]
      },
      "properties": {
        "row_number": "101"
      }
    },
    {
      "type": "Feature",
      "geometry": {
        "type": "Point",
        "coordinates": [
          -0.437013833282065,
          51.0613530722451
        ]
      },
      "properties": {
        "row_number": "101"
      }
    },
    {
      "type": "Feature",
      "geometry": {
        "type": "Point",
        "coordinates": [
          -0.437010508002913,
          51.06140739607102
        ]
      },
      "properties": {
        "row_number": "101"
      }
    },
    {
      "type": "Feature",
      "geometry": {
        "type": "Point",
        "coordinates": [
          -0.437007367547297,
          51.06146172898239
        ]
      },
      "properties": {
        "row_number": "101"
      }
    },
    {
      "type": "Feature",
      "geometry": {
        "type": "Point",
        "coordinates": [
          -0.437004845557121,
          51.06151558710103
        ]
      },
      "properties": {
        "row_number": "101"
      }
    },
    {
      "type": "Feature",
      "geometry": {
        "type": "Point",
        "coordinates": [
          -0.437001654824802,
          51.06156957931162
        ]
      },
      "properties": {
        "row_number": "101"
      }
    },
    {
      "type": "Feature",
      "geometry": {
        "type": "Point",
        "coordinates": [
          -0.436998811666634,
          51.06162345950444
        ]
      },
      "properties": {
        "row_number": "101"
      }
    },
    {
      "type": "Feature",
      "geometry": {
        "type": "Point",
        "coordinates": [
          -0.436995409538914,
          51.06167671655093
        ]
      },
      "properties": {
        "row_number": "101"
      }
    },
    {
      "type": "Feature",
      "geometry": {
        "type": "Point",
        "coordinates": [
          -0.436992792564417,
          51.0617309247212
        ]
      },
      "properties": {
        "row_number": "101"
      }
    },
    {
      "type": "Feature",
      "geometry": {
        "type": "Point",
        "coordinates": [
          -0.436989910527947,
          51.0617845872286
        ]
      },
      "properties": {
        "row_number": "101"
      }
    },
    {
      "type": "Feature",
      "geometry": {
        "type": "Point",
        "coordinates": [
          -0.436986760401108,
          51.06183848536412
        ]
      },
      "properties": {
        "row_number": "101"
      }
    },
    {
      "type": "Feature",
      "geometry": {
        "type": "Point",
        "coordinates": [
          -0.436984061358059,
          51.06189247688529
        ]
      },
      "properties": {
        "row_number": "101"
      }
    },
    {
      "type": "Feature",
      "geometry": {
        "type": "Point",
        "coordinates": [
          -0.436981086043924,
          51.06194626242284
        ]
      },
      "properties": {
        "row_number": "101"
      }
    },
    {
      "type": "Feature",
      "geometry": {
        "type": "Point",
        "coordinates": [
          -0.436977479182015,
          51.06200002659567
        ]
      },
      "properties": {
        "row_number": "101"
      }
    },
    {
      "type": "Feature",
      "geometry": {
        "type": "Point",
        "coordinates": [
          -0.436973499135642,
          51.06207340907545
        ]
      },
      "properties": {
        "row_number": "101"
      }
    },
    {
      "type": "Feature",
      "geometry": {
        "type": "LineString",
        "coordinates": [
          [
            -0.436997096375884,
            51.06109892640465
          ],
          [
            -0.436995409359238,
            51.06113669203871
          ],
          [
            -0.436992469686912,
            51.06118980299961
          ],
          [
            -0.436989586577361,
            51.06124523441211
          ],
          [
            -0.436986204120227,
            51.06129893006712
          ],
          [
            -0.436983623902507,
            51.06135248009058
          ],
          [
            -0.436980684677084,
            51.06140659104349
          ],
          [
            -0.436977520577462,
            51.06146043453911
          ],
          [
            -0.436974120049023,
            51.06151520207838
          ],
          [
            -0.436971156011388,
            51.06156838547343
          ],
          [
            -0.436968083153679,
            51.06162258567891
          ],
          [
            -0.436965613819262,
            51.06167605114081
          ],
          [
            -0.436962261064628,
            51.06173017578018
          ],
          [
            -0.436958942284977,
            51.06178383218622
          ],
          [
            -0.436956472919665,
            51.06183770651218
          ],
          [
            -0.436952999636984,
            51.06189184725395
          ],
          [
            -0.436949855430548,
            51.06194537122944
          ],
          [
            -0.436947174224172,
            51.06199906762033
          ],
          [
            -0.436941958940906,
            51.06207555974089
          ]
        ]
      },
      "properties": {
        "row_number": "102"
      }
    },
    {
      "type": "Feature",
      "geometry": {
        "type": "Point",
        "coordinates": [
          -0.436997096375884,
          51.06109892640465
        ]
      },
      "properties": {
        "row_number": "102"
      }
    },
    {
      "type": "Feature",
      "geometry": {
        "type": "Point",
        "coordinates": [
          -0.436995409359238,
          51.06113669203871
        ]
      },
      "properties": {
        "row_number": "102"
      }
    },
    {
      "type": "Feature",
      "geometry": {
        "type": "Point",
        "coordinates": [
          -0.436992469686912,
          51.06118980299961
        ]
      },
      "properties": {
        "row_number": "102"
      }
    },
    {
      "type": "Feature",
      "geometry": {
        "type": "Point",
        "coordinates": [
          -0.436989586577361,
          51.06124523441211
        ]
      },
      "properties": {
        "row_number": "102"
      }
    },
    {
      "type": "Feature",
      "geometry": {
        "type": "Point",
        "coordinates": [
          -0.436986204120227,
          51.06129893006712
        ]
      },
      "properties": {
        "row_number": "102"
      }
    },
    {
      "type": "Feature",
      "geometry": {
        "type": "Point",
        "coordinates": [
          -0.436983623902507,
          51.06135248009058
        ]
      },
      "properties": {
        "row_number": "102"
      }
    },
    {
      "type": "Feature",
      "geometry": {
        "type": "Point",
        "coordinates": [
          -0.436980684677084,
          51.06140659104349
        ]
      },
      "properties": {
        "row_number": "102"
      }
    },
    {
      "type": "Feature",
      "geometry": {
        "type": "Point",
        "coordinates": [
          -0.436977520577462,
          51.06146043453911
        ]
      },
      "properties": {
        "row_number": "102"
      }
    },
    {
      "type": "Feature",
      "geometry": {
        "type": "Point",
        "coordinates": [
          -0.436974120049023,
          51.06151520207838
        ]
      },
      "properties": {
        "row_number": "102"
      }
    },
    {
      "type": "Feature",
      "geometry": {
        "type": "Point",
        "coordinates": [
          -0.436971156011388,
          51.06156838547343
        ]
      },
      "properties": {
        "row_number": "102"
      }
    },
    {
      "type": "Feature",
      "geometry": {
        "type": "Point",
        "coordinates": [
          -0.436968083153679,
          51.06162258567891
        ]
      },
      "properties": {
        "row_number": "102"
      }
    },
    {
      "type": "Feature",
      "geometry": {
        "type": "Point",
        "coordinates": [
          -0.436965613819262,
          51.06167605114081
        ]
      },
      "properties": {
        "row_number": "102"
      }
    },
    {
      "type": "Feature",
      "geometry": {
        "type": "Point",
        "coordinates": [
          -0.436962261064628,
          51.06173017578018
        ]
      },
      "properties": {
        "row_number": "102"
      }
    },
    {
      "type": "Feature",
      "geometry": {
        "type": "Point",
        "coordinates": [
          -0.436958942284977,
          51.06178383218622
        ]
      },
      "properties": {
        "row_number": "102"
      }
    },
    {
      "type": "Feature",
      "geometry": {
        "type": "Point",
        "coordinates": [
          -0.436956472919665,
          51.06183770651218
        ]
      },
      "properties": {
        "row_number": "102"
      }
    },
    {
      "type": "Feature",
      "geometry": {
        "type": "Point",
        "coordinates": [
          -0.436952999636984,
          51.06189184725395
        ]
      },
      "properties": {
        "row_number": "102"
      }
    },
    {
      "type": "Feature",
      "geometry": {
        "type": "Point",
        "coordinates": [
          -0.436949855430548,
          51.06194537122944
        ]
      },
      "properties": {
        "row_number": "102"
      }
    },
    {
      "type": "Feature",
      "geometry": {
        "type": "Point",
        "coordinates": [
          -0.436947174224172,
          51.06199906762033
        ]
      },
      "properties": {
        "row_number": "102"
      }
    },
    {
      "type": "Feature",
      "geometry": {
        "type": "Point",
        "coordinates": [
          -0.436941958940906,
          51.06207555974089
        ]
      },
      "properties": {
        "row_number": "102"
      }
    },
    {
      "type": "Feature",
      "geometry": {
        "type": "LineString",
        "coordinates": [
          [
            -0.43696894885489,
            51.06106021117554
          ],
          [
            -0.436967070588348,
            51.06108294715081
          ],
          [
            -0.436964297822391,
            51.06113606969533
          ],
          [
            -0.436960698308724,
            51.06119004808109
          ],
          [
            -0.436958228784838,
            51.06124422539848
          ],
          [
            -0.436954381057262,
            51.06129821463085
          ],
          [
            -0.436952026298034,
            51.06135164661033
          ],
          [
            -0.436949479197104,
            51.06140573846676
          ],
          [
            -0.43694648854258,
            51.06145996715055
          ],
          [
            -0.436942630067561,
            51.06151426548281
          ],
          [
            -0.436939753074976,
            51.06156754734722
          ],
          [
            -0.436937106919002,
            51.06162224468112
          ],
          [
            -0.436933834523447,
            51.06167520189597
          ],
          [
            -0.436930497803607,
            51.06172968843074
          ],
          [
            -0.436927786162675,
            51.06178315687097
          ],
          [
            -0.436925258969121,
            51.06183680121002
          ],
          [
            -0.43692198374347,
            51.06189137092817
          ],
          [
            -0.436919425385924,
            51.06194456136762
          ],
          [
            -0.436916173720128,
            51.0619979887266
          ],
          [
            -0.436912432568979,
            51.06205238046535
          ],
          [
            -0.436911624485739,
            51.06207808987815
          ]
        ]
      },
      "properties": {
        "row_number": "103"
      }
    },
    {
      "type": "Feature",
      "geometry": {
        "type": "Point",
        "coordinates": [
          -0.43696894885489,
          51.06106021117554
        ]
      },
      "properties": {
        "row_number": "103"
      }
    },
    {
      "type": "Feature",
      "geometry": {
        "type": "Point",
        "coordinates": [
          -0.436967070588348,
          51.06108294715081
        ]
      },
      "properties": {
        "row_number": "103"
      }
    },
    {
      "type": "Feature",
      "geometry": {
        "type": "Point",
        "coordinates": [
          -0.436964297822391,
          51.06113606969533
        ]
      },
      "properties": {
        "row_number": "103"
      }
    },
    {
      "type": "Feature",
      "geometry": {
        "type": "Point",
        "coordinates": [
          -0.436960698308724,
          51.06119004808109
        ]
      },
      "properties": {
        "row_number": "103"
      }
    },
    {
      "type": "Feature",
      "geometry": {
        "type": "Point",
        "coordinates": [
          -0.436958228784838,
          51.06124422539848
        ]
      },
      "properties": {
        "row_number": "103"
      }
    },
    {
      "type": "Feature",
      "geometry": {
        "type": "Point",
        "coordinates": [
          -0.436954381057262,
          51.06129821463085
        ]
      },
      "properties": {
        "row_number": "103"
      }
    },
    {
      "type": "Feature",
      "geometry": {
        "type": "Point",
        "coordinates": [
          -0.436952026298034,
          51.06135164661033
        ]
      },
      "properties": {
        "row_number": "103"
      }
    },
    {
      "type": "Feature",
      "geometry": {
        "type": "Point",
        "coordinates": [
          -0.436949479197104,
          51.06140573846676
        ]
      },
      "properties": {
        "row_number": "103"
      }
    },
    {
      "type": "Feature",
      "geometry": {
        "type": "Point",
        "coordinates": [
          -0.43694648854258,
          51.06145996715055
        ]
      },
      "properties": {
        "row_number": "103"
      }
    },
    {
      "type": "Feature",
      "geometry": {
        "type": "Point",
        "coordinates": [
          -0.436942630067561,
          51.06151426548281
        ]
      },
      "properties": {
        "row_number": "103"
      }
    },
    {
      "type": "Feature",
      "geometry": {
        "type": "Point",
        "coordinates": [
          -0.436939753074976,
          51.06156754734722
        ]
      },
      "properties": {
        "row_number": "103"
      }
    },
    {
      "type": "Feature",
      "geometry": {
        "type": "Point",
        "coordinates": [
          -0.436937106919002,
          51.06162224468112
        ]
      },
      "properties": {
        "row_number": "103"
      }
    },
    {
      "type": "Feature",
      "geometry": {
        "type": "Point",
        "coordinates": [
          -0.436933834523447,
          51.06167520189597
        ]
      },
      "properties": {
        "row_number": "103"
      }
    },
    {
      "type": "Feature",
      "geometry": {
        "type": "Point",
        "coordinates": [
          -0.436930497803607,
          51.06172968843074
        ]
      },
      "properties": {
        "row_number": "103"
      }
    },
    {
      "type": "Feature",
      "geometry": {
        "type": "Point",
        "coordinates": [
          -0.436927786162675,
          51.06178315687097
        ]
      },
      "properties": {
        "row_number": "103"
      }
    },
    {
      "type": "Feature",
      "geometry": {
        "type": "Point",
        "coordinates": [
          -0.436925258969121,
          51.06183680121002
        ]
      },
      "properties": {
        "row_number": "103"
      }
    },
    {
      "type": "Feature",
      "geometry": {
        "type": "Point",
        "coordinates": [
          -0.43692198374347,
          51.06189137092817
        ]
      },
      "properties": {
        "row_number": "103"
      }
    },
    {
      "type": "Feature",
      "geometry": {
        "type": "Point",
        "coordinates": [
          -0.436919425385924,
          51.06194456136762
        ]
      },
      "properties": {
        "row_number": "103"
      }
    },
    {
      "type": "Feature",
      "geometry": {
        "type": "Point",
        "coordinates": [
          -0.436916173720128,
          51.0619979887266
        ]
      },
      "properties": {
        "row_number": "103"
      }
    },
    {
      "type": "Feature",
      "geometry": {
        "type": "Point",
        "coordinates": [
          -0.436912432568979,
          51.06205238046535
        ]
      },
      "properties": {
        "row_number": "103"
      }
    },
    {
      "type": "Feature",
      "geometry": {
        "type": "Point",
        "coordinates": [
          -0.436911624485739,
          51.06207808987815
        ]
      },
      "properties": {
        "row_number": "103"
      }
    },
    {
      "type": "Feature",
      "geometry": {
        "type": "LineString",
        "coordinates": [
          [
            -0.436939598814112,
            51.06102186769063
          ],
          [
            -0.436936677556796,
            51.06108101409665
          ],
          [
            -0.436933561160195,
            51.06113532715354
          ],
          [
            -0.436930239320212,
            51.06118957871819
          ],
          [
            -0.436926988351838,
            51.06124330545568
          ],
          [
            -0.436924551282112,
            51.06129751585361
          ],
          [
            -0.436921072460561,
            51.06135109718015
          ],
          [
            -0.436918392692074,
            51.06140511486667
          ],
          [
            -0.436915465513814,
            51.06145904295994
          ],
          [
            -0.4369129891499,
            51.06151338965357
          ],
          [
            -0.436909694335439,
            51.0615670079216
          ],
          [
            -0.436905859136481,
            51.06162148407954
          ],
          [
            -0.436902765872056,
            51.06167446001877
          ],
          [
            -0.43690022725454,
            51.0617280181019
          ],
          [
            -0.436896908077327,
            51.06178210201796
          ],
          [
            -0.436893676544305,
            51.06183627561961
          ],
          [
            -0.436890179215459,
            51.06189043328364
          ],
          [
            -0.43688764310182,
            51.06194376125404
          ],
          [
            -0.436884391257386,
            51.06199801152157
          ],
          [
            -0.436881085745082,
            51.06205168520074
          ],
          [
            -0.436878796642115,
            51.06208043498474
          ]
        ]
      },
      "properties": {
        "row_number": "104"
      }
    },
    {
      "type": "Feature",
      "geometry": {
        "type": "Point",
        "coordinates": [
          -0.436939598814112,
          51.06102186769063
        ]
      },
      "properties": {
        "row_number": "104"
      }
    },
    {
      "type": "Feature",
      "geometry": {
        "type": "Point",
        "coordinates": [
          -0.436936677556796,
          51.06108101409665
        ]
      },
      "properties": {
        "row_number": "104"
      }
    },
    {
      "type": "Feature",
      "geometry": {
        "type": "Point",
        "coordinates": [
          -0.436933561160195,
          51.06113532715354
        ]
      },
      "properties": {
        "row_number": "104"
      }
    },
    {
      "type": "Feature",
      "geometry": {
        "type": "Point",
        "coordinates": [
          -0.436930239320212,
          51.06118957871819
        ]
      },
      "properties": {
        "row_number": "104"
      }
    },
    {
      "type": "Feature",
      "geometry": {
        "type": "Point",
        "coordinates": [
          -0.436926988351838,
          51.06124330545568
        ]
      },
      "properties": {
        "row_number": "104"
      }
    },
    {
      "type": "Feature",
      "geometry": {
        "type": "Point",
        "coordinates": [
          -0.436924551282112,
          51.06129751585361
        ]
      },
      "properties": {
        "row_number": "104"
      }
    },
    {
      "type": "Feature",
      "geometry": {
        "type": "Point",
        "coordinates": [
          -0.436921072460561,
          51.06135109718015
        ]
      },
      "properties": {
        "row_number": "104"
      }
    },
    {
      "type": "Feature",
      "geometry": {
        "type": "Point",
        "coordinates": [
          -0.436918392692074,
          51.06140511486667
        ]
      },
      "properties": {
        "row_number": "104"
      }
    },
    {
      "type": "Feature",
      "geometry": {
        "type": "Point",
        "coordinates": [
          -0.436915465513814,
          51.06145904295994
        ]
      },
      "properties": {
        "row_number": "104"
      }
    },
    {
      "type": "Feature",
      "geometry": {
        "type": "Point",
        "coordinates": [
          -0.4369129891499,
          51.06151338965357
        ]
      },
      "properties": {
        "row_number": "104"
      }
    },
    {
      "type": "Feature",
      "geometry": {
        "type": "Point",
        "coordinates": [
          -0.436909694335439,
          51.0615670079216
        ]
      },
      "properties": {
        "row_number": "104"
      }
    },
    {
      "type": "Feature",
      "geometry": {
        "type": "Point",
        "coordinates": [
          -0.436905859136481,
          51.06162148407954
        ]
      },
      "properties": {
        "row_number": "104"
      }
    },
    {
      "type": "Feature",
      "geometry": {
        "type": "Point",
        "coordinates": [
          -0.436902765872056,
          51.06167446001877
        ]
      },
      "properties": {
        "row_number": "104"
      }
    },
    {
      "type": "Feature",
      "geometry": {
        "type": "Point",
        "coordinates": [
          -0.43690022725454,
          51.0617280181019
        ]
      },
      "properties": {
        "row_number": "104"
      }
    },
    {
      "type": "Feature",
      "geometry": {
        "type": "Point",
        "coordinates": [
          -0.436896908077327,
          51.06178210201796
        ]
      },
      "properties": {
        "row_number": "104"
      }
    },
    {
      "type": "Feature",
      "geometry": {
        "type": "Point",
        "coordinates": [
          -0.436893676544305,
          51.06183627561961
        ]
      },
      "properties": {
        "row_number": "104"
      }
    },
    {
      "type": "Feature",
      "geometry": {
        "type": "Point",
        "coordinates": [
          -0.436890179215459,
          51.06189043328364
        ]
      },
      "properties": {
        "row_number": "104"
      }
    },
    {
      "type": "Feature",
      "geometry": {
        "type": "Point",
        "coordinates": [
          -0.43688764310182,
          51.06194376125404
        ]
      },
      "properties": {
        "row_number": "104"
      }
    },
    {
      "type": "Feature",
      "geometry": {
        "type": "Point",
        "coordinates": [
          -0.436884391257386,
          51.06199801152157
        ]
      },
      "properties": {
        "row_number": "104"
      }
    },
    {
      "type": "Feature",
      "geometry": {
        "type": "Point",
        "coordinates": [
          -0.436881085745082,
          51.06205168520074
        ]
      },
      "properties": {
        "row_number": "104"
      }
    },
    {
      "type": "Feature",
      "geometry": {
        "type": "Point",
        "coordinates": [
          -0.436878796642115,
          51.06208043498474
        ]
      },
      "properties": {
        "row_number": "104"
      }
    },
    {
      "type": "Feature",
      "geometry": {
        "type": "LineString",
        "coordinates": [
          [
            -0.436910058315905,
            51.06098265806657
          ],
          [
            -0.436908176922763,
            51.06102666898288
          ],
          [
            -0.436905340476306,
            51.06108028689683
          ],
          [
            -0.436902149319687,
            51.06113475919882
          ],
          [
            -0.436898793889973,
            51.06118890863016
          ],
          [
            -0.436896225776431,
            51.06124304054767
          ],
          [
            -0.436892565447811,
            51.06129707809582
          ],
          [
            -0.43688952988453,
            51.06135027658468
          ],
          [
            -0.436886745554543,
            51.0614042452447
          ],
          [
            -0.43688365353924,
            51.06145830366044
          ],
          [
            -0.436880470027745,
            51.06151225248968
          ],
          [
            -0.436877347588158,
            51.06156600692551
          ],
          [
            -0.436874026089842,
            51.06162069140841
          ],
          [
            -0.436871382309327,
            51.06167381108163
          ],
          [
            -0.436869274564349,
            51.0617276146633
          ],
          [
            -0.436865184444206,
            51.06178158250729
          ],
          [
            -0.436862627989818,
            51.06183687200348
          ],
          [
            -0.436859221771331,
            51.0618898909125
          ],
          [
            -0.436856551051525,
            51.06194302048787
          ],
          [
            -0.436852818583751,
            51.06199677032961
          ],
          [
            -0.436850176263028,
            51.06205108723702
          ],
          [
            -0.436847716865623,
            51.06208195605205
          ]
        ]
      },
      "properties": {
        "row_number": "105"
      }
    },
    {
      "type": "Feature",
      "geometry": {
        "type": "Point",
        "coordinates": [
          -0.436910058315905,
          51.06098265806657
        ]
      },
      "properties": {
        "row_number": "105"
      }
    },
    {
      "type": "Feature",
      "geometry": {
        "type": "Point",
        "coordinates": [
          -0.436908176922763,
          51.06102666898288
        ]
      },
      "properties": {
        "row_number": "105"
      }
    },
    {
      "type": "Feature",
      "geometry": {
        "type": "Point",
        "coordinates": [
          -0.436905340476306,
          51.06108028689683
        ]
      },
      "properties": {
        "row_number": "105"
      }
    },
    {
      "type": "Feature",
      "geometry": {
        "type": "Point",
        "coordinates": [
          -0.436902149319687,
          51.06113475919882
        ]
      },
      "properties": {
        "row_number": "105"
      }
    },
    {
      "type": "Feature",
      "geometry": {
        "type": "Point",
        "coordinates": [
          -0.436898793889973,
          51.06118890863016
        ]
      },
      "properties": {
        "row_number": "105"
      }
    },
    {
      "type": "Feature",
      "geometry": {
        "type": "Point",
        "coordinates": [
          -0.436896225776431,
          51.06124304054767
        ]
      },
      "properties": {
        "row_number": "105"
      }
    },
    {
      "type": "Feature",
      "geometry": {
        "type": "Point",
        "coordinates": [
          -0.436892565447811,
          51.06129707809582
        ]
      },
      "properties": {
        "row_number": "105"
      }
    },
    {
      "type": "Feature",
      "geometry": {
        "type": "Point",
        "coordinates": [
          -0.43688952988453,
          51.06135027658468
        ]
      },
      "properties": {
        "row_number": "105"
      }
    },
    {
      "type": "Feature",
      "geometry": {
        "type": "Point",
        "coordinates": [
          -0.436886745554543,
          51.0614042452447
        ]
      },
      "properties": {
        "row_number": "105"
      }
    },
    {
      "type": "Feature",
      "geometry": {
        "type": "Point",
        "coordinates": [
          -0.43688365353924,
          51.06145830366044
        ]
      },
      "properties": {
        "row_number": "105"
      }
    },
    {
      "type": "Feature",
      "geometry": {
        "type": "Point",
        "coordinates": [
          -0.436880470027745,
          51.06151225248968
        ]
      },
      "properties": {
        "row_number": "105"
      }
    },
    {
      "type": "Feature",
      "geometry": {
        "type": "Point",
        "coordinates": [
          -0.436877347588158,
          51.06156600692551
        ]
      },
      "properties": {
        "row_number": "105"
      }
    },
    {
      "type": "Feature",
      "geometry": {
        "type": "Point",
        "coordinates": [
          -0.436874026089842,
          51.06162069140841
        ]
      },
      "properties": {
        "row_number": "105"
      }
    },
    {
      "type": "Feature",
      "geometry": {
        "type": "Point",
        "coordinates": [
          -0.436871382309327,
          51.06167381108163
        ]
      },
      "properties": {
        "row_number": "105"
      }
    },
    {
      "type": "Feature",
      "geometry": {
        "type": "Point",
        "coordinates": [
          -0.436869274564349,
          51.0617276146633
        ]
      },
      "properties": {
        "row_number": "105"
      }
    },
    {
      "type": "Feature",
      "geometry": {
        "type": "Point",
        "coordinates": [
          -0.436865184444206,
          51.06178158250729
        ]
      },
      "properties": {
        "row_number": "105"
      }
    },
    {
      "type": "Feature",
      "geometry": {
        "type": "Point",
        "coordinates": [
          -0.436862627989818,
          51.06183687200348
        ]
      },
      "properties": {
        "row_number": "105"
      }
    },
    {
      "type": "Feature",
      "geometry": {
        "type": "Point",
        "coordinates": [
          -0.436859221771331,
          51.0618898909125
        ]
      },
      "properties": {
        "row_number": "105"
      }
    },
    {
      "type": "Feature",
      "geometry": {
        "type": "Point",
        "coordinates": [
          -0.436856551051525,
          51.06194302048787
        ]
      },
      "properties": {
        "row_number": "105"
      }
    },
    {
      "type": "Feature",
      "geometry": {
        "type": "Point",
        "coordinates": [
          -0.436852818583751,
          51.06199677032961
        ]
      },
      "properties": {
        "row_number": "105"
      }
    },
    {
      "type": "Feature",
      "geometry": {
        "type": "Point",
        "coordinates": [
          -0.436850176263028,
          51.06205108723702
        ]
      },
      "properties": {
        "row_number": "105"
      }
    },
    {
      "type": "Feature",
      "geometry": {
        "type": "Point",
        "coordinates": [
          -0.436847716865623,
          51.06208195605205
        ]
      },
      "properties": {
        "row_number": "105"
      }
    },
    {
      "type": "Feature",
      "geometry": {
        "type": "LineString",
        "coordinates": [
          [
            -0.43688029411562,
            51.06095036602896
          ],
          [
            -0.436879051779167,
            51.06097238392103
          ],
          [
            -0.436875711200353,
            51.061025441556
          ],
          [
            -0.436873596118603,
            51.06107954526395
          ],
          [
            -0.436870848699011,
            51.06113387532424
          ],
          [
            -0.436867646867651,
            51.06118818133565
          ],
          [
            -0.436864056696671,
            51.06124215500207
          ],
          [
            -0.436861288981674,
            51.06129615615745
          ],
          [
            -0.436858455881599,
            51.06134969638471
          ],
          [
            -0.436855252741426,
            51.06140350862069
          ],
          [
            -0.436852223520732,
            51.06145790940374
          ],
          [
            -0.436849090029625,
            51.06151129804392
          ],
          [
            -0.436845773474315,
            51.06156514580989
          ],
          [
            -0.436842995195408,
            51.06161987148188
          ],
          [
            -0.436840230545159,
            51.06167304673636
          ],
          [
            -0.436837316384107,
            51.06172778988618
          ],
          [
            -0.436834201561647,
            51.06178080461586
          ],
          [
            -0.436831172134438,
            51.06183480368068
          ],
          [
            -0.436828026190872,
            51.06188916302602
          ],
          [
            -0.436824627507597,
            51.06194263978197
          ],
          [
            -0.436821171615145,
            51.06199582988465
          ],
          [
            -0.436818478945718,
            51.06205034150555
          ],
          [
            -0.436816091994641,
            51.06208293986316
          ]
        ]
      },
      "properties": {
        "row_number": "106"
      }
    },
    {
      "type": "Feature",
      "geometry": {
        "type": "Point",
        "coordinates": [
          -0.43688029411562,
          51.06095036602896
        ]
      },
      "properties": {
        "row_number": "106"
      }
    },
    {
      "type": "Feature",
      "geometry": {
        "type": "Point",
        "coordinates": [
          -0.436879051779167,
          51.06097238392103
        ]
      },
      "properties": {
        "row_number": "106"
      }
    },
    {
      "type": "Feature",
      "geometry": {
        "type": "Point",
        "coordinates": [
          -0.436875711200353,
          51.061025441556
        ]
      },
      "properties": {
        "row_number": "106"
      }
    },
    {
      "type": "Feature",
      "geometry": {
        "type": "Point",
        "coordinates": [
          -0.436873596118603,
          51.06107954526395
        ]
      },
      "properties": {
        "row_number": "106"
      }
    },
    {
      "type": "Feature",
      "geometry": {
        "type": "Point",
        "coordinates": [
          -0.436870848699011,
          51.06113387532424
        ]
      },
      "properties": {
        "row_number": "106"
      }
    },
    {
      "type": "Feature",
      "geometry": {
        "type": "Point",
        "coordinates": [
          -0.436867646867651,
          51.06118818133565
        ]
      },
      "properties": {
        "row_number": "106"
      }
    },
    {
      "type": "Feature",
      "geometry": {
        "type": "Point",
        "coordinates": [
          -0.436864056696671,
          51.06124215500207
        ]
      },
      "properties": {
        "row_number": "106"
      }
    },
    {
      "type": "Feature",
      "geometry": {
        "type": "Point",
        "coordinates": [
          -0.436861288981674,
          51.06129615615745
        ]
      },
      "properties": {
        "row_number": "106"
      }
    },
    {
      "type": "Feature",
      "geometry": {
        "type": "Point",
        "coordinates": [
          -0.436858455881599,
          51.06134969638471
        ]
      },
      "properties": {
        "row_number": "106"
      }
    },
    {
      "type": "Feature",
      "geometry": {
        "type": "Point",
        "coordinates": [
          -0.436855252741426,
          51.06140350862069
        ]
      },
      "properties": {
        "row_number": "106"
      }
    },
    {
      "type": "Feature",
      "geometry": {
        "type": "Point",
        "coordinates": [
          -0.436852223520732,
          51.06145790940374
        ]
      },
      "properties": {
        "row_number": "106"
      }
    },
    {
      "type": "Feature",
      "geometry": {
        "type": "Point",
        "coordinates": [
          -0.436849090029625,
          51.06151129804392
        ]
      },
      "properties": {
        "row_number": "106"
      }
    },
    {
      "type": "Feature",
      "geometry": {
        "type": "Point",
        "coordinates": [
          -0.436845773474315,
          51.06156514580989
        ]
      },
      "properties": {
        "row_number": "106"
      }
    },
    {
      "type": "Feature",
      "geometry": {
        "type": "Point",
        "coordinates": [
          -0.436842995195408,
          51.06161987148188
        ]
      },
      "properties": {
        "row_number": "106"
      }
    },
    {
      "type": "Feature",
      "geometry": {
        "type": "Point",
        "coordinates": [
          -0.436840230545159,
          51.06167304673636
        ]
      },
      "properties": {
        "row_number": "106"
      }
    },
    {
      "type": "Feature",
      "geometry": {
        "type": "Point",
        "coordinates": [
          -0.436837316384107,
          51.06172778988618
        ]
      },
      "properties": {
        "row_number": "106"
      }
    },
    {
      "type": "Feature",
      "geometry": {
        "type": "Point",
        "coordinates": [
          -0.436834201561647,
          51.06178080461586
        ]
      },
      "properties": {
        "row_number": "106"
      }
    },
    {
      "type": "Feature",
      "geometry": {
        "type": "Point",
        "coordinates": [
          -0.436831172134438,
          51.06183480368068
        ]
      },
      "properties": {
        "row_number": "106"
      }
    },
    {
      "type": "Feature",
      "geometry": {
        "type": "Point",
        "coordinates": [
          -0.436828026190872,
          51.06188916302602
        ]
      },
      "properties": {
        "row_number": "106"
      }
    },
    {
      "type": "Feature",
      "geometry": {
        "type": "Point",
        "coordinates": [
          -0.436824627507597,
          51.06194263978197
        ]
      },
      "properties": {
        "row_number": "106"
      }
    },
    {
      "type": "Feature",
      "geometry": {
        "type": "Point",
        "coordinates": [
          -0.436821171615145,
          51.06199582988465
        ]
      },
      "properties": {
        "row_number": "106"
      }
    },
    {
      "type": "Feature",
      "geometry": {
        "type": "Point",
        "coordinates": [
          -0.436818478945718,
          51.06205034150555
        ]
      },
      "properties": {
        "row_number": "106"
      }
    },
    {
      "type": "Feature",
      "geometry": {
        "type": "Point",
        "coordinates": [
          -0.436816091994641,
          51.06208293986316
        ]
      },
      "properties": {
        "row_number": "106"
      }
    },
    {
      "type": "Feature",
      "geometry": {
        "type": "LineString",
        "coordinates": [
          [
            -0.436850002678701,
            51.06091956953741
          ],
          [
            -0.43684751928631,
            51.06097180674685
          ],
          [
            -0.436844815771697,
            51.06102504121984
          ],
          [
            -0.436841689747018,
            51.06107888208528
          ],
          [
            -0.436838980981686,
            51.06113359586547
          ],
          [
            -0.436835518082379,
            51.06118725483866
          ],
          [
            -0.436833137494952,
            51.06124115689288
          ],
          [
            -0.436829892163269,
            51.06129562261045
          ],
          [
            -0.436827063762415,
            51.06134844258121
          ],
          [
            -0.436823999898592,
            51.06140285814554
          ],
          [
            -0.436820645908347,
            51.06145728494677
          ],
          [
            -0.43681781518567,
            51.06151121517881
          ],
          [
            -0.436814314501368,
            51.06156477685658
          ],
          [
            -0.43681156231465,
            51.06161903971395
          ],
          [
            -0.436808572822835,
            51.0616723666724
          ],
          [
            -0.436806130730187,
            51.06172604680965
          ],
          [
            -0.436803140043509,
            51.06178009278547
          ],
          [
            -0.436800022880102,
            51.06183431329727
          ],
          [
            -0.436796231857026,
            51.06188826456416
          ],
          [
            -0.436793448445345,
            51.06194181695732
          ],
          [
            -0.436790000179972,
            51.06199577923697
          ],
          [
            -0.43678698732091,
            51.06204979276593
          ],
          [
            -0.436785424731432,
            51.06208613663557
          ]
        ]
      },
      "properties": {
        "row_number": "107"
      }
    },
    {
      "type": "Feature",
      "geometry": {
        "type": "Point",
        "coordinates": [
          -0.436850002678701,
          51.06091956953741
        ]
      },
      "properties": {
        "row_number": "107"
      }
    },
    {
      "type": "Feature",
      "geometry": {
        "type": "Point",
        "coordinates": [
          -0.43684751928631,
          51.06097180674685
        ]
      },
      "properties": {
        "row_number": "107"
      }
    },
    {
      "type": "Feature",
      "geometry": {
        "type": "Point",
        "coordinates": [
          -0.436844815771697,
          51.06102504121984
        ]
      },
      "properties": {
        "row_number": "107"
      }
    },
    {
      "type": "Feature",
      "geometry": {
        "type": "Point",
        "coordinates": [
          -0.436841689747018,
          51.06107888208528
        ]
      },
      "properties": {
        "row_number": "107"
      }
    },
    {
      "type": "Feature",
      "geometry": {
        "type": "Point",
        "coordinates": [
          -0.436838980981686,
          51.06113359586547
        ]
      },
      "properties": {
        "row_number": "107"
      }
    },
    {
      "type": "Feature",
      "geometry": {
        "type": "Point",
        "coordinates": [
          -0.436835518082379,
          51.06118725483866
        ]
      },
      "properties": {
        "row_number": "107"
      }
    },
    {
      "type": "Feature",
      "geometry": {
        "type": "Point",
        "coordinates": [
          -0.436833137494952,
          51.06124115689288
        ]
      },
      "properties": {
        "row_number": "107"
      }
    },
    {
      "type": "Feature",
      "geometry": {
        "type": "Point",
        "coordinates": [
          -0.436829892163269,
          51.06129562261045
        ]
      },
      "properties": {
        "row_number": "107"
      }
    },
    {
      "type": "Feature",
      "geometry": {
        "type": "Point",
        "coordinates": [
          -0.436827063762415,
          51.06134844258121
        ]
      },
      "properties": {
        "row_number": "107"
      }
    },
    {
      "type": "Feature",
      "geometry": {
        "type": "Point",
        "coordinates": [
          -0.436823999898592,
          51.06140285814554
        ]
      },
      "properties": {
        "row_number": "107"
      }
    },
    {
      "type": "Feature",
      "geometry": {
        "type": "Point",
        "coordinates": [
          -0.436820645908347,
          51.06145728494677
        ]
      },
      "properties": {
        "row_number": "107"
      }
    },
    {
      "type": "Feature",
      "geometry": {
        "type": "Point",
        "coordinates": [
          -0.43681781518567,
          51.06151121517881
        ]
      },
      "properties": {
        "row_number": "107"
      }
    },
    {
      "type": "Feature",
      "geometry": {
        "type": "Point",
        "coordinates": [
          -0.436814314501368,
          51.06156477685658
        ]
      },
      "properties": {
        "row_number": "107"
      }
    },
    {
      "type": "Feature",
      "geometry": {
        "type": "Point",
        "coordinates": [
          -0.43681156231465,
          51.06161903971395
        ]
      },
      "properties": {
        "row_number": "107"
      }
    },
    {
      "type": "Feature",
      "geometry": {
        "type": "Point",
        "coordinates": [
          -0.436808572822835,
          51.0616723666724
        ]
      },
      "properties": {
        "row_number": "107"
      }
    },
    {
      "type": "Feature",
      "geometry": {
        "type": "Point",
        "coordinates": [
          -0.436806130730187,
          51.06172604680965
        ]
      },
      "properties": {
        "row_number": "107"
      }
    },
    {
      "type": "Feature",
      "geometry": {
        "type": "Point",
        "coordinates": [
          -0.436803140043509,
          51.06178009278547
        ]
      },
      "properties": {
        "row_number": "107"
      }
    },
    {
      "type": "Feature",
      "geometry": {
        "type": "Point",
        "coordinates": [
          -0.436800022880102,
          51.06183431329727
        ]
      },
      "properties": {
        "row_number": "107"
      }
    },
    {
      "type": "Feature",
      "geometry": {
        "type": "Point",
        "coordinates": [
          -0.436796231857026,
          51.06188826456416
        ]
      },
      "properties": {
        "row_number": "107"
      }
    },
    {
      "type": "Feature",
      "geometry": {
        "type": "Point",
        "coordinates": [
          -0.436793448445345,
          51.06194181695732
        ]
      },
      "properties": {
        "row_number": "107"
      }
    },
    {
      "type": "Feature",
      "geometry": {
        "type": "Point",
        "coordinates": [
          -0.436790000179972,
          51.06199577923697
        ]
      },
      "properties": {
        "row_number": "107"
      }
    },
    {
      "type": "Feature",
      "geometry": {
        "type": "Point",
        "coordinates": [
          -0.43678698732091,
          51.06204979276593
        ]
      },
      "properties": {
        "row_number": "107"
      }
    },
    {
      "type": "Feature",
      "geometry": {
        "type": "Point",
        "coordinates": [
          -0.436785424731432,
          51.06208613663557
        ]
      },
      "properties": {
        "row_number": "107"
      }
    },
    {
      "type": "Feature",
      "geometry": {
        "type": "LineString",
        "coordinates": [
          [
            -0.436820484235332,
            51.06088784425872
          ],
          [
            -0.436818538575758,
            51.06091893982149
          ],
          [
            -0.436815657013709,
            51.06097080265192
          ],
          [
            -0.436812311445067,
            51.06102417119011
          ],
          [
            -0.436809794694799,
            51.06107818875425
          ],
          [
            -0.436807057370112,
            51.06113294368584
          ],
          [
            -0.436804586877602,
            51.06118693490114
          ],
          [
            -0.43680049080572,
            51.06124027191139
          ],
          [
            -0.436798143242496,
            51.06129499079605
          ],
          [
            -0.436794906048783,
            51.06134836346801
          ],
          [
            -0.436791765973343,
            51.06140200099902
          ],
          [
            -0.43678886999069,
            51.06145655815214
          ],
          [
            -0.436785875435326,
            51.06151032080511
          ],
          [
            -0.436783558661993,
            51.06156396573185
          ],
          [
            -0.436780207276084,
            51.06161810274988
          ],
          [
            -0.436776797454599,
            51.0616718206592
          ],
          [
            -0.436774003829108,
            51.06172610395262
          ],
          [
            -0.436770234356934,
            51.06177946809193
          ],
          [
            -0.436767439128185,
            51.06183342241294
          ],
          [
            -0.43676481477547,
            51.06188792262956
          ],
          [
            -0.436761824934075,
            51.06194116838697
          ],
          [
            -0.436758831371198,
            51.06199509611977
          ],
          [
            -0.43675543515433,
            51.06204901070248
          ],
          [
            -0.436752648176282,
            51.06208889647429
          ]
        ]
      },
      "properties": {
        "row_number": "108"
      }
    },
    {
      "type": "Feature",
      "geometry": {
        "type": "Point",
        "coordinates": [
          -0.436820484235332,
          51.06088784425872
        ]
      },
      "properties": {
        "row_number": "108"
      }
    },
    {
      "type": "Feature",
      "geometry": {
        "type": "Point",
        "coordinates": [
          -0.436818538575758,
          51.06091893982149
        ]
      },
      "properties": {
        "row_number": "108"
      }
    },
    {
      "type": "Feature",
      "geometry": {
        "type": "Point",
        "coordinates": [
          -0.436815657013709,
          51.06097080265192
        ]
      },
      "properties": {
        "row_number": "108"
      }
    },
    {
      "type": "Feature",
      "geometry": {
        "type": "Point",
        "coordinates": [
          -0.436812311445067,
          51.06102417119011
        ]
      },
      "properties": {
        "row_number": "108"
      }
    },
    {
      "type": "Feature",
      "geometry": {
        "type": "Point",
        "coordinates": [
          -0.436809794694799,
          51.06107818875425
        ]
      },
      "properties": {
        "row_number": "108"
      }
    },
    {
      "type": "Feature",
      "geometry": {
        "type": "Point",
        "coordinates": [
          -0.436807057370112,
          51.06113294368584
        ]
      },
      "properties": {
        "row_number": "108"
      }
    },
    {
      "type": "Feature",
      "geometry": {
        "type": "Point",
        "coordinates": [
          -0.436804586877602,
          51.06118693490114
        ]
      },
      "properties": {
        "row_number": "108"
      }
    },
    {
      "type": "Feature",
      "geometry": {
        "type": "Point",
        "coordinates": [
          -0.43680049080572,
          51.06124027191139
        ]
      },
      "properties": {
        "row_number": "108"
      }
    },
    {
      "type": "Feature",
      "geometry": {
        "type": "Point",
        "coordinates": [
          -0.436798143242496,
          51.06129499079605
        ]
      },
      "properties": {
        "row_number": "108"
      }
    },
    {
      "type": "Feature",
      "geometry": {
        "type": "Point",
        "coordinates": [
          -0.436794906048783,
          51.06134836346801
        ]
      },
      "properties": {
        "row_number": "108"
      }
    },
    {
      "type": "Feature",
      "geometry": {
        "type": "Point",
        "coordinates": [
          -0.436791765973343,
          51.06140200099902
        ]
      },
      "properties": {
        "row_number": "108"
      }
    },
    {
      "type": "Feature",
      "geometry": {
        "type": "Point",
        "coordinates": [
          -0.43678886999069,
          51.06145655815214
        ]
      },
      "properties": {
        "row_number": "108"
      }
    },
    {
      "type": "Feature",
      "geometry": {
        "type": "Point",
        "coordinates": [
          -0.436785875435326,
          51.06151032080511
        ]
      },
      "properties": {
        "row_number": "108"
      }
    },
    {
      "type": "Feature",
      "geometry": {
        "type": "Point",
        "coordinates": [
          -0.436783558661993,
          51.06156396573185
        ]
      },
      "properties": {
        "row_number": "108"
      }
    },
    {
      "type": "Feature",
      "geometry": {
        "type": "Point",
        "coordinates": [
          -0.436780207276084,
          51.06161810274988
        ]
      },
      "properties": {
        "row_number": "108"
      }
    },
    {
      "type": "Feature",
      "geometry": {
        "type": "Point",
        "coordinates": [
          -0.436776797454599,
          51.0616718206592
        ]
      },
      "properties": {
        "row_number": "108"
      }
    },
    {
      "type": "Feature",
      "geometry": {
        "type": "Point",
        "coordinates": [
          -0.436774003829108,
          51.06172610395262
        ]
      },
      "properties": {
        "row_number": "108"
      }
    },
    {
      "type": "Feature",
      "geometry": {
        "type": "Point",
        "coordinates": [
          -0.436770234356934,
          51.06177946809193
        ]
      },
      "properties": {
        "row_number": "108"
      }
    },
    {
      "type": "Feature",
      "geometry": {
        "type": "Point",
        "coordinates": [
          -0.436767439128185,
          51.06183342241294
        ]
      },
      "properties": {
        "row_number": "108"
      }
    },
    {
      "type": "Feature",
      "geometry": {
        "type": "Point",
        "coordinates": [
          -0.43676481477547,
          51.06188792262956
        ]
      },
      "properties": {
        "row_number": "108"
      }
    },
    {
      "type": "Feature",
      "geometry": {
        "type": "Point",
        "coordinates": [
          -0.436761824934075,
          51.06194116838697
        ]
      },
      "properties": {
        "row_number": "108"
      }
    },
    {
      "type": "Feature",
      "geometry": {
        "type": "Point",
        "coordinates": [
          -0.436758831371198,
          51.06199509611977
        ]
      },
      "properties": {
        "row_number": "108"
      }
    },
    {
      "type": "Feature",
      "geometry": {
        "type": "Point",
        "coordinates": [
          -0.43675543515433,
          51.06204901070248
        ]
      },
      "properties": {
        "row_number": "108"
      }
    },
    {
      "type": "Feature",
      "geometry": {
        "type": "Point",
        "coordinates": [
          -0.436752648176282,
          51.06208889647429
        ]
      },
      "properties": {
        "row_number": "108"
      }
    },
    {
      "type": "Feature",
      "geometry": {
        "type": "LineString",
        "coordinates": [
          [
            -0.436790687355089,
            51.06085628928329
          ],
          [
            -0.436786656412189,
            51.06091670994412
          ],
          [
            -0.436784109038877,
            51.06097027521926
          ],
          [
            -0.436781262072434,
            51.061023422654
          ],
          [
            -0.43677844164804,
            51.06107708885872
          ],
          [
            -0.436775384573187,
            51.06113210646798
          ],
          [
            -0.436771732308976,
            51.06118616762625
          ],
          [
            -0.43676927432474,
            51.06123990271587
          ],
          [
            -0.436765856298318,
            51.0612941028118
          ],
          [
            -0.436762795895986,
            51.06134738351138
          ],
          [
            -0.436759481149229,
            51.06140152237565
          ],
          [
            -0.436756700273739,
            51.06145563500806
          ],
          [
            -0.43675373455293,
            51.06150988222026
          ],
          [
            -0.436750920761431,
            51.06156338036661
          ],
          [
            -0.436747563172084,
            51.06161804206251
          ],
          [
            -0.436744771582105,
            51.06167112671694
          ],
          [
            -0.436741745877818,
            51.06172524671278
          ],
          [
            -0.436738686271489,
            51.0617786562501
          ],
          [
            -0.436735864929809,
            51.06183290945715
          ],
          [
            -0.43673251010659,
            51.06188700452201
          ],
          [
            -0.436730297300612,
            51.06194044035097
          ],
          [
            -0.436727322572608,
            51.06199422459475
          ],
          [
            -0.436724004196214,
            51.06204810001763
          ],
          [
            -0.436721578946793,
            51.06209139661958
          ]
        ]
      },
      "properties": {
        "row_number": "109"
      }
    },
    {
      "type": "Feature",
      "geometry": {
        "type": "Point",
        "coordinates": [
          -0.436790687355089,
          51.06085628928329
        ]
      },
      "properties": {
        "row_number": "109"
      }
    },
    {
      "type": "Feature",
      "geometry": {
        "type": "Point",
        "coordinates": [
          -0.436786656412189,
          51.06091670994412
        ]
      },
      "properties": {
        "row_number": "109"
      }
    },
    {
      "type": "Feature",
      "geometry": {
        "type": "Point",
        "coordinates": [
          -0.436784109038877,
          51.06097027521926
        ]
      },
      "properties": {
        "row_number": "109"
      }
    },
    {
      "type": "Feature",
      "geometry": {
        "type": "Point",
        "coordinates": [
          -0.436781262072434,
          51.061023422654
        ]
      },
      "properties": {
        "row_number": "109"
      }
    },
    {
      "type": "Feature",
      "geometry": {
        "type": "Point",
        "coordinates": [
          -0.43677844164804,
          51.06107708885872
        ]
      },
      "properties": {
        "row_number": "109"
      }
    },
    {
      "type": "Feature",
      "geometry": {
        "type": "Point",
        "coordinates": [
          -0.436775384573187,
          51.06113210646798
        ]
      },
      "properties": {
        "row_number": "109"
      }
    },
    {
      "type": "Feature",
      "geometry": {
        "type": "Point",
        "coordinates": [
          -0.436771732308976,
          51.06118616762625
        ]
      },
      "properties": {
        "row_number": "109"
      }
    },
    {
      "type": "Feature",
      "geometry": {
        "type": "Point",
        "coordinates": [
          -0.43676927432474,
          51.06123990271587
        ]
      },
      "properties": {
        "row_number": "109"
      }
    },
    {
      "type": "Feature",
      "geometry": {
        "type": "Point",
        "coordinates": [
          -0.436765856298318,
          51.0612941028118
        ]
      },
      "properties": {
        "row_number": "109"
      }
    },
    {
      "type": "Feature",
      "geometry": {
        "type": "Point",
        "coordinates": [
          -0.436762795895986,
          51.06134738351138
        ]
      },
      "properties": {
        "row_number": "109"
      }
    },
    {
      "type": "Feature",
      "geometry": {
        "type": "Point",
        "coordinates": [
          -0.436759481149229,
          51.06140152237565
        ]
      },
      "properties": {
        "row_number": "109"
      }
    },
    {
      "type": "Feature",
      "geometry": {
        "type": "Point",
        "coordinates": [
          -0.436756700273739,
          51.06145563500806
        ]
      },
      "properties": {
        "row_number": "109"
      }
    },
    {
      "type": "Feature",
      "geometry": {
        "type": "Point",
        "coordinates": [
          -0.43675373455293,
          51.06150988222026
        ]
      },
      "properties": {
        "row_number": "109"
      }
    },
    {
      "type": "Feature",
      "geometry": {
        "type": "Point",
        "coordinates": [
          -0.436750920761431,
          51.06156338036661
        ]
      },
      "properties": {
        "row_number": "109"
      }
    },
    {
      "type": "Feature",
      "geometry": {
        "type": "Point",
        "coordinates": [
          -0.436747563172084,
          51.06161804206251
        ]
      },
      "properties": {
        "row_number": "109"
      }
    },
    {
      "type": "Feature",
      "geometry": {
        "type": "Point",
        "coordinates": [
          -0.436744771582105,
          51.06167112671694
        ]
      },
      "properties": {
        "row_number": "109"
      }
    },
    {
      "type": "Feature",
      "geometry": {
        "type": "Point",
        "coordinates": [
          -0.436741745877818,
          51.06172524671278
        ]
      },
      "properties": {
        "row_number": "109"
      }
    },
    {
      "type": "Feature",
      "geometry": {
        "type": "Point",
        "coordinates": [
          -0.436738686271489,
          51.0617786562501
        ]
      },
      "properties": {
        "row_number": "109"
      }
    },
    {
      "type": "Feature",
      "geometry": {
        "type": "Point",
        "coordinates": [
          -0.436735864929809,
          51.06183290945715
        ]
      },
      "properties": {
        "row_number": "109"
      }
    },
    {
      "type": "Feature",
      "geometry": {
        "type": "Point",
        "coordinates": [
          -0.43673251010659,
          51.06188700452201
        ]
      },
      "properties": {
        "row_number": "109"
      }
    },
    {
      "type": "Feature",
      "geometry": {
        "type": "Point",
        "coordinates": [
          -0.436730297300612,
          51.06194044035097
        ]
      },
      "properties": {
        "row_number": "109"
      }
    },
    {
      "type": "Feature",
      "geometry": {
        "type": "Point",
        "coordinates": [
          -0.436727322572608,
          51.06199422459475
        ]
      },
      "properties": {
        "row_number": "109"
      }
    },
    {
      "type": "Feature",
      "geometry": {
        "type": "Point",
        "coordinates": [
          -0.436724004196214,
          51.06204810001763
        ]
      },
      "properties": {
        "row_number": "109"
      }
    },
    {
      "type": "Feature",
      "geometry": {
        "type": "Point",
        "coordinates": [
          -0.436721578946793,
          51.06209139661958
        ]
      },
      "properties": {
        "row_number": "109"
      }
    },
    {
      "type": "Feature",
      "geometry": {
        "type": "LineString",
        "coordinates": [
          [
            -0.436761741104272,
            51.06082371993192
          ],
          [
            -0.436758542857745,
            51.06086202822478
          ],
          [
            -0.436755735575478,
            51.06091594164354
          ],
          [
            -0.436752958962239,
            51.06096938847259
          ],
          [
            -0.436749620528989,
            51.06102303823354
          ],
          [
            -0.436746673221251,
            51.06107685942956
          ],
          [
            -0.436744198493948,
            51.06113101458696
          ],
          [
            -0.436740261874178,
            51.06118638935445
          ],
          [
            -0.436737732356223,
            51.06123926102345
          ],
          [
            -0.436734765697584,
            51.06129343383725
          ],
          [
            -0.436732078392206,
            51.06134664179037
          ],
          [
            -0.436729087805368,
            51.06140068434788
          ],
          [
            -0.436725606162813,
            51.06145497570141
          ],
          [
            -0.436722966141852,
            51.06150876668237
          ],
          [
            -0.436719802961614,
            51.06156288249591
          ],
          [
            -0.436716807871817,
            51.06161704005343
          ],
          [
            -0.436714081230285,
            51.06167017758425
          ],
          [
            -0.436710501724553,
            51.061724756343
          ],
          [
            -0.436707877161986,
            51.06177790504616
          ],
          [
            -0.436704791334313,
            51.06183217655832
          ],
          [
            -0.436701547307305,
            51.06188601729287
          ],
          [
            -0.43669868848051,
            51.06193965250774
          ],
          [
            -0.436695944849188,
            51.06199306103547
          ],
          [
            -0.436692041801143,
            51.06204688642664
          ],
          [
            -0.436689522425815,
            51.06209288692546
          ]
        ]
      },
      "properties": {
        "row_number": "110"
      }
    },
    {
      "type": "Feature",
      "geometry": {
        "type": "Point",
        "coordinates": [
          -0.436761741104272,
          51.06082371993192
        ]
      },
      "properties": {
        "row_number": "110"
      }
    },
    {
      "type": "Feature",
      "geometry": {
        "type": "Point",
        "coordinates": [
          -0.436758542857745,
          51.06086202822478
        ]
      },
      "properties": {
        "row_number": "110"
      }
    },
    {
      "type": "Feature",
      "geometry": {
        "type": "Point",
        "coordinates": [
          -0.436755735575478,
          51.06091594164354
        ]
      },
      "properties": {
        "row_number": "110"
      }
    },
    {
      "type": "Feature",
      "geometry": {
        "type": "Point",
        "coordinates": [
          -0.436752958962239,
          51.06096938847259
        ]
      },
      "properties": {
        "row_number": "110"
      }
    },
    {
      "type": "Feature",
      "geometry": {
        "type": "Point",
        "coordinates": [
          -0.436749620528989,
          51.06102303823354
        ]
      },
      "properties": {
        "row_number": "110"
      }
    },
    {
      "type": "Feature",
      "geometry": {
        "type": "Point",
        "coordinates": [
          -0.436746673221251,
          51.06107685942956
        ]
      },
      "properties": {
        "row_number": "110"
      }
    },
    {
      "type": "Feature",
      "geometry": {
        "type": "Point",
        "coordinates": [
          -0.436744198493948,
          51.06113101458696
        ]
      },
      "properties": {
        "row_number": "110"
      }
    },
    {
      "type": "Feature",
      "geometry": {
        "type": "Point",
        "coordinates": [
          -0.436740261874178,
          51.06118638935445
        ]
      },
      "properties": {
        "row_number": "110"
      }
    },
    {
      "type": "Feature",
      "geometry": {
        "type": "Point",
        "coordinates": [
          -0.436737732356223,
          51.06123926102345
        ]
      },
      "properties": {
        "row_number": "110"
      }
    },
    {
      "type": "Feature",
      "geometry": {
        "type": "Point",
        "coordinates": [
          -0.436734765697584,
          51.06129343383725
        ]
      },
      "properties": {
        "row_number": "110"
      }
    },
    {
      "type": "Feature",
      "geometry": {
        "type": "Point",
        "coordinates": [
          -0.436732078392206,
          51.06134664179037
        ]
      },
      "properties": {
        "row_number": "110"
      }
    },
    {
      "type": "Feature",
      "geometry": {
        "type": "Point",
        "coordinates": [
          -0.436729087805368,
          51.06140068434788
        ]
      },
      "properties": {
        "row_number": "110"
      }
    },
    {
      "type": "Feature",
      "geometry": {
        "type": "Point",
        "coordinates": [
          -0.436725606162813,
          51.06145497570141
        ]
      },
      "properties": {
        "row_number": "110"
      }
    },
    {
      "type": "Feature",
      "geometry": {
        "type": "Point",
        "coordinates": [
          -0.436722966141852,
          51.06150876668237
        ]
      },
      "properties": {
        "row_number": "110"
      }
    },
    {
      "type": "Feature",
      "geometry": {
        "type": "Point",
        "coordinates": [
          -0.436719802961614,
          51.06156288249591
        ]
      },
      "properties": {
        "row_number": "110"
      }
    },
    {
      "type": "Feature",
      "geometry": {
        "type": "Point",
        "coordinates": [
          -0.436716807871817,
          51.06161704005343
        ]
      },
      "properties": {
        "row_number": "110"
      }
    },
    {
      "type": "Feature",
      "geometry": {
        "type": "Point",
        "coordinates": [
          -0.436714081230285,
          51.06167017758425
        ]
      },
      "properties": {
        "row_number": "110"
      }
    },
    {
      "type": "Feature",
      "geometry": {
        "type": "Point",
        "coordinates": [
          -0.436710501724553,
          51.061724756343
        ]
      },
      "properties": {
        "row_number": "110"
      }
    },
    {
      "type": "Feature",
      "geometry": {
        "type": "Point",
        "coordinates": [
          -0.436707877161986,
          51.06177790504616
        ]
      },
      "properties": {
        "row_number": "110"
      }
    },
    {
      "type": "Feature",
      "geometry": {
        "type": "Point",
        "coordinates": [
          -0.436704791334313,
          51.06183217655832
        ]
      },
      "properties": {
        "row_number": "110"
      }
    },
    {
      "type": "Feature",
      "geometry": {
        "type": "Point",
        "coordinates": [
          -0.436701547307305,
          51.06188601729287
        ]
      },
      "properties": {
        "row_number": "110"
      }
    },
    {
      "type": "Feature",
      "geometry": {
        "type": "Point",
        "coordinates": [
          -0.43669868848051,
          51.06193965250774
        ]
      },
      "properties": {
        "row_number": "110"
      }
    },
    {
      "type": "Feature",
      "geometry": {
        "type": "Point",
        "coordinates": [
          -0.436695944849188,
          51.06199306103547
        ]
      },
      "properties": {
        "row_number": "110"
      }
    },
    {
      "type": "Feature",
      "geometry": {
        "type": "Point",
        "coordinates": [
          -0.436692041801143,
          51.06204688642664
        ]
      },
      "properties": {
        "row_number": "110"
      }
    },
    {
      "type": "Feature",
      "geometry": {
        "type": "Point",
        "coordinates": [
          -0.436689522425815,
          51.06209288692546
        ]
      },
      "properties": {
        "row_number": "110"
      }
    },
    {
      "type": "Feature",
      "geometry": {
        "type": "LineString",
        "coordinates": [
          [
            -0.436729100979769,
            51.06078925396751
          ],
          [
            -0.43672536332942,
            51.06086098067317
          ],
          [
            -0.436722912089489,
            51.06091523732091
          ],
          [
            -0.436720098815195,
            51.06096888531291
          ],
          [
            -0.436717464358343,
            51.06102226231357
          ],
          [
            -0.436714887878873,
            51.06107605831043
          ],
          [
            -0.436712168824252,
            51.06113065121394
          ],
          [
            -0.436709145381735,
            51.06118486307527
          ],
          [
            -0.436706577800627,
            51.06123845074821
          ],
          [
            -0.436703180270051,
            51.06129283894271
          ],
          [
            -0.436701342239523,
            51.06134583675733
          ],
          [
            -0.436698088548206,
            51.06139975211111
          ],
          [
            -0.436695084931351,
            51.06145412343156
          ],
          [
            -0.436691726927476,
            51.06150840164544
          ],
          [
            -0.436688837925059,
            51.06156191715635
          ],
          [
            -0.436685448666425,
            51.06161669443433
          ],
          [
            -0.436683136523448,
            51.06166953119043
          ],
          [
            -0.436680141643904,
            51.06172384555067
          ],
          [
            -0.436676829919229,
            51.0617774516631
          ],
          [
            -0.436673665747605,
            51.06183164747946
          ],
          [
            -0.43667092390715,
            51.06188526545544
          ],
          [
            -0.436667402305879,
            51.06193873790151
          ],
          [
            -0.436664628414003,
            51.06199291945767
          ],
          [
            -0.436661103095726,
            51.06204690719083
          ],
          [
            -0.436657941986871,
            51.06209508554306
          ]
        ]
      },
      "properties": {
        "row_number": "111"
      }
    },
    {
      "type": "Feature",
      "geometry": {
        "type": "Point",
        "coordinates": [
          -0.436729100979769,
          51.06078925396751
        ]
      },
      "properties": {
        "row_number": "111"
      }
    },
    {
      "type": "Feature",
      "geometry": {
        "type": "Point",
        "coordinates": [
          -0.43672536332942,
          51.06086098067317
        ]
      },
      "properties": {
        "row_number": "111"
      }
    },
    {
      "type": "Feature",
      "geometry": {
        "type": "Point",
        "coordinates": [
          -0.436722912089489,
          51.06091523732091
        ]
      },
      "properties": {
        "row_number": "111"
      }
    },
    {
      "type": "Feature",
      "geometry": {
        "type": "Point",
        "coordinates": [
          -0.436720098815195,
          51.06096888531291
        ]
      },
      "properties": {
        "row_number": "111"
      }
    },
    {
      "type": "Feature",
      "geometry": {
        "type": "Point",
        "coordinates": [
          -0.436717464358343,
          51.06102226231357
        ]
      },
      "properties": {
        "row_number": "111"
      }
    },
    {
      "type": "Feature",
      "geometry": {
        "type": "Point",
        "coordinates": [
          -0.436714887878873,
          51.06107605831043
        ]
      },
      "properties": {
        "row_number": "111"
      }
    },
    {
      "type": "Feature",
      "geometry": {
        "type": "Point",
        "coordinates": [
          -0.436712168824252,
          51.06113065121394
        ]
      },
      "properties": {
        "row_number": "111"
      }
    },
    {
      "type": "Feature",
      "geometry": {
        "type": "Point",
        "coordinates": [
          -0.436709145381735,
          51.06118486307527
        ]
      },
      "properties": {
        "row_number": "111"
      }
    },
    {
      "type": "Feature",
      "geometry": {
        "type": "Point",
        "coordinates": [
          -0.436706577800627,
          51.06123845074821
        ]
      },
      "properties": {
        "row_number": "111"
      }
    },
    {
      "type": "Feature",
      "geometry": {
        "type": "Point",
        "coordinates": [
          -0.436703180270051,
          51.06129283894271
        ]
      },
      "properties": {
        "row_number": "111"
      }
    },
    {
      "type": "Feature",
      "geometry": {
        "type": "Point",
        "coordinates": [
          -0.436701342239523,
          51.06134583675733
        ]
      },
      "properties": {
        "row_number": "111"
      }
    },
    {
      "type": "Feature",
      "geometry": {
        "type": "Point",
        "coordinates": [
          -0.436698088548206,
          51.06139975211111
        ]
      },
      "properties": {
        "row_number": "111"
      }
    },
    {
      "type": "Feature",
      "geometry": {
        "type": "Point",
        "coordinates": [
          -0.436695084931351,
          51.06145412343156
        ]
      },
      "properties": {
        "row_number": "111"
      }
    },
    {
      "type": "Feature",
      "geometry": {
        "type": "Point",
        "coordinates": [
          -0.436691726927476,
          51.06150840164544
        ]
      },
      "properties": {
        "row_number": "111"
      }
    },
    {
      "type": "Feature",
      "geometry": {
        "type": "Point",
        "coordinates": [
          -0.436688837925059,
          51.06156191715635
        ]
      },
      "properties": {
        "row_number": "111"
      }
    },
    {
      "type": "Feature",
      "geometry": {
        "type": "Point",
        "coordinates": [
          -0.436685448666425,
          51.06161669443433
        ]
      },
      "properties": {
        "row_number": "111"
      }
    },
    {
      "type": "Feature",
      "geometry": {
        "type": "Point",
        "coordinates": [
          -0.436683136523448,
          51.06166953119043
        ]
      },
      "properties": {
        "row_number": "111"
      }
    },
    {
      "type": "Feature",
      "geometry": {
        "type": "Point",
        "coordinates": [
          -0.436680141643904,
          51.06172384555067
        ]
      },
      "properties": {
        "row_number": "111"
      }
    },
    {
      "type": "Feature",
      "geometry": {
        "type": "Point",
        "coordinates": [
          -0.436676829919229,
          51.0617774516631
        ]
      },
      "properties": {
        "row_number": "111"
      }
    },
    {
      "type": "Feature",
      "geometry": {
        "type": "Point",
        "coordinates": [
          -0.436673665747605,
          51.06183164747946
        ]
      },
      "properties": {
        "row_number": "111"
      }
    },
    {
      "type": "Feature",
      "geometry": {
        "type": "Point",
        "coordinates": [
          -0.43667092390715,
          51.06188526545544
        ]
      },
      "properties": {
        "row_number": "111"
      }
    },
    {
      "type": "Feature",
      "geometry": {
        "type": "Point",
        "coordinates": [
          -0.436667402305879,
          51.06193873790151
        ]
      },
      "properties": {
        "row_number": "111"
      }
    },
    {
      "type": "Feature",
      "geometry": {
        "type": "Point",
        "coordinates": [
          -0.436664628414003,
          51.06199291945767
        ]
      },
      "properties": {
        "row_number": "111"
      }
    },
    {
      "type": "Feature",
      "geometry": {
        "type": "Point",
        "coordinates": [
          -0.436661103095726,
          51.06204690719083
        ]
      },
      "properties": {
        "row_number": "111"
      }
    },
    {
      "type": "Feature",
      "geometry": {
        "type": "Point",
        "coordinates": [
          -0.436657941986871,
          51.06209508554306
        ]
      },
      "properties": {
        "row_number": "111"
      }
    },
    {
      "type": "Feature",
      "geometry": {
        "type": "LineString",
        "coordinates": [
          [
            -0.436702418800683,
            51.0607601528994
          ],
          [
            -0.436699568642713,
            51.06080607482582
          ],
          [
            -0.436696886579282,
            51.06086018649121
          ],
          [
            -0.436694359404612,
            51.06091457623983
          ],
          [
            -0.43669151716343,
            51.06096792686839
          ],
          [
            -0.436688777423036,
            51.06102154818561
          ],
          [
            -0.436685712677238,
            51.06107529592384
          ],
          [
            -0.436682624736016,
            51.0611296823749
          ],
          [
            -0.436680129292104,
            51.06118401438535
          ],
          [
            -0.43667708269407,
            51.06123730240862
          ],
          [
            -0.436673553738223,
            51.06129182843332
          ],
          [
            -0.43667082550916,
            51.06134535668915
          ],
          [
            -0.436667506951891,
            51.06139936442507
          ],
          [
            -0.436664482361433,
            51.06145344909753
          ],
          [
            -0.436661669609582,
            51.06150751375248
          ],
          [
            -0.436657758262196,
            51.06156163262359
          ],
          [
            -0.436655312102581,
            51.06161559667841
          ],
          [
            -0.436652052981947,
            51.06166886882782
          ],
          [
            -0.436649213365605,
            51.06172295631743
          ],
          [
            -0.436646192660759,
            51.06177655823989
          ],
          [
            -0.436643287839395,
            51.06183087616533
          ],
          [
            -0.436640049429395,
            51.06188466295587
          ],
          [
            -0.436637421847543,
            51.06193850454814
          ],
          [
            -0.436634208246778,
            51.06199187046965
          ],
          [
            -0.436630634850019,
            51.06204622373263
          ],
          [
            -0.43662687846088,
            51.0620939859865
          ]
        ]
      },
      "properties": {
        "row_number": "112"
      }
    },
    {
      "type": "Feature",
      "geometry": {
        "type": "Point",
        "coordinates": [
          -0.436702418800683,
          51.0607601528994
        ]
      },
      "properties": {
        "row_number": "112"
      }
    },
    {
      "type": "Feature",
      "geometry": {
        "type": "Point",
        "coordinates": [
          -0.436699568642713,
          51.06080607482582
        ]
      },
      "properties": {
        "row_number": "112"
      }
    },
    {
      "type": "Feature",
      "geometry": {
        "type": "Point",
        "coordinates": [
          -0.436696886579282,
          51.06086018649121
        ]
      },
      "properties": {
        "row_number": "112"
      }
    },
    {
      "type": "Feature",
      "geometry": {
        "type": "Point",
        "coordinates": [
          -0.436694359404612,
          51.06091457623983
        ]
      },
      "properties": {
        "row_number": "112"
      }
    },
    {
      "type": "Feature",
      "geometry": {
        "type": "Point",
        "coordinates": [
          -0.43669151716343,
          51.06096792686839
        ]
      },
      "properties": {
        "row_number": "112"
      }
    },
    {
      "type": "Feature",
      "geometry": {
        "type": "Point",
        "coordinates": [
          -0.436688777423036,
          51.06102154818561
        ]
      },
      "properties": {
        "row_number": "112"
      }
    },
    {
      "type": "Feature",
      "geometry": {
        "type": "Point",
        "coordinates": [
          -0.436685712677238,
          51.06107529592384
        ]
      },
      "properties": {
        "row_number": "112"
      }
    },
    {
      "type": "Feature",
      "geometry": {
        "type": "Point",
        "coordinates": [
          -0.436682624736016,
          51.0611296823749
        ]
      },
      "properties": {
        "row_number": "112"
      }
    },
    {
      "type": "Feature",
      "geometry": {
        "type": "Point",
        "coordinates": [
          -0.436680129292104,
          51.06118401438535
        ]
      },
      "properties": {
        "row_number": "112"
      }
    },
    {
      "type": "Feature",
      "geometry": {
        "type": "Point",
        "coordinates": [
          -0.43667708269407,
          51.06123730240862
        ]
      },
      "properties": {
        "row_number": "112"
      }
    },
    {
      "type": "Feature",
      "geometry": {
        "type": "Point",
        "coordinates": [
          -0.436673553738223,
          51.06129182843332
        ]
      },
      "properties": {
        "row_number": "112"
      }
    },
    {
      "type": "Feature",
      "geometry": {
        "type": "Point",
        "coordinates": [
          -0.43667082550916,
          51.06134535668915
        ]
      },
      "properties": {
        "row_number": "112"
      }
    },
    {
      "type": "Feature",
      "geometry": {
        "type": "Point",
        "coordinates": [
          -0.436667506951891,
          51.06139936442507
        ]
      },
      "properties": {
        "row_number": "112"
      }
    },
    {
      "type": "Feature",
      "geometry": {
        "type": "Point",
        "coordinates": [
          -0.436664482361433,
          51.06145344909753
        ]
      },
      "properties": {
        "row_number": "112"
      }
    },
    {
      "type": "Feature",
      "geometry": {
        "type": "Point",
        "coordinates": [
          -0.436661669609582,
          51.06150751375248
        ]
      },
      "properties": {
        "row_number": "112"
      }
    },
    {
      "type": "Feature",
      "geometry": {
        "type": "Point",
        "coordinates": [
          -0.436657758262196,
          51.06156163262359
        ]
      },
      "properties": {
        "row_number": "112"
      }
    },
    {
      "type": "Feature",
      "geometry": {
        "type": "Point",
        "coordinates": [
          -0.436655312102581,
          51.06161559667841
        ]
      },
      "properties": {
        "row_number": "112"
      }
    },
    {
      "type": "Feature",
      "geometry": {
        "type": "Point",
        "coordinates": [
          -0.436652052981947,
          51.06166886882782
        ]
      },
      "properties": {
        "row_number": "112"
      }
    },
    {
      "type": "Feature",
      "geometry": {
        "type": "Point",
        "coordinates": [
          -0.436649213365605,
          51.06172295631743
        ]
      },
      "properties": {
        "row_number": "112"
      }
    },
    {
      "type": "Feature",
      "geometry": {
        "type": "Point",
        "coordinates": [
          -0.436646192660759,
          51.06177655823989
        ]
      },
      "properties": {
        "row_number": "112"
      }
    },
    {
      "type": "Feature",
      "geometry": {
        "type": "Point",
        "coordinates": [
          -0.436643287839395,
          51.06183087616533
        ]
      },
      "properties": {
        "row_number": "112"
      }
    },
    {
      "type": "Feature",
      "geometry": {
        "type": "Point",
        "coordinates": [
          -0.436640049429395,
          51.06188466295587
        ]
      },
      "properties": {
        "row_number": "112"
      }
    },
    {
      "type": "Feature",
      "geometry": {
        "type": "Point",
        "coordinates": [
          -0.436637421847543,
          51.06193850454814
        ]
      },
      "properties": {
        "row_number": "112"
      }
    },
    {
      "type": "Feature",
      "geometry": {
        "type": "Point",
        "coordinates": [
          -0.436634208246778,
          51.06199187046965
        ]
      },
      "properties": {
        "row_number": "112"
      }
    },
    {
      "type": "Feature",
      "geometry": {
        "type": "Point",
        "coordinates": [
          -0.436630634850019,
          51.06204622373263
        ]
      },
      "properties": {
        "row_number": "112"
      }
    },
    {
      "type": "Feature",
      "geometry": {
        "type": "Point",
        "coordinates": [
          -0.43662687846088,
          51.0620939859865
        ]
      },
      "properties": {
        "row_number": "112"
      }
    },
    {
      "type": "Feature",
      "geometry": {
        "type": "LineString",
        "coordinates": [
          [
            -0.436672727487695,
            51.0607298122514
          ],
          [
            -0.436671076595931,
            51.06075124813111
          ],
          [
            -0.436667857118347,
            51.06080520767686
          ],
          [
            -0.43666514000793,
            51.06085937399202
          ],
          [
            -0.436662422065019,
            51.06091365133572
          ],
          [
            -0.436659638868546,
            51.06096727899627
          ],
          [
            -0.436656541960876,
            51.06102077124858
          ],
          [
            -0.436653754770617,
            51.06107456741238
          ],
          [
            -0.436651136666464,
            51.06112896707396
          ],
          [
            -0.436647338181897,
            51.06118333691279
          ],
          [
            -0.436644297221913,
            51.06123686330591
          ],
          [
            -0.436641718939066,
            51.06129105262154
          ],
          [
            -0.436638915276584,
            51.06134444650498
          ],
          [
            -0.436634967876217,
            51.06139847418383
          ],
          [
            -0.436631397551701,
            51.06145255962987
          ],
          [
            -0.436628768758478,
            51.06150664381344
          ],
          [
            -0.436625169085398,
            51.06156046551622
          ],
          [
            -0.436622037854104,
            51.06161486206584
          ],
          [
            -0.436619195400032,
            51.0616687189147
          ],
          [
            -0.4366171306518,
            51.06172215383299
          ],
          [
            -0.436614101796553,
            51.06177609010592
          ],
          [
            -0.436610462681264,
            51.06183021116308
          ],
          [
            -0.436608311679267,
            51.06188421677706
          ],
          [
            -0.436605227703413,
            51.06193777492421
          ],
          [
            -0.43660217834113,
            51.0619911111116
          ],
          [
            -0.436599309852104,
            51.06204526444574
          ],
          [
            -0.436596367347304,
            51.06209428494212
          ]
        ]
      },
      "properties": {
        "row_number": "113"
      }
    },
    {
      "type": "Feature",
      "geometry": {
        "type": "Point",
        "coordinates": [
          -0.436672727487695,
          51.0607298122514
        ]
      },
      "properties": {
        "row_number": "113"
      }
    },
    {
      "type": "Feature",
      "geometry": {
        "type": "Point",
        "coordinates": [
          -0.436671076595931,
          51.06075124813111
        ]
      },
      "properties": {
        "row_number": "113"
      }
    },
    {
      "type": "Feature",
      "geometry": {
        "type": "Point",
        "coordinates": [
          -0.436667857118347,
          51.06080520767686
        ]
      },
      "properties": {
        "row_number": "113"
      }
    },
    {
      "type": "Feature",
      "geometry": {
        "type": "Point",
        "coordinates": [
          -0.43666514000793,
          51.06085937399202
        ]
      },
      "properties": {
        "row_number": "113"
      }
    },
    {
      "type": "Feature",
      "geometry": {
        "type": "Point",
        "coordinates": [
          -0.436662422065019,
          51.06091365133572
        ]
      },
      "properties": {
        "row_number": "113"
      }
    },
    {
      "type": "Feature",
      "geometry": {
        "type": "Point",
        "coordinates": [
          -0.436659638868546,
          51.06096727899627
        ]
      },
      "properties": {
        "row_number": "113"
      }
    },
    {
      "type": "Feature",
      "geometry": {
        "type": "Point",
        "coordinates": [
          -0.436656541960876,
          51.06102077124858
        ]
      },
      "properties": {
        "row_number": "113"
      }
    },
    {
      "type": "Feature",
      "geometry": {
        "type": "Point",
        "coordinates": [
          -0.436653754770617,
          51.06107456741238
        ]
      },
      "properties": {
        "row_number": "113"
      }
    },
    {
      "type": "Feature",
      "geometry": {
        "type": "Point",
        "coordinates": [
          -0.436651136666464,
          51.06112896707396
        ]
      },
      "properties": {
        "row_number": "113"
      }
    },
    {
      "type": "Feature",
      "geometry": {
        "type": "Point",
        "coordinates": [
          -0.436647338181897,
          51.06118333691279
        ]
      },
      "properties": {
        "row_number": "113"
      }
    },
    {
      "type": "Feature",
      "geometry": {
        "type": "Point",
        "coordinates": [
          -0.436644297221913,
          51.06123686330591
        ]
      },
      "properties": {
        "row_number": "113"
      }
    },
    {
      "type": "Feature",
      "geometry": {
        "type": "Point",
        "coordinates": [
          -0.436641718939066,
          51.06129105262154
        ]
      },
      "properties": {
        "row_number": "113"
      }
    },
    {
      "type": "Feature",
      "geometry": {
        "type": "Point",
        "coordinates": [
          -0.436638915276584,
          51.06134444650498
        ]
      },
      "properties": {
        "row_number": "113"
      }
    },
    {
      "type": "Feature",
      "geometry": {
        "type": "Point",
        "coordinates": [
          -0.436634967876217,
          51.06139847418383
        ]
      },
      "properties": {
        "row_number": "113"
      }
    },
    {
      "type": "Feature",
      "geometry": {
        "type": "Point",
        "coordinates": [
          -0.436631397551701,
          51.06145255962987
        ]
      },
      "properties": {
        "row_number": "113"
      }
    },
    {
      "type": "Feature",
      "geometry": {
        "type": "Point",
        "coordinates": [
          -0.436628768758478,
          51.06150664381344
        ]
      },
      "properties": {
        "row_number": "113"
      }
    },
    {
      "type": "Feature",
      "geometry": {
        "type": "Point",
        "coordinates": [
          -0.436625169085398,
          51.06156046551622
        ]
      },
      "properties": {
        "row_number": "113"
      }
    },
    {
      "type": "Feature",
      "geometry": {
        "type": "Point",
        "coordinates": [
          -0.436622037854104,
          51.06161486206584
        ]
      },
      "properties": {
        "row_number": "113"
      }
    },
    {
      "type": "Feature",
      "geometry": {
        "type": "Point",
        "coordinates": [
          -0.436619195400032,
          51.0616687189147
        ]
      },
      "properties": {
        "row_number": "113"
      }
    },
    {
      "type": "Feature",
      "geometry": {
        "type": "Point",
        "coordinates": [
          -0.4366171306518,
          51.06172215383299
        ]
      },
      "properties": {
        "row_number": "113"
      }
    },
    {
      "type": "Feature",
      "geometry": {
        "type": "Point",
        "coordinates": [
          -0.436614101796553,
          51.06177609010592
        ]
      },
      "properties": {
        "row_number": "113"
      }
    },
    {
      "type": "Feature",
      "geometry": {
        "type": "Point",
        "coordinates": [
          -0.436610462681264,
          51.06183021116308
        ]
      },
      "properties": {
        "row_number": "113"
      }
    },
    {
      "type": "Feature",
      "geometry": {
        "type": "Point",
        "coordinates": [
          -0.436608311679267,
          51.06188421677706
        ]
      },
      "properties": {
        "row_number": "113"
      }
    },
    {
      "type": "Feature",
      "geometry": {
        "type": "Point",
        "coordinates": [
          -0.436605227703413,
          51.06193777492421
        ]
      },
      "properties": {
        "row_number": "113"
      }
    },
    {
      "type": "Feature",
      "geometry": {
        "type": "Point",
        "coordinates": [
          -0.43660217834113,
          51.0619911111116
        ]
      },
      "properties": {
        "row_number": "113"
      }
    },
    {
      "type": "Feature",
      "geometry": {
        "type": "Point",
        "coordinates": [
          -0.436599309852104,
          51.06204526444574
        ]
      },
      "properties": {
        "row_number": "113"
      }
    },
    {
      "type": "Feature",
      "geometry": {
        "type": "Point",
        "coordinates": [
          -0.436596367347304,
          51.06209428494212
        ]
      },
      "properties": {
        "row_number": "113"
      }
    },
    {
      "type": "Feature",
      "geometry": {
        "type": "LineString",
        "coordinates": [
          [
            -0.436642923997019,
            51.06069807514015
          ],
          [
            -0.436640091275342,
            51.06075080372277
          ],
          [
            -0.436637251385539,
            51.06080486420781
          ],
          [
            -0.436634044605198,
            51.06085866178677
          ],
          [
            -0.43663108673359,
            51.06091288273814
          ],
          [
            -0.436628414539943,
            51.06096683230591
          ],
          [
            -0.436625469583025,
            51.06102015582763
          ],
          [
            -0.436622388464625,
            51.0610740128334
          ],
          [
            -0.43661911294425,
            51.06112847125773
          ],
          [
            -0.43661610762016,
            51.0611826000417
          ],
          [
            -0.436612747114746,
            51.06123628041338
          ],
          [
            -0.436609929180001,
            51.06129080447664
          ],
          [
            -0.436606775451842,
            51.06134370867949
          ],
          [
            -0.436603740516999,
            51.0613976923906
          ],
          [
            -0.436601023048548,
            51.06145211791852
          ],
          [
            -0.436597856927703,
            51.06150613984913
          ],
          [
            -0.436594381718602,
            51.06155987277964
          ],
          [
            -0.436591260715327,
            51.06161390811133
          ],
          [
            -0.436588553736805,
            51.06166670367733
          ],
          [
            -0.436585492494566,
            51.06172183150115
          ],
          [
            -0.43658216349479,
            51.06177530013211
          ],
          [
            -0.436579515935997,
            51.06182927552355
          ],
          [
            -0.436576714169738,
            51.06188337806651
          ],
          [
            -0.436573514663419,
            51.06193695974888
          ],
          [
            -0.436570286569147,
            51.06199047292294
          ],
          [
            -0.436566214854961,
            51.06204479678111
          ],
          [
            -0.436563327237396,
            51.06209457385693
          ]
        ]
      },
      "properties": {
        "row_number": "114"
      }
    },
    {
      "type": "Feature",
      "geometry": {
        "type": "Point",
        "coordinates": [
          -0.436642923997019,
          51.06069807514015
        ]
      },
      "properties": {
        "row_number": "114"
      }
    },
    {
      "type": "Feature",
      "geometry": {
        "type": "Point",
        "coordinates": [
          -0.436640091275342,
          51.06075080372277
        ]
      },
      "properties": {
        "row_number": "114"
      }
    },
    {
      "type": "Feature",
      "geometry": {
        "type": "Point",
        "coordinates": [
          -0.436637251385539,
          51.06080486420781
        ]
      },
      "properties": {
        "row_number": "114"
      }
    },
    {
      "type": "Feature",
      "geometry": {
        "type": "Point",
        "coordinates": [
          -0.436634044605198,
          51.06085866178677
        ]
      },
      "properties": {
        "row_number": "114"
      }
    },
    {
      "type": "Feature",
      "geometry": {
        "type": "Point",
        "coordinates": [
          -0.43663108673359,
          51.06091288273814
        ]
      },
      "properties": {
        "row_number": "114"
      }
    },
    {
      "type": "Feature",
      "geometry": {
        "type": "Point",
        "coordinates": [
          -0.436628414539943,
          51.06096683230591
        ]
      },
      "properties": {
        "row_number": "114"
      }
    },
    {
      "type": "Feature",
      "geometry": {
        "type": "Point",
        "coordinates": [
          -0.436625469583025,
          51.06102015582763
        ]
      },
      "properties": {
        "row_number": "114"
      }
    },
    {
      "type": "Feature",
      "geometry": {
        "type": "Point",
        "coordinates": [
          -0.436622388464625,
          51.0610740128334
        ]
      },
      "properties": {
        "row_number": "114"
      }
    },
    {
      "type": "Feature",
      "geometry": {
        "type": "Point",
        "coordinates": [
          -0.43661911294425,
          51.06112847125773
        ]
      },
      "properties": {
        "row_number": "114"
      }
    },
    {
      "type": "Feature",
      "geometry": {
        "type": "Point",
        "coordinates": [
          -0.43661610762016,
          51.0611826000417
        ]
      },
      "properties": {
        "row_number": "114"
      }
    },
    {
      "type": "Feature",
      "geometry": {
        "type": "Point",
        "coordinates": [
          -0.436612747114746,
          51.06123628041338
        ]
      },
      "properties": {
        "row_number": "114"
      }
    },
    {
      "type": "Feature",
      "geometry": {
        "type": "Point",
        "coordinates": [
          -0.436609929180001,
          51.06129080447664
        ]
      },
      "properties": {
        "row_number": "114"
      }
    },
    {
      "type": "Feature",
      "geometry": {
        "type": "Point",
        "coordinates": [
          -0.436606775451842,
          51.06134370867949
        ]
      },
      "properties": {
        "row_number": "114"
      }
    },
    {
      "type": "Feature",
      "geometry": {
        "type": "Point",
        "coordinates": [
          -0.436603740516999,
          51.0613976923906
        ]
      },
      "properties": {
        "row_number": "114"
      }
    },
    {
      "type": "Feature",
      "geometry": {
        "type": "Point",
        "coordinates": [
          -0.436601023048548,
          51.06145211791852
        ]
      },
      "properties": {
        "row_number": "114"
      }
    },
    {
      "type": "Feature",
      "geometry": {
        "type": "Point",
        "coordinates": [
          -0.436597856927703,
          51.06150613984913
        ]
      },
      "properties": {
        "row_number": "114"
      }
    },
    {
      "type": "Feature",
      "geometry": {
        "type": "Point",
        "coordinates": [
          -0.436594381718602,
          51.06155987277964
        ]
      },
      "properties": {
        "row_number": "114"
      }
    },
    {
      "type": "Feature",
      "geometry": {
        "type": "Point",
        "coordinates": [
          -0.436591260715327,
          51.06161390811133
        ]
      },
      "properties": {
        "row_number": "114"
      }
    },
    {
      "type": "Feature",
      "geometry": {
        "type": "Point",
        "coordinates": [
          -0.436588553736805,
          51.06166670367733
        ]
      },
      "properties": {
        "row_number": "114"
      }
    },
    {
      "type": "Feature",
      "geometry": {
        "type": "Point",
        "coordinates": [
          -0.436585492494566,
          51.06172183150115
        ]
      },
      "properties": {
        "row_number": "114"
      }
    },
    {
      "type": "Feature",
      "geometry": {
        "type": "Point",
        "coordinates": [
          -0.43658216349479,
          51.06177530013211
        ]
      },
      "properties": {
        "row_number": "114"
      }
    },
    {
      "type": "Feature",
      "geometry": {
        "type": "Point",
        "coordinates": [
          -0.436579515935997,
          51.06182927552355
        ]
      },
      "properties": {
        "row_number": "114"
      }
    },
    {
      "type": "Feature",
      "geometry": {
        "type": "Point",
        "coordinates": [
          -0.436576714169738,
          51.06188337806651
        ]
      },
      "properties": {
        "row_number": "114"
      }
    },
    {
      "type": "Feature",
      "geometry": {
        "type": "Point",
        "coordinates": [
          -0.436573514663419,
          51.06193695974888
        ]
      },
      "properties": {
        "row_number": "114"
      }
    },
    {
      "type": "Feature",
      "geometry": {
        "type": "Point",
        "coordinates": [
          -0.436570286569147,
          51.06199047292294
        ]
      },
      "properties": {
        "row_number": "114"
      }
    },
    {
      "type": "Feature",
      "geometry": {
        "type": "Point",
        "coordinates": [
          -0.436566214854961,
          51.06204479678111
        ]
      },
      "properties": {
        "row_number": "114"
      }
    },
    {
      "type": "Feature",
      "geometry": {
        "type": "Point",
        "coordinates": [
          -0.436563327237396,
          51.06209457385693
        ]
      },
      "properties": {
        "row_number": "114"
      }
    },
    {
      "type": "Feature",
      "geometry": {
        "type": "LineString",
        "coordinates": [
          [
            -0.436612952755551,
            51.06066494914388
          ],
          [
            -0.436610990834845,
            51.06069838174793
          ],
          [
            -0.436607721721065,
            51.06074980326497
          ],
          [
            -0.436604450164859,
            51.06080384560133
          ],
          [
            -0.436601814320956,
            51.06085767303229
          ],
          [
            -0.436599191578273,
            51.06091267612892
          ],
          [
            -0.436595979664618,
            51.06096603436224
          ],
          [
            -0.436592652875594,
            51.06101933821525
          ],
          [
            -0.436590103255179,
            51.06107297592372
          ],
          [
            -0.436587088273115,
            51.06112768850639
          ],
          [
            -0.436583889082762,
            51.06118186868149
          ],
          [
            -0.436581286156328,
            51.06123530690686
          ],
          [
            -0.436577446878372,
            51.06128981322792
          ],
          [
            -0.436574447290294,
            51.06134209208356
          ],
          [
            -0.436571239525021,
            51.06139739192035
          ],
          [
            -0.436568669488677,
            51.06145139451731
          ],
          [
            -0.436565340389901,
            51.06150563474785
          ],
          [
            -0.43656204026121,
            51.0615593636495
          ],
          [
            -0.436559363473159,
            51.06161346752668
          ],
          [
            -0.436556375652308,
            51.06166645381344
          ],
          [
            -0.436553125752199,
            51.06172105974877
          ],
          [
            -0.436550441966146,
            51.06177476030625
          ],
          [
            -0.436547568431715,
            51.06182882290528
          ],
          [
            -0.436544260426306,
            51.06188252341668
          ],
          [
            -0.436541273417326,
            51.06193577571054
          ],
          [
            -0.436538346030833,
            51.06198969411356
          ],
          [
            -0.436535918993741,
            51.06204383512448
          ],
          [
            -0.436532211025529,
            51.06209307454226
          ]
        ]
      },
      "properties": {
        "row_number": "115"
      }
    },
    {
      "type": "Feature",
      "geometry": {
        "type": "Point",
        "coordinates": [
          -0.436612952755551,
          51.06066494914388
        ]
      },
      "properties": {
        "row_number": "115"
      }
    },
    {
      "type": "Feature",
      "geometry": {
        "type": "Point",
        "coordinates": [
          -0.436610990834845,
          51.06069838174793
        ]
      },
      "properties": {
        "row_number": "115"
      }
    },
    {
      "type": "Feature",
      "geometry": {
        "type": "Point",
        "coordinates": [
          -0.436607721721065,
          51.06074980326497
        ]
      },
      "properties": {
        "row_number": "115"
      }
    },
    {
      "type": "Feature",
      "geometry": {
        "type": "Point",
        "coordinates": [
          -0.436604450164859,
          51.06080384560133
        ]
      },
      "properties": {
        "row_number": "115"
      }
    },
    {
      "type": "Feature",
      "geometry": {
        "type": "Point",
        "coordinates": [
          -0.436601814320956,
          51.06085767303229
        ]
      },
      "properties": {
        "row_number": "115"
      }
    },
    {
      "type": "Feature",
      "geometry": {
        "type": "Point",
        "coordinates": [
          -0.436599191578273,
          51.06091267612892
        ]
      },
      "properties": {
        "row_number": "115"
      }
    },
    {
      "type": "Feature",
      "geometry": {
        "type": "Point",
        "coordinates": [
          -0.436595979664618,
          51.06096603436224
        ]
      },
      "properties": {
        "row_number": "115"
      }
    },
    {
      "type": "Feature",
      "geometry": {
        "type": "Point",
        "coordinates": [
          -0.436592652875594,
          51.06101933821525
        ]
      },
      "properties": {
        "row_number": "115"
      }
    },
    {
      "type": "Feature",
      "geometry": {
        "type": "Point",
        "coordinates": [
          -0.436590103255179,
          51.06107297592372
        ]
      },
      "properties": {
        "row_number": "115"
      }
    },
    {
      "type": "Feature",
      "geometry": {
        "type": "Point",
        "coordinates": [
          -0.436587088273115,
          51.06112768850639
        ]
      },
      "properties": {
        "row_number": "115"
      }
    },
    {
      "type": "Feature",
      "geometry": {
        "type": "Point",
        "coordinates": [
          -0.436583889082762,
          51.06118186868149
        ]
      },
      "properties": {
        "row_number": "115"
      }
    },
    {
      "type": "Feature",
      "geometry": {
        "type": "Point",
        "coordinates": [
          -0.436581286156328,
          51.06123530690686
        ]
      },
      "properties": {
        "row_number": "115"
      }
    },
    {
      "type": "Feature",
      "geometry": {
        "type": "Point",
        "coordinates": [
          -0.436577446878372,
          51.06128981322792
        ]
      },
      "properties": {
        "row_number": "115"
      }
    },
    {
      "type": "Feature",
      "geometry": {
        "type": "Point",
        "coordinates": [
          -0.436574447290294,
          51.06134209208356
        ]
      },
      "properties": {
        "row_number": "115"
      }
    },
    {
      "type": "Feature",
      "geometry": {
        "type": "Point",
        "coordinates": [
          -0.436571239525021,
          51.06139739192035
        ]
      },
      "properties": {
        "row_number": "115"
      }
    },
    {
      "type": "Feature",
      "geometry": {
        "type": "Point",
        "coordinates": [
          -0.436568669488677,
          51.06145139451731
        ]
      },
      "properties": {
        "row_number": "115"
      }
    },
    {
      "type": "Feature",
      "geometry": {
        "type": "Point",
        "coordinates": [
          -0.436565340389901,
          51.06150563474785
        ]
      },
      "properties": {
        "row_number": "115"
      }
    },
    {
      "type": "Feature",
      "geometry": {
        "type": "Point",
        "coordinates": [
          -0.43656204026121,
          51.0615593636495
        ]
      },
      "properties": {
        "row_number": "115"
      }
    },
    {
      "type": "Feature",
      "geometry": {
        "type": "Point",
        "coordinates": [
          -0.436559363473159,
          51.06161346752668
        ]
      },
      "properties": {
        "row_number": "115"
      }
    },
    {
      "type": "Feature",
      "geometry": {
        "type": "Point",
        "coordinates": [
          -0.436556375652308,
          51.06166645381344
        ]
      },
      "properties": {
        "row_number": "115"
      }
    },
    {
      "type": "Feature",
      "geometry": {
        "type": "Point",
        "coordinates": [
          -0.436553125752199,
          51.06172105974877
        ]
      },
      "properties": {
        "row_number": "115"
      }
    },
    {
      "type": "Feature",
      "geometry": {
        "type": "Point",
        "coordinates": [
          -0.436550441966146,
          51.06177476030625
        ]
      },
      "properties": {
        "row_number": "115"
      }
    },
    {
      "type": "Feature",
      "geometry": {
        "type": "Point",
        "coordinates": [
          -0.436547568431715,
          51.06182882290528
        ]
      },
      "properties": {
        "row_number": "115"
      }
    },
    {
      "type": "Feature",
      "geometry": {
        "type": "Point",
        "coordinates": [
          -0.436544260426306,
          51.06188252341668
        ]
      },
      "properties": {
        "row_number": "115"
      }
    },
    {
      "type": "Feature",
      "geometry": {
        "type": "Point",
        "coordinates": [
          -0.436541273417326,
          51.06193577571054
        ]
      },
      "properties": {
        "row_number": "115"
      }
    },
    {
      "type": "Feature",
      "geometry": {
        "type": "Point",
        "coordinates": [
          -0.436538346030833,
          51.06198969411356
        ]
      },
      "properties": {
        "row_number": "115"
      }
    },
    {
      "type": "Feature",
      "geometry": {
        "type": "Point",
        "coordinates": [
          -0.436535918993741,
          51.06204383512448
        ]
      },
      "properties": {
        "row_number": "115"
      }
    },
    {
      "type": "Feature",
      "geometry": {
        "type": "Point",
        "coordinates": [
          -0.436532211025529,
          51.06209307454226
        ]
      },
      "properties": {
        "row_number": "115"
      }
    },
    {
      "type": "Feature",
      "geometry": {
        "type": "LineString",
        "coordinates": [
          [
            -0.436583406173829,
            51.06063264362746
          ],
          [
            -0.43658025627159,
            51.06069605227659
          ],
          [
            -0.436576919367477,
            51.06074917887015
          ],
          [
            -0.436573934203002,
            51.06080337002096
          ],
          [
            -0.436570875122413,
            51.06085732357694
          ],
          [
            -0.436567758080768,
            51.06091185460176
          ],
          [
            -0.436565020974746,
            51.06096531273388
          ],
          [
            -0.436562234525835,
            51.0610186642321
          ],
          [
            -0.436559224083119,
            51.06107235369613
          ],
          [
            -0.436556452714405,
            51.06112696722131
          ],
          [
            -0.436553572574638,
            51.06118140681279
          ],
          [
            -0.436550632023716,
            51.0612350185795
          ],
          [
            -0.436546930983381,
            51.0612892202827
          ],
          [
            -0.436544001250645,
            51.0613425201033
          ],
          [
            -0.436540879889436,
            51.06139646982507
          ],
          [
            -0.436537643921022,
            51.06145043166322
          ],
          [
            -0.436534768362171,
            51.06150470783886
          ],
          [
            -0.436531555386146,
            51.06155837012192
          ],
          [
            -0.436528735592807,
            51.0616125721993
          ],
          [
            -0.436525837684834,
            51.06166622225718
          ],
          [
            -0.436522893626197,
            51.06172006326747
          ],
          [
            -0.436520221828314,
            51.06177388850649
          ],
          [
            -0.436517110372341,
            51.06182815518413
          ],
          [
            -0.436513939327994,
            51.06188184185184
          ],
          [
            -0.436510622228838,
            51.06193579338212
          ],
          [
            -0.436507223202198,
            51.06198911067435
          ],
          [
            -0.436504218844116,
            51.06204318577322
          ],
          [
            -0.436500868140002,
            51.06209316862548
          ]
        ]
      },
      "properties": {
        "row_number": "116"
      }
    },
    {
      "type": "Feature",
      "geometry": {
        "type": "Point",
        "coordinates": [
          -0.436583406173829,
          51.06063264362746
        ]
      },
      "properties": {
        "row_number": "116"
      }
    },
    {
      "type": "Feature",
      "geometry": {
        "type": "Point",
        "coordinates": [
          -0.43658025627159,
          51.06069605227659
        ]
      },
      "properties": {
        "row_number": "116"
      }
    },
    {
      "type": "Feature",
      "geometry": {
        "type": "Point",
        "coordinates": [
          -0.436576919367477,
          51.06074917887015
        ]
      },
      "properties": {
        "row_number": "116"
      }
    },
    {
      "type": "Feature",
      "geometry": {
        "type": "Point",
        "coordinates": [
          -0.436573934203002,
          51.06080337002096
        ]
      },
      "properties": {
        "row_number": "116"
      }
    },
    {
      "type": "Feature",
      "geometry": {
        "type": "Point",
        "coordinates": [
          -0.436570875122413,
          51.06085732357694
        ]
      },
      "properties": {
        "row_number": "116"
      }
    },
    {
      "type": "Feature",
      "geometry": {
        "type": "Point",
        "coordinates": [
          -0.436567758080768,
          51.06091185460176
        ]
      },
      "properties": {
        "row_number": "116"
      }
    },
    {
      "type": "Feature",
      "geometry": {
        "type": "Point",
        "coordinates": [
          -0.436565020974746,
          51.06096531273388
        ]
      },
      "properties": {
        "row_number": "116"
      }
    },
    {
      "type": "Feature",
      "geometry": {
        "type": "Point",
        "coordinates": [
          -0.436562234525835,
          51.0610186642321
        ]
      },
      "properties": {
        "row_number": "116"
      }
    },
    {
      "type": "Feature",
      "geometry": {
        "type": "Point",
        "coordinates": [
          -0.436559224083119,
          51.06107235369613
        ]
      },
      "properties": {
        "row_number": "116"
      }
    },
    {
      "type": "Feature",
      "geometry": {
        "type": "Point",
        "coordinates": [
          -0.436556452714405,
          51.06112696722131
        ]
      },
      "properties": {
        "row_number": "116"
      }
    },
    {
      "type": "Feature",
      "geometry": {
        "type": "Point",
        "coordinates": [
          -0.436553572574638,
          51.06118140681279
        ]
      },
      "properties": {
        "row_number": "116"
      }
    },
    {
      "type": "Feature",
      "geometry": {
        "type": "Point",
        "coordinates": [
          -0.436550632023716,
          51.0612350185795
        ]
      },
      "properties": {
        "row_number": "116"
      }
    },
    {
      "type": "Feature",
      "geometry": {
        "type": "Point",
        "coordinates": [
          -0.436546930983381,
          51.0612892202827
        ]
      },
      "properties": {
        "row_number": "116"
      }
    },
    {
      "type": "Feature",
      "geometry": {
        "type": "Point",
        "coordinates": [
          -0.436544001250645,
          51.0613425201033
        ]
      },
      "properties": {
        "row_number": "116"
      }
    },
    {
      "type": "Feature",
      "geometry": {
        "type": "Point",
        "coordinates": [
          -0.436540879889436,
          51.06139646982507
        ]
      },
      "properties": {
        "row_number": "116"
      }
    },
    {
      "type": "Feature",
      "geometry": {
        "type": "Point",
        "coordinates": [
          -0.436537643921022,
          51.06145043166322
        ]
      },
      "properties": {
        "row_number": "116"
      }
    },
    {
      "type": "Feature",
      "geometry": {
        "type": "Point",
        "coordinates": [
          -0.436534768362171,
          51.06150470783886
        ]
      },
      "properties": {
        "row_number": "116"
      }
    },
    {
      "type": "Feature",
      "geometry": {
        "type": "Point",
        "coordinates": [
          -0.436531555386146,
          51.06155837012192
        ]
      },
      "properties": {
        "row_number": "116"
      }
    },
    {
      "type": "Feature",
      "geometry": {
        "type": "Point",
        "coordinates": [
          -0.436528735592807,
          51.0616125721993
        ]
      },
      "properties": {
        "row_number": "116"
      }
    },
    {
      "type": "Feature",
      "geometry": {
        "type": "Point",
        "coordinates": [
          -0.436525837684834,
          51.06166622225718
        ]
      },
      "properties": {
        "row_number": "116"
      }
    },
    {
      "type": "Feature",
      "geometry": {
        "type": "Point",
        "coordinates": [
          -0.436522893626197,
          51.06172006326747
        ]
      },
      "properties": {
        "row_number": "116"
      }
    },
    {
      "type": "Feature",
      "geometry": {
        "type": "Point",
        "coordinates": [
          -0.436520221828314,
          51.06177388850649
        ]
      },
      "properties": {
        "row_number": "116"
      }
    },
    {
      "type": "Feature",
      "geometry": {
        "type": "Point",
        "coordinates": [
          -0.436517110372341,
          51.06182815518413
        ]
      },
      "properties": {
        "row_number": "116"
      }
    },
    {
      "type": "Feature",
      "geometry": {
        "type": "Point",
        "coordinates": [
          -0.436513939327994,
          51.06188184185184
        ]
      },
      "properties": {
        "row_number": "116"
      }
    },
    {
      "type": "Feature",
      "geometry": {
        "type": "Point",
        "coordinates": [
          -0.436510622228838,
          51.06193579338212
        ]
      },
      "properties": {
        "row_number": "116"
      }
    },
    {
      "type": "Feature",
      "geometry": {
        "type": "Point",
        "coordinates": [
          -0.436507223202198,
          51.06198911067435
        ]
      },
      "properties": {
        "row_number": "116"
      }
    },
    {
      "type": "Feature",
      "geometry": {
        "type": "Point",
        "coordinates": [
          -0.436504218844116,
          51.06204318577322
        ]
      },
      "properties": {
        "row_number": "116"
      }
    },
    {
      "type": "Feature",
      "geometry": {
        "type": "Point",
        "coordinates": [
          -0.436500868140002,
          51.06209316862548
        ]
      },
      "properties": {
        "row_number": "116"
      }
    },
    {
      "type": "Feature",
      "geometry": {
        "type": "LineString",
        "coordinates": [
          [
            -0.436554799218745,
            51.06060460733825
          ],
          [
            -0.436552486824609,
            51.06064066592556
          ],
          [
            -0.436549059054381,
            51.06069489049432
          ],
          [
            -0.436545882127239,
            51.06074832347588
          ],
          [
            -0.436542927353374,
            51.06080287297551
          ],
          [
            -0.436540374790733,
            51.06085616643684
          ],
          [
            -0.436537300012141,
            51.06091096479089
          ],
          [
            -0.436534014677676,
            51.06096450883761
          ],
          [
            -0.436531231218513,
            51.0610180240914
          ],
          [
            -0.436527529283135,
            51.06107199704083
          ],
          [
            -0.436525161770969,
            51.06112644630541
          ],
          [
            -0.436522106611004,
            51.06118024899978
          ],
          [
            -0.436518853872545,
            51.06123396306614
          ],
          [
            -0.436515674535491,
            51.06128859391094
          ],
          [
            -0.436513374770813,
            51.0613417218368
          ],
          [
            -0.436510141483235,
            51.06139587700296
          ],
          [
            -0.436506598966935,
            51.06145002029269
          ],
          [
            -0.43650395961226,
            51.06150408446155
          ],
          [
            -0.436500874189902,
            51.06155781945117
          ],
          [
            -0.436498028020622,
            51.06161189909049
          ],
          [
            -0.436494677752499,
            51.06166535260543
          ],
          [
            -0.436491732028574,
            51.06171936954335
          ],
          [
            -0.436488090285088,
            51.06177337710066
          ],
          [
            -0.436485733636112,
            51.06182750250166
          ],
          [
            -0.436482298261947,
            51.06188127538121
          ],
          [
            -0.436479719941749,
            51.06193489525295
          ],
          [
            -0.436477053183375,
            51.06198838021037
          ],
          [
            -0.436473820676353,
            51.06204190922004
          ],
          [
            -0.43647065997843,
            51.06209340088053
          ]
        ]
      },
      "properties": {
        "row_number": "117"
      }
    },
    {
      "type": "Feature",
      "geometry": {
        "type": "Point",
        "coordinates": [
          -0.436554799218745,
          51.06060460733825
        ]
      },
      "properties": {
        "row_number": "117"
      }
    },
    {
      "type": "Feature",
      "geometry": {
        "type": "Point",
        "coordinates": [
          -0.436552486824609,
          51.06064066592556
        ]
      },
      "properties": {
        "row_number": "117"
      }
    },
    {
      "type": "Feature",
      "geometry": {
        "type": "Point",
        "coordinates": [
          -0.436549059054381,
          51.06069489049432
        ]
      },
      "properties": {
        "row_number": "117"
      }
    },
    {
      "type": "Feature",
      "geometry": {
        "type": "Point",
        "coordinates": [
          -0.436545882127239,
          51.06074832347588
        ]
      },
      "properties": {
        "row_number": "117"
      }
    },
    {
      "type": "Feature",
      "geometry": {
        "type": "Point",
        "coordinates": [
          -0.436542927353374,
          51.06080287297551
        ]
      },
      "properties": {
        "row_number": "117"
      }
    },
    {
      "type": "Feature",
      "geometry": {
        "type": "Point",
        "coordinates": [
          -0.436540374790733,
          51.06085616643684
        ]
      },
      "properties": {
        "row_number": "117"
      }
    },
    {
      "type": "Feature",
      "geometry": {
        "type": "Point",
        "coordinates": [
          -0.436537300012141,
          51.06091096479089
        ]
      },
      "properties": {
        "row_number": "117"
      }
    },
    {
      "type": "Feature",
      "geometry": {
        "type": "Point",
        "coordinates": [
          -0.436534014677676,
          51.06096450883761
        ]
      },
      "properties": {
        "row_number": "117"
      }
    },
    {
      "type": "Feature",
      "geometry": {
        "type": "Point",
        "coordinates": [
          -0.436531231218513,
          51.0610180240914
        ]
      },
      "properties": {
        "row_number": "117"
      }
    },
    {
      "type": "Feature",
      "geometry": {
        "type": "Point",
        "coordinates": [
          -0.436527529283135,
          51.06107199704083
        ]
      },
      "properties": {
        "row_number": "117"
      }
    },
    {
      "type": "Feature",
      "geometry": {
        "type": "Point",
        "coordinates": [
          -0.436525161770969,
          51.06112644630541
        ]
      },
      "properties": {
        "row_number": "117"
      }
    },
    {
      "type": "Feature",
      "geometry": {
        "type": "Point",
        "coordinates": [
          -0.436522106611004,
          51.06118024899978
        ]
      },
      "properties": {
        "row_number": "117"
      }
    },
    {
      "type": "Feature",
      "geometry": {
        "type": "Point",
        "coordinates": [
          -0.436518853872545,
          51.06123396306614
        ]
      },
      "properties": {
        "row_number": "117"
      }
    },
    {
      "type": "Feature",
      "geometry": {
        "type": "Point",
        "coordinates": [
          -0.436515674535491,
          51.06128859391094
        ]
      },
      "properties": {
        "row_number": "117"
      }
    },
    {
      "type": "Feature",
      "geometry": {
        "type": "Point",
        "coordinates": [
          -0.436513374770813,
          51.0613417218368
        ]
      },
      "properties": {
        "row_number": "117"
      }
    },
    {
      "type": "Feature",
      "geometry": {
        "type": "Point",
        "coordinates": [
          -0.436510141483235,
          51.06139587700296
        ]
      },
      "properties": {
        "row_number": "117"
      }
    },
    {
      "type": "Feature",
      "geometry": {
        "type": "Point",
        "coordinates": [
          -0.436506598966935,
          51.06145002029269
        ]
      },
      "properties": {
        "row_number": "117"
      }
    },
    {
      "type": "Feature",
      "geometry": {
        "type": "Point",
        "coordinates": [
          -0.43650395961226,
          51.06150408446155
        ]
      },
      "properties": {
        "row_number": "117"
      }
    },
    {
      "type": "Feature",
      "geometry": {
        "type": "Point",
        "coordinates": [
          -0.436500874189902,
          51.06155781945117
        ]
      },
      "properties": {
        "row_number": "117"
      }
    },
    {
      "type": "Feature",
      "geometry": {
        "type": "Point",
        "coordinates": [
          -0.436498028020622,
          51.06161189909049
        ]
      },
      "properties": {
        "row_number": "117"
      }
    },
    {
      "type": "Feature",
      "geometry": {
        "type": "Point",
        "coordinates": [
          -0.436494677752499,
          51.06166535260543
        ]
      },
      "properties": {
        "row_number": "117"
      }
    },
    {
      "type": "Feature",
      "geometry": {
        "type": "Point",
        "coordinates": [
          -0.436491732028574,
          51.06171936954335
        ]
      },
      "properties": {
        "row_number": "117"
      }
    },
    {
      "type": "Feature",
      "geometry": {
        "type": "Point",
        "coordinates": [
          -0.436488090285088,
          51.06177337710066
        ]
      },
      "properties": {
        "row_number": "117"
      }
    },
    {
      "type": "Feature",
      "geometry": {
        "type": "Point",
        "coordinates": [
          -0.436485733636112,
          51.06182750250166
        ]
      },
      "properties": {
        "row_number": "117"
      }
    },
    {
      "type": "Feature",
      "geometry": {
        "type": "Point",
        "coordinates": [
          -0.436482298261947,
          51.06188127538121
        ]
      },
      "properties": {
        "row_number": "117"
      }
    },
    {
      "type": "Feature",
      "geometry": {
        "type": "Point",
        "coordinates": [
          -0.436479719941749,
          51.06193489525295
        ]
      },
      "properties": {
        "row_number": "117"
      }
    },
    {
      "type": "Feature",
      "geometry": {
        "type": "Point",
        "coordinates": [
          -0.436477053183375,
          51.06198838021037
        ]
      },
      "properties": {
        "row_number": "117"
      }
    },
    {
      "type": "Feature",
      "geometry": {
        "type": "Point",
        "coordinates": [
          -0.436473820676353,
          51.06204190922004
        ]
      },
      "properties": {
        "row_number": "117"
      }
    },
    {
      "type": "Feature",
      "geometry": {
        "type": "Point",
        "coordinates": [
          -0.43647065997843,
          51.06209340088053
        ]
      },
      "properties": {
        "row_number": "117"
      }
    },
    {
      "type": "Feature",
      "geometry": {
        "type": "LineString",
        "coordinates": [
          [
            -0.436523101397137,
            51.06060874122356
          ],
          [
            -0.436521393574334,
            51.06063985153021
          ],
          [
            -0.436518209734622,
            51.06069464233826
          ],
          [
            -0.436515877877834,
            51.06074896491578
          ],
          [
            -0.436512079090869,
            51.0608020847306
          ],
          [
            -0.436509426458116,
            51.06085563733056
          ],
          [
            -0.436505947012304,
            51.06091045934533
          ],
          [
            -0.436503148487852,
            51.06096391713024
          ],
          [
            -0.436500106559643,
            51.06101749975594
          ],
          [
            -0.43649693101002,
            51.06107144460888
          ],
          [
            -0.436493692504536,
            51.06112578357038
          ],
          [
            -0.436490690974412,
            51.06117987053344
          ],
          [
            -0.436487873574698,
            51.06123382331833
          ],
          [
            -0.436484959186767,
            51.06128793580426
          ],
          [
            -0.436481813071399,
            51.0613407959418
          ],
          [
            -0.436478642515201,
            51.06139516096421
          ],
          [
            -0.436475296888286,
            51.06144911558282
          ],
          [
            -0.436472225220466,
            51.06150344511165
          ],
          [
            -0.436469361407739,
            51.06155718236447
          ],
          [
            -0.436466407391227,
            51.06161106951937
          ],
          [
            -0.436463338985158,
            51.06166446131543
          ],
          [
            -0.436460333440005,
            51.06171874622324
          ],
          [
            -0.436457103843275,
            51.06177266804453
          ],
          [
            -0.436454377114532,
            51.06182689031464
          ],
          [
            -0.436451542884322,
            51.06188102998819
          ],
          [
            -0.436448633727586,
            51.06193411482023
          ],
          [
            -0.436445618431014,
            51.06198796415934
          ],
          [
            -0.436442303744749,
            51.06204171856974
          ],
          [
            -0.436438955067693,
            51.06209221697816
          ]
        ]
      },
      "properties": {
        "row_number": "118"
      }
    },
    {
      "type": "Feature",
      "geometry": {
        "type": "Point",
        "coordinates": [
          -0.436523101397137,
          51.06060874122356
        ]
      },
      "properties": {
        "row_number": "118"
      }
    },
    {
      "type": "Feature",
      "geometry": {
        "type": "Point",
        "coordinates": [
          -0.436521393574334,
          51.06063985153021
        ]
      },
      "properties": {
        "row_number": "118"
      }
    },
    {
      "type": "Feature",
      "geometry": {
        "type": "Point",
        "coordinates": [
          -0.436518209734622,
          51.06069464233826
        ]
      },
      "properties": {
        "row_number": "118"
      }
    },
    {
      "type": "Feature",
      "geometry": {
        "type": "Point",
        "coordinates": [
          -0.436515877877834,
          51.06074896491578
        ]
      },
      "properties": {
        "row_number": "118"
      }
    },
    {
      "type": "Feature",
      "geometry": {
        "type": "Point",
        "coordinates": [
          -0.436512079090869,
          51.0608020847306
        ]
      },
      "properties": {
        "row_number": "118"
      }
    },
    {
      "type": "Feature",
      "geometry": {
        "type": "Point",
        "coordinates": [
          -0.436509426458116,
          51.06085563733056
        ]
      },
      "properties": {
        "row_number": "118"
      }
    },
    {
      "type": "Feature",
      "geometry": {
        "type": "Point",
        "coordinates": [
          -0.436505947012304,
          51.06091045934533
        ]
      },
      "properties": {
        "row_number": "118"
      }
    },
    {
      "type": "Feature",
      "geometry": {
        "type": "Point",
        "coordinates": [
          -0.436503148487852,
          51.06096391713024
        ]
      },
      "properties": {
        "row_number": "118"
      }
    },
    {
      "type": "Feature",
      "geometry": {
        "type": "Point",
        "coordinates": [
          -0.436500106559643,
          51.06101749975594
        ]
      },
      "properties": {
        "row_number": "118"
      }
    },
    {
      "type": "Feature",
      "geometry": {
        "type": "Point",
        "coordinates": [
          -0.43649693101002,
          51.06107144460888
        ]
      },
      "properties": {
        "row_number": "118"
      }
    },
    {
      "type": "Feature",
      "geometry": {
        "type": "Point",
        "coordinates": [
          -0.436493692504536,
          51.06112578357038
        ]
      },
      "properties": {
        "row_number": "118"
      }
    },
    {
      "type": "Feature",
      "geometry": {
        "type": "Point",
        "coordinates": [
          -0.436490690974412,
          51.06117987053344
        ]
      },
      "properties": {
        "row_number": "118"
      }
    },
    {
      "type": "Feature",
      "geometry": {
        "type": "Point",
        "coordinates": [
          -0.436487873574698,
          51.06123382331833
        ]
      },
      "properties": {
        "row_number": "118"
      }
    },
    {
      "type": "Feature",
      "geometry": {
        "type": "Point",
        "coordinates": [
          -0.436484959186767,
          51.06128793580426
        ]
      },
      "properties": {
        "row_number": "118"
      }
    },
    {
      "type": "Feature",
      "geometry": {
        "type": "Point",
        "coordinates": [
          -0.436481813071399,
          51.0613407959418
        ]
      },
      "properties": {
        "row_number": "118"
      }
    },
    {
      "type": "Feature",
      "geometry": {
        "type": "Point",
        "coordinates": [
          -0.436478642515201,
          51.06139516096421
        ]
      },
      "properties": {
        "row_number": "118"
      }
    },
    {
      "type": "Feature",
      "geometry": {
        "type": "Point",
        "coordinates": [
          -0.436475296888286,
          51.06144911558282
        ]
      },
      "properties": {
        "row_number": "118"
      }
    },
    {
      "type": "Feature",
      "geometry": {
        "type": "Point",
        "coordinates": [
          -0.436472225220466,
          51.06150344511165
        ]
      },
      "properties": {
        "row_number": "118"
      }
    },
    {
      "type": "Feature",
      "geometry": {
        "type": "Point",
        "coordinates": [
          -0.436469361407739,
          51.06155718236447
        ]
      },
      "properties": {
        "row_number": "118"
      }
    },
    {
      "type": "Feature",
      "geometry": {
        "type": "Point",
        "coordinates": [
          -0.436466407391227,
          51.06161106951937
        ]
      },
      "properties": {
        "row_number": "118"
      }
    },
    {
      "type": "Feature",
      "geometry": {
        "type": "Point",
        "coordinates": [
          -0.436463338985158,
          51.06166446131543
        ]
      },
      "properties": {
        "row_number": "118"
      }
    },
    {
      "type": "Feature",
      "geometry": {
        "type": "Point",
        "coordinates": [
          -0.436460333440005,
          51.06171874622324
        ]
      },
      "properties": {
        "row_number": "118"
      }
    },
    {
      "type": "Feature",
      "geometry": {
        "type": "Point",
        "coordinates": [
          -0.436457103843275,
          51.06177266804453
        ]
      },
      "properties": {
        "row_number": "118"
      }
    },
    {
      "type": "Feature",
      "geometry": {
        "type": "Point",
        "coordinates": [
          -0.436454377114532,
          51.06182689031464
        ]
      },
      "properties": {
        "row_number": "118"
      }
    },
    {
      "type": "Feature",
      "geometry": {
        "type": "Point",
        "coordinates": [
          -0.436451542884322,
          51.06188102998819
        ]
      },
      "properties": {
        "row_number": "118"
      }
    },
    {
      "type": "Feature",
      "geometry": {
        "type": "Point",
        "coordinates": [
          -0.436448633727586,
          51.06193411482023
        ]
      },
      "properties": {
        "row_number": "118"
      }
    },
    {
      "type": "Feature",
      "geometry": {
        "type": "Point",
        "coordinates": [
          -0.436445618431014,
          51.06198796415934
        ]
      },
      "properties": {
        "row_number": "118"
      }
    },
    {
      "type": "Feature",
      "geometry": {
        "type": "Point",
        "coordinates": [
          -0.436442303744749,
          51.06204171856974
        ]
      },
      "properties": {
        "row_number": "118"
      }
    },
    {
      "type": "Feature",
      "geometry": {
        "type": "Point",
        "coordinates": [
          -0.436438955067693,
          51.06209221697816
        ]
      },
      "properties": {
        "row_number": "118"
      }
    },
    {
      "type": "Feature",
      "geometry": {
        "type": "LineString",
        "coordinates": [
          [
            -0.436490828579938,
            51.06061364697373
          ],
          [
            -0.43648916526877,
            51.06063926127548
          ],
          [
            -0.436486312992774,
            51.06069368051776
          ],
          [
            -0.436482833139709,
            51.06074678994634
          ],
          [
            -0.436479948932136,
            51.06080125944757
          ],
          [
            -0.436476540331994,
            51.06085445705672
          ],
          [
            -0.436473296302289,
            51.06090959034346
          ],
          [
            -0.436470709592762,
            51.06096321263158
          ],
          [
            -0.436467422724824,
            51.0610167157584
          ],
          [
            -0.436465014407299,
            51.0610705682284
          ],
          [
            -0.436461818654697,
            51.06112493093637
          ],
          [
            -0.436458223573264,
            51.06117912434322
          ],
          [
            -0.436455329595167,
            51.06123277133471
          ],
          [
            -0.436452934749125,
            51.06128691168335
          ],
          [
            -0.43644985436208,
            51.06134034841835
          ],
          [
            -0.436446937608761,
            51.06139405791748
          ],
          [
            -0.436443773246689,
            51.06144859593134
          ],
          [
            -0.43644100655803,
            51.06150280771652
          ],
          [
            -0.436438135554815,
            51.0615564932698
          ],
          [
            -0.436435208794241,
            51.0616102302623
          ],
          [
            -0.436432253660124,
            51.06166365938023
          ],
          [
            -0.436428741954338,
            51.06171816247003
          ],
          [
            -0.43642584558881,
            51.06177193499531
          ],
          [
            -0.436422190262449,
            51.06182610565834
          ],
          [
            -0.43642008653004,
            51.06187961187776
          ],
          [
            -0.436416920660974,
            51.061934229171
          ],
          [
            -0.436413595382501,
            51.06198698338915
          ],
          [
            -0.436410028125911,
            51.06204159537685
          ],
          [
            -0.436406832524767,
            51.06209212518662
          ]
        ]
      },
      "properties": {
        "row_number": "119"
      }
    },
    {
      "type": "Feature",
      "geometry": {
        "type": "Point",
        "coordinates": [
          -0.436490828579938,
          51.06061364697373
        ]
      },
      "properties": {
        "row_number": "119"
      }
    },
    {
      "type": "Feature",
      "geometry": {
        "type": "Point",
        "coordinates": [
          -0.43648916526877,
          51.06063926127548
        ]
      },
      "properties": {
        "row_number": "119"
      }
    },
    {
      "type": "Feature",
      "geometry": {
        "type": "Point",
        "coordinates": [
          -0.436486312992774,
          51.06069368051776
        ]
      },
      "properties": {
        "row_number": "119"
      }
    },
    {
      "type": "Feature",
      "geometry": {
        "type": "Point",
        "coordinates": [
          -0.436482833139709,
          51.06074678994634
        ]
      },
      "properties": {
        "row_number": "119"
      }
    },
    {
      "type": "Feature",
      "geometry": {
        "type": "Point",
        "coordinates": [
          -0.436479948932136,
          51.06080125944757
        ]
      },
      "properties": {
        "row_number": "119"
      }
    },
    {
      "type": "Feature",
      "geometry": {
        "type": "Point",
        "coordinates": [
          -0.436476540331994,
          51.06085445705672
        ]
      },
      "properties": {
        "row_number": "119"
      }
    },
    {
      "type": "Feature",
      "geometry": {
        "type": "Point",
        "coordinates": [
          -0.436473296302289,
          51.06090959034346
        ]
      },
      "properties": {
        "row_number": "119"
      }
    },
    {
      "type": "Feature",
      "geometry": {
        "type": "Point",
        "coordinates": [
          -0.436470709592762,
          51.06096321263158
        ]
      },
      "properties": {
        "row_number": "119"
      }
    },
    {
      "type": "Feature",
      "geometry": {
        "type": "Point",
        "coordinates": [
          -0.436467422724824,
          51.0610167157584
        ]
      },
      "properties": {
        "row_number": "119"
      }
    },
    {
      "type": "Feature",
      "geometry": {
        "type": "Point",
        "coordinates": [
          -0.436465014407299,
          51.0610705682284
        ]
      },
      "properties": {
        "row_number": "119"
      }
    },
    {
      "type": "Feature",
      "geometry": {
        "type": "Point",
        "coordinates": [
          -0.436461818654697,
          51.06112493093637
        ]
      },
      "properties": {
        "row_number": "119"
      }
    },
    {
      "type": "Feature",
      "geometry": {
        "type": "Point",
        "coordinates": [
          -0.436458223573264,
          51.06117912434322
        ]
      },
      "properties": {
        "row_number": "119"
      }
    },
    {
      "type": "Feature",
      "geometry": {
        "type": "Point",
        "coordinates": [
          -0.436455329595167,
          51.06123277133471
        ]
      },
      "properties": {
        "row_number": "119"
      }
    },
    {
      "type": "Feature",
      "geometry": {
        "type": "Point",
        "coordinates": [
          -0.436452934749125,
          51.06128691168335
        ]
      },
      "properties": {
        "row_number": "119"
      }
    },
    {
      "type": "Feature",
      "geometry": {
        "type": "Point",
        "coordinates": [
          -0.43644985436208,
          51.06134034841835
        ]
      },
      "properties": {
        "row_number": "119"
      }
    },
    {
      "type": "Feature",
      "geometry": {
        "type": "Point",
        "coordinates": [
          -0.436446937608761,
          51.06139405791748
        ]
      },
      "properties": {
        "row_number": "119"
      }
    },
    {
      "type": "Feature",
      "geometry": {
        "type": "Point",
        "coordinates": [
          -0.436443773246689,
          51.06144859593134
        ]
      },
      "properties": {
        "row_number": "119"
      }
    },
    {
      "type": "Feature",
      "geometry": {
        "type": "Point",
        "coordinates": [
          -0.43644100655803,
          51.06150280771652
        ]
      },
      "properties": {
        "row_number": "119"
      }
    },
    {
      "type": "Feature",
      "geometry": {
        "type": "Point",
        "coordinates": [
          -0.436438135554815,
          51.0615564932698
        ]
      },
      "properties": {
        "row_number": "119"
      }
    },
    {
      "type": "Feature",
      "geometry": {
        "type": "Point",
        "coordinates": [
          -0.436435208794241,
          51.0616102302623
        ]
      },
      "properties": {
        "row_number": "119"
      }
    },
    {
      "type": "Feature",
      "geometry": {
        "type": "Point",
        "coordinates": [
          -0.436432253660124,
          51.06166365938023
        ]
      },
      "properties": {
        "row_number": "119"
      }
    },
    {
      "type": "Feature",
      "geometry": {
        "type": "Point",
        "coordinates": [
          -0.436428741954338,
          51.06171816247003
        ]
      },
      "properties": {
        "row_number": "119"
      }
    },
    {
      "type": "Feature",
      "geometry": {
        "type": "Point",
        "coordinates": [
          -0.43642584558881,
          51.06177193499531
        ]
      },
      "properties": {
        "row_number": "119"
      }
    },
    {
      "type": "Feature",
      "geometry": {
        "type": "Point",
        "coordinates": [
          -0.436422190262449,
          51.06182610565834
        ]
      },
      "properties": {
        "row_number": "119"
      }
    },
    {
      "type": "Feature",
      "geometry": {
        "type": "Point",
        "coordinates": [
          -0.43642008653004,
          51.06187961187776
        ]
      },
      "properties": {
        "row_number": "119"
      }
    },
    {
      "type": "Feature",
      "geometry": {
        "type": "Point",
        "coordinates": [
          -0.436416920660974,
          51.061934229171
        ]
      },
      "properties": {
        "row_number": "119"
      }
    },
    {
      "type": "Feature",
      "geometry": {
        "type": "Point",
        "coordinates": [
          -0.436413595382501,
          51.06198698338915
        ]
      },
      "properties": {
        "row_number": "119"
      }
    },
    {
      "type": "Feature",
      "geometry": {
        "type": "Point",
        "coordinates": [
          -0.436410028125911,
          51.06204159537685
        ]
      },
      "properties": {
        "row_number": "119"
      }
    },
    {
      "type": "Feature",
      "geometry": {
        "type": "Point",
        "coordinates": [
          -0.436406832524767,
          51.06209212518662
        ]
      },
      "properties": {
        "row_number": "119"
      }
    },
    {
      "type": "Feature",
      "geometry": {
        "type": "LineString",
        "coordinates": [
          [
            -0.436459262346851,
            51.06061812773145
          ],
          [
            -0.436455133858979,
            51.06069287809044
          ],
          [
            -0.436451688820085,
            51.06074647172456
          ],
          [
            -0.436448902712361,
            51.06080068349084
          ],
          [
            -0.436446180773626,
            51.06085360651592
          ],
          [
            -0.436442209521579,
            51.06090829321693
          ],
          [
            -0.436439578852676,
            51.06096245201022
          ],
          [
            -0.436436761211576,
            51.06101608644248
          ],
          [
            -0.436433392554243,
            51.06106955321157
          ],
          [
            -0.436430753783301,
            51.06112441478701
          ],
          [
            -0.436427243352635,
            51.06117838737397
          ],
          [
            -0.436424623930576,
            51.06123212324872
          ],
          [
            -0.436421326493872,
            51.06128627824589
          ],
          [
            -0.436418698432284,
            51.06133949802763
          ],
          [
            -0.436415831800152,
            51.0613938969442
          ],
          [
            -0.436413037567887,
            51.0614481345564
          ],
          [
            -0.436409939582638,
            51.0615016089932
          ],
          [
            -0.436407058147947,
            51.06155595872196
          ],
          [
            -0.436404446046472,
            51.06160966248711
          ],
          [
            -0.436401023288535,
            51.06166300569177
          ],
          [
            -0.436397194090996,
            51.06171721739793
          ],
          [
            -0.4363940668122,
            51.061770971273
          ],
          [
            -0.436390872742431,
            51.06182513282233
          ],
          [
            -0.436388109394441,
            51.06187880177461
          ],
          [
            -0.436384923290261,
            51.06193247603485
          ],
          [
            -0.436381740735641,
            51.06198627852435
          ],
          [
            -0.436378406133906,
            51.06204071405691
          ],
          [
            -0.436375386443708,
            51.06209115514298
          ]
        ]
      },
      "properties": {
        "row_number": "120"
      }
    },
    {
      "type": "Feature",
      "geometry": {
        "type": "Point",
        "coordinates": [
          -0.436459262346851,
          51.06061812773145
        ]
      },
      "properties": {
        "row_number": "120"
      }
    },
    {
      "type": "Feature",
      "geometry": {
        "type": "Point",
        "coordinates": [
          -0.436455133858979,
          51.06069287809044
        ]
      },
      "properties": {
        "row_number": "120"
      }
    },
    {
      "type": "Feature",
      "geometry": {
        "type": "Point",
        "coordinates": [
          -0.436451688820085,
          51.06074647172456
        ]
      },
      "properties": {
        "row_number": "120"
      }
    },
    {
      "type": "Feature",
      "geometry": {
        "type": "Point",
        "coordinates": [
          -0.436448902712361,
          51.06080068349084
        ]
      },
      "properties": {
        "row_number": "120"
      }
    },
    {
      "type": "Feature",
      "geometry": {
        "type": "Point",
        "coordinates": [
          -0.436446180773626,
          51.06085360651592
        ]
      },
      "properties": {
        "row_number": "120"
      }
    },
    {
      "type": "Feature",
      "geometry": {
        "type": "Point",
        "coordinates": [
          -0.436442209521579,
          51.06090829321693
        ]
      },
      "properties": {
        "row_number": "120"
      }
    },
    {
      "type": "Feature",
      "geometry": {
        "type": "Point",
        "coordinates": [
          -0.436439578852676,
          51.06096245201022
        ]
      },
      "properties": {
        "row_number": "120"
      }
    },
    {
      "type": "Feature",
      "geometry": {
        "type": "Point",
        "coordinates": [
          -0.436436761211576,
          51.06101608644248
        ]
      },
      "properties": {
        "row_number": "120"
      }
    },
    {
      "type": "Feature",
      "geometry": {
        "type": "Point",
        "coordinates": [
          -0.436433392554243,
          51.06106955321157
        ]
      },
      "properties": {
        "row_number": "120"
      }
    },
    {
      "type": "Feature",
      "geometry": {
        "type": "Point",
        "coordinates": [
          -0.436430753783301,
          51.06112441478701
        ]
      },
      "properties": {
        "row_number": "120"
      }
    },
    {
      "type": "Feature",
      "geometry": {
        "type": "Point",
        "coordinates": [
          -0.436427243352635,
          51.06117838737397
        ]
      },
      "properties": {
        "row_number": "120"
      }
    },
    {
      "type": "Feature",
      "geometry": {
        "type": "Point",
        "coordinates": [
          -0.436424623930576,
          51.06123212324872
        ]
      },
      "properties": {
        "row_number": "120"
      }
    },
    {
      "type": "Feature",
      "geometry": {
        "type": "Point",
        "coordinates": [
          -0.436421326493872,
          51.06128627824589
        ]
      },
      "properties": {
        "row_number": "120"
      }
    },
    {
      "type": "Feature",
      "geometry": {
        "type": "Point",
        "coordinates": [
          -0.436418698432284,
          51.06133949802763
        ]
      },
      "properties": {
        "row_number": "120"
      }
    },
    {
      "type": "Feature",
      "geometry": {
        "type": "Point",
        "coordinates": [
          -0.436415831800152,
          51.0613938969442
        ]
      },
      "properties": {
        "row_number": "120"
      }
    },
    {
      "type": "Feature",
      "geometry": {
        "type": "Point",
        "coordinates": [
          -0.436413037567887,
          51.0614481345564
        ]
      },
      "properties": {
        "row_number": "120"
      }
    },
    {
      "type": "Feature",
      "geometry": {
        "type": "Point",
        "coordinates": [
          -0.436409939582638,
          51.0615016089932
        ]
      },
      "properties": {
        "row_number": "120"
      }
    },
    {
      "type": "Feature",
      "geometry": {
        "type": "Point",
        "coordinates": [
          -0.436407058147947,
          51.06155595872196
        ]
      },
      "properties": {
        "row_number": "120"
      }
    },
    {
      "type": "Feature",
      "geometry": {
        "type": "Point",
        "coordinates": [
          -0.436404446046472,
          51.06160966248711
        ]
      },
      "properties": {
        "row_number": "120"
      }
    },
    {
      "type": "Feature",
      "geometry": {
        "type": "Point",
        "coordinates": [
          -0.436401023288535,
          51.06166300569177
        ]
      },
      "properties": {
        "row_number": "120"
      }
    },
    {
      "type": "Feature",
      "geometry": {
        "type": "Point",
        "coordinates": [
          -0.436397194090996,
          51.06171721739793
        ]
      },
      "properties": {
        "row_number": "120"
      }
    },
    {
      "type": "Feature",
      "geometry": {
        "type": "Point",
        "coordinates": [
          -0.4363940668122,
          51.061770971273
        ]
      },
      "properties": {
        "row_number": "120"
      }
    },
    {
      "type": "Feature",
      "geometry": {
        "type": "Point",
        "coordinates": [
          -0.436390872742431,
          51.06182513282233
        ]
      },
      "properties": {
        "row_number": "120"
      }
    },
    {
      "type": "Feature",
      "geometry": {
        "type": "Point",
        "coordinates": [
          -0.436388109394441,
          51.06187880177461
        ]
      },
      "properties": {
        "row_number": "120"
      }
    },
    {
      "type": "Feature",
      "geometry": {
        "type": "Point",
        "coordinates": [
          -0.436384923290261,
          51.06193247603485
        ]
      },
      "properties": {
        "row_number": "120"
      }
    },
    {
      "type": "Feature",
      "geometry": {
        "type": "Point",
        "coordinates": [
          -0.436381740735641,
          51.06198627852435
        ]
      },
      "properties": {
        "row_number": "120"
      }
    },
    {
      "type": "Feature",
      "geometry": {
        "type": "Point",
        "coordinates": [
          -0.436378406133906,
          51.06204071405691
        ]
      },
      "properties": {
        "row_number": "120"
      }
    },
    {
      "type": "Feature",
      "geometry": {
        "type": "Point",
        "coordinates": [
          -0.436375386443708,
          51.06209115514298
        ]
      },
      "properties": {
        "row_number": "120"
      }
    },
    {
      "type": "Feature",
      "geometry": {
        "type": "LineString",
        "coordinates": [
          [
            -0.436427298690689,
            51.06062421430234
          ],
          [
            -0.436423027717614,
            51.06069259199877
          ],
          [
            -0.4364197326691,
            51.06074558056086
          ],
          [
            -0.436417011580026,
            51.06079998016061
          ],
          [
            -0.436414254841688,
            51.06085364383055
          ],
          [
            -0.436410685635418,
            51.06090793736107
          ],
          [
            -0.436408363546577,
            51.06096218857446
          ],
          [
            -0.436405556618187,
            51.06101518206374
          ],
          [
            -0.436402258642894,
            51.06106914193332
          ],
          [
            -0.436399131851628,
            51.0611237794324
          ],
          [
            -0.436396078200456,
            51.06117788601689
          ],
          [
            -0.436392689980911,
            51.06123121003146
          ],
          [
            -0.436389405606239,
            51.06128576910168
          ],
          [
            -0.436386227972823,
            51.06133863708015
          ],
          [
            -0.436383600505359,
            51.0613928942356
          ],
          [
            -0.43638039581027,
            51.06144714969189
          ],
          [
            -0.436377248917004,
            51.06150136836612
          ],
          [
            -0.436374683784317,
            51.0615549346584
          ],
          [
            -0.43637152570446,
            51.06160894376335
          ],
          [
            -0.436368769230651,
            51.06166212266
          ],
          [
            -0.436365533302905,
            51.06171699736946
          ],
          [
            -0.436363019691506,
            51.06177045320593
          ],
          [
            -0.436359413072702,
            51.06182505715953
          ],
          [
            -0.436356741371382,
            51.06187827846721
          ],
          [
            -0.436353699594572,
            51.06193187388044
          ],
          [
            -0.436350239089909,
            51.0619855202613
          ],
          [
            -0.436347324532194,
            51.06203982905116
          ],
          [
            -0.436343473310332,
            51.06209120000833
          ]
        ]
      },
      "properties": {
        "row_number": "121"
      }
    },
    {
      "type": "Feature",
      "geometry": {
        "type": "Point",
        "coordinates": [
          -0.436427298690689,
          51.06062421430234
        ]
      },
      "properties": {
        "row_number": "121"
      }
    },
    {
      "type": "Feature",
      "geometry": {
        "type": "Point",
        "coordinates": [
          -0.436423027717614,
          51.06069259199877
        ]
      },
      "properties": {
        "row_number": "121"
      }
    },
    {
      "type": "Feature",
      "geometry": {
        "type": "Point",
        "coordinates": [
          -0.4364197326691,
          51.06074558056086
        ]
      },
      "properties": {
        "row_number": "121"
      }
    },
    {
      "type": "Feature",
      "geometry": {
        "type": "Point",
        "coordinates": [
          -0.436417011580026,
          51.06079998016061
        ]
      },
      "properties": {
        "row_number": "121"
      }
    },
    {
      "type": "Feature",
      "geometry": {
        "type": "Point",
        "coordinates": [
          -0.436414254841688,
          51.06085364383055
        ]
      },
      "properties": {
        "row_number": "121"
      }
    },
    {
      "type": "Feature",
      "geometry": {
        "type": "Point",
        "coordinates": [
          -0.436410685635418,
          51.06090793736107
        ]
      },
      "properties": {
        "row_number": "121"
      }
    },
    {
      "type": "Feature",
      "geometry": {
        "type": "Point",
        "coordinates": [
          -0.436408363546577,
          51.06096218857446
        ]
      },
      "properties": {
        "row_number": "121"
      }
    },
    {
      "type": "Feature",
      "geometry": {
        "type": "Point",
        "coordinates": [
          -0.436405556618187,
          51.06101518206374
        ]
      },
      "properties": {
        "row_number": "121"
      }
    },
    {
      "type": "Feature",
      "geometry": {
        "type": "Point",
        "coordinates": [
          -0.436402258642894,
          51.06106914193332
        ]
      },
      "properties": {
        "row_number": "121"
      }
    },
    {
      "type": "Feature",
      "geometry": {
        "type": "Point",
        "coordinates": [
          -0.436399131851628,
          51.0611237794324
        ]
      },
      "properties": {
        "row_number": "121"
      }
    },
    {
      "type": "Feature",
      "geometry": {
        "type": "Point",
        "coordinates": [
          -0.436396078200456,
          51.06117788601689
        ]
      },
      "properties": {
        "row_number": "121"
      }
    },
    {
      "type": "Feature",
      "geometry": {
        "type": "Point",
        "coordinates": [
          -0.436392689980911,
          51.06123121003146
        ]
      },
      "properties": {
        "row_number": "121"
      }
    },
    {
      "type": "Feature",
      "geometry": {
        "type": "Point",
        "coordinates": [
          -0.436389405606239,
          51.06128576910168
        ]
      },
      "properties": {
        "row_number": "121"
      }
    },
    {
      "type": "Feature",
      "geometry": {
        "type": "Point",
        "coordinates": [
          -0.436386227972823,
          51.06133863708015
        ]
      },
      "properties": {
        "row_number": "121"
      }
    },
    {
      "type": "Feature",
      "geometry": {
        "type": "Point",
        "coordinates": [
          -0.436383600505359,
          51.0613928942356
        ]
      },
      "properties": {
        "row_number": "121"
      }
    },
    {
      "type": "Feature",
      "geometry": {
        "type": "Point",
        "coordinates": [
          -0.43638039581027,
          51.06144714969189
        ]
      },
      "properties": {
        "row_number": "121"
      }
    },
    {
      "type": "Feature",
      "geometry": {
        "type": "Point",
        "coordinates": [
          -0.436377248917004,
          51.06150136836612
        ]
      },
      "properties": {
        "row_number": "121"
      }
    },
    {
      "type": "Feature",
      "geometry": {
        "type": "Point",
        "coordinates": [
          -0.436374683784317,
          51.0615549346584
        ]
      },
      "properties": {
        "row_number": "121"
      }
    },
    {
      "type": "Feature",
      "geometry": {
        "type": "Point",
        "coordinates": [
          -0.43637152570446,
          51.06160894376335
        ]
      },
      "properties": {
        "row_number": "121"
      }
    },
    {
      "type": "Feature",
      "geometry": {
        "type": "Point",
        "coordinates": [
          -0.436368769230651,
          51.06166212266
        ]
      },
      "properties": {
        "row_number": "121"
      }
    },
    {
      "type": "Feature",
      "geometry": {
        "type": "Point",
        "coordinates": [
          -0.436365533302905,
          51.06171699736946
        ]
      },
      "properties": {
        "row_number": "121"
      }
    },
    {
      "type": "Feature",
      "geometry": {
        "type": "Point",
        "coordinates": [
          -0.436363019691506,
          51.06177045320593
        ]
      },
      "properties": {
        "row_number": "121"
      }
    },
    {
      "type": "Feature",
      "geometry": {
        "type": "Point",
        "coordinates": [
          -0.436359413072702,
          51.06182505715953
        ]
      },
      "properties": {
        "row_number": "121"
      }
    },
    {
      "type": "Feature",
      "geometry": {
        "type": "Point",
        "coordinates": [
          -0.436356741371382,
          51.06187827846721
        ]
      },
      "properties": {
        "row_number": "121"
      }
    },
    {
      "type": "Feature",
      "geometry": {
        "type": "Point",
        "coordinates": [
          -0.436353699594572,
          51.06193187388044
        ]
      },
      "properties": {
        "row_number": "121"
      }
    },
    {
      "type": "Feature",
      "geometry": {
        "type": "Point",
        "coordinates": [
          -0.436350239089909,
          51.0619855202613
        ]
      },
      "properties": {
        "row_number": "121"
      }
    },
    {
      "type": "Feature",
      "geometry": {
        "type": "Point",
        "coordinates": [
          -0.436347324532194,
          51.06203982905116
        ]
      },
      "properties": {
        "row_number": "121"
      }
    },
    {
      "type": "Feature",
      "geometry": {
        "type": "Point",
        "coordinates": [
          -0.436343473310332,
          51.06209120000833
        ]
      },
      "properties": {
        "row_number": "121"
      }
    },
    {
      "type": "Feature",
      "geometry": {
        "type": "LineString",
        "coordinates": [
          [
            -0.436395224681481,
            51.06062887040516
          ],
          [
            -0.436392059397486,
            51.06069162305628
          ],
          [
            -0.436388611508391,
            51.06074528589905
          ],
          [
            -0.436385324616433,
            51.06079905376197
          ],
          [
            -0.43638277659378,
            51.06085274398639
          ],
          [
            -0.436379601424013,
            51.0609073201354
          ],
          [
            -0.436376323519545,
            51.06096080800509
          ],
          [
            -0.436373124790344,
            51.061014446114
          ],
          [
            -0.436370726923478,
            51.06106840743398
          ],
          [
            -0.436367925975625,
            51.06112283442685
          ],
          [
            -0.436364126274191,
            51.06117700843737
          ],
          [
            -0.436361775722238,
            51.06123054525595
          ],
          [
            -0.436358382346518,
            51.06128505561257
          ],
          [
            -0.436354990853012,
            51.06133841085188
          ],
          [
            -0.436351731539193,
            51.0613927000919
          ],
          [
            -0.43634882484161,
            51.06144652676398
          ],
          [
            -0.436345324821437,
            51.06150050928056
          ],
          [
            -0.436342600614916,
            51.06155448807879
          ],
          [
            -0.436339917816613,
            51.06160830265243
          ],
          [
            -0.436337472158916,
            51.06166147831362
          ],
          [
            -0.436333966558626,
            51.06171590188352
          ],
          [
            -0.436331159736092,
            51.06176920092381
          ],
          [
            -0.436327781334933,
            51.06182401640097
          ],
          [
            -0.436325261204948,
            51.06187778182948
          ],
          [
            -0.436322866568959,
            51.06193134121577
          ],
          [
            -0.436319421190197,
            51.06198477777298
          ],
          [
            -0.436316001191632,
            51.06203895262847
          ],
          [
            -0.436312508100056,
            51.06209055957051
          ]
        ]
      },
      "properties": {
        "row_number": "122"
      }
    },
    {
      "type": "Feature",
      "geometry": {
        "type": "Point",
        "coordinates": [
          -0.436395224681481,
          51.06062887040516
        ]
      },
      "properties": {
        "row_number": "122"
      }
    },
    {
      "type": "Feature",
      "geometry": {
        "type": "Point",
        "coordinates": [
          -0.436392059397486,
          51.06069162305628
        ]
      },
      "properties": {
        "row_number": "122"
      }
    },
    {
      "type": "Feature",
      "geometry": {
        "type": "Point",
        "coordinates": [
          -0.436388611508391,
          51.06074528589905
        ]
      },
      "properties": {
        "row_number": "122"
      }
    },
    {
      "type": "Feature",
      "geometry": {
        "type": "Point",
        "coordinates": [
          -0.436385324616433,
          51.06079905376197
        ]
      },
      "properties": {
        "row_number": "122"
      }
    },
    {
      "type": "Feature",
      "geometry": {
        "type": "Point",
        "coordinates": [
          -0.43638277659378,
          51.06085274398639
        ]
      },
      "properties": {
        "row_number": "122"
      }
    },
    {
      "type": "Feature",
      "geometry": {
        "type": "Point",
        "coordinates": [
          -0.436379601424013,
          51.0609073201354
        ]
      },
      "properties": {
        "row_number": "122"
      }
    },
    {
      "type": "Feature",
      "geometry": {
        "type": "Point",
        "coordinates": [
          -0.436376323519545,
          51.06096080800509
        ]
      },
      "properties": {
        "row_number": "122"
      }
    },
    {
      "type": "Feature",
      "geometry": {
        "type": "Point",
        "coordinates": [
          -0.436373124790344,
          51.061014446114
        ]
      },
      "properties": {
        "row_number": "122"
      }
    },
    {
      "type": "Feature",
      "geometry": {
        "type": "Point",
        "coordinates": [
          -0.436370726923478,
          51.06106840743398
        ]
      },
      "properties": {
        "row_number": "122"
      }
    },
    {
      "type": "Feature",
      "geometry": {
        "type": "Point",
        "coordinates": [
          -0.436367925975625,
          51.06112283442685
        ]
      },
      "properties": {
        "row_number": "122"
      }
    },
    {
      "type": "Feature",
      "geometry": {
        "type": "Point",
        "coordinates": [
          -0.436364126274191,
          51.06117700843737
        ]
      },
      "properties": {
        "row_number": "122"
      }
    },
    {
      "type": "Feature",
      "geometry": {
        "type": "Point",
        "coordinates": [
          -0.436361775722238,
          51.06123054525595
        ]
      },
      "properties": {
        "row_number": "122"
      }
    },
    {
      "type": "Feature",
      "geometry": {
        "type": "Point",
        "coordinates": [
          -0.436358382346518,
          51.06128505561257
        ]
      },
      "properties": {
        "row_number": "122"
      }
    },
    {
      "type": "Feature",
      "geometry": {
        "type": "Point",
        "coordinates": [
          -0.436354990853012,
          51.06133841085188
        ]
      },
      "properties": {
        "row_number": "122"
      }
    },
    {
      "type": "Feature",
      "geometry": {
        "type": "Point",
        "coordinates": [
          -0.436351731539193,
          51.0613927000919
        ]
      },
      "properties": {
        "row_number": "122"
      }
    },
    {
      "type": "Feature",
      "geometry": {
        "type": "Point",
        "coordinates": [
          -0.43634882484161,
          51.06144652676398
        ]
      },
      "properties": {
        "row_number": "122"
      }
    },
    {
      "type": "Feature",
      "geometry": {
        "type": "Point",
        "coordinates": [
          -0.436345324821437,
          51.06150050928056
        ]
      },
      "properties": {
        "row_number": "122"
      }
    },
    {
      "type": "Feature",
      "geometry": {
        "type": "Point",
        "coordinates": [
          -0.436342600614916,
          51.06155448807879
        ]
      },
      "properties": {
        "row_number": "122"
      }
    },
    {
      "type": "Feature",
      "geometry": {
        "type": "Point",
        "coordinates": [
          -0.436339917816613,
          51.06160830265243
        ]
      },
      "properties": {
        "row_number": "122"
      }
    },
    {
      "type": "Feature",
      "geometry": {
        "type": "Point",
        "coordinates": [
          -0.436337472158916,
          51.06166147831362
        ]
      },
      "properties": {
        "row_number": "122"
      }
    },
    {
      "type": "Feature",
      "geometry": {
        "type": "Point",
        "coordinates": [
          -0.436333966558626,
          51.06171590188352
        ]
      },
      "properties": {
        "row_number": "122"
      }
    },
    {
      "type": "Feature",
      "geometry": {
        "type": "Point",
        "coordinates": [
          -0.436331159736092,
          51.06176920092381
        ]
      },
      "properties": {
        "row_number": "122"
      }
    },
    {
      "type": "Feature",
      "geometry": {
        "type": "Point",
        "coordinates": [
          -0.436327781334933,
          51.06182401640097
        ]
      },
      "properties": {
        "row_number": "122"
      }
    },
    {
      "type": "Feature",
      "geometry": {
        "type": "Point",
        "coordinates": [
          -0.436325261204948,
          51.06187778182948
        ]
      },
      "properties": {
        "row_number": "122"
      }
    },
    {
      "type": "Feature",
      "geometry": {
        "type": "Point",
        "coordinates": [
          -0.436322866568959,
          51.06193134121577
        ]
      },
      "properties": {
        "row_number": "122"
      }
    },
    {
      "type": "Feature",
      "geometry": {
        "type": "Point",
        "coordinates": [
          -0.436319421190197,
          51.06198477777298
        ]
      },
      "properties": {
        "row_number": "122"
      }
    },
    {
      "type": "Feature",
      "geometry": {
        "type": "Point",
        "coordinates": [
          -0.436316001191632,
          51.06203895262847
        ]
      },
      "properties": {
        "row_number": "122"
      }
    },
    {
      "type": "Feature",
      "geometry": {
        "type": "Point",
        "coordinates": [
          -0.436312508100056,
          51.06209055957051
        ]
      },
      "properties": {
        "row_number": "122"
      }
    },
    {
      "type": "Feature",
      "geometry": {
        "type": "LineString",
        "coordinates": [
          [
            -0.436363768321963,
            51.06063418395856
          ],
          [
            -0.436360467058401,
            51.06069115696
          ],
          [
            -0.436357606986282,
            51.06074446408883
          ],
          [
            -0.43635405297056,
            51.06079840035021
          ],
          [
            -0.436351185167605,
            51.06085311383651
          ],
          [
            -0.436349169356907,
            51.06090678450553
          ],
          [
            -0.436346373059773,
            51.0609604428103
          ],
          [
            -0.436342764129058,
            51.06101381723774
          ],
          [
            -0.436338001303824,
            51.06106834365136
          ],
          [
            -0.436335968778536,
            51.06112241917294
          ],
          [
            -0.436332613366428,
            51.0611764458882
          ],
          [
            -0.436329894754892,
            51.0612298745419
          ],
          [
            -0.436326558388369,
            51.06128446864522
          ],
          [
            -0.436323502935598,
            51.06133753904761
          ],
          [
            -0.436320406198212,
            51.06139144506694
          ],
          [
            -0.436316719174046,
            51.06144572628578
          ],
          [
            -0.436314359764678,
            51.06149949563435
          ],
          [
            -0.436311255831867,
            51.06155342711148
          ],
          [
            -0.436308352510284,
            51.06160736400299
          ],
          [
            -0.436305947067779,
            51.06166067500468
          ],
          [
            -0.436302539085482,
            51.06171534824314
          ],
          [
            -0.436300052815453,
            51.06176900980965
          ],
          [
            -0.436297111694586,
            51.06182340547267
          ],
          [
            -0.436294066583962,
            51.06187677829354
          ],
          [
            -0.436290346836052,
            51.0619305229685
          ],
          [
            -0.436288097147677,
            51.06198413654727
          ],
          [
            -0.436284478201594,
            51.06203814505318
          ],
          [
            -0.436281554732207,
            51.0620899217968
          ]
        ]
      },
      "properties": {
        "row_number": "123"
      }
    },
    {
      "type": "Feature",
      "geometry": {
        "type": "Point",
        "coordinates": [
          -0.436363768321963,
          51.06063418395856
        ]
      },
      "properties": {
        "row_number": "123"
      }
    },
    {
      "type": "Feature",
      "geometry": {
        "type": "Point",
        "coordinates": [
          -0.436360467058401,
          51.06069115696
        ]
      },
      "properties": {
        "row_number": "123"
      }
    },
    {
      "type": "Feature",
      "geometry": {
        "type": "Point",
        "coordinates": [
          -0.436357606986282,
          51.06074446408883
        ]
      },
      "properties": {
        "row_number": "123"
      }
    },
    {
      "type": "Feature",
      "geometry": {
        "type": "Point",
        "coordinates": [
          -0.43635405297056,
          51.06079840035021
        ]
      },
      "properties": {
        "row_number": "123"
      }
    },
    {
      "type": "Feature",
      "geometry": {
        "type": "Point",
        "coordinates": [
          -0.436351185167605,
          51.06085311383651
        ]
      },
      "properties": {
        "row_number": "123"
      }
    },
    {
      "type": "Feature",
      "geometry": {
        "type": "Point",
        "coordinates": [
          -0.436349169356907,
          51.06090678450553
        ]
      },
      "properties": {
        "row_number": "123"
      }
    },
    {
      "type": "Feature",
      "geometry": {
        "type": "Point",
        "coordinates": [
          -0.436346373059773,
          51.0609604428103
        ]
      },
      "properties": {
        "row_number": "123"
      }
    },
    {
      "type": "Feature",
      "geometry": {
        "type": "Point",
        "coordinates": [
          -0.436342764129058,
          51.06101381723774
        ]
      },
      "properties": {
        "row_number": "123"
      }
    },
    {
      "type": "Feature",
      "geometry": {
        "type": "Point",
        "coordinates": [
          -0.436338001303824,
          51.06106834365136
        ]
      },
      "properties": {
        "row_number": "123"
      }
    },
    {
      "type": "Feature",
      "geometry": {
        "type": "Point",
        "coordinates": [
          -0.436335968778536,
          51.06112241917294
        ]
      },
      "properties": {
        "row_number": "123"
      }
    },
    {
      "type": "Feature",
      "geometry": {
        "type": "Point",
        "coordinates": [
          -0.436332613366428,
          51.0611764458882
        ]
      },
      "properties": {
        "row_number": "123"
      }
    },
    {
      "type": "Feature",
      "geometry": {
        "type": "Point",
        "coordinates": [
          -0.436329894754892,
          51.0612298745419
        ]
      },
      "properties": {
        "row_number": "123"
      }
    },
    {
      "type": "Feature",
      "geometry": {
        "type": "Point",
        "coordinates": [
          -0.436326558388369,
          51.06128446864522
        ]
      },
      "properties": {
        "row_number": "123"
      }
    },
    {
      "type": "Feature",
      "geometry": {
        "type": "Point",
        "coordinates": [
          -0.436323502935598,
          51.06133753904761
        ]
      },
      "properties": {
        "row_number": "123"
      }
    },
    {
      "type": "Feature",
      "geometry": {
        "type": "Point",
        "coordinates": [
          -0.436320406198212,
          51.06139144506694
        ]
      },
      "properties": {
        "row_number": "123"
      }
    },
    {
      "type": "Feature",
      "geometry": {
        "type": "Point",
        "coordinates": [
          -0.436316719174046,
          51.06144572628578
        ]
      },
      "properties": {
        "row_number": "123"
      }
    },
    {
      "type": "Feature",
      "geometry": {
        "type": "Point",
        "coordinates": [
          -0.436314359764678,
          51.06149949563435
        ]
      },
      "properties": {
        "row_number": "123"
      }
    },
    {
      "type": "Feature",
      "geometry": {
        "type": "Point",
        "coordinates": [
          -0.436311255831867,
          51.06155342711148
        ]
      },
      "properties": {
        "row_number": "123"
      }
    },
    {
      "type": "Feature",
      "geometry": {
        "type": "Point",
        "coordinates": [
          -0.436308352510284,
          51.06160736400299
        ]
      },
      "properties": {
        "row_number": "123"
      }
    },
    {
      "type": "Feature",
      "geometry": {
        "type": "Point",
        "coordinates": [
          -0.436305947067779,
          51.06166067500468
        ]
      },
      "properties": {
        "row_number": "123"
      }
    },
    {
      "type": "Feature",
      "geometry": {
        "type": "Point",
        "coordinates": [
          -0.436302539085482,
          51.06171534824314
        ]
      },
      "properties": {
        "row_number": "123"
      }
    },
    {
      "type": "Feature",
      "geometry": {
        "type": "Point",
        "coordinates": [
          -0.436300052815453,
          51.06176900980965
        ]
      },
      "properties": {
        "row_number": "123"
      }
    },
    {
      "type": "Feature",
      "geometry": {
        "type": "Point",
        "coordinates": [
          -0.436297111694586,
          51.06182340547267
        ]
      },
      "properties": {
        "row_number": "123"
      }
    },
    {
      "type": "Feature",
      "geometry": {
        "type": "Point",
        "coordinates": [
          -0.436294066583962,
          51.06187677829354
        ]
      },
      "properties": {
        "row_number": "123"
      }
    },
    {
      "type": "Feature",
      "geometry": {
        "type": "Point",
        "coordinates": [
          -0.436290346836052,
          51.0619305229685
        ]
      },
      "properties": {
        "row_number": "123"
      }
    },
    {
      "type": "Feature",
      "geometry": {
        "type": "Point",
        "coordinates": [
          -0.436288097147677,
          51.06198413654727
        ]
      },
      "properties": {
        "row_number": "123"
      }
    },
    {
      "type": "Feature",
      "geometry": {
        "type": "Point",
        "coordinates": [
          -0.436284478201594,
          51.06203814505318
        ]
      },
      "properties": {
        "row_number": "123"
      }
    },
    {
      "type": "Feature",
      "geometry": {
        "type": "Point",
        "coordinates": [
          -0.436281554732207,
          51.0620899217968
        ]
      },
      "properties": {
        "row_number": "123"
      }
    },
    {
      "type": "Feature",
      "geometry": {
        "type": "LineString",
        "coordinates": [
          [
            -0.436331566915262,
            51.06064008430565
          ],
          [
            -0.436328966345823,
            51.06069049960467
          ],
          [
            -0.436326114508936,
            51.06074414302357
          ],
          [
            -0.436322924564447,
            51.06079786115372
          ],
          [
            -0.436319771714746,
            51.06085087611574
          ],
          [
            -0.436317319063144,
            51.06090600071554
          ],
          [
            -0.436314476570623,
            51.06095948769591
          ],
          [
            -0.436311664617512,
            51.06101326318013
          ],
          [
            -0.436308748913974,
            51.06106699370117
          ],
          [
            -0.436305244050634,
            51.06112183162129
          ],
          [
            -0.436302064510903,
            51.06117585245829
          ],
          [
            -0.436298913632604,
            51.06122950393076
          ],
          [
            -0.436296371497242,
            51.06128376033065
          ],
          [
            -0.436292699390324,
            51.06133616102515
          ],
          [
            -0.43628880472875,
            51.0613910357731
          ],
          [
            -0.436285969734251,
            51.06144522351879
          ],
          [
            -0.436283426804265,
            51.06149908754595
          ],
          [
            -0.436280371717481,
            51.0615529423588
          ],
          [
            -0.436276809213729,
            51.06160675622344
          ],
          [
            -0.436274435921966,
            51.06166023168738
          ],
          [
            -0.436271357996452,
            51.06171449583935
          ],
          [
            -0.436268424231661,
            51.0617683163484
          ],
          [
            -0.436265532179922,
            51.06182272550006
          ],
          [
            -0.436262180225808,
            51.06187610777251
          ],
          [
            -0.436259216801083,
            51.06192989516801
          ],
          [
            -0.436255989754193,
            51.06198314327872
          ],
          [
            -0.436252276137958,
            51.06203746528154
          ],
          [
            -0.436249990183233,
            51.06208894819759
          ]
        ]
      },
      "properties": {
        "row_number": "124"
      }
    },
    {
      "type": "Feature",
      "geometry": {
        "type": "Point",
        "coordinates": [
          -0.436331566915262,
          51.06064008430565
        ]
      },
      "properties": {
        "row_number": "124"
      }
    },
    {
      "type": "Feature",
      "geometry": {
        "type": "Point",
        "coordinates": [
          -0.436328966345823,
          51.06069049960467
        ]
      },
      "properties": {
        "row_number": "124"
      }
    },
    {
      "type": "Feature",
      "geometry": {
        "type": "Point",
        "coordinates": [
          -0.436326114508936,
          51.06074414302357
        ]
      },
      "properties": {
        "row_number": "124"
      }
    },
    {
      "type": "Feature",
      "geometry": {
        "type": "Point",
        "coordinates": [
          -0.436322924564447,
          51.06079786115372
        ]
      },
      "properties": {
        "row_number": "124"
      }
    },
    {
      "type": "Feature",
      "geometry": {
        "type": "Point",
        "coordinates": [
          -0.436319771714746,
          51.06085087611574
        ]
      },
      "properties": {
        "row_number": "124"
      }
    },
    {
      "type": "Feature",
      "geometry": {
        "type": "Point",
        "coordinates": [
          -0.436317319063144,
          51.06090600071554
        ]
      },
      "properties": {
        "row_number": "124"
      }
    },
    {
      "type": "Feature",
      "geometry": {
        "type": "Point",
        "coordinates": [
          -0.436314476570623,
          51.06095948769591
        ]
      },
      "properties": {
        "row_number": "124"
      }
    },
    {
      "type": "Feature",
      "geometry": {
        "type": "Point",
        "coordinates": [
          -0.436311664617512,
          51.06101326318013
        ]
      },
      "properties": {
        "row_number": "124"
      }
    },
    {
      "type": "Feature",
      "geometry": {
        "type": "Point",
        "coordinates": [
          -0.436308748913974,
          51.06106699370117
        ]
      },
      "properties": {
        "row_number": "124"
      }
    },
    {
      "type": "Feature",
      "geometry": {
        "type": "Point",
        "coordinates": [
          -0.436305244050634,
          51.06112183162129
        ]
      },
      "properties": {
        "row_number": "124"
      }
    },
    {
      "type": "Feature",
      "geometry": {
        "type": "Point",
        "coordinates": [
          -0.436302064510903,
          51.06117585245829
        ]
      },
      "properties": {
        "row_number": "124"
      }
    },
    {
      "type": "Feature",
      "geometry": {
        "type": "Point",
        "coordinates": [
          -0.436298913632604,
          51.06122950393076
        ]
      },
      "properties": {
        "row_number": "124"
      }
    },
    {
      "type": "Feature",
      "geometry": {
        "type": "Point",
        "coordinates": [
          -0.436296371497242,
          51.06128376033065
        ]
      },
      "properties": {
        "row_number": "124"
      }
    },
    {
      "type": "Feature",
      "geometry": {
        "type": "Point",
        "coordinates": [
          -0.436292699390324,
          51.06133616102515
        ]
      },
      "properties": {
        "row_number": "124"
      }
    },
    {
      "type": "Feature",
      "geometry": {
        "type": "Point",
        "coordinates": [
          -0.43628880472875,
          51.0613910357731
        ]
      },
      "properties": {
        "row_number": "124"
      }
    },
    {
      "type": "Feature",
      "geometry": {
        "type": "Point",
        "coordinates": [
          -0.436285969734251,
          51.06144522351879
        ]
      },
      "properties": {
        "row_number": "124"
      }
    },
    {
      "type": "Feature",
      "geometry": {
        "type": "Point",
        "coordinates": [
          -0.436283426804265,
          51.06149908754595
        ]
      },
      "properties": {
        "row_number": "124"
      }
    },
    {
      "type": "Feature",
      "geometry": {
        "type": "Point",
        "coordinates": [
          -0.436280371717481,
          51.0615529423588
        ]
      },
      "properties": {
        "row_number": "124"
      }
    },
    {
      "type": "Feature",
      "geometry": {
        "type": "Point",
        "coordinates": [
          -0.436276809213729,
          51.06160675622344
        ]
      },
      "properties": {
        "row_number": "124"
      }
    },
    {
      "type": "Feature",
      "geometry": {
        "type": "Point",
        "coordinates": [
          -0.436274435921966,
          51.06166023168738
        ]
      },
      "properties": {
        "row_number": "124"
      }
    },
    {
      "type": "Feature",
      "geometry": {
        "type": "Point",
        "coordinates": [
          -0.436271357996452,
          51.06171449583935
        ]
      },
      "properties": {
        "row_number": "124"
      }
    },
    {
      "type": "Feature",
      "geometry": {
        "type": "Point",
        "coordinates": [
          -0.436268424231661,
          51.0617683163484
        ]
      },
      "properties": {
        "row_number": "124"
      }
    },
    {
      "type": "Feature",
      "geometry": {
        "type": "Point",
        "coordinates": [
          -0.436265532179922,
          51.06182272550006
        ]
      },
      "properties": {
        "row_number": "124"
      }
    },
    {
      "type": "Feature",
      "geometry": {
        "type": "Point",
        "coordinates": [
          -0.436262180225808,
          51.06187610777251
        ]
      },
      "properties": {
        "row_number": "124"
      }
    },
    {
      "type": "Feature",
      "geometry": {
        "type": "Point",
        "coordinates": [
          -0.436259216801083,
          51.06192989516801
        ]
      },
      "properties": {
        "row_number": "124"
      }
    },
    {
      "type": "Feature",
      "geometry": {
        "type": "Point",
        "coordinates": [
          -0.436255989754193,
          51.06198314327872
        ]
      },
      "properties": {
        "row_number": "124"
      }
    },
    {
      "type": "Feature",
      "geometry": {
        "type": "Point",
        "coordinates": [
          -0.436252276137958,
          51.06203746528154
        ]
      },
      "properties": {
        "row_number": "124"
      }
    },
    {
      "type": "Feature",
      "geometry": {
        "type": "Point",
        "coordinates": [
          -0.436249990183233,
          51.06208894819759
        ]
      },
      "properties": {
        "row_number": "124"
      }
    },
    {
      "type": "Feature",
      "geometry": {
        "type": "LineString",
        "coordinates": [
          [
            -0.436298922287421,
            51.06064579337467
          ],
          [
            -0.436297538631372,
            51.06069020019086
          ],
          [
            -0.436294529344052,
            51.06074289507587
          ],
          [
            -0.436291725815583,
            51.06079768918396
          ],
          [
            -0.436288452703082,
            51.06085028819898
          ],
          [
            -0.436285509521843,
            51.0609053386031
          ],
          [
            -0.436282244966577,
            51.06095899192164
          ],
          [
            -0.4362794935035,
            51.06101254866601
          ],
          [
            -0.436277080137473,
            51.06106645209601
          ],
          [
            -0.436273755503005,
            51.06112096871399
          ],
          [
            -0.436270474987306,
            51.06117457823665
          ],
          [
            -0.43626760674828,
            51.06122880832111
          ],
          [
            -0.436264286492929,
            51.06128305118339
          ],
          [
            -0.436261761337684,
            51.06133585727521
          ],
          [
            -0.436258519660957,
            51.06139001867545
          ],
          [
            -0.436255232244658,
            51.06144472081991
          ],
          [
            -0.436252481142732,
            51.06149828294336
          ],
          [
            -0.43624905981611,
            51.06155236073057
          ],
          [
            -0.436245941819189,
            51.06160589272125
          ],
          [
            -0.436243628042918,
            51.06165956640659
          ],
          [
            -0.436240151383678,
            51.06171377686088
          ],
          [
            -0.436237107411563,
            51.06176774069212
          ],
          [
            -0.436234111310996,
            51.06182198552986
          ],
          [
            -0.436230661665686,
            51.06187555852998
          ],
          [
            -0.436228093694551,
            51.06192941269011
          ],
          [
            -0.436224769791958,
            51.0619825927497
          ],
          [
            -0.436221667774734,
            51.06203690562118
          ],
          [
            -0.436218276508307,
            51.06208831981404
          ]
        ]
      },
      "properties": {
        "row_number": "125"
      }
    },
    {
      "type": "Feature",
      "geometry": {
        "type": "Point",
        "coordinates": [
          -0.436298922287421,
          51.06064579337467
        ]
      },
      "properties": {
        "row_number": "125"
      }
    },
    {
      "type": "Feature",
      "geometry": {
        "type": "Point",
        "coordinates": [
          -0.436297538631372,
          51.06069020019086
        ]
      },
      "properties": {
        "row_number": "125"
      }
    },
    {
      "type": "Feature",
      "geometry": {
        "type": "Point",
        "coordinates": [
          -0.436294529344052,
          51.06074289507587
        ]
      },
      "properties": {
        "row_number": "125"
      }
    },
    {
      "type": "Feature",
      "geometry": {
        "type": "Point",
        "coordinates": [
          -0.436291725815583,
          51.06079768918396
        ]
      },
      "properties": {
        "row_number": "125"
      }
    },
    {
      "type": "Feature",
      "geometry": {
        "type": "Point",
        "coordinates": [
          -0.436288452703082,
          51.06085028819898
        ]
      },
      "properties": {
        "row_number": "125"
      }
    },
    {
      "type": "Feature",
      "geometry": {
        "type": "Point",
        "coordinates": [
          -0.436285509521843,
          51.0609053386031
        ]
      },
      "properties": {
        "row_number": "125"
      }
    },
    {
      "type": "Feature",
      "geometry": {
        "type": "Point",
        "coordinates": [
          -0.436282244966577,
          51.06095899192164
        ]
      },
      "properties": {
        "row_number": "125"
      }
    },
    {
      "type": "Feature",
      "geometry": {
        "type": "Point",
        "coordinates": [
          -0.4362794935035,
          51.06101254866601
        ]
      },
      "properties": {
        "row_number": "125"
      }
    },
    {
      "type": "Feature",
      "geometry": {
        "type": "Point",
        "coordinates": [
          -0.436277080137473,
          51.06106645209601
        ]
      },
      "properties": {
        "row_number": "125"
      }
    },
    {
      "type": "Feature",
      "geometry": {
        "type": "Point",
        "coordinates": [
          -0.436273755503005,
          51.06112096871399
        ]
      },
      "properties": {
        "row_number": "125"
      }
    },
    {
      "type": "Feature",
      "geometry": {
        "type": "Point",
        "coordinates": [
          -0.436270474987306,
          51.06117457823665
        ]
      },
      "properties": {
        "row_number": "125"
      }
    },
    {
      "type": "Feature",
      "geometry": {
        "type": "Point",
        "coordinates": [
          -0.43626760674828,
          51.06122880832111
        ]
      },
      "properties": {
        "row_number": "125"
      }
    },
    {
      "type": "Feature",
      "geometry": {
        "type": "Point",
        "coordinates": [
          -0.436264286492929,
          51.06128305118339
        ]
      },
      "properties": {
        "row_number": "125"
      }
    },
    {
      "type": "Feature",
      "geometry": {
        "type": "Point",
        "coordinates": [
          -0.436261761337684,
          51.06133585727521
        ]
      },
      "properties": {
        "row_number": "125"
      }
    },
    {
      "type": "Feature",
      "geometry": {
        "type": "Point",
        "coordinates": [
          -0.436258519660957,
          51.06139001867545
        ]
      },
      "properties": {
        "row_number": "125"
      }
    },
    {
      "type": "Feature",
      "geometry": {
        "type": "Point",
        "coordinates": [
          -0.436255232244658,
          51.06144472081991
        ]
      },
      "properties": {
        "row_number": "125"
      }
    },
    {
      "type": "Feature",
      "geometry": {
        "type": "Point",
        "coordinates": [
          -0.436252481142732,
          51.06149828294336
        ]
      },
      "properties": {
        "row_number": "125"
      }
    },
    {
      "type": "Feature",
      "geometry": {
        "type": "Point",
        "coordinates": [
          -0.43624905981611,
          51.06155236073057
        ]
      },
      "properties": {
        "row_number": "125"
      }
    },
    {
      "type": "Feature",
      "geometry": {
        "type": "Point",
        "coordinates": [
          -0.436245941819189,
          51.06160589272125
        ]
      },
      "properties": {
        "row_number": "125"
      }
    },
    {
      "type": "Feature",
      "geometry": {
        "type": "Point",
        "coordinates": [
          -0.436243628042918,
          51.06165956640659
        ]
      },
      "properties": {
        "row_number": "125"
      }
    },
    {
      "type": "Feature",
      "geometry": {
        "type": "Point",
        "coordinates": [
          -0.436240151383678,
          51.06171377686088
        ]
      },
      "properties": {
        "row_number": "125"
      }
    },
    {
      "type": "Feature",
      "geometry": {
        "type": "Point",
        "coordinates": [
          -0.436237107411563,
          51.06176774069212
        ]
      },
      "properties": {
        "row_number": "125"
      }
    },
    {
      "type": "Feature",
      "geometry": {
        "type": "Point",
        "coordinates": [
          -0.436234111310996,
          51.06182198552986
        ]
      },
      "properties": {
        "row_number": "125"
      }
    },
    {
      "type": "Feature",
      "geometry": {
        "type": "Point",
        "coordinates": [
          -0.436230661665686,
          51.06187555852998
        ]
      },
      "properties": {
        "row_number": "125"
      }
    },
    {
      "type": "Feature",
      "geometry": {
        "type": "Point",
        "coordinates": [
          -0.436228093694551,
          51.06192941269011
        ]
      },
      "properties": {
        "row_number": "125"
      }
    },
    {
      "type": "Feature",
      "geometry": {
        "type": "Point",
        "coordinates": [
          -0.436224769791958,
          51.0619825927497
        ]
      },
      "properties": {
        "row_number": "125"
      }
    },
    {
      "type": "Feature",
      "geometry": {
        "type": "Point",
        "coordinates": [
          -0.436221667774734,
          51.06203690562118
        ]
      },
      "properties": {
        "row_number": "125"
      }
    },
    {
      "type": "Feature",
      "geometry": {
        "type": "Point",
        "coordinates": [
          -0.436218276508307,
          51.06208831981404
        ]
      },
      "properties": {
        "row_number": "125"
      }
    },
    {
      "type": "Feature",
      "geometry": {
        "type": "LineString",
        "coordinates": [
          [
            -0.436269655986019,
            51.0606525706106
          ],
          [
            -0.436266274228865,
            51.0606900130342
          ],
          [
            -0.436262896184481,
            51.06074167781782
          ],
          [
            -0.436260426956638,
            51.06079642000448
          ],
          [
            -0.436257261612272,
            51.06085013869266
          ],
          [
            -0.436253869695624,
            51.06090456262098
          ],
          [
            -0.436250820173969,
            51.06095855554799
          ],
          [
            -0.436248251423337,
            51.06101200248127
          ],
          [
            -0.436245175452279,
            51.06106588253297
          ],
          [
            -0.436242417985484,
            51.06112031398099
          ],
          [
            -0.43623947079763,
            51.06117402222237
          ],
          [
            -0.436235943717063,
            51.06122810329323
          ],
          [
            -0.436233066956393,
            51.06128234210707
          ],
          [
            -0.436230033709679,
            51.06133535503061
          ],
          [
            -0.436226790087468,
            51.06138962665496
          ],
          [
            -0.436223742635777,
            51.06144347606073
          ],
          [
            -0.436220795919786,
            51.06149766803939
          ],
          [
            -0.436217822064524,
            51.06155237818649
          ],
          [
            -0.436214499377778,
            51.06160560860268
          ],
          [
            -0.436212130164872,
            51.0616591006691
          ],
          [
            -0.436208705190548,
            51.06171268894056
          ],
          [
            -0.436205850483638,
            51.06176652226564
          ],
          [
            -0.436202423692786,
            51.06182093951738
          ],
          [
            -0.436199059276741,
            51.0618750256663
          ],
          [
            -0.43619692116841,
            51.0619287962114
          ],
          [
            -0.436193351616516,
            51.06198220847333
          ],
          [
            -0.436190604520106,
            51.06203602679933
          ],
          [
            -0.436186685027316,
            51.06208858743909
          ]
        ]
      },
      "properties": {
        "row_number": "126"
      }
    },
    {
      "type": "Feature",
      "geometry": {
        "type": "Point",
        "coordinates": [
          -0.436269655986019,
          51.0606525706106
        ]
      },
      "properties": {
        "row_number": "126"
      }
    },
    {
      "type": "Feature",
      "geometry": {
        "type": "Point",
        "coordinates": [
          -0.436266274228865,
          51.0606900130342
        ]
      },
      "properties": {
        "row_number": "126"
      }
    },
    {
      "type": "Feature",
      "geometry": {
        "type": "Point",
        "coordinates": [
          -0.436262896184481,
          51.06074167781782
        ]
      },
      "properties": {
        "row_number": "126"
      }
    },
    {
      "type": "Feature",
      "geometry": {
        "type": "Point",
        "coordinates": [
          -0.436260426956638,
          51.06079642000448
        ]
      },
      "properties": {
        "row_number": "126"
      }
    },
    {
      "type": "Feature",
      "geometry": {
        "type": "Point",
        "coordinates": [
          -0.436257261612272,
          51.06085013869266
        ]
      },
      "properties": {
        "row_number": "126"
      }
    },
    {
      "type": "Feature",
      "geometry": {
        "type": "Point",
        "coordinates": [
          -0.436253869695624,
          51.06090456262098
        ]
      },
      "properties": {
        "row_number": "126"
      }
    },
    {
      "type": "Feature",
      "geometry": {
        "type": "Point",
        "coordinates": [
          -0.436250820173969,
          51.06095855554799
        ]
      },
      "properties": {
        "row_number": "126"
      }
    },
    {
      "type": "Feature",
      "geometry": {
        "type": "Point",
        "coordinates": [
          -0.436248251423337,
          51.06101200248127
        ]
      },
      "properties": {
        "row_number": "126"
      }
    },
    {
      "type": "Feature",
      "geometry": {
        "type": "Point",
        "coordinates": [
          -0.436245175452279,
          51.06106588253297
        ]
      },
      "properties": {
        "row_number": "126"
      }
    },
    {
      "type": "Feature",
      "geometry": {
        "type": "Point",
        "coordinates": [
          -0.436242417985484,
          51.06112031398099
        ]
      },
      "properties": {
        "row_number": "126"
      }
    },
    {
      "type": "Feature",
      "geometry": {
        "type": "Point",
        "coordinates": [
          -0.43623947079763,
          51.06117402222237
        ]
      },
      "properties": {
        "row_number": "126"
      }
    },
    {
      "type": "Feature",
      "geometry": {
        "type": "Point",
        "coordinates": [
          -0.436235943717063,
          51.06122810329323
        ]
      },
      "properties": {
        "row_number": "126"
      }
    },
    {
      "type": "Feature",
      "geometry": {
        "type": "Point",
        "coordinates": [
          -0.436233066956393,
          51.06128234210707
        ]
      },
      "properties": {
        "row_number": "126"
      }
    },
    {
      "type": "Feature",
      "geometry": {
        "type": "Point",
        "coordinates": [
          -0.436230033709679,
          51.06133535503061
        ]
      },
      "properties": {
        "row_number": "126"
      }
    },
    {
      "type": "Feature",
      "geometry": {
        "type": "Point",
        "coordinates": [
          -0.436226790087468,
          51.06138962665496
        ]
      },
      "properties": {
        "row_number": "126"
      }
    },
    {
      "type": "Feature",
      "geometry": {
        "type": "Point",
        "coordinates": [
          -0.436223742635777,
          51.06144347606073
        ]
      },
      "properties": {
        "row_number": "126"
      }
    },
    {
      "type": "Feature",
      "geometry": {
        "type": "Point",
        "coordinates": [
          -0.436220795919786,
          51.06149766803939
        ]
      },
      "properties": {
        "row_number": "126"
      }
    },
    {
      "type": "Feature",
      "geometry": {
        "type": "Point",
        "coordinates": [
          -0.436217822064524,
          51.06155237818649
        ]
      },
      "properties": {
        "row_number": "126"
      }
    },
    {
      "type": "Feature",
      "geometry": {
        "type": "Point",
        "coordinates": [
          -0.436214499377778,
          51.06160560860268
        ]
      },
      "properties": {
        "row_number": "126"
      }
    },
    {
      "type": "Feature",
      "geometry": {
        "type": "Point",
        "coordinates": [
          -0.436212130164872,
          51.0616591006691
        ]
      },
      "properties": {
        "row_number": "126"
      }
    },
    {
      "type": "Feature",
      "geometry": {
        "type": "Point",
        "coordinates": [
          -0.436208705190548,
          51.06171268894056
        ]
      },
      "properties": {
        "row_number": "126"
      }
    },
    {
      "type": "Feature",
      "geometry": {
        "type": "Point",
        "coordinates": [
          -0.436205850483638,
          51.06176652226564
        ]
      },
      "properties": {
        "row_number": "126"
      }
    },
    {
      "type": "Feature",
      "geometry": {
        "type": "Point",
        "coordinates": [
          -0.436202423692786,
          51.06182093951738
        ]
      },
      "properties": {
        "row_number": "126"
      }
    },
    {
      "type": "Feature",
      "geometry": {
        "type": "Point",
        "coordinates": [
          -0.436199059276741,
          51.0618750256663
        ]
      },
      "properties": {
        "row_number": "126"
      }
    },
    {
      "type": "Feature",
      "geometry": {
        "type": "Point",
        "coordinates": [
          -0.43619692116841,
          51.0619287962114
        ]
      },
      "properties": {
        "row_number": "126"
      }
    },
    {
      "type": "Feature",
      "geometry": {
        "type": "Point",
        "coordinates": [
          -0.436193351616516,
          51.06198220847333
        ]
      },
      "properties": {
        "row_number": "126"
      }
    },
    {
      "type": "Feature",
      "geometry": {
        "type": "Point",
        "coordinates": [
          -0.436190604520106,
          51.06203602679933
        ]
      },
      "properties": {
        "row_number": "126"
      }
    },
    {
      "type": "Feature",
      "geometry": {
        "type": "Point",
        "coordinates": [
          -0.436186685027316,
          51.06208858743909
        ]
      },
      "properties": {
        "row_number": "126"
      }
    },
    {
      "type": "Feature",
      "geometry": {
        "type": "LineString",
        "coordinates": [
          [
            -0.436236108838919,
            51.06065781605623
          ],
          [
            -0.436232995200672,
            51.06074161508631
          ],
          [
            -0.436229822098331,
            51.06079602411891
          ],
          [
            -0.436226800487329,
            51.06084898215998
          ],
          [
            -0.436223917206635,
            51.06090379094058
          ],
          [
            -0.436220908406206,
            51.06095762800171
          ],
          [
            -0.436217753765678,
            51.06101118808492
          ],
          [
            -0.436215078757502,
            51.06106512860781
          ],
          [
            -0.436211498572054,
            51.06111942599943
          ],
          [
            -0.436208956492288,
            51.06117356874503
          ],
          [
            -0.436205343701261,
            51.06122733839753
          ],
          [
            -0.436202342609446,
            51.0612814875303
          ],
          [
            -0.436199087987514,
            51.06133472978671
          ],
          [
            -0.436196618622062,
            51.0613889515577
          ],
          [
            -0.436193242565708,
            51.06144285916084
          ],
          [
            -0.436190115832176,
            51.06149666469479
          ],
          [
            -0.436186898528652,
            51.06155063064634
          ],
          [
            -0.436184108915851,
            51.06160472742511
          ],
          [
            -0.436181193955099,
            51.06165829161308
          ],
          [
            -0.436177875729764,
            51.06171266032278
          ],
          [
            -0.436174960068711,
            51.06176642277475
          ],
          [
            -0.436172257379099,
            51.06182069236724
          ],
          [
            -0.436168229088338,
            51.0618738160981
          ],
          [
            -0.436165870300493,
            51.06192755629575
          ],
          [
            -0.436162945107106,
            51.06198149498702
          ],
          [
            -0.436159654556354,
            51.06203532882189
          ],
          [
            -0.436155573659893,
            51.06208785694031
          ]
        ]
      },
      "properties": {
        "row_number": "127"
      }
    },
    {
      "type": "Feature",
      "geometry": {
        "type": "Point",
        "coordinates": [
          -0.436236108838919,
          51.06065781605623
        ]
      },
      "properties": {
        "row_number": "127"
      }
    },
    {
      "type": "Feature",
      "geometry": {
        "type": "Point",
        "coordinates": [
          -0.436232995200672,
          51.06074161508631
        ]
      },
      "properties": {
        "row_number": "127"
      }
    },
    {
      "type": "Feature",
      "geometry": {
        "type": "Point",
        "coordinates": [
          -0.436229822098331,
          51.06079602411891
        ]
      },
      "properties": {
        "row_number": "127"
      }
    },
    {
      "type": "Feature",
      "geometry": {
        "type": "Point",
        "coordinates": [
          -0.436226800487329,
          51.06084898215998
        ]
      },
      "properties": {
        "row_number": "127"
      }
    },
    {
      "type": "Feature",
      "geometry": {
        "type": "Point",
        "coordinates": [
          -0.436223917206635,
          51.06090379094058
        ]
      },
      "properties": {
        "row_number": "127"
      }
    },
    {
      "type": "Feature",
      "geometry": {
        "type": "Point",
        "coordinates": [
          -0.436220908406206,
          51.06095762800171
        ]
      },
      "properties": {
        "row_number": "127"
      }
    },
    {
      "type": "Feature",
      "geometry": {
        "type": "Point",
        "coordinates": [
          -0.436217753765678,
          51.06101118808492
        ]
      },
      "properties": {
        "row_number": "127"
      }
    },
    {
      "type": "Feature",
      "geometry": {
        "type": "Point",
        "coordinates": [
          -0.436215078757502,
          51.06106512860781
        ]
      },
      "properties": {
        "row_number": "127"
      }
    },
    {
      "type": "Feature",
      "geometry": {
        "type": "Point",
        "coordinates": [
          -0.436211498572054,
          51.06111942599943
        ]
      },
      "properties": {
        "row_number": "127"
      }
    },
    {
      "type": "Feature",
      "geometry": {
        "type": "Point",
        "coordinates": [
          -0.436208956492288,
          51.06117356874503
        ]
      },
      "properties": {
        "row_number": "127"
      }
    },
    {
      "type": "Feature",
      "geometry": {
        "type": "Point",
        "coordinates": [
          -0.436205343701261,
          51.06122733839753
        ]
      },
      "properties": {
        "row_number": "127"
      }
    },
    {
      "type": "Feature",
      "geometry": {
        "type": "Point",
        "coordinates": [
          -0.436202342609446,
          51.0612814875303
        ]
      },
      "properties": {
        "row_number": "127"
      }
    },
    {
      "type": "Feature",
      "geometry": {
        "type": "Point",
        "coordinates": [
          -0.436199087987514,
          51.06133472978671
        ]
      },
      "properties": {
        "row_number": "127"
      }
    },
    {
      "type": "Feature",
      "geometry": {
        "type": "Point",
        "coordinates": [
          -0.436196618622062,
          51.0613889515577
        ]
      },
      "properties": {
        "row_number": "127"
      }
    },
    {
      "type": "Feature",
      "geometry": {
        "type": "Point",
        "coordinates": [
          -0.436193242565708,
          51.06144285916084
        ]
      },
      "properties": {
        "row_number": "127"
      }
    },
    {
      "type": "Feature",
      "geometry": {
        "type": "Point",
        "coordinates": [
          -0.436190115832176,
          51.06149666469479
        ]
      },
      "properties": {
        "row_number": "127"
      }
    },
    {
      "type": "Feature",
      "geometry": {
        "type": "Point",
        "coordinates": [
          -0.436186898528652,
          51.06155063064634
        ]
      },
      "properties": {
        "row_number": "127"
      }
    },
    {
      "type": "Feature",
      "geometry": {
        "type": "Point",
        "coordinates": [
          -0.436184108915851,
          51.06160472742511
        ]
      },
      "properties": {
        "row_number": "127"
      }
    },
    {
      "type": "Feature",
      "geometry": {
        "type": "Point",
        "coordinates": [
          -0.436181193955099,
          51.06165829161308
        ]
      },
      "properties": {
        "row_number": "127"
      }
    },
    {
      "type": "Feature",
      "geometry": {
        "type": "Point",
        "coordinates": [
          -0.436177875729764,
          51.06171266032278
        ]
      },
      "properties": {
        "row_number": "127"
      }
    },
    {
      "type": "Feature",
      "geometry": {
        "type": "Point",
        "coordinates": [
          -0.436174960068711,
          51.06176642277475
        ]
      },
      "properties": {
        "row_number": "127"
      }
    },
    {
      "type": "Feature",
      "geometry": {
        "type": "Point",
        "coordinates": [
          -0.436172257379099,
          51.06182069236724
        ]
      },
      "properties": {
        "row_number": "127"
      }
    },
    {
      "type": "Feature",
      "geometry": {
        "type": "Point",
        "coordinates": [
          -0.436168229088338,
          51.0618738160981
        ]
      },
      "properties": {
        "row_number": "127"
      }
    },
    {
      "type": "Feature",
      "geometry": {
        "type": "Point",
        "coordinates": [
          -0.436165870300493,
          51.06192755629575
        ]
      },
      "properties": {
        "row_number": "127"
      }
    },
    {
      "type": "Feature",
      "geometry": {
        "type": "Point",
        "coordinates": [
          -0.436162945107106,
          51.06198149498702
        ]
      },
      "properties": {
        "row_number": "127"
      }
    },
    {
      "type": "Feature",
      "geometry": {
        "type": "Point",
        "coordinates": [
          -0.436159654556354,
          51.06203532882189
        ]
      },
      "properties": {
        "row_number": "127"
      }
    },
    {
      "type": "Feature",
      "geometry": {
        "type": "Point",
        "coordinates": [
          -0.436155573659893,
          51.06208785694031
        ]
      },
      "properties": {
        "row_number": "127"
      }
    },
    {
      "type": "Feature",
      "geometry": {
        "type": "LineString",
        "coordinates": [
          [
            -0.436205955635045,
            51.06066236988043
          ],
          [
            -0.436201541285819,
            51.06074023714703
          ],
          [
            -0.436198069026839,
            51.06079583321662
          ],
          [
            -0.436195494236558,
            51.06084852808265
          ],
          [
            -0.436192820225465,
            51.0609032325321
          ],
          [
            -0.436189921299666,
            51.06095720459184
          ],
          [
            -0.436186914623358,
            51.06101073542665
          ],
          [
            -0.43618290345594,
            51.0610644424482
          ],
          [
            -0.436179853217857,
            51.06111859114309
          ],
          [
            -0.436177113172447,
            51.0611727870578
          ],
          [
            -0.436173730760996,
            51.06122654065773
          ],
          [
            -0.436170555488651,
            51.06128048214941
          ],
          [
            -0.436168023759345,
            51.06133425885813
          ],
          [
            -0.436164607422391,
            51.06138810478069
          ],
          [
            -0.436162517647598,
            51.06144259211961
          ],
          [
            -0.436159302451708,
            51.06149633046798
          ],
          [
            -0.436156710236186,
            51.06155003851675
          ],
          [
            -0.436153344571439,
            51.06160391394475
          ],
          [
            -0.436149844942313,
            51.06165749469211
          ],
          [
            -0.436147352680456,
            51.06171195342463
          ],
          [
            -0.43614443894876,
            51.06176544384137
          ],
          [
            -0.436141256954072,
            51.06181993515519
          ],
          [
            -0.43613733532607,
            51.06187301126774
          ],
          [
            -0.436134933512422,
            51.06192681314988
          ],
          [
            -0.436131163548481,
            51.06198068201181
          ],
          [
            -0.436128083960856,
            51.06203469468291
          ],
          [
            -0.436124297815219,
            51.06208692974734
          ]
        ]
      },
      "properties": {
        "row_number": "128"
      }
    },
    {
      "type": "Feature",
      "geometry": {
        "type": "Point",
        "coordinates": [
          -0.436205955635045,
          51.06066236988043
        ]
      },
      "properties": {
        "row_number": "128"
      }
    },
    {
      "type": "Feature",
      "geometry": {
        "type": "Point",
        "coordinates": [
          -0.436201541285819,
          51.06074023714703
        ]
      },
      "properties": {
        "row_number": "128"
      }
    },
    {
      "type": "Feature",
      "geometry": {
        "type": "Point",
        "coordinates": [
          -0.436198069026839,
          51.06079583321662
        ]
      },
      "properties": {
        "row_number": "128"
      }
    },
    {
      "type": "Feature",
      "geometry": {
        "type": "Point",
        "coordinates": [
          -0.436195494236558,
          51.06084852808265
        ]
      },
      "properties": {
        "row_number": "128"
      }
    },
    {
      "type": "Feature",
      "geometry": {
        "type": "Point",
        "coordinates": [
          -0.436192820225465,
          51.0609032325321
        ]
      },
      "properties": {
        "row_number": "128"
      }
    },
    {
      "type": "Feature",
      "geometry": {
        "type": "Point",
        "coordinates": [
          -0.436189921299666,
          51.06095720459184
        ]
      },
      "properties": {
        "row_number": "128"
      }
    },
    {
      "type": "Feature",
      "geometry": {
        "type": "Point",
        "coordinates": [
          -0.436186914623358,
          51.06101073542665
        ]
      },
      "properties": {
        "row_number": "128"
      }
    },
    {
      "type": "Feature",
      "geometry": {
        "type": "Point",
        "coordinates": [
          -0.43618290345594,
          51.0610644424482
        ]
      },
      "properties": {
        "row_number": "128"
      }
    },
    {
      "type": "Feature",
      "geometry": {
        "type": "Point",
        "coordinates": [
          -0.436179853217857,
          51.06111859114309
        ]
      },
      "properties": {
        "row_number": "128"
      }
    },
    {
      "type": "Feature",
      "geometry": {
        "type": "Point",
        "coordinates": [
          -0.436177113172447,
          51.0611727870578
        ]
      },
      "properties": {
        "row_number": "128"
      }
    },
    {
      "type": "Feature",
      "geometry": {
        "type": "Point",
        "coordinates": [
          -0.436173730760996,
          51.06122654065773
        ]
      },
      "properties": {
        "row_number": "128"
      }
    },
    {
      "type": "Feature",
      "geometry": {
        "type": "Point",
        "coordinates": [
          -0.436170555488651,
          51.06128048214941
        ]
      },
      "properties": {
        "row_number": "128"
      }
    },
    {
      "type": "Feature",
      "geometry": {
        "type": "Point",
        "coordinates": [
          -0.436168023759345,
          51.06133425885813
        ]
      },
      "properties": {
        "row_number": "128"
      }
    },
    {
      "type": "Feature",
      "geometry": {
        "type": "Point",
        "coordinates": [
          -0.436164607422391,
          51.06138810478069
        ]
      },
      "properties": {
        "row_number": "128"
      }
    },
    {
      "type": "Feature",
      "geometry": {
        "type": "Point",
        "coordinates": [
          -0.436162517647598,
          51.06144259211961
        ]
      },
      "properties": {
        "row_number": "128"
      }
    },
    {
      "type": "Feature",
      "geometry": {
        "type": "Point",
        "coordinates": [
          -0.436159302451708,
          51.06149633046798
        ]
      },
      "properties": {
        "row_number": "128"
      }
    },
    {
      "type": "Feature",
      "geometry": {
        "type": "Point",
        "coordinates": [
          -0.436156710236186,
          51.06155003851675
        ]
      },
      "properties": {
        "row_number": "128"
      }
    },
    {
      "type": "Feature",
      "geometry": {
        "type": "Point",
        "coordinates": [
          -0.436153344571439,
          51.06160391394475
        ]
      },
      "properties": {
        "row_number": "128"
      }
    },
    {
      "type": "Feature",
      "geometry": {
        "type": "Point",
        "coordinates": [
          -0.436149844942313,
          51.06165749469211
        ]
      },
      "properties": {
        "row_number": "128"
      }
    },
    {
      "type": "Feature",
      "geometry": {
        "type": "Point",
        "coordinates": [
          -0.436147352680456,
          51.06171195342463
        ]
      },
      "properties": {
        "row_number": "128"
      }
    },
    {
      "type": "Feature",
      "geometry": {
        "type": "Point",
        "coordinates": [
          -0.43614443894876,
          51.06176544384137
        ]
      },
      "properties": {
        "row_number": "128"
      }
    },
    {
      "type": "Feature",
      "geometry": {
        "type": "Point",
        "coordinates": [
          -0.436141256954072,
          51.06181993515519
        ]
      },
      "properties": {
        "row_number": "128"
      }
    },
    {
      "type": "Feature",
      "geometry": {
        "type": "Point",
        "coordinates": [
          -0.43613733532607,
          51.06187301126774
        ]
      },
      "properties": {
        "row_number": "128"
      }
    },
    {
      "type": "Feature",
      "geometry": {
        "type": "Point",
        "coordinates": [
          -0.436134933512422,
          51.06192681314988
        ]
      },
      "properties": {
        "row_number": "128"
      }
    },
    {
      "type": "Feature",
      "geometry": {
        "type": "Point",
        "coordinates": [
          -0.436131163548481,
          51.06198068201181
        ]
      },
      "properties": {
        "row_number": "128"
      }
    },
    {
      "type": "Feature",
      "geometry": {
        "type": "Point",
        "coordinates": [
          -0.436128083960856,
          51.06203469468291
        ]
      },
      "properties": {
        "row_number": "128"
      }
    },
    {
      "type": "Feature",
      "geometry": {
        "type": "Point",
        "coordinates": [
          -0.436124297815219,
          51.06208692974734
        ]
      },
      "properties": {
        "row_number": "128"
      }
    },
    {
      "type": "Feature",
      "geometry": {
        "type": "LineString",
        "coordinates": [
          [
            -0.436173475089592,
            51.06066740857894
          ],
          [
            -0.436169699330147,
            51.06073999465596
          ],
          [
            -0.436167018743614,
            51.06079458191775
          ],
          [
            -0.436164070131899,
            51.060848222466
          ],
          [
            -0.436160571410746,
            51.06090249299279
          ],
          [
            -0.436157548860117,
            51.06095645003374
          ],
          [
            -0.436154578738348,
            51.06100959778119
          ],
          [
            -0.436151893194001,
            51.06106370081376
          ],
          [
            -0.436148770618863,
            51.06111850995119
          ],
          [
            -0.436145549344615,
            51.0611723835212
          ],
          [
            -0.436142403953508,
            51.06122578438897
          ],
          [
            -0.43613947543522,
            51.06128007214058
          ],
          [
            -0.436136408320977,
            51.06133370919653
          ],
          [
            -0.436132817057431,
            51.06138760801698
          ],
          [
            -0.436129949177877,
            51.0614416660131
          ],
          [
            -0.436127110347606,
            51.06149540742374
          ],
          [
            -0.436123501511896,
            51.06154928692512
          ],
          [
            -0.436120970388345,
            51.06160303166554
          ],
          [
            -0.436118200708959,
            51.06165672665568
          ],
          [
            -0.436115223455256,
            51.06171121553832
          ],
          [
            -0.436111847620444,
            51.06176459710545
          ],
          [
            -0.436108869188103,
            51.0618195621512
          ],
          [
            -0.436105671262559,
            51.06187261427993
          ],
          [
            -0.436102960954861,
            51.0619266858488
          ],
          [
            -0.436099531957235,
            51.06198008372228
          ],
          [
            -0.436096640219465,
            51.06203390483269
          ],
          [
            -0.436093240715627,
            51.06208736891868
          ]
        ]
      },
      "properties": {
        "row_number": "129"
      }
    },
    {
      "type": "Feature",
      "geometry": {
        "type": "Point",
        "coordinates": [
          -0.436173475089592,
          51.06066740857894
        ]
      },
      "properties": {
        "row_number": "129"
      }
    },
    {
      "type": "Feature",
      "geometry": {
        "type": "Point",
        "coordinates": [
          -0.436169699330147,
          51.06073999465596
        ]
      },
      "properties": {
        "row_number": "129"
      }
    },
    {
      "type": "Feature",
      "geometry": {
        "type": "Point",
        "coordinates": [
          -0.436167018743614,
          51.06079458191775
        ]
      },
      "properties": {
        "row_number": "129"
      }
    },
    {
      "type": "Feature",
      "geometry": {
        "type": "Point",
        "coordinates": [
          -0.436164070131899,
          51.060848222466
        ]
      },
      "properties": {
        "row_number": "129"
      }
    },
    {
      "type": "Feature",
      "geometry": {
        "type": "Point",
        "coordinates": [
          -0.436160571410746,
          51.06090249299279
        ]
      },
      "properties": {
        "row_number": "129"
      }
    },
    {
      "type": "Feature",
      "geometry": {
        "type": "Point",
        "coordinates": [
          -0.436157548860117,
          51.06095645003374
        ]
      },
      "properties": {
        "row_number": "129"
      }
    },
    {
      "type": "Feature",
      "geometry": {
        "type": "Point",
        "coordinates": [
          -0.436154578738348,
          51.06100959778119
        ]
      },
      "properties": {
        "row_number": "129"
      }
    },
    {
      "type": "Feature",
      "geometry": {
        "type": "Point",
        "coordinates": [
          -0.436151893194001,
          51.06106370081376
        ]
      },
      "properties": {
        "row_number": "129"
      }
    },
    {
      "type": "Feature",
      "geometry": {
        "type": "Point",
        "coordinates": [
          -0.436148770618863,
          51.06111850995119
        ]
      },
      "properties": {
        "row_number": "129"
      }
    },
    {
      "type": "Feature",
      "geometry": {
        "type": "Point",
        "coordinates": [
          -0.436145549344615,
          51.0611723835212
        ]
      },
      "properties": {
        "row_number": "129"
      }
    },
    {
      "type": "Feature",
      "geometry": {
        "type": "Point",
        "coordinates": [
          -0.436142403953508,
          51.06122578438897
        ]
      },
      "properties": {
        "row_number": "129"
      }
    },
    {
      "type": "Feature",
      "geometry": {
        "type": "Point",
        "coordinates": [
          -0.43613947543522,
          51.06128007214058
        ]
      },
      "properties": {
        "row_number": "129"
      }
    },
    {
      "type": "Feature",
      "geometry": {
        "type": "Point",
        "coordinates": [
          -0.436136408320977,
          51.06133370919653
        ]
      },
      "properties": {
        "row_number": "129"
      }
    },
    {
      "type": "Feature",
      "geometry": {
        "type": "Point",
        "coordinates": [
          -0.436132817057431,
          51.06138760801698
        ]
      },
      "properties": {
        "row_number": "129"
      }
    },
    {
      "type": "Feature",
      "geometry": {
        "type": "Point",
        "coordinates": [
          -0.436129949177877,
          51.0614416660131
        ]
      },
      "properties": {
        "row_number": "129"
      }
    },
    {
      "type": "Feature",
      "geometry": {
        "type": "Point",
        "coordinates": [
          -0.436127110347606,
          51.06149540742374
        ]
      },
      "properties": {
        "row_number": "129"
      }
    },
    {
      "type": "Feature",
      "geometry": {
        "type": "Point",
        "coordinates": [
          -0.436123501511896,
          51.06154928692512
        ]
      },
      "properties": {
        "row_number": "129"
      }
    },
    {
      "type": "Feature",
      "geometry": {
        "type": "Point",
        "coordinates": [
          -0.436120970388345,
          51.06160303166554
        ]
      },
      "properties": {
        "row_number": "129"
      }
    },
    {
      "type": "Feature",
      "geometry": {
        "type": "Point",
        "coordinates": [
          -0.436118200708959,
          51.06165672665568
        ]
      },
      "properties": {
        "row_number": "129"
      }
    },
    {
      "type": "Feature",
      "geometry": {
        "type": "Point",
        "coordinates": [
          -0.436115223455256,
          51.06171121553832
        ]
      },
      "properties": {
        "row_number": "129"
      }
    },
    {
      "type": "Feature",
      "geometry": {
        "type": "Point",
        "coordinates": [
          -0.436111847620444,
          51.06176459710545
        ]
      },
      "properties": {
        "row_number": "129"
      }
    },
    {
      "type": "Feature",
      "geometry": {
        "type": "Point",
        "coordinates": [
          -0.436108869188103,
          51.0618195621512
        ]
      },
      "properties": {
        "row_number": "129"
      }
    },
    {
      "type": "Feature",
      "geometry": {
        "type": "Point",
        "coordinates": [
          -0.436105671262559,
          51.06187261427993
        ]
      },
      "properties": {
        "row_number": "129"
      }
    },
    {
      "type": "Feature",
      "geometry": {
        "type": "Point",
        "coordinates": [
          -0.436102960954861,
          51.0619266858488
        ]
      },
      "properties": {
        "row_number": "129"
      }
    },
    {
      "type": "Feature",
      "geometry": {
        "type": "Point",
        "coordinates": [
          -0.436099531957235,
          51.06198008372228
        ]
      },
      "properties": {
        "row_number": "129"
      }
    },
    {
      "type": "Feature",
      "geometry": {
        "type": "Point",
        "coordinates": [
          -0.436096640219465,
          51.06203390483269
        ]
      },
      "properties": {
        "row_number": "129"
      }
    },
    {
      "type": "Feature",
      "geometry": {
        "type": "Point",
        "coordinates": [
          -0.436093240715627,
          51.06208736891868
        ]
      },
      "properties": {
        "row_number": "129"
      }
    },
    {
      "type": "Feature",
      "geometry": {
        "type": "LineString",
        "coordinates": [
          [
            -0.436142013713008,
            51.06067272111295
          ],
          [
            -0.436138521771372,
            51.06073879986626
          ],
          [
            -0.436135412890819,
            51.06079361199753
          ],
          [
            -0.436132248643275,
            51.06084748826802
          ],
          [
            -0.436128644624452,
            51.0609018489566
          ],
          [
            -0.436125169632797,
            51.06095556606145
          ],
          [
            -0.436122925958751,
            51.06100884306039
          ],
          [
            -0.436119984793399,
            51.06106293051877
          ],
          [
            -0.436117435175103,
            51.06111734301457
          ],
          [
            -0.436113990236688,
            51.0611716272041
          ],
          [
            -0.43611068831823,
            51.06122520613332
          ],
          [
            -0.436108041010477,
            51.06127935599052
          ],
          [
            -0.436104939174349,
            51.06133279459182
          ],
          [
            -0.436101844783425,
            51.06138693129154
          ],
          [
            -0.436098342453899,
            51.06144130286766
          ],
          [
            -0.436095537339638,
            51.06149456158455
          ],
          [
            -0.436092794909595,
            51.06154887869464
          ],
          [
            -0.436089650805798,
            51.06160250376458
          ],
          [
            -0.436086422340822,
            51.06165611809627
          ],
          [
            -0.436083218213639,
            51.06170992599645
          ],
          [
            -0.436080283966673,
            51.06176404100532
          ],
          [
            -0.436077478636125,
            51.06181861476743
          ],
          [
            -0.436074535356945,
            51.06187196893192
          ],
          [
            -0.436070873036098,
            51.06192521424907
          ],
          [
            -0.436067987041156,
            51.06197922165374
          ],
          [
            -0.436064914818479,
            51.06203339581833
          ],
          [
            -0.436061039427071,
            51.06208692645338
          ]
        ]
      },
      "properties": {
        "row_number": "130"
      }
    },
    {
      "type": "Feature",
      "geometry": {
        "type": "Point",
        "coordinates": [
          -0.436142013713008,
          51.06067272111295
        ]
      },
      "properties": {
        "row_number": "130"
      }
    },
    {
      "type": "Feature",
      "geometry": {
        "type": "Point",
        "coordinates": [
          -0.436138521771372,
          51.06073879986626
        ]
      },
      "properties": {
        "row_number": "130"
      }
    },
    {
      "type": "Feature",
      "geometry": {
        "type": "Point",
        "coordinates": [
          -0.436135412890819,
          51.06079361199753
        ]
      },
      "properties": {
        "row_number": "130"
      }
    },
    {
      "type": "Feature",
      "geometry": {
        "type": "Point",
        "coordinates": [
          -0.436132248643275,
          51.06084748826802
        ]
      },
      "properties": {
        "row_number": "130"
      }
    },
    {
      "type": "Feature",
      "geometry": {
        "type": "Point",
        "coordinates": [
          -0.436128644624452,
          51.0609018489566
        ]
      },
      "properties": {
        "row_number": "130"
      }
    },
    {
      "type": "Feature",
      "geometry": {
        "type": "Point",
        "coordinates": [
          -0.436125169632797,
          51.06095556606145
        ]
      },
      "properties": {
        "row_number": "130"
      }
    },
    {
      "type": "Feature",
      "geometry": {
        "type": "Point",
        "coordinates": [
          -0.436122925958751,
          51.06100884306039
        ]
      },
      "properties": {
        "row_number": "130"
      }
    },
    {
      "type": "Feature",
      "geometry": {
        "type": "Point",
        "coordinates": [
          -0.436119984793399,
          51.06106293051877
        ]
      },
      "properties": {
        "row_number": "130"
      }
    },
    {
      "type": "Feature",
      "geometry": {
        "type": "Point",
        "coordinates": [
          -0.436117435175103,
          51.06111734301457
        ]
      },
      "properties": {
        "row_number": "130"
      }
    },
    {
      "type": "Feature",
      "geometry": {
        "type": "Point",
        "coordinates": [
          -0.436113990236688,
          51.0611716272041
        ]
      },
      "properties": {
        "row_number": "130"
      }
    },
    {
      "type": "Feature",
      "geometry": {
        "type": "Point",
        "coordinates": [
          -0.43611068831823,
          51.06122520613332
        ]
      },
      "properties": {
        "row_number": "130"
      }
    },
    {
      "type": "Feature",
      "geometry": {
        "type": "Point",
        "coordinates": [
          -0.436108041010477,
          51.06127935599052
        ]
      },
      "properties": {
        "row_number": "130"
      }
    },
    {
      "type": "Feature",
      "geometry": {
        "type": "Point",
        "coordinates": [
          -0.436104939174349,
          51.06133279459182
        ]
      },
      "properties": {
        "row_number": "130"
      }
    },
    {
      "type": "Feature",
      "geometry": {
        "type": "Point",
        "coordinates": [
          -0.436101844783425,
          51.06138693129154
        ]
      },
      "properties": {
        "row_number": "130"
      }
    },
    {
      "type": "Feature",
      "geometry": {
        "type": "Point",
        "coordinates": [
          -0.436098342453899,
          51.06144130286766
        ]
      },
      "properties": {
        "row_number": "130"
      }
    },
    {
      "type": "Feature",
      "geometry": {
        "type": "Point",
        "coordinates": [
          -0.436095537339638,
          51.06149456158455
        ]
      },
      "properties": {
        "row_number": "130"
      }
    },
    {
      "type": "Feature",
      "geometry": {
        "type": "Point",
        "coordinates": [
          -0.436092794909595,
          51.06154887869464
        ]
      },
      "properties": {
        "row_number": "130"
      }
    },
    {
      "type": "Feature",
      "geometry": {
        "type": "Point",
        "coordinates": [
          -0.436089650805798,
          51.06160250376458
        ]
      },
      "properties": {
        "row_number": "130"
      }
    },
    {
      "type": "Feature",
      "geometry": {
        "type": "Point",
        "coordinates": [
          -0.436086422340822,
          51.06165611809627
        ]
      },
      "properties": {
        "row_number": "130"
      }
    },
    {
      "type": "Feature",
      "geometry": {
        "type": "Point",
        "coordinates": [
          -0.436083218213639,
          51.06170992599645
        ]
      },
      "properties": {
        "row_number": "130"
      }
    },
    {
      "type": "Feature",
      "geometry": {
        "type": "Point",
        "coordinates": [
          -0.436080283966673,
          51.06176404100532
        ]
      },
      "properties": {
        "row_number": "130"
      }
    },
    {
      "type": "Feature",
      "geometry": {
        "type": "Point",
        "coordinates": [
          -0.436077478636125,
          51.06181861476743
        ]
      },
      "properties": {
        "row_number": "130"
      }
    },
    {
      "type": "Feature",
      "geometry": {
        "type": "Point",
        "coordinates": [
          -0.436074535356945,
          51.06187196893192
        ]
      },
      "properties": {
        "row_number": "130"
      }
    },
    {
      "type": "Feature",
      "geometry": {
        "type": "Point",
        "coordinates": [
          -0.436070873036098,
          51.06192521424907
        ]
      },
      "properties": {
        "row_number": "130"
      }
    },
    {
      "type": "Feature",
      "geometry": {
        "type": "Point",
        "coordinates": [
          -0.436067987041156,
          51.06197922165374
        ]
      },
      "properties": {
        "row_number": "130"
      }
    },
    {
      "type": "Feature",
      "geometry": {
        "type": "Point",
        "coordinates": [
          -0.436064914818479,
          51.06203339581833
        ]
      },
      "properties": {
        "row_number": "130"
      }
    },
    {
      "type": "Feature",
      "geometry": {
        "type": "Point",
        "coordinates": [
          -0.436061039427071,
          51.06208692645338
        ]
      },
      "properties": {
        "row_number": "130"
      }
    },
    {
      "type": "Feature",
      "geometry": {
        "type": "LineString",
        "coordinates": [
          [
            -0.43611055807897,
            51.06067695044099
          ],
          [
            -0.436106375470551,
            51.06073983762366
          ],
          [
            -0.436103695299725,
            51.06079331366549
          ],
          [
            -0.436100696624577,
            51.06084690759482
          ],
          [
            -0.436098230180528,
            51.06090102823755
          ],
          [
            -0.436095155561809,
            51.06095487205476
          ],
          [
            -0.436091864796588,
            51.06100822173655
          ],
          [
            -0.436089014092356,
            51.06106233785597
          ],
          [
            -0.436085971475737,
            51.06111676826987
          ],
          [
            -0.436082966864397,
            51.06117102612728
          ],
          [
            -0.436080082391836,
            51.06122447477662
          ],
          [
            -0.436077067067147,
            51.06127829956509
          ],
          [
            -0.436074040064618,
            51.06133196262948
          ],
          [
            -0.436070046190906,
            51.06138605208763
          ],
          [
            -0.436067125059969,
            51.06144042046783
          ],
          [
            -0.436064574199406,
            51.06149392649628
          ],
          [
            -0.436060958581541,
            51.06154813346932
          ],
          [
            -0.436058353444615,
            51.06160124877135
          ],
          [
            -0.436055452409383,
            51.06165564061314
          ],
          [
            -0.436052252450245,
            51.06170963383547
          ],
          [
            -0.436049868227746,
            51.06176286230874
          ],
          [
            -0.43604683458355,
            51.06181788220135
          ],
          [
            -0.436042784459034,
            51.06187129187631
          ],
          [
            -0.436040199310079,
            51.0619244529106
          ],
          [
            -0.436037093985482,
            51.06197878629563
          ],
          [
            -0.436033674864176,
            51.0620307720638
          ],
          [
            -0.436030306664896,
            51.06208656324076
          ]
        ]
      },
      "properties": {
        "row_number": "131"
      }
    },
    {
      "type": "Feature",
      "geometry": {
        "type": "Point",
        "coordinates": [
          -0.43611055807897,
          51.06067695044099
        ]
      },
      "properties": {
        "row_number": "131"
      }
    },
    {
      "type": "Feature",
      "geometry": {
        "type": "Point",
        "coordinates": [
          -0.436106375470551,
          51.06073983762366
        ]
      },
      "properties": {
        "row_number": "131"
      }
    },
    {
      "type": "Feature",
      "geometry": {
        "type": "Point",
        "coordinates": [
          -0.436103695299725,
          51.06079331366549
        ]
      },
      "properties": {
        "row_number": "131"
      }
    },
    {
      "type": "Feature",
      "geometry": {
        "type": "Point",
        "coordinates": [
          -0.436100696624577,
          51.06084690759482
        ]
      },
      "properties": {
        "row_number": "131"
      }
    },
    {
      "type": "Feature",
      "geometry": {
        "type": "Point",
        "coordinates": [
          -0.436098230180528,
          51.06090102823755
        ]
      },
      "properties": {
        "row_number": "131"
      }
    },
    {
      "type": "Feature",
      "geometry": {
        "type": "Point",
        "coordinates": [
          -0.436095155561809,
          51.06095487205476
        ]
      },
      "properties": {
        "row_number": "131"
      }
    },
    {
      "type": "Feature",
      "geometry": {
        "type": "Point",
        "coordinates": [
          -0.436091864796588,
          51.06100822173655
        ]
      },
      "properties": {
        "row_number": "131"
      }
    },
    {
      "type": "Feature",
      "geometry": {
        "type": "Point",
        "coordinates": [
          -0.436089014092356,
          51.06106233785597
        ]
      },
      "properties": {
        "row_number": "131"
      }
    },
    {
      "type": "Feature",
      "geometry": {
        "type": "Point",
        "coordinates": [
          -0.436085971475737,
          51.06111676826987
        ]
      },
      "properties": {
        "row_number": "131"
      }
    },
    {
      "type": "Feature",
      "geometry": {
        "type": "Point",
        "coordinates": [
          -0.436082966864397,
          51.06117102612728
        ]
      },
      "properties": {
        "row_number": "131"
      }
    },
    {
      "type": "Feature",
      "geometry": {
        "type": "Point",
        "coordinates": [
          -0.436080082391836,
          51.06122447477662
        ]
      },
      "properties": {
        "row_number": "131"
      }
    },
    {
      "type": "Feature",
      "geometry": {
        "type": "Point",
        "coordinates": [
          -0.436077067067147,
          51.06127829956509
        ]
      },
      "properties": {
        "row_number": "131"
      }
    },
    {
      "type": "Feature",
      "geometry": {
        "type": "Point",
        "coordinates": [
          -0.436074040064618,
          51.06133196262948
        ]
      },
      "properties": {
        "row_number": "131"
      }
    },
    {
      "type": "Feature",
      "geometry": {
        "type": "Point",
        "coordinates": [
          -0.436070046190906,
          51.06138605208763
        ]
      },
      "properties": {
        "row_number": "131"
      }
    },
    {
      "type": "Feature",
      "geometry": {
        "type": "Point",
        "coordinates": [
          -0.436067125059969,
          51.06144042046783
        ]
      },
      "properties": {
        "row_number": "131"
      }
    },
    {
      "type": "Feature",
      "geometry": {
        "type": "Point",
        "coordinates": [
          -0.436064574199406,
          51.06149392649628
        ]
      },
      "properties": {
        "row_number": "131"
      }
    },
    {
      "type": "Feature",
      "geometry": {
        "type": "Point",
        "coordinates": [
          -0.436060958581541,
          51.06154813346932
        ]
      },
      "properties": {
        "row_number": "131"
      }
    },
    {
      "type": "Feature",
      "geometry": {
        "type": "Point",
        "coordinates": [
          -0.436058353444615,
          51.06160124877135
        ]
      },
      "properties": {
        "row_number": "131"
      }
    },
    {
      "type": "Feature",
      "geometry": {
        "type": "Point",
        "coordinates": [
          -0.436055452409383,
          51.06165564061314
        ]
      },
      "properties": {
        "row_number": "131"
      }
    },
    {
      "type": "Feature",
      "geometry": {
        "type": "Point",
        "coordinates": [
          -0.436052252450245,
          51.06170963383547
        ]
      },
      "properties": {
        "row_number": "131"
      }
    },
    {
      "type": "Feature",
      "geometry": {
        "type": "Point",
        "coordinates": [
          -0.436049868227746,
          51.06176286230874
        ]
      },
      "properties": {
        "row_number": "131"
      }
    },
    {
      "type": "Feature",
      "geometry": {
        "type": "Point",
        "coordinates": [
          -0.43604683458355,
          51.06181788220135
        ]
      },
      "properties": {
        "row_number": "131"
      }
    },
    {
      "type": "Feature",
      "geometry": {
        "type": "Point",
        "coordinates": [
          -0.436042784459034,
          51.06187129187631
        ]
      },
      "properties": {
        "row_number": "131"
      }
    },
    {
      "type": "Feature",
      "geometry": {
        "type": "Point",
        "coordinates": [
          -0.436040199310079,
          51.0619244529106
        ]
      },
      "properties": {
        "row_number": "131"
      }
    },
    {
      "type": "Feature",
      "geometry": {
        "type": "Point",
        "coordinates": [
          -0.436037093985482,
          51.06197878629563
        ]
      },
      "properties": {
        "row_number": "131"
      }
    },
    {
      "type": "Feature",
      "geometry": {
        "type": "Point",
        "coordinates": [
          -0.436033674864176,
          51.0620307720638
        ]
      },
      "properties": {
        "row_number": "131"
      }
    },
    {
      "type": "Feature",
      "geometry": {
        "type": "Point",
        "coordinates": [
          -0.436030306664896,
          51.06208656324076
        ]
      },
      "properties": {
        "row_number": "131"
      }
    },
    {
      "type": "Feature",
      "geometry": {
        "type": "LineString",
        "coordinates": [
          [
            -0.436078099300965,
            51.06068351299626
          ],
          [
            -0.436075383529557,
            51.06073829036733
          ],
          [
            -0.436072658584228,
            51.0607923062977
          ],
          [
            -0.436069342944565,
            51.06084565189756
          ],
          [
            -0.43606643873781,
            51.06090002759143
          ],
          [
            -0.436063166369214,
            51.06095419759707
          ],
          [
            -0.436060118513006,
            51.06100806379241
          ],
          [
            -0.436056989140445,
            51.06106184506685
          ],
          [
            -0.436054372037571,
            51.06111607755323
          ],
          [
            -0.436051432070821,
            51.06117013983728
          ],
          [
            -0.436048076409172,
            51.06122382629364
          ],
          [
            -0.436045077553808,
            51.06127765928566
          ],
          [
            -0.436042368314256,
            51.06133155801426
          ],
          [
            -0.436038478485436,
            51.0613855824818
          ],
          [
            -0.436035325920747,
            51.06143949284929
          ],
          [
            -0.43603249696154,
            51.06149288055271
          ],
          [
            -0.436029884746716,
            51.06154730429466
          ],
          [
            -0.43602695876416,
            51.06160151433408
          ],
          [
            -0.436023589566679,
            51.06165503178175
          ],
          [
            -0.436020810311713,
            51.0617088012679
          ],
          [
            -0.43601787989906,
            51.06176222033283
          ],
          [
            -0.436014520218626,
            51.06181662833389
          ],
          [
            -0.436010955341792,
            51.06187045645002
          ],
          [
            -0.436007836994012,
            51.06192415403844
          ],
          [
            -0.436005031814384,
            51.0619782590481
          ],
          [
            -0.436001533784978,
            51.06203229841477
          ],
          [
            -0.435998227060344,
            51.06208622275556
          ]
        ]
      },
      "properties": {
        "row_number": "132"
      }
    },
    {
      "type": "Feature",
      "geometry": {
        "type": "Point",
        "coordinates": [
          -0.436078099300965,
          51.06068351299626
        ]
      },
      "properties": {
        "row_number": "132"
      }
    },
    {
      "type": "Feature",
      "geometry": {
        "type": "Point",
        "coordinates": [
          -0.436075383529557,
          51.06073829036733
        ]
      },
      "properties": {
        "row_number": "132"
      }
    },
    {
      "type": "Feature",
      "geometry": {
        "type": "Point",
        "coordinates": [
          -0.436072658584228,
          51.0607923062977
        ]
      },
      "properties": {
        "row_number": "132"
      }
    },
    {
      "type": "Feature",
      "geometry": {
        "type": "Point",
        "coordinates": [
          -0.436069342944565,
          51.06084565189756
        ]
      },
      "properties": {
        "row_number": "132"
      }
    },
    {
      "type": "Feature",
      "geometry": {
        "type": "Point",
        "coordinates": [
          -0.43606643873781,
          51.06090002759143
        ]
      },
      "properties": {
        "row_number": "132"
      }
    },
    {
      "type": "Feature",
      "geometry": {
        "type": "Point",
        "coordinates": [
          -0.436063166369214,
          51.06095419759707
        ]
      },
      "properties": {
        "row_number": "132"
      }
    },
    {
      "type": "Feature",
      "geometry": {
        "type": "Point",
        "coordinates": [
          -0.436060118513006,
          51.06100806379241
        ]
      },
      "properties": {
        "row_number": "132"
      }
    },
    {
      "type": "Feature",
      "geometry": {
        "type": "Point",
        "coordinates": [
          -0.436056989140445,
          51.06106184506685
        ]
      },
      "properties": {
        "row_number": "132"
      }
    },
    {
      "type": "Feature",
      "geometry": {
        "type": "Point",
        "coordinates": [
          -0.436054372037571,
          51.06111607755323
        ]
      },
      "properties": {
        "row_number": "132"
      }
    },
    {
      "type": "Feature",
      "geometry": {
        "type": "Point",
        "coordinates": [
          -0.436051432070821,
          51.06117013983728
        ]
      },
      "properties": {
        "row_number": "132"
      }
    },
    {
      "type": "Feature",
      "geometry": {
        "type": "Point",
        "coordinates": [
          -0.436048076409172,
          51.06122382629364
        ]
      },
      "properties": {
        "row_number": "132"
      }
    },
    {
      "type": "Feature",
      "geometry": {
        "type": "Point",
        "coordinates": [
          -0.436045077553808,
          51.06127765928566
        ]
      },
      "properties": {
        "row_number": "132"
      }
    },
    {
      "type": "Feature",
      "geometry": {
        "type": "Point",
        "coordinates": [
          -0.436042368314256,
          51.06133155801426
        ]
      },
      "properties": {
        "row_number": "132"
      }
    },
    {
      "type": "Feature",
      "geometry": {
        "type": "Point",
        "coordinates": [
          -0.436038478485436,
          51.0613855824818
        ]
      },
      "properties": {
        "row_number": "132"
      }
    },
    {
      "type": "Feature",
      "geometry": {
        "type": "Point",
        "coordinates": [
          -0.436035325920747,
          51.06143949284929
        ]
      },
      "properties": {
        "row_number": "132"
      }
    },
    {
      "type": "Feature",
      "geometry": {
        "type": "Point",
        "coordinates": [
          -0.43603249696154,
          51.06149288055271
        ]
      },
      "properties": {
        "row_number": "132"
      }
    },
    {
      "type": "Feature",
      "geometry": {
        "type": "Point",
        "coordinates": [
          -0.436029884746716,
          51.06154730429466
        ]
      },
      "properties": {
        "row_number": "132"
      }
    },
    {
      "type": "Feature",
      "geometry": {
        "type": "Point",
        "coordinates": [
          -0.43602695876416,
          51.06160151433408
        ]
      },
      "properties": {
        "row_number": "132"
      }
    },
    {
      "type": "Feature",
      "geometry": {
        "type": "Point",
        "coordinates": [
          -0.436023589566679,
          51.06165503178175
        ]
      },
      "properties": {
        "row_number": "132"
      }
    },
    {
      "type": "Feature",
      "geometry": {
        "type": "Point",
        "coordinates": [
          -0.436020810311713,
          51.0617088012679
        ]
      },
      "properties": {
        "row_number": "132"
      }
    },
    {
      "type": "Feature",
      "geometry": {
        "type": "Point",
        "coordinates": [
          -0.43601787989906,
          51.06176222033283
        ]
      },
      "properties": {
        "row_number": "132"
      }
    },
    {
      "type": "Feature",
      "geometry": {
        "type": "Point",
        "coordinates": [
          -0.436014520218626,
          51.06181662833389
        ]
      },
      "properties": {
        "row_number": "132"
      }
    },
    {
      "type": "Feature",
      "geometry": {
        "type": "Point",
        "coordinates": [
          -0.436010955341792,
          51.06187045645002
        ]
      },
      "properties": {
        "row_number": "132"
      }
    },
    {
      "type": "Feature",
      "geometry": {
        "type": "Point",
        "coordinates": [
          -0.436007836994012,
          51.06192415403844
        ]
      },
      "properties": {
        "row_number": "132"
      }
    },
    {
      "type": "Feature",
      "geometry": {
        "type": "Point",
        "coordinates": [
          -0.436005031814384,
          51.0619782590481
        ]
      },
      "properties": {
        "row_number": "132"
      }
    },
    {
      "type": "Feature",
      "geometry": {
        "type": "Point",
        "coordinates": [
          -0.436001533784978,
          51.06203229841477
        ]
      },
      "properties": {
        "row_number": "132"
      }
    },
    {
      "type": "Feature",
      "geometry": {
        "type": "Point",
        "coordinates": [
          -0.435998227060344,
          51.06208622275556
        ]
      },
      "properties": {
        "row_number": "132"
      }
    },
    {
      "type": "Feature",
      "geometry": {
        "type": "LineString",
        "coordinates": [
          [
            -0.436047295237645,
            51.06068735144574
          ],
          [
            -0.436044290288695,
            51.06073716294026
          ],
          [
            -0.436041148365374,
            51.06079098179647
          ],
          [
            -0.436038421672202,
            51.06084561930787
          ],
          [
            -0.436035377890656,
            51.06089907509115
          ],
          [
            -0.436031980234499,
            51.06095370572656
          ],
          [
            -0.436029181587165,
            51.0610071330301
          ],
          [
            -0.436025123832573,
            51.06106132977048
          ],
          [
            -0.436022000533094,
            51.06111524782015
          ],
          [
            -0.43601921339961,
            51.06116957466773
          ],
          [
            -0.436015934706373,
            51.06122365254139
          ],
          [
            -0.4360133162761,
            51.06127742881458
          ],
          [
            -0.436010132588567,
            51.0613309888256
          ],
          [
            -0.436007454461247,
            51.06138467610719
          ],
          [
            -0.436004299764543,
            51.06143905631281
          ],
          [
            -0.436001717682555,
            51.06149230184307
          ],
          [
            -0.435998576609513,
            51.0615459044557
          ],
          [
            -0.435995167846082,
            51.0616002879301
          ],
          [
            -0.435992234933589,
            51.06165380102066
          ],
          [
            -0.435989482516015,
            51.06170814128571
          ],
          [
            -0.435986246855775,
            51.0617619471922
          ],
          [
            -0.435983409508818,
            51.06181632561844
          ],
          [
            -0.435980645860607,
            51.06186973632958
          ],
          [
            -0.435977083841827,
            51.0619235039449
          ],
          [
            -0.435974299480446,
            51.06197751398146
          ],
          [
            -0.435970954351832,
            51.06203127644246
          ],
          [
            -0.435967672191688,
            51.06208540716029
          ]
        ]
      },
      "properties": {
        "row_number": "133"
      }
    },
    {
      "type": "Feature",
      "geometry": {
        "type": "Point",
        "coordinates": [
          -0.436047295237645,
          51.06068735144574
        ]
      },
      "properties": {
        "row_number": "133"
      }
    },
    {
      "type": "Feature",
      "geometry": {
        "type": "Point",
        "coordinates": [
          -0.436044290288695,
          51.06073716294026
        ]
      },
      "properties": {
        "row_number": "133"
      }
    },
    {
      "type": "Feature",
      "geometry": {
        "type": "Point",
        "coordinates": [
          -0.436041148365374,
          51.06079098179647
        ]
      },
      "properties": {
        "row_number": "133"
      }
    },
    {
      "type": "Feature",
      "geometry": {
        "type": "Point",
        "coordinates": [
          -0.436038421672202,
          51.06084561930787
        ]
      },
      "properties": {
        "row_number": "133"
      }
    },
    {
      "type": "Feature",
      "geometry": {
        "type": "Point",
        "coordinates": [
          -0.436035377890656,
          51.06089907509115
        ]
      },
      "properties": {
        "row_number": "133"
      }
    },
    {
      "type": "Feature",
      "geometry": {
        "type": "Point",
        "coordinates": [
          -0.436031980234499,
          51.06095370572656
        ]
      },
      "properties": {
        "row_number": "133"
      }
    },
    {
      "type": "Feature",
      "geometry": {
        "type": "Point",
        "coordinates": [
          -0.436029181587165,
          51.0610071330301
        ]
      },
      "properties": {
        "row_number": "133"
      }
    },
    {
      "type": "Feature",
      "geometry": {
        "type": "Point",
        "coordinates": [
          -0.436025123832573,
          51.06106132977048
        ]
      },
      "properties": {
        "row_number": "133"
      }
    },
    {
      "type": "Feature",
      "geometry": {
        "type": "Point",
        "coordinates": [
          -0.436022000533094,
          51.06111524782015
        ]
      },
      "properties": {
        "row_number": "133"
      }
    },
    {
      "type": "Feature",
      "geometry": {
        "type": "Point",
        "coordinates": [
          -0.43601921339961,
          51.06116957466773
        ]
      },
      "properties": {
        "row_number": "133"
      }
    },
    {
      "type": "Feature",
      "geometry": {
        "type": "Point",
        "coordinates": [
          -0.436015934706373,
          51.06122365254139
        ]
      },
      "properties": {
        "row_number": "133"
      }
    },
    {
      "type": "Feature",
      "geometry": {
        "type": "Point",
        "coordinates": [
          -0.4360133162761,
          51.06127742881458
        ]
      },
      "properties": {
        "row_number": "133"
      }
    },
    {
      "type": "Feature",
      "geometry": {
        "type": "Point",
        "coordinates": [
          -0.436010132588567,
          51.0613309888256
        ]
      },
      "properties": {
        "row_number": "133"
      }
    },
    {
      "type": "Feature",
      "geometry": {
        "type": "Point",
        "coordinates": [
          -0.436007454461247,
          51.06138467610719
        ]
      },
      "properties": {
        "row_number": "133"
      }
    },
    {
      "type": "Feature",
      "geometry": {
        "type": "Point",
        "coordinates": [
          -0.436004299764543,
          51.06143905631281
        ]
      },
      "properties": {
        "row_number": "133"
      }
    },
    {
      "type": "Feature",
      "geometry": {
        "type": "Point",
        "coordinates": [
          -0.436001717682555,
          51.06149230184307
        ]
      },
      "properties": {
        "row_number": "133"
      }
    },
    {
      "type": "Feature",
      "geometry": {
        "type": "Point",
        "coordinates": [
          -0.435998576609513,
          51.0615459044557
        ]
      },
      "properties": {
        "row_number": "133"
      }
    },
    {
      "type": "Feature",
      "geometry": {
        "type": "Point",
        "coordinates": [
          -0.435995167846082,
          51.0616002879301
        ]
      },
      "properties": {
        "row_number": "133"
      }
    },
    {
      "type": "Feature",
      "geometry": {
        "type": "Point",
        "coordinates": [
          -0.435992234933589,
          51.06165380102066
        ]
      },
      "properties": {
        "row_number": "133"
      }
    },
    {
      "type": "Feature",
      "geometry": {
        "type": "Point",
        "coordinates": [
          -0.435989482516015,
          51.06170814128571
        ]
      },
      "properties": {
        "row_number": "133"
      }
    },
    {
      "type": "Feature",
      "geometry": {
        "type": "Point",
        "coordinates": [
          -0.435986246855775,
          51.0617619471922
        ]
      },
      "properties": {
        "row_number": "133"
      }
    },
    {
      "type": "Feature",
      "geometry": {
        "type": "Point",
        "coordinates": [
          -0.435983409508818,
          51.06181632561844
        ]
      },
      "properties": {
        "row_number": "133"
      }
    },
    {
      "type": "Feature",
      "geometry": {
        "type": "Point",
        "coordinates": [
          -0.435980645860607,
          51.06186973632958
        ]
      },
      "properties": {
        "row_number": "133"
      }
    },
    {
      "type": "Feature",
      "geometry": {
        "type": "Point",
        "coordinates": [
          -0.435977083841827,
          51.0619235039449
        ]
      },
      "properties": {
        "row_number": "133"
      }
    },
    {
      "type": "Feature",
      "geometry": {
        "type": "Point",
        "coordinates": [
          -0.435974299480446,
          51.06197751398146
        ]
      },
      "properties": {
        "row_number": "133"
      }
    },
    {
      "type": "Feature",
      "geometry": {
        "type": "Point",
        "coordinates": [
          -0.435970954351832,
          51.06203127644246
        ]
      },
      "properties": {
        "row_number": "133"
      }
    },
    {
      "type": "Feature",
      "geometry": {
        "type": "Point",
        "coordinates": [
          -0.435967672191688,
          51.06208540716029
        ]
      },
      "properties": {
        "row_number": "133"
      }
    },
    {
      "type": "Feature",
      "geometry": {
        "type": "LineString",
        "coordinates": [
          [
            -0.436014801742231,
            51.06069284998556
          ],
          [
            -0.43601255635991,
            51.06073760042067
          ],
          [
            -0.436009424855735,
            51.06079103687182
          ],
          [
            -0.436006542219924,
            51.06084473114165
          ],
          [
            -0.436003727089456,
            51.06089921667973
          ],
          [
            -0.436000912031769,
            51.06095370705019
          ],
          [
            -0.435998057969722,
            51.06100635464843
          ],
          [
            -0.435995291279285,
            51.06106052624731
          ],
          [
            -0.435991550585611,
            51.06111497055557
          ],
          [
            -0.435989344112386,
            51.06116899169913
          ],
          [
            -0.435985768706795,
            51.06122296046878
          ],
          [
            -0.435982761970415,
            51.06127618519086
          ],
          [
            -0.435979634611023,
            51.06133000985814
          ],
          [
            -0.435976076831193,
            51.06138384706647
          ],
          [
            -0.435972805344791,
            51.06143799053846
          ],
          [
            -0.435970637687257,
            51.0614916238096
          ],
          [
            -0.43596719131495,
            51.06154582532744
          ],
          [
            -0.435964053270685,
            51.06159955559131
          ],
          [
            -0.435961425649845,
            51.06165349998578
          ],
          [
            -0.435958123080866,
            51.06170702566619
          ],
          [
            -0.43595499385213,
            51.06176116991955
          ],
          [
            -0.435952105199593,
            51.06181540953755
          ],
          [
            -0.435948924906084,
            51.06186874820627
          ],
          [
            -0.435945646606872,
            51.06192320202661
          ],
          [
            -0.435942418173112,
            51.06197704529409
          ],
          [
            -0.435939205548126,
            51.06203059716443
          ],
          [
            -0.435935291827578,
            51.06208515132158
          ]
        ]
      },
      "properties": {
        "row_number": "134"
      }
    },
    {
      "type": "Feature",
      "geometry": {
        "type": "Point",
        "coordinates": [
          -0.436014801742231,
          51.06069284998556
        ]
      },
      "properties": {
        "row_number": "134"
      }
    },
    {
      "type": "Feature",
      "geometry": {
        "type": "Point",
        "coordinates": [
          -0.43601255635991,
          51.06073760042067
        ]
      },
      "properties": {
        "row_number": "134"
      }
    },
    {
      "type": "Feature",
      "geometry": {
        "type": "Point",
        "coordinates": [
          -0.436009424855735,
          51.06079103687182
        ]
      },
      "properties": {
        "row_number": "134"
      }
    },
    {
      "type": "Feature",
      "geometry": {
        "type": "Point",
        "coordinates": [
          -0.436006542219924,
          51.06084473114165
        ]
      },
      "properties": {
        "row_number": "134"
      }
    },
    {
      "type": "Feature",
      "geometry": {
        "type": "Point",
        "coordinates": [
          -0.436003727089456,
          51.06089921667973
        ]
      },
      "properties": {
        "row_number": "134"
      }
    },
    {
      "type": "Feature",
      "geometry": {
        "type": "Point",
        "coordinates": [
          -0.436000912031769,
          51.06095370705019
        ]
      },
      "properties": {
        "row_number": "134"
      }
    },
    {
      "type": "Feature",
      "geometry": {
        "type": "Point",
        "coordinates": [
          -0.435998057969722,
          51.06100635464843
        ]
      },
      "properties": {
        "row_number": "134"
      }
    },
    {
      "type": "Feature",
      "geometry": {
        "type": "Point",
        "coordinates": [
          -0.435995291279285,
          51.06106052624731
        ]
      },
      "properties": {
        "row_number": "134"
      }
    },
    {
      "type": "Feature",
      "geometry": {
        "type": "Point",
        "coordinates": [
          -0.435991550585611,
          51.06111497055557
        ]
      },
      "properties": {
        "row_number": "134"
      }
    },
    {
      "type": "Feature",
      "geometry": {
        "type": "Point",
        "coordinates": [
          -0.435989344112386,
          51.06116899169913
        ]
      },
      "properties": {
        "row_number": "134"
      }
    },
    {
      "type": "Feature",
      "geometry": {
        "type": "Point",
        "coordinates": [
          -0.435985768706795,
          51.06122296046878
        ]
      },
      "properties": {
        "row_number": "134"
      }
    },
    {
      "type": "Feature",
      "geometry": {
        "type": "Point",
        "coordinates": [
          -0.435982761970415,
          51.06127618519086
        ]
      },
      "properties": {
        "row_number": "134"
      }
    },
    {
      "type": "Feature",
      "geometry": {
        "type": "Point",
        "coordinates": [
          -0.435979634611023,
          51.06133000985814
        ]
      },
      "properties": {
        "row_number": "134"
      }
    },
    {
      "type": "Feature",
      "geometry": {
        "type": "Point",
        "coordinates": [
          -0.435976076831193,
          51.06138384706647
        ]
      },
      "properties": {
        "row_number": "134"
      }
    },
    {
      "type": "Feature",
      "geometry": {
        "type": "Point",
        "coordinates": [
          -0.435972805344791,
          51.06143799053846
        ]
      },
      "properties": {
        "row_number": "134"
      }
    },
    {
      "type": "Feature",
      "geometry": {
        "type": "Point",
        "coordinates": [
          -0.435970637687257,
          51.0614916238096
        ]
      },
      "properties": {
        "row_number": "134"
      }
    },
    {
      "type": "Feature",
      "geometry": {
        "type": "Point",
        "coordinates": [
          -0.43596719131495,
          51.06154582532744
        ]
      },
      "properties": {
        "row_number": "134"
      }
    },
    {
      "type": "Feature",
      "geometry": {
        "type": "Point",
        "coordinates": [
          -0.435964053270685,
          51.06159955559131
        ]
      },
      "properties": {
        "row_number": "134"
      }
    },
    {
      "type": "Feature",
      "geometry": {
        "type": "Point",
        "coordinates": [
          -0.435961425649845,
          51.06165349998578
        ]
      },
      "properties": {
        "row_number": "134"
      }
    },
    {
      "type": "Feature",
      "geometry": {
        "type": "Point",
        "coordinates": [
          -0.435958123080866,
          51.06170702566619
        ]
      },
      "properties": {
        "row_number": "134"
      }
    },
    {
      "type": "Feature",
      "geometry": {
        "type": "Point",
        "coordinates": [
          -0.43595499385213,
          51.06176116991955
        ]
      },
      "properties": {
        "row_number": "134"
      }
    },
    {
      "type": "Feature",
      "geometry": {
        "type": "Point",
        "coordinates": [
          -0.435952105199593,
          51.06181540953755
        ]
      },
      "properties": {
        "row_number": "134"
      }
    },
    {
      "type": "Feature",
      "geometry": {
        "type": "Point",
        "coordinates": [
          -0.435948924906084,
          51.06186874820627
        ]
      },
      "properties": {
        "row_number": "134"
      }
    },
    {
      "type": "Feature",
      "geometry": {
        "type": "Point",
        "coordinates": [
          -0.435945646606872,
          51.06192320202661
        ]
      },
      "properties": {
        "row_number": "134"
      }
    },
    {
      "type": "Feature",
      "geometry": {
        "type": "Point",
        "coordinates": [
          -0.435942418173112,
          51.06197704529409
        ]
      },
      "properties": {
        "row_number": "134"
      }
    },
    {
      "type": "Feature",
      "geometry": {
        "type": "Point",
        "coordinates": [
          -0.435939205548126,
          51.06203059716443
        ]
      },
      "properties": {
        "row_number": "134"
      }
    },
    {
      "type": "Feature",
      "geometry": {
        "type": "Point",
        "coordinates": [
          -0.435935291827578,
          51.06208515132158
        ]
      },
      "properties": {
        "row_number": "134"
      }
    },
    {
      "type": "Feature",
      "geometry": {
        "type": "LineString",
        "coordinates": [
          [
            -0.435983298764024,
            51.06069747212623
          ],
          [
            -0.43598095567714,
            51.06073679496046
          ],
          [
            -0.435978422109424,
            51.06079025781472
          ],
          [
            -0.435975203298606,
            51.06084388306792
          ],
          [
            -0.435971686595937,
            51.06089884326815
          ],
          [
            -0.435968980578347,
            51.06095232803864
          ],
          [
            -0.435966048444132,
            51.06100606133673
          ],
          [
            -0.435963389540974,
            51.06105983883479
          ],
          [
            -0.435959814297113,
            51.06111397945729
          ],
          [
            -0.435956836352682,
            51.0611679426026
          ],
          [
            -0.43595349798514,
            51.06122178292257
          ],
          [
            -0.435950265631535,
            51.06127591114467
          ],
          [
            -0.435947643845587,
            51.06132967203121
          ],
          [
            -0.43594357923362,
            51.06138335217842
          ],
          [
            -0.435941445779746,
            51.061437319
          ],
          [
            -0.43593873626935,
            51.06149075682448
          ],
          [
            -0.435935230046118,
            51.06154546202433
          ],
          [
            -0.435932863881734,
            51.06159874942186
          ],
          [
            -0.435928981848439,
            51.06165258051556
          ],
          [
            -0.435926011253449,
            51.06170691693633
          ],
          [
            -0.435922947173939,
            51.06176021078506
          ],
          [
            -0.435919818803676,
            51.06181447311569
          ],
          [
            -0.435917184957135,
            51.06186838119517
          ],
          [
            -0.435914032969644,
            51.06192191477386
          ],
          [
            -0.435911819619121,
            51.06197623470526
          ],
          [
            -0.435907844210399,
            51.06202952431406
          ],
          [
            -0.435903785466878,
            51.0620841404181
          ]
        ]
      },
      "properties": {
        "row_number": "135"
      }
    },
    {
      "type": "Feature",
      "geometry": {
        "type": "Point",
        "coordinates": [
          -0.435983298764024,
          51.06069747212623
        ]
      },
      "properties": {
        "row_number": "135"
      }
    },
    {
      "type": "Feature",
      "geometry": {
        "type": "Point",
        "coordinates": [
          -0.43598095567714,
          51.06073679496046
        ]
      },
      "properties": {
        "row_number": "135"
      }
    },
    {
      "type": "Feature",
      "geometry": {
        "type": "Point",
        "coordinates": [
          -0.435978422109424,
          51.06079025781472
        ]
      },
      "properties": {
        "row_number": "135"
      }
    },
    {
      "type": "Feature",
      "geometry": {
        "type": "Point",
        "coordinates": [
          -0.435975203298606,
          51.06084388306792
        ]
      },
      "properties": {
        "row_number": "135"
      }
    },
    {
      "type": "Feature",
      "geometry": {
        "type": "Point",
        "coordinates": [
          -0.435971686595937,
          51.06089884326815
        ]
      },
      "properties": {
        "row_number": "135"
      }
    },
    {
      "type": "Feature",
      "geometry": {
        "type": "Point",
        "coordinates": [
          -0.435968980578347,
          51.06095232803864
        ]
      },
      "properties": {
        "row_number": "135"
      }
    },
    {
      "type": "Feature",
      "geometry": {
        "type": "Point",
        "coordinates": [
          -0.435966048444132,
          51.06100606133673
        ]
      },
      "properties": {
        "row_number": "135"
      }
    },
    {
      "type": "Feature",
      "geometry": {
        "type": "Point",
        "coordinates": [
          -0.435963389540974,
          51.06105983883479
        ]
      },
      "properties": {
        "row_number": "135"
      }
    },
    {
      "type": "Feature",
      "geometry": {
        "type": "Point",
        "coordinates": [
          -0.435959814297113,
          51.06111397945729
        ]
      },
      "properties": {
        "row_number": "135"
      }
    },
    {
      "type": "Feature",
      "geometry": {
        "type": "Point",
        "coordinates": [
          -0.435956836352682,
          51.0611679426026
        ]
      },
      "properties": {
        "row_number": "135"
      }
    },
    {
      "type": "Feature",
      "geometry": {
        "type": "Point",
        "coordinates": [
          -0.43595349798514,
          51.06122178292257
        ]
      },
      "properties": {
        "row_number": "135"
      }
    },
    {
      "type": "Feature",
      "geometry": {
        "type": "Point",
        "coordinates": [
          -0.435950265631535,
          51.06127591114467
        ]
      },
      "properties": {
        "row_number": "135"
      }
    },
    {
      "type": "Feature",
      "geometry": {
        "type": "Point",
        "coordinates": [
          -0.435947643845587,
          51.06132967203121
        ]
      },
      "properties": {
        "row_number": "135"
      }
    },
    {
      "type": "Feature",
      "geometry": {
        "type": "Point",
        "coordinates": [
          -0.43594357923362,
          51.06138335217842
        ]
      },
      "properties": {
        "row_number": "135"
      }
    },
    {
      "type": "Feature",
      "geometry": {
        "type": "Point",
        "coordinates": [
          -0.435941445779746,
          51.061437319
        ]
      },
      "properties": {
        "row_number": "135"
      }
    },
    {
      "type": "Feature",
      "geometry": {
        "type": "Point",
        "coordinates": [
          -0.43593873626935,
          51.06149075682448
        ]
      },
      "properties": {
        "row_number": "135"
      }
    },
    {
      "type": "Feature",
      "geometry": {
        "type": "Point",
        "coordinates": [
          -0.435935230046118,
          51.06154546202433
        ]
      },
      "properties": {
        "row_number": "135"
      }
    },
    {
      "type": "Feature",
      "geometry": {
        "type": "Point",
        "coordinates": [
          -0.435932863881734,
          51.06159874942186
        ]
      },
      "properties": {
        "row_number": "135"
      }
    },
    {
      "type": "Feature",
      "geometry": {
        "type": "Point",
        "coordinates": [
          -0.435928981848439,
          51.06165258051556
        ]
      },
      "properties": {
        "row_number": "135"
      }
    },
    {
      "type": "Feature",
      "geometry": {
        "type": "Point",
        "coordinates": [
          -0.435926011253449,
          51.06170691693633
        ]
      },
      "properties": {
        "row_number": "135"
      }
    },
    {
      "type": "Feature",
      "geometry": {
        "type": "Point",
        "coordinates": [
          -0.435922947173939,
          51.06176021078506
        ]
      },
      "properties": {
        "row_number": "135"
      }
    },
    {
      "type": "Feature",
      "geometry": {
        "type": "Point",
        "coordinates": [
          -0.435919818803676,
          51.06181447311569
        ]
      },
      "properties": {
        "row_number": "135"
      }
    },
    {
      "type": "Feature",
      "geometry": {
        "type": "Point",
        "coordinates": [
          -0.435917184957135,
          51.06186838119517
        ]
      },
      "properties": {
        "row_number": "135"
      }
    },
    {
      "type": "Feature",
      "geometry": {
        "type": "Point",
        "coordinates": [
          -0.435914032969644,
          51.06192191477386
        ]
      },
      "properties": {
        "row_number": "135"
      }
    },
    {
      "type": "Feature",
      "geometry": {
        "type": "Point",
        "coordinates": [
          -0.435911819619121,
          51.06197623470526
        ]
      },
      "properties": {
        "row_number": "135"
      }
    },
    {
      "type": "Feature",
      "geometry": {
        "type": "Point",
        "coordinates": [
          -0.435907844210399,
          51.06202952431406
        ]
      },
      "properties": {
        "row_number": "135"
      }
    },
    {
      "type": "Feature",
      "geometry": {
        "type": "Point",
        "coordinates": [
          -0.435903785466878,
          51.0620841404181
        ]
      },
      "properties": {
        "row_number": "135"
      }
    },
    {
      "type": "Feature",
      "geometry": {
        "type": "LineString",
        "coordinates": [
          [
            -0.435951310762157,
            51.06070311318884
          ],
          [
            -0.435950091839794,
            51.0607360739086
          ],
          [
            -0.435947601243745,
            51.06078962585719
          ],
          [
            -0.435944960256556,
            51.06084344254002
          ],
          [
            -0.435941856152282,
            51.06089777271482
          ],
          [
            -0.435938890616765,
            51.0609524924628
          ],
          [
            -0.435935948590862,
            51.0610048198316
          ],
          [
            -0.435932177909455,
            51.0610587183568
          ],
          [
            -0.435929608788919,
            51.06111299781568
          ],
          [
            -0.435926444805763,
            51.06116732583585
          ],
          [
            -0.435923224724661,
            51.06122105553182
          ],
          [
            -0.435920255651574,
            51.06127489425502
          ],
          [
            -0.435917331025413,
            51.06132863239068
          ],
          [
            -0.435914168808005,
            51.06138238673909
          ],
          [
            -0.435911322459328,
            51.06143669053767
          ],
          [
            -0.435908566408361,
            51.06148983508511
          ],
          [
            -0.435905690384721,
            51.06154442893967
          ],
          [
            -0.435902626964244,
            51.06159788178382
          ],
          [
            -0.435898997894579,
            51.06165184726319
          ],
          [
            -0.435895900684071,
            51.06170578651217
          ],
          [
            -0.435892706789283,
            51.06175932935341
          ],
          [
            -0.435889446140432,
            51.0618133862716
          ],
          [
            -0.435886554383218,
            51.06186738859876
          ],
          [
            -0.435884020003692,
            51.06192103931716
          ],
          [
            -0.43588054102039,
            51.061975122557
          ],
          [
            -0.435877075240567,
            51.06202923902187
          ],
          [
            -0.435873396347997,
            51.06208454873656
          ]
        ]
      },
      "properties": {
        "row_number": "136"
      }
    },
    {
      "type": "Feature",
      "geometry": {
        "type": "Point",
        "coordinates": [
          -0.435951310762157,
          51.06070311318884
        ]
      },
      "properties": {
        "row_number": "136"
      }
    },
    {
      "type": "Feature",
      "geometry": {
        "type": "Point",
        "coordinates": [
          -0.435950091839794,
          51.0607360739086
        ]
      },
      "properties": {
        "row_number": "136"
      }
    },
    {
      "type": "Feature",
      "geometry": {
        "type": "Point",
        "coordinates": [
          -0.435947601243745,
          51.06078962585719
        ]
      },
      "properties": {
        "row_number": "136"
      }
    },
    {
      "type": "Feature",
      "geometry": {
        "type": "Point",
        "coordinates": [
          -0.435944960256556,
          51.06084344254002
        ]
      },
      "properties": {
        "row_number": "136"
      }
    },
    {
      "type": "Feature",
      "geometry": {
        "type": "Point",
        "coordinates": [
          -0.435941856152282,
          51.06089777271482
        ]
      },
      "properties": {
        "row_number": "136"
      }
    },
    {
      "type": "Feature",
      "geometry": {
        "type": "Point",
        "coordinates": [
          -0.435938890616765,
          51.0609524924628
        ]
      },
      "properties": {
        "row_number": "136"
      }
    },
    {
      "type": "Feature",
      "geometry": {
        "type": "Point",
        "coordinates": [
          -0.435935948590862,
          51.0610048198316
        ]
      },
      "properties": {
        "row_number": "136"
      }
    },
    {
      "type": "Feature",
      "geometry": {
        "type": "Point",
        "coordinates": [
          -0.435932177909455,
          51.0610587183568
        ]
      },
      "properties": {
        "row_number": "136"
      }
    },
    {
      "type": "Feature",
      "geometry": {
        "type": "Point",
        "coordinates": [
          -0.435929608788919,
          51.06111299781568
        ]
      },
      "properties": {
        "row_number": "136"
      }
    },
    {
      "type": "Feature",
      "geometry": {
        "type": "Point",
        "coordinates": [
          -0.435926444805763,
          51.06116732583585
        ]
      },
      "properties": {
        "row_number": "136"
      }
    },
    {
      "type": "Feature",
      "geometry": {
        "type": "Point",
        "coordinates": [
          -0.435923224724661,
          51.06122105553182
        ]
      },
      "properties": {
        "row_number": "136"
      }
    },
    {
      "type": "Feature",
      "geometry": {
        "type": "Point",
        "coordinates": [
          -0.435920255651574,
          51.06127489425502
        ]
      },
      "properties": {
        "row_number": "136"
      }
    },
    {
      "type": "Feature",
      "geometry": {
        "type": "Point",
        "coordinates": [
          -0.435917331025413,
          51.06132863239068
        ]
      },
      "properties": {
        "row_number": "136"
      }
    },
    {
      "type": "Feature",
      "geometry": {
        "type": "Point",
        "coordinates": [
          -0.435914168808005,
          51.06138238673909
        ]
      },
      "properties": {
        "row_number": "136"
      }
    },
    {
      "type": "Feature",
      "geometry": {
        "type": "Point",
        "coordinates": [
          -0.435911322459328,
          51.06143669053767
        ]
      },
      "properties": {
        "row_number": "136"
      }
    },
    {
      "type": "Feature",
      "geometry": {
        "type": "Point",
        "coordinates": [
          -0.435908566408361,
          51.06148983508511
        ]
      },
      "properties": {
        "row_number": "136"
      }
    },
    {
      "type": "Feature",
      "geometry": {
        "type": "Point",
        "coordinates": [
          -0.435905690384721,
          51.06154442893967
        ]
      },
      "properties": {
        "row_number": "136"
      }
    },
    {
      "type": "Feature",
      "geometry": {
        "type": "Point",
        "coordinates": [
          -0.435902626964244,
          51.06159788178382
        ]
      },
      "properties": {
        "row_number": "136"
      }
    },
    {
      "type": "Feature",
      "geometry": {
        "type": "Point",
        "coordinates": [
          -0.435898997894579,
          51.06165184726319
        ]
      },
      "properties": {
        "row_number": "136"
      }
    },
    {
      "type": "Feature",
      "geometry": {
        "type": "Point",
        "coordinates": [
          -0.435895900684071,
          51.06170578651217
        ]
      },
      "properties": {
        "row_number": "136"
      }
    },
    {
      "type": "Feature",
      "geometry": {
        "type": "Point",
        "coordinates": [
          -0.435892706789283,
          51.06175932935341
        ]
      },
      "properties": {
        "row_number": "136"
      }
    },
    {
      "type": "Feature",
      "geometry": {
        "type": "Point",
        "coordinates": [
          -0.435889446140432,
          51.0618133862716
        ]
      },
      "properties": {
        "row_number": "136"
      }
    },
    {
      "type": "Feature",
      "geometry": {
        "type": "Point",
        "coordinates": [
          -0.435886554383218,
          51.06186738859876
        ]
      },
      "properties": {
        "row_number": "136"
      }
    },
    {
      "type": "Feature",
      "geometry": {
        "type": "Point",
        "coordinates": [
          -0.435884020003692,
          51.06192103931716
        ]
      },
      "properties": {
        "row_number": "136"
      }
    },
    {
      "type": "Feature",
      "geometry": {
        "type": "Point",
        "coordinates": [
          -0.43588054102039,
          51.061975122557
        ]
      },
      "properties": {
        "row_number": "136"
      }
    },
    {
      "type": "Feature",
      "geometry": {
        "type": "Point",
        "coordinates": [
          -0.435877075240567,
          51.06202923902187
        ]
      },
      "properties": {
        "row_number": "136"
      }
    },
    {
      "type": "Feature",
      "geometry": {
        "type": "Point",
        "coordinates": [
          -0.435873396347997,
          51.06208454873656
        ]
      },
      "properties": {
        "row_number": "136"
      }
    },
    {
      "type": "Feature",
      "geometry": {
        "type": "LineString",
        "coordinates": [
          [
            -0.43592096662993,
            51.06069018064333
          ],
          [
            -0.435918317289183,
            51.0607352910537
          ],
          [
            -0.435915698870382,
            51.06078915289481
          ],
          [
            -0.435913468619138,
            51.06084251025238
          ],
          [
            -0.435910220311435,
            51.0608969951401
          ],
          [
            -0.435906613638255,
            51.06095079622349
          ],
          [
            -0.435903280000309,
            51.06100419923897
          ],
          [
            -0.435899797681256,
            51.06105800439587
          ],
          [
            -0.435896847855533,
            51.06111256403116
          ],
          [
            -0.435894206382692,
            51.06116608616304
          ],
          [
            -0.435891830936153,
            51.06122012524817
          ],
          [
            -0.43588763465477,
            51.0612738421861
          ],
          [
            -0.435884899193413,
            51.06132760999863
          ],
          [
            -0.43588161370625,
            51.06138174304491
          ],
          [
            -0.435878817495867,
            51.06143610639306
          ],
          [
            -0.435875730245252,
            51.06148933470362
          ],
          [
            -0.435872450297019,
            51.06154381624465
          ],
          [
            -0.435869165869009,
            51.06159693349026
          ],
          [
            -0.435866450641747,
            51.06165130904112
          ],
          [
            -0.435863278938806,
            51.0617050582279
          ],
          [
            -0.43586002503434,
            51.06176099827461
          ],
          [
            -0.435857182201171,
            51.06181312978593
          ],
          [
            -0.435854098772899,
            51.06186681518573
          ],
          [
            -0.435852095869156,
            51.06192051196059
          ],
          [
            -0.435848655757041,
            51.06197504610276
          ],
          [
            -0.435845317829187,
            51.06202950430702
          ],
          [
            -0.435842526191066,
            51.0620845331262
          ]
        ]
      },
      "properties": {
        "row_number": "137"
      }
    },
    {
      "type": "Feature",
      "geometry": {
        "type": "Point",
        "coordinates": [
          -0.43592096662993,
          51.06069018064333
        ]
      },
      "properties": {
        "row_number": "137"
      }
    },
    {
      "type": "Feature",
      "geometry": {
        "type": "Point",
        "coordinates": [
          -0.435918317289183,
          51.0607352910537
        ]
      },
      "properties": {
        "row_number": "137"
      }
    },
    {
      "type": "Feature",
      "geometry": {
        "type": "Point",
        "coordinates": [
          -0.435915698870382,
          51.06078915289481
        ]
      },
      "properties": {
        "row_number": "137"
      }
    },
    {
      "type": "Feature",
      "geometry": {
        "type": "Point",
        "coordinates": [
          -0.435913468619138,
          51.06084251025238
        ]
      },
      "properties": {
        "row_number": "137"
      }
    },
    {
      "type": "Feature",
      "geometry": {
        "type": "Point",
        "coordinates": [
          -0.435910220311435,
          51.0608969951401
        ]
      },
      "properties": {
        "row_number": "137"
      }
    },
    {
      "type": "Feature",
      "geometry": {
        "type": "Point",
        "coordinates": [
          -0.435906613638255,
          51.06095079622349
        ]
      },
      "properties": {
        "row_number": "137"
      }
    },
    {
      "type": "Feature",
      "geometry": {
        "type": "Point",
        "coordinates": [
          -0.435903280000309,
          51.06100419923897
        ]
      },
      "properties": {
        "row_number": "137"
      }
    },
    {
      "type": "Feature",
      "geometry": {
        "type": "Point",
        "coordinates": [
          -0.435899797681256,
          51.06105800439587
        ]
      },
      "properties": {
        "row_number": "137"
      }
    },
    {
      "type": "Feature",
      "geometry": {
        "type": "Point",
        "coordinates": [
          -0.435896847855533,
          51.06111256403116
        ]
      },
      "properties": {
        "row_number": "137"
      }
    },
    {
      "type": "Feature",
      "geometry": {
        "type": "Point",
        "coordinates": [
          -0.435894206382692,
          51.06116608616304
        ]
      },
      "properties": {
        "row_number": "137"
      }
    },
    {
      "type": "Feature",
      "geometry": {
        "type": "Point",
        "coordinates": [
          -0.435891830936153,
          51.06122012524817
        ]
      },
      "properties": {
        "row_number": "137"
      }
    },
    {
      "type": "Feature",
      "geometry": {
        "type": "Point",
        "coordinates": [
          -0.43588763465477,
          51.0612738421861
        ]
      },
      "properties": {
        "row_number": "137"
      }
    },
    {
      "type": "Feature",
      "geometry": {
        "type": "Point",
        "coordinates": [
          -0.435884899193413,
          51.06132760999863
        ]
      },
      "properties": {
        "row_number": "137"
      }
    },
    {
      "type": "Feature",
      "geometry": {
        "type": "Point",
        "coordinates": [
          -0.43588161370625,
          51.06138174304491
        ]
      },
      "properties": {
        "row_number": "137"
      }
    },
    {
      "type": "Feature",
      "geometry": {
        "type": "Point",
        "coordinates": [
          -0.435878817495867,
          51.06143610639306
        ]
      },
      "properties": {
        "row_number": "137"
      }
    },
    {
      "type": "Feature",
      "geometry": {
        "type": "Point",
        "coordinates": [
          -0.435875730245252,
          51.06148933470362
        ]
      },
      "properties": {
        "row_number": "137"
      }
    },
    {
      "type": "Feature",
      "geometry": {
        "type": "Point",
        "coordinates": [
          -0.435872450297019,
          51.06154381624465
        ]
      },
      "properties": {
        "row_number": "137"
      }
    },
    {
      "type": "Feature",
      "geometry": {
        "type": "Point",
        "coordinates": [
          -0.435869165869009,
          51.06159693349026
        ]
      },
      "properties": {
        "row_number": "137"
      }
    },
    {
      "type": "Feature",
      "geometry": {
        "type": "Point",
        "coordinates": [
          -0.435866450641747,
          51.06165130904112
        ]
      },
      "properties": {
        "row_number": "137"
      }
    },
    {
      "type": "Feature",
      "geometry": {
        "type": "Point",
        "coordinates": [
          -0.435863278938806,
          51.0617050582279
        ]
      },
      "properties": {
        "row_number": "137"
      }
    },
    {
      "type": "Feature",
      "geometry": {
        "type": "Point",
        "coordinates": [
          -0.43586002503434,
          51.06176099827461
        ]
      },
      "properties": {
        "row_number": "137"
      }
    },
    {
      "type": "Feature",
      "geometry": {
        "type": "Point",
        "coordinates": [
          -0.435857182201171,
          51.06181312978593
        ]
      },
      "properties": {
        "row_number": "137"
      }
    },
    {
      "type": "Feature",
      "geometry": {
        "type": "Point",
        "coordinates": [
          -0.435854098772899,
          51.06186681518573
        ]
      },
      "properties": {
        "row_number": "137"
      }
    },
    {
      "type": "Feature",
      "geometry": {
        "type": "Point",
        "coordinates": [
          -0.435852095869156,
          51.06192051196059
        ]
      },
      "properties": {
        "row_number": "137"
      }
    },
    {
      "type": "Feature",
      "geometry": {
        "type": "Point",
        "coordinates": [
          -0.435848655757041,
          51.06197504610276
        ]
      },
      "properties": {
        "row_number": "137"
      }
    },
    {
      "type": "Feature",
      "geometry": {
        "type": "Point",
        "coordinates": [
          -0.435845317829187,
          51.06202950430702
        ]
      },
      "properties": {
        "row_number": "137"
      }
    },
    {
      "type": "Feature",
      "geometry": {
        "type": "Point",
        "coordinates": [
          -0.435842526191066,
          51.0620845331262
        ]
      },
      "properties": {
        "row_number": "137"
      }
    },
    {
      "type": "Feature",
      "geometry": {
        "type": "LineString",
        "coordinates": [
          [
            -0.435890288530949,
            51.06067496579011
          ],
          [
            -0.435887626979989,
            51.06073433446037
          ],
          [
            -0.435885236465683,
            51.06078782851364
          ],
          [
            -0.435882102286447,
            51.06084197866181
          ],
          [
            -0.435879164764741,
            51.06089640546558
          ],
          [
            -0.435875683240932,
            51.06094986054383
          ],
          [
            -0.435872396446935,
            51.0610037149096
          ],
          [
            -0.435869231135881,
            51.06105743974382
          ],
          [
            -0.435866574023172,
            51.06111169744727
          ],
          [
            -0.435863005134527,
            51.06116586253405
          ],
          [
            -0.435860710877423,
            51.06121996510507
          ],
          [
            -0.43585736958468,
            51.06127328307015
          ],
          [
            -0.435854169882477,
            51.06132743938035
          ],
          [
            -0.435850765729078,
            51.0613811027686
          ],
          [
            -0.435847481103506,
            51.06143515208151
          ],
          [
            -0.435845156189465,
            51.06148864981743
          ],
          [
            -0.435842175968755,
            51.06154283938542
          ],
          [
            -0.435838959308996,
            51.06159672392697
          ],
          [
            -0.435835797638191,
            51.06165055997823
          ],
          [
            -0.435832484756702,
            51.06170418609066
          ],
          [
            -0.43582941680387,
            51.06175833991796
          ],
          [
            -0.43582621029671,
            51.06181241426836
          ],
          [
            -0.435823443009211,
            51.06186605421112
          ],
          [
            -0.435820220628809,
            51.06191971850893
          ],
          [
            -0.435817184732514,
            51.06197391582876
          ],
          [
            -0.435814026363088,
            51.06202772300492
          ],
          [
            -0.435809836990419,
            51.06208330277074
          ]
        ]
      },
      "properties": {
        "row_number": "138"
      }
    },
    {
      "type": "Feature",
      "geometry": {
        "type": "Point",
        "coordinates": [
          -0.435890288530949,
          51.06067496579011
        ]
      },
      "properties": {
        "row_number": "138"
      }
    },
    {
      "type": "Feature",
      "geometry": {
        "type": "Point",
        "coordinates": [
          -0.435887626979989,
          51.06073433446037
        ]
      },
      "properties": {
        "row_number": "138"
      }
    },
    {
      "type": "Feature",
      "geometry": {
        "type": "Point",
        "coordinates": [
          -0.435885236465683,
          51.06078782851364
        ]
      },
      "properties": {
        "row_number": "138"
      }
    },
    {
      "type": "Feature",
      "geometry": {
        "type": "Point",
        "coordinates": [
          -0.435882102286447,
          51.06084197866181
        ]
      },
      "properties": {
        "row_number": "138"
      }
    },
    {
      "type": "Feature",
      "geometry": {
        "type": "Point",
        "coordinates": [
          -0.435879164764741,
          51.06089640546558
        ]
      },
      "properties": {
        "row_number": "138"
      }
    },
    {
      "type": "Feature",
      "geometry": {
        "type": "Point",
        "coordinates": [
          -0.435875683240932,
          51.06094986054383
        ]
      },
      "properties": {
        "row_number": "138"
      }
    },
    {
      "type": "Feature",
      "geometry": {
        "type": "Point",
        "coordinates": [
          -0.435872396446935,
          51.0610037149096
        ]
      },
      "properties": {
        "row_number": "138"
      }
    },
    {
      "type": "Feature",
      "geometry": {
        "type": "Point",
        "coordinates": [
          -0.435869231135881,
          51.06105743974382
        ]
      },
      "properties": {
        "row_number": "138"
      }
    },
    {
      "type": "Feature",
      "geometry": {
        "type": "Point",
        "coordinates": [
          -0.435866574023172,
          51.06111169744727
        ]
      },
      "properties": {
        "row_number": "138"
      }
    },
    {
      "type": "Feature",
      "geometry": {
        "type": "Point",
        "coordinates": [
          -0.435863005134527,
          51.06116586253405
        ]
      },
      "properties": {
        "row_number": "138"
      }
    },
    {
      "type": "Feature",
      "geometry": {
        "type": "Point",
        "coordinates": [
          -0.435860710877423,
          51.06121996510507
        ]
      },
      "properties": {
        "row_number": "138"
      }
    },
    {
      "type": "Feature",
      "geometry": {
        "type": "Point",
        "coordinates": [
          -0.43585736958468,
          51.06127328307015
        ]
      },
      "properties": {
        "row_number": "138"
      }
    },
    {
      "type": "Feature",
      "geometry": {
        "type": "Point",
        "coordinates": [
          -0.435854169882477,
          51.06132743938035
        ]
      },
      "properties": {
        "row_number": "138"
      }
    },
    {
      "type": "Feature",
      "geometry": {
        "type": "Point",
        "coordinates": [
          -0.435850765729078,
          51.0613811027686
        ]
      },
      "properties": {
        "row_number": "138"
      }
    },
    {
      "type": "Feature",
      "geometry": {
        "type": "Point",
        "coordinates": [
          -0.435847481103506,
          51.06143515208151
        ]
      },
      "properties": {
        "row_number": "138"
      }
    },
    {
      "type": "Feature",
      "geometry": {
        "type": "Point",
        "coordinates": [
          -0.435845156189465,
          51.06148864981743
        ]
      },
      "properties": {
        "row_number": "138"
      }
    },
    {
      "type": "Feature",
      "geometry": {
        "type": "Point",
        "coordinates": [
          -0.435842175968755,
          51.06154283938542
        ]
      },
      "properties": {
        "row_number": "138"
      }
    },
    {
      "type": "Feature",
      "geometry": {
        "type": "Point",
        "coordinates": [
          -0.435838959308996,
          51.06159672392697
        ]
      },
      "properties": {
        "row_number": "138"
      }
    },
    {
      "type": "Feature",
      "geometry": {
        "type": "Point",
        "coordinates": [
          -0.435835797638191,
          51.06165055997823
        ]
      },
      "properties": {
        "row_number": "138"
      }
    },
    {
      "type": "Feature",
      "geometry": {
        "type": "Point",
        "coordinates": [
          -0.435832484756702,
          51.06170418609066
        ]
      },
      "properties": {
        "row_number": "138"
      }
    },
    {
      "type": "Feature",
      "geometry": {
        "type": "Point",
        "coordinates": [
          -0.43582941680387,
          51.06175833991796
        ]
      },
      "properties": {
        "row_number": "138"
      }
    },
    {
      "type": "Feature",
      "geometry": {
        "type": "Point",
        "coordinates": [
          -0.43582621029671,
          51.06181241426836
        ]
      },
      "properties": {
        "row_number": "138"
      }
    },
    {
      "type": "Feature",
      "geometry": {
        "type": "Point",
        "coordinates": [
          -0.435823443009211,
          51.06186605421112
        ]
      },
      "properties": {
        "row_number": "138"
      }
    },
    {
      "type": "Feature",
      "geometry": {
        "type": "Point",
        "coordinates": [
          -0.435820220628809,
          51.06191971850893
        ]
      },
      "properties": {
        "row_number": "138"
      }
    },
    {
      "type": "Feature",
      "geometry": {
        "type": "Point",
        "coordinates": [
          -0.435817184732514,
          51.06197391582876
        ]
      },
      "properties": {
        "row_number": "138"
      }
    },
    {
      "type": "Feature",
      "geometry": {
        "type": "Point",
        "coordinates": [
          -0.435814026363088,
          51.06202772300492
        ]
      },
      "properties": {
        "row_number": "138"
      }
    },
    {
      "type": "Feature",
      "geometry": {
        "type": "Point",
        "coordinates": [
          -0.435809836990419,
          51.06208330277074
        ]
      },
      "properties": {
        "row_number": "138"
      }
    },
    {
      "type": "Feature",
      "geometry": {
        "type": "LineString",
        "coordinates": [
          [
            -0.43586062220859,
            51.06066017296051
          ],
          [
            -0.43585966962332,
            51.06068070505693
          ],
          [
            -0.435856609316052,
            51.06073359555688
          ],
          [
            -0.435852894662567,
            51.0607865354599
          ],
          [
            -0.435848875761056,
            51.0608422197203
          ],
          [
            -0.435845968152742,
            51.06089534088001
          ],
          [
            -0.435843488413528,
            51.06095051060276
          ],
          [
            -0.435840360918205,
            51.06100273794381
          ],
          [
            -0.435837531286436,
            51.06105684181863
          ],
          [
            -0.435834326619804,
            51.06111102786296
          ],
          [
            -0.435831482997366,
            51.06116519713747
          ],
          [
            -0.435828503964466,
            51.0612194492169
          ],
          [
            -0.435824777369593,
            51.06127302427537
          ],
          [
            -0.435822199165104,
            51.06132677166411
          ],
          [
            -0.435818222890074,
            51.06138046248454
          ],
          [
            -0.435815182034527,
            51.06143490722753
          ],
          [
            -0.435812542468881,
            51.06148797885123
          ],
          [
            -0.435808981832415,
            51.06154245916904
          ],
          [
            -0.435806337504379,
            51.06159507641772
          ],
          [
            -0.435802731976263,
            51.06164977758847
          ],
          [
            -0.435799404844852,
            51.06170380338859
          ],
          [
            -0.435796855425816,
            51.06175743546481
          ],
          [
            -0.435793902916679,
            51.06181204355769
          ],
          [
            -0.435790965169414,
            51.06186529657605
          ],
          [
            -0.435787964298182,
            51.06191882775026
          ],
          [
            -0.43578427266862,
            51.06197325022379
          ],
          [
            -0.43578150487023,
            51.06202707351881
          ],
          [
            -0.435778295938409,
            51.0620830172272
          ]
        ]
      },
      "properties": {
        "row_number": "139"
      }
    },
    {
      "type": "Feature",
      "geometry": {
        "type": "Point",
        "coordinates": [
          -0.43586062220859,
          51.06066017296051
        ]
      },
      "properties": {
        "row_number": "139"
      }
    },
    {
      "type": "Feature",
      "geometry": {
        "type": "Point",
        "coordinates": [
          -0.43585966962332,
          51.06068070505693
        ]
      },
      "properties": {
        "row_number": "139"
      }
    },
    {
      "type": "Feature",
      "geometry": {
        "type": "Point",
        "coordinates": [
          -0.435856609316052,
          51.06073359555688
        ]
      },
      "properties": {
        "row_number": "139"
      }
    },
    {
      "type": "Feature",
      "geometry": {
        "type": "Point",
        "coordinates": [
          -0.435852894662567,
          51.0607865354599
        ]
      },
      "properties": {
        "row_number": "139"
      }
    },
    {
      "type": "Feature",
      "geometry": {
        "type": "Point",
        "coordinates": [
          -0.435848875761056,
          51.0608422197203
        ]
      },
      "properties": {
        "row_number": "139"
      }
    },
    {
      "type": "Feature",
      "geometry": {
        "type": "Point",
        "coordinates": [
          -0.435845968152742,
          51.06089534088001
        ]
      },
      "properties": {
        "row_number": "139"
      }
    },
    {
      "type": "Feature",
      "geometry": {
        "type": "Point",
        "coordinates": [
          -0.435843488413528,
          51.06095051060276
        ]
      },
      "properties": {
        "row_number": "139"
      }
    },
    {
      "type": "Feature",
      "geometry": {
        "type": "Point",
        "coordinates": [
          -0.435840360918205,
          51.06100273794381
        ]
      },
      "properties": {
        "row_number": "139"
      }
    },
    {
      "type": "Feature",
      "geometry": {
        "type": "Point",
        "coordinates": [
          -0.435837531286436,
          51.06105684181863
        ]
      },
      "properties": {
        "row_number": "139"
      }
    },
    {
      "type": "Feature",
      "geometry": {
        "type": "Point",
        "coordinates": [
          -0.435834326619804,
          51.06111102786296
        ]
      },
      "properties": {
        "row_number": "139"
      }
    },
    {
      "type": "Feature",
      "geometry": {
        "type": "Point",
        "coordinates": [
          -0.435831482997366,
          51.06116519713747
        ]
      },
      "properties": {
        "row_number": "139"
      }
    },
    {
      "type": "Feature",
      "geometry": {
        "type": "Point",
        "coordinates": [
          -0.435828503964466,
          51.0612194492169
        ]
      },
      "properties": {
        "row_number": "139"
      }
    },
    {
      "type": "Feature",
      "geometry": {
        "type": "Point",
        "coordinates": [
          -0.435824777369593,
          51.06127302427537
        ]
      },
      "properties": {
        "row_number": "139"
      }
    },
    {
      "type": "Feature",
      "geometry": {
        "type": "Point",
        "coordinates": [
          -0.435822199165104,
          51.06132677166411
        ]
      },
      "properties": {
        "row_number": "139"
      }
    },
    {
      "type": "Feature",
      "geometry": {
        "type": "Point",
        "coordinates": [
          -0.435818222890074,
          51.06138046248454
        ]
      },
      "properties": {
        "row_number": "139"
      }
    },
    {
      "type": "Feature",
      "geometry": {
        "type": "Point",
        "coordinates": [
          -0.435815182034527,
          51.06143490722753
        ]
      },
      "properties": {
        "row_number": "139"
      }
    },
    {
      "type": "Feature",
      "geometry": {
        "type": "Point",
        "coordinates": [
          -0.435812542468881,
          51.06148797885123
        ]
      },
      "properties": {
        "row_number": "139"
      }
    },
    {
      "type": "Feature",
      "geometry": {
        "type": "Point",
        "coordinates": [
          -0.435808981832415,
          51.06154245916904
        ]
      },
      "properties": {
        "row_number": "139"
      }
    },
    {
      "type": "Feature",
      "geometry": {
        "type": "Point",
        "coordinates": [
          -0.435806337504379,
          51.06159507641772
        ]
      },
      "properties": {
        "row_number": "139"
      }
    },
    {
      "type": "Feature",
      "geometry": {
        "type": "Point",
        "coordinates": [
          -0.435802731976263,
          51.06164977758847
        ]
      },
      "properties": {
        "row_number": "139"
      }
    },
    {
      "type": "Feature",
      "geometry": {
        "type": "Point",
        "coordinates": [
          -0.435799404844852,
          51.06170380338859
        ]
      },
      "properties": {
        "row_number": "139"
      }
    },
    {
      "type": "Feature",
      "geometry": {
        "type": "Point",
        "coordinates": [
          -0.435796855425816,
          51.06175743546481
        ]
      },
      "properties": {
        "row_number": "139"
      }
    },
    {
      "type": "Feature",
      "geometry": {
        "type": "Point",
        "coordinates": [
          -0.435793902916679,
          51.06181204355769
        ]
      },
      "properties": {
        "row_number": "139"
      }
    },
    {
      "type": "Feature",
      "geometry": {
        "type": "Point",
        "coordinates": [
          -0.435790965169414,
          51.06186529657605
        ]
      },
      "properties": {
        "row_number": "139"
      }
    },
    {
      "type": "Feature",
      "geometry": {
        "type": "Point",
        "coordinates": [
          -0.435787964298182,
          51.06191882775026
        ]
      },
      "properties": {
        "row_number": "139"
      }
    },
    {
      "type": "Feature",
      "geometry": {
        "type": "Point",
        "coordinates": [
          -0.43578427266862,
          51.06197325022379
        ]
      },
      "properties": {
        "row_number": "139"
      }
    },
    {
      "type": "Feature",
      "geometry": {
        "type": "Point",
        "coordinates": [
          -0.43578150487023,
          51.06202707351881
        ]
      },
      "properties": {
        "row_number": "139"
      }
    },
    {
      "type": "Feature",
      "geometry": {
        "type": "Point",
        "coordinates": [
          -0.435778295938409,
          51.0620830172272
        ]
      },
      "properties": {
        "row_number": "139"
      }
    },
    {
      "type": "Feature",
      "geometry": {
        "type": "LineString",
        "coordinates": [
          [
            -0.435829276686912,
            51.0606446767219
          ],
          [
            -0.435827552969383,
            51.06067945978901
          ],
          [
            -0.435824129745859,
            51.0607329146503
          ],
          [
            -0.435821369880622,
            51.06078677892435
          ],
          [
            -0.435818371468144,
            51.06084179630648
          ],
          [
            -0.435815553133778,
            51.0608949605528
          ],
          [
            -0.435812436910019,
            51.06094882596625
          ],
          [
            -0.435809329055565,
            51.06100224904041
          ],
          [
            -0.435806585686753,
            51.0610563790319
          ],
          [
            -0.435803281165876,
            51.06111025016637
          ],
          [
            -0.435800936696218,
            51.06116431628664
          ],
          [
            -0.435797474628745,
            51.06121870522327
          ],
          [
            -0.435793717837467,
            51.06127213051266
          ],
          [
            -0.435790311802073,
            51.06132595802303
          ],
          [
            -0.435787749727721,
            51.06137985993605
          ],
          [
            -0.435783954651048,
            51.06143384081737
          ],
          [
            -0.435781289081862,
            51.06148730612083
          ],
          [
            -0.435778474454711,
            51.06154173552549
          ],
          [
            -0.435775548024913,
            51.06159508304554
          ],
          [
            -0.435772114529385,
            51.06164912416624
          ],
          [
            -0.435769581393623,
            51.06170250572274
          ],
          [
            -0.435766329045753,
            51.0617567651032
          ],
          [
            -0.43576356483769,
            51.06181109959011
          ],
          [
            -0.435760223973525,
            51.06186462385074
          ],
          [
            -0.435756867385317,
            51.06191815511903
          ],
          [
            -0.435753193600101,
            51.06197239187112
          ],
          [
            -0.435750557821506,
            51.0620259619222
          ],
          [
            -0.435746711583598,
            51.06208214508756
          ]
        ]
      },
      "properties": {
        "row_number": "140"
      }
    },
    {
      "type": "Feature",
      "geometry": {
        "type": "Point",
        "coordinates": [
          -0.435829276686912,
          51.0606446767219
        ]
      },
      "properties": {
        "row_number": "140"
      }
    },
    {
      "type": "Feature",
      "geometry": {
        "type": "Point",
        "coordinates": [
          -0.435827552969383,
          51.06067945978901
        ]
      },
      "properties": {
        "row_number": "140"
      }
    },
    {
      "type": "Feature",
      "geometry": {
        "type": "Point",
        "coordinates": [
          -0.435824129745859,
          51.0607329146503
        ]
      },
      "properties": {
        "row_number": "140"
      }
    },
    {
      "type": "Feature",
      "geometry": {
        "type": "Point",
        "coordinates": [
          -0.435821369880622,
          51.06078677892435
        ]
      },
      "properties": {
        "row_number": "140"
      }
    },
    {
      "type": "Feature",
      "geometry": {
        "type": "Point",
        "coordinates": [
          -0.435818371468144,
          51.06084179630648
        ]
      },
      "properties": {
        "row_number": "140"
      }
    },
    {
      "type": "Feature",
      "geometry": {
        "type": "Point",
        "coordinates": [
          -0.435815553133778,
          51.0608949605528
        ]
      },
      "properties": {
        "row_number": "140"
      }
    },
    {
      "type": "Feature",
      "geometry": {
        "type": "Point",
        "coordinates": [
          -0.435812436910019,
          51.06094882596625
        ]
      },
      "properties": {
        "row_number": "140"
      }
    },
    {
      "type": "Feature",
      "geometry": {
        "type": "Point",
        "coordinates": [
          -0.435809329055565,
          51.06100224904041
        ]
      },
      "properties": {
        "row_number": "140"
      }
    },
    {
      "type": "Feature",
      "geometry": {
        "type": "Point",
        "coordinates": [
          -0.435806585686753,
          51.0610563790319
        ]
      },
      "properties": {
        "row_number": "140"
      }
    },
    {
      "type": "Feature",
      "geometry": {
        "type": "Point",
        "coordinates": [
          -0.435803281165876,
          51.06111025016637
        ]
      },
      "properties": {
        "row_number": "140"
      }
    },
    {
      "type": "Feature",
      "geometry": {
        "type": "Point",
        "coordinates": [
          -0.435800936696218,
          51.06116431628664
        ]
      },
      "properties": {
        "row_number": "140"
      }
    },
    {
      "type": "Feature",
      "geometry": {
        "type": "Point",
        "coordinates": [
          -0.435797474628745,
          51.06121870522327
        ]
      },
      "properties": {
        "row_number": "140"
      }
    },
    {
      "type": "Feature",
      "geometry": {
        "type": "Point",
        "coordinates": [
          -0.435793717837467,
          51.06127213051266
        ]
      },
      "properties": {
        "row_number": "140"
      }
    },
    {
      "type": "Feature",
      "geometry": {
        "type": "Point",
        "coordinates": [
          -0.435790311802073,
          51.06132595802303
        ]
      },
      "properties": {
        "row_number": "140"
      }
    },
    {
      "type": "Feature",
      "geometry": {
        "type": "Point",
        "coordinates": [
          -0.435787749727721,
          51.06137985993605
        ]
      },
      "properties": {
        "row_number": "140"
      }
    },
    {
      "type": "Feature",
      "geometry": {
        "type": "Point",
        "coordinates": [
          -0.435783954651048,
          51.06143384081737
        ]
      },
      "properties": {
        "row_number": "140"
      }
    },
    {
      "type": "Feature",
      "geometry": {
        "type": "Point",
        "coordinates": [
          -0.435781289081862,
          51.06148730612083
        ]
      },
      "properties": {
        "row_number": "140"
      }
    },
    {
      "type": "Feature",
      "geometry": {
        "type": "Point",
        "coordinates": [
          -0.435778474454711,
          51.06154173552549
        ]
      },
      "properties": {
        "row_number": "140"
      }
    },
    {
      "type": "Feature",
      "geometry": {
        "type": "Point",
        "coordinates": [
          -0.435775548024913,
          51.06159508304554
        ]
      },
      "properties": {
        "row_number": "140"
      }
    },
    {
      "type": "Feature",
      "geometry": {
        "type": "Point",
        "coordinates": [
          -0.435772114529385,
          51.06164912416624
        ]
      },
      "properties": {
        "row_number": "140"
      }
    },
    {
      "type": "Feature",
      "geometry": {
        "type": "Point",
        "coordinates": [
          -0.435769581393623,
          51.06170250572274
        ]
      },
      "properties": {
        "row_number": "140"
      }
    },
    {
      "type": "Feature",
      "geometry": {
        "type": "Point",
        "coordinates": [
          -0.435766329045753,
          51.0617567651032
        ]
      },
      "properties": {
        "row_number": "140"
      }
    },
    {
      "type": "Feature",
      "geometry": {
        "type": "Point",
        "coordinates": [
          -0.43576356483769,
          51.06181109959011
        ]
      },
      "properties": {
        "row_number": "140"
      }
    },
    {
      "type": "Feature",
      "geometry": {
        "type": "Point",
        "coordinates": [
          -0.435760223973525,
          51.06186462385074
        ]
      },
      "properties": {
        "row_number": "140"
      }
    },
    {
      "type": "Feature",
      "geometry": {
        "type": "Point",
        "coordinates": [
          -0.435756867385317,
          51.06191815511903
        ]
      },
      "properties": {
        "row_number": "140"
      }
    },
    {
      "type": "Feature",
      "geometry": {
        "type": "Point",
        "coordinates": [
          -0.435753193600101,
          51.06197239187112
        ]
      },
      "properties": {
        "row_number": "140"
      }
    },
    {
      "type": "Feature",
      "geometry": {
        "type": "Point",
        "coordinates": [
          -0.435750557821506,
          51.0620259619222
        ]
      },
      "properties": {
        "row_number": "140"
      }
    },
    {
      "type": "Feature",
      "geometry": {
        "type": "Point",
        "coordinates": [
          -0.435746711583598,
          51.06208214508756
        ]
      },
      "properties": {
        "row_number": "140"
      }
    },
    {
      "type": "Feature",
      "geometry": {
        "type": "LineString",
        "coordinates": [
          [
            -0.435800072706738,
            51.06062996047696
          ],
          [
            -0.435796367698678,
            51.06067848752226
          ],
          [
            -0.43579304336337,
            51.06073262622942
          ],
          [
            -0.435789952633419,
            51.06078595583443
          ],
          [
            -0.435786619160641,
            51.06083995275456
          ],
          [
            -0.435783685627904,
            51.0608945260235
          ],
          [
            -0.435780639906909,
            51.06094810429233
          ],
          [
            -0.435777682224629,
            51.06100146883939
          ],
          [
            -0.435774617314644,
            51.06105559455833
          ],
          [
            -0.435772027911672,
            51.06110946746104
          ],
          [
            -0.435768483180903,
            51.06116389389839
          ],
          [
            -0.435765782410575,
            51.06121759132434
          ],
          [
            -0.435762272240681,
            51.06127133414897
          ],
          [
            -0.435759172150856,
            51.06132501886108
          ],
          [
            -0.435756283642343,
            51.0613789682946
          ],
          [
            -0.435752757695589,
            51.06143286627516
          ],
          [
            -0.435749711094537,
            51.06148653250914
          ],
          [
            -0.435746378535189,
            51.06154102455673
          ],
          [
            -0.43574327662528,
            51.06159459432915
          ],
          [
            -0.435740227182202,
            51.06164840404204
          ],
          [
            -0.435736886794136,
            51.06170230030445
          ],
          [
            -0.435733545853452,
            51.06175509525762
          ],
          [
            -0.435730567730164,
            51.06181022958632
          ],
          [
            -0.435728148910619,
            51.06186378428516
          ],
          [
            -0.43572578213928,
            51.06191752886566
          ],
          [
            -0.435721972578813,
            51.06197198844171
          ],
          [
            -0.435718582154752,
            51.06202586099857
          ],
          [
            -0.435715253265248,
            51.06208144085041
          ]
        ]
      },
      "properties": {
        "row_number": "141"
      }
    },
    {
      "type": "Feature",
      "geometry": {
        "type": "Point",
        "coordinates": [
          -0.435800072706738,
          51.06062996047696
        ]
      },
      "properties": {
        "row_number": "141"
      }
    },
    {
      "type": "Feature",
      "geometry": {
        "type": "Point",
        "coordinates": [
          -0.435796367698678,
          51.06067848752226
        ]
      },
      "properties": {
        "row_number": "141"
      }
    },
    {
      "type": "Feature",
      "geometry": {
        "type": "Point",
        "coordinates": [
          -0.43579304336337,
          51.06073262622942
        ]
      },
      "properties": {
        "row_number": "141"
      }
    },
    {
      "type": "Feature",
      "geometry": {
        "type": "Point",
        "coordinates": [
          -0.435789952633419,
          51.06078595583443
        ]
      },
      "properties": {
        "row_number": "141"
      }
    },
    {
      "type": "Feature",
      "geometry": {
        "type": "Point",
        "coordinates": [
          -0.435786619160641,
          51.06083995275456
        ]
      },
      "properties": {
        "row_number": "141"
      }
    },
    {
      "type": "Feature",
      "geometry": {
        "type": "Point",
        "coordinates": [
          -0.435783685627904,
          51.0608945260235
        ]
      },
      "properties": {
        "row_number": "141"
      }
    },
    {
      "type": "Feature",
      "geometry": {
        "type": "Point",
        "coordinates": [
          -0.435780639906909,
          51.06094810429233
        ]
      },
      "properties": {
        "row_number": "141"
      }
    },
    {
      "type": "Feature",
      "geometry": {
        "type": "Point",
        "coordinates": [
          -0.435777682224629,
          51.06100146883939
        ]
      },
      "properties": {
        "row_number": "141"
      }
    },
    {
      "type": "Feature",
      "geometry": {
        "type": "Point",
        "coordinates": [
          -0.435774617314644,
          51.06105559455833
        ]
      },
      "properties": {
        "row_number": "141"
      }
    },
    {
      "type": "Feature",
      "geometry": {
        "type": "Point",
        "coordinates": [
          -0.435772027911672,
          51.06110946746104
        ]
      },
      "properties": {
        "row_number": "141"
      }
    },
    {
      "type": "Feature",
      "geometry": {
        "type": "Point",
        "coordinates": [
          -0.435768483180903,
          51.06116389389839
        ]
      },
      "properties": {
        "row_number": "141"
      }
    },
    {
      "type": "Feature",
      "geometry": {
        "type": "Point",
        "coordinates": [
          -0.435765782410575,
          51.06121759132434
        ]
      },
      "properties": {
        "row_number": "141"
      }
    },
    {
      "type": "Feature",
      "geometry": {
        "type": "Point",
        "coordinates": [
          -0.435762272240681,
          51.06127133414897
        ]
      },
      "properties": {
        "row_number": "141"
      }
    },
    {
      "type": "Feature",
      "geometry": {
        "type": "Point",
        "coordinates": [
          -0.435759172150856,
          51.06132501886108
        ]
      },
      "properties": {
        "row_number": "141"
      }
    },
    {
      "type": "Feature",
      "geometry": {
        "type": "Point",
        "coordinates": [
          -0.435756283642343,
          51.0613789682946
        ]
      },
      "properties": {
        "row_number": "141"
      }
    },
    {
      "type": "Feature",
      "geometry": {
        "type": "Point",
        "coordinates": [
          -0.435752757695589,
          51.06143286627516
        ]
      },
      "properties": {
        "row_number": "141"
      }
    },
    {
      "type": "Feature",
      "geometry": {
        "type": "Point",
        "coordinates": [
          -0.435749711094537,
          51.06148653250914
        ]
      },
      "properties": {
        "row_number": "141"
      }
    },
    {
      "type": "Feature",
      "geometry": {
        "type": "Point",
        "coordinates": [
          -0.435746378535189,
          51.06154102455673
        ]
      },
      "properties": {
        "row_number": "141"
      }
    },
    {
      "type": "Feature",
      "geometry": {
        "type": "Point",
        "coordinates": [
          -0.43574327662528,
          51.06159459432915
        ]
      },
      "properties": {
        "row_number": "141"
      }
    },
    {
      "type": "Feature",
      "geometry": {
        "type": "Point",
        "coordinates": [
          -0.435740227182202,
          51.06164840404204
        ]
      },
      "properties": {
        "row_number": "141"
      }
    },
    {
      "type": "Feature",
      "geometry": {
        "type": "Point",
        "coordinates": [
          -0.435736886794136,
          51.06170230030445
        ]
      },
      "properties": {
        "row_number": "141"
      }
    },
    {
      "type": "Feature",
      "geometry": {
        "type": "Point",
        "coordinates": [
          -0.435733545853452,
          51.06175509525762
        ]
      },
      "properties": {
        "row_number": "141"
      }
    },
    {
      "type": "Feature",
      "geometry": {
        "type": "Point",
        "coordinates": [
          -0.435730567730164,
          51.06181022958632
        ]
      },
      "properties": {
        "row_number": "141"
      }
    },
    {
      "type": "Feature",
      "geometry": {
        "type": "Point",
        "coordinates": [
          -0.435728148910619,
          51.06186378428516
        ]
      },
      "properties": {
        "row_number": "141"
      }
    },
    {
      "type": "Feature",
      "geometry": {
        "type": "Point",
        "coordinates": [
          -0.43572578213928,
          51.06191752886566
        ]
      },
      "properties": {
        "row_number": "141"
      }
    },
    {
      "type": "Feature",
      "geometry": {
        "type": "Point",
        "coordinates": [
          -0.435721972578813,
          51.06197198844171
        ]
      },
      "properties": {
        "row_number": "141"
      }
    },
    {
      "type": "Feature",
      "geometry": {
        "type": "Point",
        "coordinates": [
          -0.435718582154752,
          51.06202586099857
        ]
      },
      "properties": {
        "row_number": "141"
      }
    },
    {
      "type": "Feature",
      "geometry": {
        "type": "Point",
        "coordinates": [
          -0.435715253265248,
          51.06208144085041
        ]
      },
      "properties": {
        "row_number": "141"
      }
    },
    {
      "type": "Feature",
      "geometry": {
        "type": "LineString",
        "coordinates": [
          [
            -0.435768900976901,
            51.06061536043291
          ],
          [
            -0.435765345649288,
            51.0606776382793
          ],
          [
            -0.435761859022981,
            51.06073175077591
          ],
          [
            -0.435759065732642,
            51.06078542300844
          ],
          [
            -0.435756124710416,
            51.06083931937017
          ],
          [
            -0.435752976062793,
            51.0608936092853
          ],
          [
            -0.435749994500236,
            51.06094700217972
          ],
          [
            -0.435746857932751,
            51.06100045820889
          ],
          [
            -0.435744079264675,
            51.06105467479523
          ],
          [
            -0.435741225580986,
            51.06110878756365
          ],
          [
            -0.43573815955849,
            51.06116275110709
          ],
          [
            -0.435734512235566,
            51.06121710721239
          ],
          [
            -0.435731275522209,
            51.06127058406837
          ],
          [
            -0.43572808211547,
            51.06132458077808
          ],
          [
            -0.435725067571715,
            51.06137813965901
          ],
          [
            -0.43572220575715,
            51.06143192641741
          ],
          [
            -0.435717953155879,
            51.06148593274338
          ],
          [
            -0.435715740214109,
            51.06154014142117
          ],
          [
            -0.435712427448627,
            51.06159359305229
          ],
          [
            -0.43570911930285,
            51.06164764096268
          ],
          [
            -0.43570588469217,
            51.06170139293959
          ],
          [
            -0.43570375055864,
            51.06175471139352
          ],
          [
            -0.435699545125339,
            51.06180982926255
          ],
          [
            -0.435697009714837,
            51.06186366588375
          ],
          [
            -0.43569402313937,
            51.061917534747
          ],
          [
            -0.435690160206037,
            51.06197116303817
          ],
          [
            -0.435687596868775,
            51.06202537389046
          ],
          [
            -0.435683608884692,
            51.06208101494941
          ]
        ]
      },
      "properties": {
        "row_number": "142"
      }
    },
    {
      "type": "Feature",
      "geometry": {
        "type": "Point",
        "coordinates": [
          -0.435768900976901,
          51.06061536043291
        ]
      },
      "properties": {
        "row_number": "142"
      }
    },
    {
      "type": "Feature",
      "geometry": {
        "type": "Point",
        "coordinates": [
          -0.435765345649288,
          51.0606776382793
        ]
      },
      "properties": {
        "row_number": "142"
      }
    },
    {
      "type": "Feature",
      "geometry": {
        "type": "Point",
        "coordinates": [
          -0.435761859022981,
          51.06073175077591
        ]
      },
      "properties": {
        "row_number": "142"
      }
    },
    {
      "type": "Feature",
      "geometry": {
        "type": "Point",
        "coordinates": [
          -0.435759065732642,
          51.06078542300844
        ]
      },
      "properties": {
        "row_number": "142"
      }
    },
    {
      "type": "Feature",
      "geometry": {
        "type": "Point",
        "coordinates": [
          -0.435756124710416,
          51.06083931937017
        ]
      },
      "properties": {
        "row_number": "142"
      }
    },
    {
      "type": "Feature",
      "geometry": {
        "type": "Point",
        "coordinates": [
          -0.435752976062793,
          51.0608936092853
        ]
      },
      "properties": {
        "row_number": "142"
      }
    },
    {
      "type": "Feature",
      "geometry": {
        "type": "Point",
        "coordinates": [
          -0.435749994500236,
          51.06094700217972
        ]
      },
      "properties": {
        "row_number": "142"
      }
    },
    {
      "type": "Feature",
      "geometry": {
        "type": "Point",
        "coordinates": [
          -0.435746857932751,
          51.06100045820889
        ]
      },
      "properties": {
        "row_number": "142"
      }
    },
    {
      "type": "Feature",
      "geometry": {
        "type": "Point",
        "coordinates": [
          -0.435744079264675,
          51.06105467479523
        ]
      },
      "properties": {
        "row_number": "142"
      }
    },
    {
      "type": "Feature",
      "geometry": {
        "type": "Point",
        "coordinates": [
          -0.435741225580986,
          51.06110878756365
        ]
      },
      "properties": {
        "row_number": "142"
      }
    },
    {
      "type": "Feature",
      "geometry": {
        "type": "Point",
        "coordinates": [
          -0.43573815955849,
          51.06116275110709
        ]
      },
      "properties": {
        "row_number": "142"
      }
    },
    {
      "type": "Feature",
      "geometry": {
        "type": "Point",
        "coordinates": [
          -0.435734512235566,
          51.06121710721239
        ]
      },
      "properties": {
        "row_number": "142"
      }
    },
    {
      "type": "Feature",
      "geometry": {
        "type": "Point",
        "coordinates": [
          -0.435731275522209,
          51.06127058406837
        ]
      },
      "properties": {
        "row_number": "142"
      }
    },
    {
      "type": "Feature",
      "geometry": {
        "type": "Point",
        "coordinates": [
          -0.43572808211547,
          51.06132458077808
        ]
      },
      "properties": {
        "row_number": "142"
      }
    },
    {
      "type": "Feature",
      "geometry": {
        "type": "Point",
        "coordinates": [
          -0.435725067571715,
          51.06137813965901
        ]
      },
      "properties": {
        "row_number": "142"
      }
    },
    {
      "type": "Feature",
      "geometry": {
        "type": "Point",
        "coordinates": [
          -0.43572220575715,
          51.06143192641741
        ]
      },
      "properties": {
        "row_number": "142"
      }
    },
    {
      "type": "Feature",
      "geometry": {
        "type": "Point",
        "coordinates": [
          -0.435717953155879,
          51.06148593274338
        ]
      },
      "properties": {
        "row_number": "142"
      }
    },
    {
      "type": "Feature",
      "geometry": {
        "type": "Point",
        "coordinates": [
          -0.435715740214109,
          51.06154014142117
        ]
      },
      "properties": {
        "row_number": "142"
      }
    },
    {
      "type": "Feature",
      "geometry": {
        "type": "Point",
        "coordinates": [
          -0.435712427448627,
          51.06159359305229
        ]
      },
      "properties": {
        "row_number": "142"
      }
    },
    {
      "type": "Feature",
      "geometry": {
        "type": "Point",
        "coordinates": [
          -0.43570911930285,
          51.06164764096268
        ]
      },
      "properties": {
        "row_number": "142"
      }
    },
    {
      "type": "Feature",
      "geometry": {
        "type": "Point",
        "coordinates": [
          -0.43570588469217,
          51.06170139293959
        ]
      },
      "properties": {
        "row_number": "142"
      }
    },
    {
      "type": "Feature",
      "geometry": {
        "type": "Point",
        "coordinates": [
          -0.43570375055864,
          51.06175471139352
        ]
      },
      "properties": {
        "row_number": "142"
      }
    },
    {
      "type": "Feature",
      "geometry": {
        "type": "Point",
        "coordinates": [
          -0.435699545125339,
          51.06180982926255
        ]
      },
      "properties": {
        "row_number": "142"
      }
    },
    {
      "type": "Feature",
      "geometry": {
        "type": "Point",
        "coordinates": [
          -0.435697009714837,
          51.06186366588375
        ]
      },
      "properties": {
        "row_number": "142"
      }
    },
    {
      "type": "Feature",
      "geometry": {
        "type": "Point",
        "coordinates": [
          -0.43569402313937,
          51.061917534747
        ]
      },
      "properties": {
        "row_number": "142"
      }
    },
    {
      "type": "Feature",
      "geometry": {
        "type": "Point",
        "coordinates": [
          -0.435690160206037,
          51.06197116303817
        ]
      },
      "properties": {
        "row_number": "142"
      }
    },
    {
      "type": "Feature",
      "geometry": {
        "type": "Point",
        "coordinates": [
          -0.435687596868775,
          51.06202537389046
        ]
      },
      "properties": {
        "row_number": "142"
      }
    },
    {
      "type": "Feature",
      "geometry": {
        "type": "Point",
        "coordinates": [
          -0.435683608884692,
          51.06208101494941
        ]
      },
      "properties": {
        "row_number": "142"
      }
    },
    {
      "type": "Feature",
      "geometry": {
        "type": "LineString",
        "coordinates": [
          [
            -0.435737053141232,
            51.06060112082285
          ],
          [
            -0.435737601036181,
            51.06062300487758
          ],
          [
            -0.435734749248495,
            51.06067682378847
          ],
          [
            -0.435731394002115,
            51.06073098051705
          ],
          [
            -0.435728457730569,
            51.06078476562018
          ],
          [
            -0.435725635485871,
            51.06083866674714
          ],
          [
            -0.435722728243544,
            51.06089270440417
          ],
          [
            -0.435719206785758,
            51.06094670267306
          ],
          [
            -0.435715167796356,
            51.06100038623423
          ],
          [
            -0.43571205636928,
            51.06105418860858
          ],
          [
            -0.435709639710406,
            51.06110805642943
          ],
          [
            -0.43570585273911,
            51.06116233402916
          ],
          [
            -0.435703044937839,
            51.061216331962
          ],
          [
            -0.435699907489238,
            51.06126986114649
          ],
          [
            -0.435696188800501,
            51.06132376364032
          ],
          [
            -0.435693696323876,
            51.06137762626683
          ],
          [
            -0.435690578903354,
            51.06143146574643
          ],
          [
            -0.435687452323719,
            51.06148541409738
          ],
          [
            -0.435684705206485,
            51.06153920524024
          ],
          [
            -0.435681402172718,
            51.06159340643465
          ],
          [
            -0.435678082817808,
            51.06164673919074
          ],
          [
            -0.435675322532028,
            51.0617007810835
          ],
          [
            -0.435673101988139,
            51.06175465963104
          ],
          [
            -0.435669551601994,
            51.06180888787742
          ],
          [
            -0.435666708535811,
            51.06186222740865
          ],
          [
            -0.435663058006153,
            51.06191685341948
          ],
          [
            -0.435660397474778,
            51.06197021420456
          ],
          [
            -0.435656760433649,
            51.06202429017018
          ],
          [
            -0.435653910470104,
            51.06207983168716
          ]
        ]
      },
      "properties": {
        "row_number": "143"
      }
    },
    {
      "type": "Feature",
      "geometry": {
        "type": "Point",
        "coordinates": [
          -0.435737053141232,
          51.06060112082285
        ]
      },
      "properties": {
        "row_number": "143"
      }
    },
    {
      "type": "Feature",
      "geometry": {
        "type": "Point",
        "coordinates": [
          -0.435737601036181,
          51.06062300487758
        ]
      },
      "properties": {
        "row_number": "143"
      }
    },
    {
      "type": "Feature",
      "geometry": {
        "type": "Point",
        "coordinates": [
          -0.435734749248495,
          51.06067682378847
        ]
      },
      "properties": {
        "row_number": "143"
      }
    },
    {
      "type": "Feature",
      "geometry": {
        "type": "Point",
        "coordinates": [
          -0.435731394002115,
          51.06073098051705
        ]
      },
      "properties": {
        "row_number": "143"
      }
    },
    {
      "type": "Feature",
      "geometry": {
        "type": "Point",
        "coordinates": [
          -0.435728457730569,
          51.06078476562018
        ]
      },
      "properties": {
        "row_number": "143"
      }
    },
    {
      "type": "Feature",
      "geometry": {
        "type": "Point",
        "coordinates": [
          -0.435725635485871,
          51.06083866674714
        ]
      },
      "properties": {
        "row_number": "143"
      }
    },
    {
      "type": "Feature",
      "geometry": {
        "type": "Point",
        "coordinates": [
          -0.435722728243544,
          51.06089270440417
        ]
      },
      "properties": {
        "row_number": "143"
      }
    },
    {
      "type": "Feature",
      "geometry": {
        "type": "Point",
        "coordinates": [
          -0.435719206785758,
          51.06094670267306
        ]
      },
      "properties": {
        "row_number": "143"
      }
    },
    {
      "type": "Feature",
      "geometry": {
        "type": "Point",
        "coordinates": [
          -0.435715167796356,
          51.06100038623423
        ]
      },
      "properties": {
        "row_number": "143"
      }
    },
    {
      "type": "Feature",
      "geometry": {
        "type": "Point",
        "coordinates": [
          -0.43571205636928,
          51.06105418860858
        ]
      },
      "properties": {
        "row_number": "143"
      }
    },
    {
      "type": "Feature",
      "geometry": {
        "type": "Point",
        "coordinates": [
          -0.435709639710406,
          51.06110805642943
        ]
      },
      "properties": {
        "row_number": "143"
      }
    },
    {
      "type": "Feature",
      "geometry": {
        "type": "Point",
        "coordinates": [
          -0.43570585273911,
          51.06116233402916
        ]
      },
      "properties": {
        "row_number": "143"
      }
    },
    {
      "type": "Feature",
      "geometry": {
        "type": "Point",
        "coordinates": [
          -0.435703044937839,
          51.061216331962
        ]
      },
      "properties": {
        "row_number": "143"
      }
    },
    {
      "type": "Feature",
      "geometry": {
        "type": "Point",
        "coordinates": [
          -0.435699907489238,
          51.06126986114649
        ]
      },
      "properties": {
        "row_number": "143"
      }
    },
    {
      "type": "Feature",
      "geometry": {
        "type": "Point",
        "coordinates": [
          -0.435696188800501,
          51.06132376364032
        ]
      },
      "properties": {
        "row_number": "143"
      }
    },
    {
      "type": "Feature",
      "geometry": {
        "type": "Point",
        "coordinates": [
          -0.435693696323876,
          51.06137762626683
        ]
      },
      "properties": {
        "row_number": "143"
      }
    },
    {
      "type": "Feature",
      "geometry": {
        "type": "Point",
        "coordinates": [
          -0.435690578903354,
          51.06143146574643
        ]
      },
      "properties": {
        "row_number": "143"
      }
    },
    {
      "type": "Feature",
      "geometry": {
        "type": "Point",
        "coordinates": [
          -0.435687452323719,
          51.06148541409738
        ]
      },
      "properties": {
        "row_number": "143"
      }
    },
    {
      "type": "Feature",
      "geometry": {
        "type": "Point",
        "coordinates": [
          -0.435684705206485,
          51.06153920524024
        ]
      },
      "properties": {
        "row_number": "143"
      }
    },
    {
      "type": "Feature",
      "geometry": {
        "type": "Point",
        "coordinates": [
          -0.435681402172718,
          51.06159340643465
        ]
      },
      "properties": {
        "row_number": "143"
      }
    },
    {
      "type": "Feature",
      "geometry": {
        "type": "Point",
        "coordinates": [
          -0.435678082817808,
          51.06164673919074
        ]
      },
      "properties": {
        "row_number": "143"
      }
    },
    {
      "type": "Feature",
      "geometry": {
        "type": "Point",
        "coordinates": [
          -0.435675322532028,
          51.0617007810835
        ]
      },
      "properties": {
        "row_number": "143"
      }
    },
    {
      "type": "Feature",
      "geometry": {
        "type": "Point",
        "coordinates": [
          -0.435673101988139,
          51.06175465963104
        ]
      },
      "properties": {
        "row_number": "143"
      }
    },
    {
      "type": "Feature",
      "geometry": {
        "type": "Point",
        "coordinates": [
          -0.435669551601994,
          51.06180888787742
        ]
      },
      "properties": {
        "row_number": "143"
      }
    },
    {
      "type": "Feature",
      "geometry": {
        "type": "Point",
        "coordinates": [
          -0.435666708535811,
          51.06186222740865
        ]
      },
      "properties": {
        "row_number": "143"
      }
    },
    {
      "type": "Feature",
      "geometry": {
        "type": "Point",
        "coordinates": [
          -0.435663058006153,
          51.06191685341948
        ]
      },
      "properties": {
        "row_number": "143"
      }
    },
    {
      "type": "Feature",
      "geometry": {
        "type": "Point",
        "coordinates": [
          -0.435660397474778,
          51.06197021420456
        ]
      },
      "properties": {
        "row_number": "143"
      }
    },
    {
      "type": "Feature",
      "geometry": {
        "type": "Point",
        "coordinates": [
          -0.435656760433649,
          51.06202429017018
        ]
      },
      "properties": {
        "row_number": "143"
      }
    },
    {
      "type": "Feature",
      "geometry": {
        "type": "Point",
        "coordinates": [
          -0.435653910470104,
          51.06207983168716
        ]
      },
      "properties": {
        "row_number": "143"
      }
    },
    {
      "type": "Feature",
      "geometry": {
        "type": "LineString",
        "coordinates": [
          [
            -0.435706805756955,
            51.06058485041827
          ],
          [
            -0.435705720618016,
            51.06062196997266
          ],
          [
            -0.435702414379533,
            51.06067603369188
          ],
          [
            -0.435698905714834,
            51.06073120766411
          ],
          [
            -0.435695824910223,
            51.06078398924645
          ],
          [
            -0.435692604849744,
            51.06083804916859
          ],
          [
            -0.43568972511963,
            51.06089194284835
          ],
          [
            -0.435686513806675,
            51.06094564058993
          ],
          [
            -0.435683939674367,
            51.06099940529541
          ],
          [
            -0.435680603049171,
            51.06105362784718
          ],
          [
            -0.435677696173231,
            51.06110751838622
          ],
          [
            -0.435674970647546,
            51.06116158874404
          ],
          [
            -0.435671978100935,
            51.06121535342175
          ],
          [
            -0.435668824763045,
            51.06126915509159
          ],
          [
            -0.435665883100431,
            51.06132269525838
          ],
          [
            -0.435662329249418,
            51.06137679108747
          ],
          [
            -0.435659314890135,
            51.06143085968915
          ],
          [
            -0.435656348814071,
            51.06148414069152
          ],
          [
            -0.435653319234464,
            51.06153835661167
          ],
          [
            -0.435650100919509,
            51.06159218583706
          ],
          [
            -0.435646286968214,
            51.06164613964368
          ],
          [
            -0.435643825213934,
            51.06170007614971
          ],
          [
            -0.435640274703868,
            51.06175414917113
          ],
          [
            -0.435636963156232,
            51.06180815761341
          ],
          [
            -0.435634344948561,
            51.06186139038468
          ],
          [
            -0.435631035392912,
            51.06191493593695
          ],
          [
            -0.435627687352367,
            51.06196984929921
          ],
          [
            -0.435625361265384,
            51.062023343245
          ],
          [
            -0.435621646915896,
            51.06208048751432
          ]
        ]
      },
      "properties": {
        "row_number": "144"
      }
    },
    {
      "type": "Feature",
      "geometry": {
        "type": "Point",
        "coordinates": [
          -0.435706805756955,
          51.06058485041827
        ]
      },
      "properties": {
        "row_number": "144"
      }
    },
    {
      "type": "Feature",
      "geometry": {
        "type": "Point",
        "coordinates": [
          -0.435705720618016,
          51.06062196997266
        ]
      },
      "properties": {
        "row_number": "144"
      }
    },
    {
      "type": "Feature",
      "geometry": {
        "type": "Point",
        "coordinates": [
          -0.435702414379533,
          51.06067603369188
        ]
      },
      "properties": {
        "row_number": "144"
      }
    },
    {
      "type": "Feature",
      "geometry": {
        "type": "Point",
        "coordinates": [
          -0.435698905714834,
          51.06073120766411
        ]
      },
      "properties": {
        "row_number": "144"
      }
    },
    {
      "type": "Feature",
      "geometry": {
        "type": "Point",
        "coordinates": [
          -0.435695824910223,
          51.06078398924645
        ]
      },
      "properties": {
        "row_number": "144"
      }
    },
    {
      "type": "Feature",
      "geometry": {
        "type": "Point",
        "coordinates": [
          -0.435692604849744,
          51.06083804916859
        ]
      },
      "properties": {
        "row_number": "144"
      }
    },
    {
      "type": "Feature",
      "geometry": {
        "type": "Point",
        "coordinates": [
          -0.43568972511963,
          51.06089194284835
        ]
      },
      "properties": {
        "row_number": "144"
      }
    },
    {
      "type": "Feature",
      "geometry": {
        "type": "Point",
        "coordinates": [
          -0.435686513806675,
          51.06094564058993
        ]
      },
      "properties": {
        "row_number": "144"
      }
    },
    {
      "type": "Feature",
      "geometry": {
        "type": "Point",
        "coordinates": [
          -0.435683939674367,
          51.06099940529541
        ]
      },
      "properties": {
        "row_number": "144"
      }
    },
    {
      "type": "Feature",
      "geometry": {
        "type": "Point",
        "coordinates": [
          -0.435680603049171,
          51.06105362784718
        ]
      },
      "properties": {
        "row_number": "144"
      }
    },
    {
      "type": "Feature",
      "geometry": {
        "type": "Point",
        "coordinates": [
          -0.435677696173231,
          51.06110751838622
        ]
      },
      "properties": {
        "row_number": "144"
      }
    },
    {
      "type": "Feature",
      "geometry": {
        "type": "Point",
        "coordinates": [
          -0.435674970647546,
          51.06116158874404
        ]
      },
      "properties": {
        "row_number": "144"
      }
    },
    {
      "type": "Feature",
      "geometry": {
        "type": "Point",
        "coordinates": [
          -0.435671978100935,
          51.06121535342175
        ]
      },
      "properties": {
        "row_number": "144"
      }
    },
    {
      "type": "Feature",
      "geometry": {
        "type": "Point",
        "coordinates": [
          -0.435668824763045,
          51.06126915509159
        ]
      },
      "properties": {
        "row_number": "144"
      }
    },
    {
      "type": "Feature",
      "geometry": {
        "type": "Point",
        "coordinates": [
          -0.435665883100431,
          51.06132269525838
        ]
      },
      "properties": {
        "row_number": "144"
      }
    },
    {
      "type": "Feature",
      "geometry": {
        "type": "Point",
        "coordinates": [
          -0.435662329249418,
          51.06137679108747
        ]
      },
      "properties": {
        "row_number": "144"
      }
    },
    {
      "type": "Feature",
      "geometry": {
        "type": "Point",
        "coordinates": [
          -0.435659314890135,
          51.06143085968915
        ]
      },
      "properties": {
        "row_number": "144"
      }
    },
    {
      "type": "Feature",
      "geometry": {
        "type": "Point",
        "coordinates": [
          -0.435656348814071,
          51.06148414069152
        ]
      },
      "properties": {
        "row_number": "144"
      }
    },
    {
      "type": "Feature",
      "geometry": {
        "type": "Point",
        "coordinates": [
          -0.435653319234464,
          51.06153835661167
        ]
      },
      "properties": {
        "row_number": "144"
      }
    },
    {
      "type": "Feature",
      "geometry": {
        "type": "Point",
        "coordinates": [
          -0.435650100919509,
          51.06159218583706
        ]
      },
      "properties": {
        "row_number": "144"
      }
    },
    {
      "type": "Feature",
      "geometry": {
        "type": "Point",
        "coordinates": [
          -0.435646286968214,
          51.06164613964368
        ]
      },
      "properties": {
        "row_number": "144"
      }
    },
    {
      "type": "Feature",
      "geometry": {
        "type": "Point",
        "coordinates": [
          -0.435643825213934,
          51.06170007614971
        ]
      },
      "properties": {
        "row_number": "144"
      }
    },
    {
      "type": "Feature",
      "geometry": {
        "type": "Point",
        "coordinates": [
          -0.435640274703868,
          51.06175414917113
        ]
      },
      "properties": {
        "row_number": "144"
      }
    },
    {
      "type": "Feature",
      "geometry": {
        "type": "Point",
        "coordinates": [
          -0.435636963156232,
          51.06180815761341
        ]
      },
      "properties": {
        "row_number": "144"
      }
    },
    {
      "type": "Feature",
      "geometry": {
        "type": "Point",
        "coordinates": [
          -0.435634344948561,
          51.06186139038468
        ]
      },
      "properties": {
        "row_number": "144"
      }
    },
    {
      "type": "Feature",
      "geometry": {
        "type": "Point",
        "coordinates": [
          -0.435631035392912,
          51.06191493593695
        ]
      },
      "properties": {
        "row_number": "144"
      }
    },
    {
      "type": "Feature",
      "geometry": {
        "type": "Point",
        "coordinates": [
          -0.435627687352367,
          51.06196984929921
        ]
      },
      "properties": {
        "row_number": "144"
      }
    },
    {
      "type": "Feature",
      "geometry": {
        "type": "Point",
        "coordinates": [
          -0.435625361265384,
          51.062023343245
        ]
      },
      "properties": {
        "row_number": "144"
      }
    },
    {
      "type": "Feature",
      "geometry": {
        "type": "Point",
        "coordinates": [
          -0.435621646915896,
          51.06208048751432
        ]
      },
      "properties": {
        "row_number": "144"
      }
    },
    {
      "type": "Feature",
      "geometry": {
        "type": "LineString",
        "coordinates": [
          [
            -0.435676096582391,
            51.06057057559962
          ],
          [
            -0.43567422061495,
            51.06062087956873
          ],
          [
            -0.435671714197496,
            51.06067528994318
          ],
          [
            -0.435668211137334,
            51.06072981577611
          ],
          [
            -0.435665378558943,
            51.06078351192383
          ],
          [
            -0.435662079087367,
            51.06083745994916
          ],
          [
            -0.435658860395753,
            51.06089142136242
          ],
          [
            -0.435655689656962,
            51.06094515195999
          ],
          [
            -0.435653358257289,
            51.06099851195345
          ],
          [
            -0.435650293640228,
            51.06105296723206
          ],
          [
            -0.435647047580228,
            51.0611065974341
          ],
          [
            -0.435644033507097,
            51.06116096329331
          ],
          [
            -0.435640745586561,
            51.06121471268709
          ],
          [
            -0.435636994817126,
            51.06126858439539
          ],
          [
            -0.435634138980618,
            51.06132214257008
          ],
          [
            -0.435630925843762,
            51.06137559138737
          ],
          [
            -0.435628131635157,
            51.06143033588806
          ],
          [
            -0.435624518736637,
            51.06148364403536
          ],
          [
            -0.435621365175904,
            51.06153772172924
          ],
          [
            -0.435618586116682,
            51.06159159513198
          ],
          [
            -0.435615548396526,
            51.06164546044915
          ],
          [
            -0.435611809606948,
            51.06169967820092
          ],
          [
            -0.435609146061524,
            51.06175311528851
          ],
          [
            -0.435606385445568,
            51.06180722778451
          ],
          [
            -0.435602680403435,
            51.06186055507577
          ],
          [
            -0.43559948097865,
            51.06191467240443
          ],
          [
            -0.435596867568202,
            51.06196820602253
          ],
          [
            -0.435594172083487,
            51.06202285795335
          ],
          [
            -0.435590208523187,
            51.06208047045649
          ]
        ]
      },
      "properties": {
        "row_number": "145"
      }
    },
    {
      "type": "Feature",
      "geometry": {
        "type": "Point",
        "coordinates": [
          -0.435676096582391,
          51.06057057559962
        ]
      },
      "properties": {
        "row_number": "145"
      }
    },
    {
      "type": "Feature",
      "geometry": {
        "type": "Point",
        "coordinates": [
          -0.43567422061495,
          51.06062087956873
        ]
      },
      "properties": {
        "row_number": "145"
      }
    },
    {
      "type": "Feature",
      "geometry": {
        "type": "Point",
        "coordinates": [
          -0.435671714197496,
          51.06067528994318
        ]
      },
      "properties": {
        "row_number": "145"
      }
    },
    {
      "type": "Feature",
      "geometry": {
        "type": "Point",
        "coordinates": [
          -0.435668211137334,
          51.06072981577611
        ]
      },
      "properties": {
        "row_number": "145"
      }
    },
    {
      "type": "Feature",
      "geometry": {
        "type": "Point",
        "coordinates": [
          -0.435665378558943,
          51.06078351192383
        ]
      },
      "properties": {
        "row_number": "145"
      }
    },
    {
      "type": "Feature",
      "geometry": {
        "type": "Point",
        "coordinates": [
          -0.435662079087367,
          51.06083745994916
        ]
      },
      "properties": {
        "row_number": "145"
      }
    },
    {
      "type": "Feature",
      "geometry": {
        "type": "Point",
        "coordinates": [
          -0.435658860395753,
          51.06089142136242
        ]
      },
      "properties": {
        "row_number": "145"
      }
    },
    {
      "type": "Feature",
      "geometry": {
        "type": "Point",
        "coordinates": [
          -0.435655689656962,
          51.06094515195999
        ]
      },
      "properties": {
        "row_number": "145"
      }
    },
    {
      "type": "Feature",
      "geometry": {
        "type": "Point",
        "coordinates": [
          -0.435653358257289,
          51.06099851195345
        ]
      },
      "properties": {
        "row_number": "145"
      }
    },
    {
      "type": "Feature",
      "geometry": {
        "type": "Point",
        "coordinates": [
          -0.435650293640228,
          51.06105296723206
        ]
      },
      "properties": {
        "row_number": "145"
      }
    },
    {
      "type": "Feature",
      "geometry": {
        "type": "Point",
        "coordinates": [
          -0.435647047580228,
          51.0611065974341
        ]
      },
      "properties": {
        "row_number": "145"
      }
    },
    {
      "type": "Feature",
      "geometry": {
        "type": "Point",
        "coordinates": [
          -0.435644033507097,
          51.06116096329331
        ]
      },
      "properties": {
        "row_number": "145"
      }
    },
    {
      "type": "Feature",
      "geometry": {
        "type": "Point",
        "coordinates": [
          -0.435640745586561,
          51.06121471268709
        ]
      },
      "properties": {
        "row_number": "145"
      }
    },
    {
      "type": "Feature",
      "geometry": {
        "type": "Point",
        "coordinates": [
          -0.435636994817126,
          51.06126858439539
        ]
      },
      "properties": {
        "row_number": "145"
      }
    },
    {
      "type": "Feature",
      "geometry": {
        "type": "Point",
        "coordinates": [
          -0.435634138980618,
          51.06132214257008
        ]
      },
      "properties": {
        "row_number": "145"
      }
    },
    {
      "type": "Feature",
      "geometry": {
        "type": "Point",
        "coordinates": [
          -0.435630925843762,
          51.06137559138737
        ]
      },
      "properties": {
        "row_number": "145"
      }
    },
    {
      "type": "Feature",
      "geometry": {
        "type": "Point",
        "coordinates": [
          -0.435628131635157,
          51.06143033588806
        ]
      },
      "properties": {
        "row_number": "145"
      }
    },
    {
      "type": "Feature",
      "geometry": {
        "type": "Point",
        "coordinates": [
          -0.435624518736637,
          51.06148364403536
        ]
      },
      "properties": {
        "row_number": "145"
      }
    },
    {
      "type": "Feature",
      "geometry": {
        "type": "Point",
        "coordinates": [
          -0.435621365175904,
          51.06153772172924
        ]
      },
      "properties": {
        "row_number": "145"
      }
    },
    {
      "type": "Feature",
      "geometry": {
        "type": "Point",
        "coordinates": [
          -0.435618586116682,
          51.06159159513198
        ]
      },
      "properties": {
        "row_number": "145"
      }
    },
    {
      "type": "Feature",
      "geometry": {
        "type": "Point",
        "coordinates": [
          -0.435615548396526,
          51.06164546044915
        ]
      },
      "properties": {
        "row_number": "145"
      }
    },
    {
      "type": "Feature",
      "geometry": {
        "type": "Point",
        "coordinates": [
          -0.435611809606948,
          51.06169967820092
        ]
      },
      "properties": {
        "row_number": "145"
      }
    },
    {
      "type": "Feature",
      "geometry": {
        "type": "Point",
        "coordinates": [
          -0.435609146061524,
          51.06175311528851
        ]
      },
      "properties": {
        "row_number": "145"
      }
    },
    {
      "type": "Feature",
      "geometry": {
        "type": "Point",
        "coordinates": [
          -0.435606385445568,
          51.06180722778451
        ]
      },
      "properties": {
        "row_number": "145"
      }
    },
    {
      "type": "Feature",
      "geometry": {
        "type": "Point",
        "coordinates": [
          -0.435602680403435,
          51.06186055507577
        ]
      },
      "properties": {
        "row_number": "145"
      }
    },
    {
      "type": "Feature",
      "geometry": {
        "type": "Point",
        "coordinates": [
          -0.43559948097865,
          51.06191467240443
        ]
      },
      "properties": {
        "row_number": "145"
      }
    },
    {
      "type": "Feature",
      "geometry": {
        "type": "Point",
        "coordinates": [
          -0.435596867568202,
          51.06196820602253
        ]
      },
      "properties": {
        "row_number": "145"
      }
    },
    {
      "type": "Feature",
      "geometry": {
        "type": "Point",
        "coordinates": [
          -0.435594172083487,
          51.06202285795335
        ]
      },
      "properties": {
        "row_number": "145"
      }
    },
    {
      "type": "Feature",
      "geometry": {
        "type": "Point",
        "coordinates": [
          -0.435590208523187,
          51.06208047045649
        ]
      },
      "properties": {
        "row_number": "145"
      }
    },
    {
      "type": "Feature",
      "geometry": {
        "type": "LineString",
        "coordinates": [
          [
            -0.435646788474551,
            51.06055518448839
          ],
          [
            -0.435645792221431,
            51.06056779731826
          ],
          [
            -0.43564333443052,
            51.06062045514176
          ],
          [
            -0.435639540588459,
            51.06067486867731
          ],
          [
            -0.435636656094396,
            51.06072900527904
          ],
          [
            -0.435633763881846,
            51.06078271214044
          ],
          [
            -0.435630392335804,
            51.06083664890988
          ],
          [
            -0.435627068149018,
            51.06089049242441
          ],
          [
            -0.435624386382449,
            51.0609443487375
          ],
          [
            -0.435621489553233,
            51.06099786781891
          ],
          [
            -0.435618704584038,
            51.06105221441013
          ],
          [
            -0.435615609270992,
            51.06110606219728
          ],
          [
            -0.435612209260818,
            51.06116025463977
          ],
          [
            -0.435609077927206,
            51.06121405593679
          ],
          [
            -0.435605817868843,
            51.06126806285853
          ],
          [
            -0.435602507573445,
            51.06132146412374
          ],
          [
            -0.435599477888522,
            51.06137553790163
          ],
          [
            -0.435596051398131,
            51.06142950086542
          ],
          [
            -0.435593249054453,
            51.06148283735943
          ],
          [
            -0.435590054831008,
            51.06153716507224
          ],
          [
            -0.435587354293234,
            51.06159100650875
          ],
          [
            -0.435584072682131,
            51.06164445778371
          ],
          [
            -0.43558129512085,
            51.06169864942034
          ],
          [
            -0.435577575622181,
            51.06175260968419
          ],
          [
            -0.435574915708792,
            51.06180688601814
          ],
          [
            -0.435571517040325,
            51.0618598650222
          ],
          [
            -0.435568640855615,
            51.0619140025975
          ],
          [
            -0.435565822584318,
            51.06196826320064
          ],
          [
            -0.435562239616016,
            51.06202291098889
          ],
          [
            -0.435558592994632,
            51.06207929422597
          ]
        ]
      },
      "properties": {
        "row_number": "146"
      }
    },
    {
      "type": "Feature",
      "geometry": {
        "type": "Point",
        "coordinates": [
          -0.435646788474551,
          51.06055518448839
        ]
      },
      "properties": {
        "row_number": "146"
      }
    },
    {
      "type": "Feature",
      "geometry": {
        "type": "Point",
        "coordinates": [
          -0.435645792221431,
          51.06056779731826
        ]
      },
      "properties": {
        "row_number": "146"
      }
    },
    {
      "type": "Feature",
      "geometry": {
        "type": "Point",
        "coordinates": [
          -0.43564333443052,
          51.06062045514176
        ]
      },
      "properties": {
        "row_number": "146"
      }
    },
    {
      "type": "Feature",
      "geometry": {
        "type": "Point",
        "coordinates": [
          -0.435639540588459,
          51.06067486867731
        ]
      },
      "properties": {
        "row_number": "146"
      }
    },
    {
      "type": "Feature",
      "geometry": {
        "type": "Point",
        "coordinates": [
          -0.435636656094396,
          51.06072900527904
        ]
      },
      "properties": {
        "row_number": "146"
      }
    },
    {
      "type": "Feature",
      "geometry": {
        "type": "Point",
        "coordinates": [
          -0.435633763881846,
          51.06078271214044
        ]
      },
      "properties": {
        "row_number": "146"
      }
    },
    {
      "type": "Feature",
      "geometry": {
        "type": "Point",
        "coordinates": [
          -0.435630392335804,
          51.06083664890988
        ]
      },
      "properties": {
        "row_number": "146"
      }
    },
    {
      "type": "Feature",
      "geometry": {
        "type": "Point",
        "coordinates": [
          -0.435627068149018,
          51.06089049242441
        ]
      },
      "properties": {
        "row_number": "146"
      }
    },
    {
      "type": "Feature",
      "geometry": {
        "type": "Point",
        "coordinates": [
          -0.435624386382449,
          51.0609443487375
        ]
      },
      "properties": {
        "row_number": "146"
      }
    },
    {
      "type": "Feature",
      "geometry": {
        "type": "Point",
        "coordinates": [
          -0.435621489553233,
          51.06099786781891
        ]
      },
      "properties": {
        "row_number": "146"
      }
    },
    {
      "type": "Feature",
      "geometry": {
        "type": "Point",
        "coordinates": [
          -0.435618704584038,
          51.06105221441013
        ]
      },
      "properties": {
        "row_number": "146"
      }
    },
    {
      "type": "Feature",
      "geometry": {
        "type": "Point",
        "coordinates": [
          -0.435615609270992,
          51.06110606219728
        ]
      },
      "properties": {
        "row_number": "146"
      }
    },
    {
      "type": "Feature",
      "geometry": {
        "type": "Point",
        "coordinates": [
          -0.435612209260818,
          51.06116025463977
        ]
      },
      "properties": {
        "row_number": "146"
      }
    },
    {
      "type": "Feature",
      "geometry": {
        "type": "Point",
        "coordinates": [
          -0.435609077927206,
          51.06121405593679
        ]
      },
      "properties": {
        "row_number": "146"
      }
    },
    {
      "type": "Feature",
      "geometry": {
        "type": "Point",
        "coordinates": [
          -0.435605817868843,
          51.06126806285853
        ]
      },
      "properties": {
        "row_number": "146"
      }
    },
    {
      "type": "Feature",
      "geometry": {
        "type": "Point",
        "coordinates": [
          -0.435602507573445,
          51.06132146412374
        ]
      },
      "properties": {
        "row_number": "146"
      }
    },
    {
      "type": "Feature",
      "geometry": {
        "type": "Point",
        "coordinates": [
          -0.435599477888522,
          51.06137553790163
        ]
      },
      "properties": {
        "row_number": "146"
      }
    },
    {
      "type": "Feature",
      "geometry": {
        "type": "Point",
        "coordinates": [
          -0.435596051398131,
          51.06142950086542
        ]
      },
      "properties": {
        "row_number": "146"
      }
    },
    {
      "type": "Feature",
      "geometry": {
        "type": "Point",
        "coordinates": [
          -0.435593249054453,
          51.06148283735943
        ]
      },
      "properties": {
        "row_number": "146"
      }
    },
    {
      "type": "Feature",
      "geometry": {
        "type": "Point",
        "coordinates": [
          -0.435590054831008,
          51.06153716507224
        ]
      },
      "properties": {
        "row_number": "146"
      }
    },
    {
      "type": "Feature",
      "geometry": {
        "type": "Point",
        "coordinates": [
          -0.435587354293234,
          51.06159100650875
        ]
      },
      "properties": {
        "row_number": "146"
      }
    },
    {
      "type": "Feature",
      "geometry": {
        "type": "Point",
        "coordinates": [
          -0.435584072682131,
          51.06164445778371
        ]
      },
      "properties": {
        "row_number": "146"
      }
    },
    {
      "type": "Feature",
      "geometry": {
        "type": "Point",
        "coordinates": [
          -0.43558129512085,
          51.06169864942034
        ]
      },
      "properties": {
        "row_number": "146"
      }
    },
    {
      "type": "Feature",
      "geometry": {
        "type": "Point",
        "coordinates": [
          -0.435577575622181,
          51.06175260968419
        ]
      },
      "properties": {
        "row_number": "146"
      }
    },
    {
      "type": "Feature",
      "geometry": {
        "type": "Point",
        "coordinates": [
          -0.435574915708792,
          51.06180688601814
        ]
      },
      "properties": {
        "row_number": "146"
      }
    },
    {
      "type": "Feature",
      "geometry": {
        "type": "Point",
        "coordinates": [
          -0.435571517040325,
          51.0618598650222
        ]
      },
      "properties": {
        "row_number": "146"
      }
    },
    {
      "type": "Feature",
      "geometry": {
        "type": "Point",
        "coordinates": [
          -0.435568640855615,
          51.0619140025975
        ]
      },
      "properties": {
        "row_number": "146"
      }
    },
    {
      "type": "Feature",
      "geometry": {
        "type": "Point",
        "coordinates": [
          -0.435565822584318,
          51.06196826320064
        ]
      },
      "properties": {
        "row_number": "146"
      }
    },
    {
      "type": "Feature",
      "geometry": {
        "type": "Point",
        "coordinates": [
          -0.435562239616016,
          51.06202291098889
        ]
      },
      "properties": {
        "row_number": "146"
      }
    },
    {
      "type": "Feature",
      "geometry": {
        "type": "Point",
        "coordinates": [
          -0.435558592994632,
          51.06207929422597
        ]
      },
      "properties": {
        "row_number": "146"
      }
    },
    {
      "type": "Feature",
      "geometry": {
        "type": "LineString",
        "coordinates": [
          [
            -0.435614747215824,
            51.06054041794872
          ],
          [
            -0.435613533457291,
            51.06056687981318
          ],
          [
            -0.435610516001046,
            51.06061960647514
          ],
          [
            -0.435607428089499,
            51.06067393813039
          ],
          [
            -0.435604471671149,
            51.06072849740529
          ],
          [
            -0.43560172618629,
            51.06078190148249
          ],
          [
            -0.435598526320637,
            51.06083597681258
          ],
          [
            -0.43559533301152,
            51.06089008985527
          ],
          [
            -0.435591697479585,
            51.06094377192762
          ],
          [
            -0.435588711928538,
            51.06099714094059
          ],
          [
            -0.435585806329637,
            51.06105157883071
          ],
          [
            -0.435583781796276,
            51.06110535006713
          ],
          [
            -0.43558025526357,
            51.06115942298611
          ],
          [
            -0.435577200664676,
            51.06121321358033
          ],
          [
            -0.435573662898356,
            51.06126694852047
          ],
          [
            -0.435570461326928,
            51.06132086538224
          ],
          [
            -0.435567680034772,
            51.06137468585212
          ],
          [
            -0.435563983035425,
            51.06142889422703
          ],
          [
            -0.435560611636365,
            51.06148204805613
          ],
          [
            -0.435557762562069,
            51.06153663490009
          ],
          [
            -0.435555532111065,
            51.06159019385593
          ],
          [
            -0.435552306828124,
            51.06164396977292
          ],
          [
            -0.435548759396376,
            51.06169796496317
          ],
          [
            -0.43554531266002,
            51.06175151201828
          ],
          [
            -0.435542460247993,
            51.06180567295873
          ],
          [
            -0.435539643128815,
            51.06185915958673
          ],
          [
            -0.435536952558688,
            51.06191338612236
          ],
          [
            -0.435533942711497,
            51.06196758999886
          ],
          [
            -0.435530649299614,
            51.06202135200387
          ],
          [
            -0.435526687226024,
            51.06207891127254
          ]
        ]
      },
      "properties": {
        "row_number": "147"
      }
    },
    {
      "type": "Feature",
      "geometry": {
        "type": "Point",
        "coordinates": [
          -0.435614747215824,
          51.06054041794872
        ]
      },
      "properties": {
        "row_number": "147"
      }
    },
    {
      "type": "Feature",
      "geometry": {
        "type": "Point",
        "coordinates": [
          -0.435613533457291,
          51.06056687981318
        ]
      },
      "properties": {
        "row_number": "147"
      }
    },
    {
      "type": "Feature",
      "geometry": {
        "type": "Point",
        "coordinates": [
          -0.435610516001046,
          51.06061960647514
        ]
      },
      "properties": {
        "row_number": "147"
      }
    },
    {
      "type": "Feature",
      "geometry": {
        "type": "Point",
        "coordinates": [
          -0.435607428089499,
          51.06067393813039
        ]
      },
      "properties": {
        "row_number": "147"
      }
    },
    {
      "type": "Feature",
      "geometry": {
        "type": "Point",
        "coordinates": [
          -0.435604471671149,
          51.06072849740529
        ]
      },
      "properties": {
        "row_number": "147"
      }
    },
    {
      "type": "Feature",
      "geometry": {
        "type": "Point",
        "coordinates": [
          -0.43560172618629,
          51.06078190148249
        ]
      },
      "properties": {
        "row_number": "147"
      }
    },
    {
      "type": "Feature",
      "geometry": {
        "type": "Point",
        "coordinates": [
          -0.435598526320637,
          51.06083597681258
        ]
      },
      "properties": {
        "row_number": "147"
      }
    },
    {
      "type": "Feature",
      "geometry": {
        "type": "Point",
        "coordinates": [
          -0.43559533301152,
          51.06089008985527
        ]
      },
      "properties": {
        "row_number": "147"
      }
    },
    {
      "type": "Feature",
      "geometry": {
        "type": "Point",
        "coordinates": [
          -0.435591697479585,
          51.06094377192762
        ]
      },
      "properties": {
        "row_number": "147"
      }
    },
    {
      "type": "Feature",
      "geometry": {
        "type": "Point",
        "coordinates": [
          -0.435588711928538,
          51.06099714094059
        ]
      },
      "properties": {
        "row_number": "147"
      }
    },
    {
      "type": "Feature",
      "geometry": {
        "type": "Point",
        "coordinates": [
          -0.435585806329637,
          51.06105157883071
        ]
      },
      "properties": {
        "row_number": "147"
      }
    },
    {
      "type": "Feature",
      "geometry": {
        "type": "Point",
        "coordinates": [
          -0.435583781796276,
          51.06110535006713
        ]
      },
      "properties": {
        "row_number": "147"
      }
    },
    {
      "type": "Feature",
      "geometry": {
        "type": "Point",
        "coordinates": [
          -0.43558025526357,
          51.06115942298611
        ]
      },
      "properties": {
        "row_number": "147"
      }
    },
    {
      "type": "Feature",
      "geometry": {
        "type": "Point",
        "coordinates": [
          -0.435577200664676,
          51.06121321358033
        ]
      },
      "properties": {
        "row_number": "147"
      }
    },
    {
      "type": "Feature",
      "geometry": {
        "type": "Point",
        "coordinates": [
          -0.435573662898356,
          51.06126694852047
        ]
      },
      "properties": {
        "row_number": "147"
      }
    },
    {
      "type": "Feature",
      "geometry": {
        "type": "Point",
        "coordinates": [
          -0.435570461326928,
          51.06132086538224
        ]
      },
      "properties": {
        "row_number": "147"
      }
    },
    {
      "type": "Feature",
      "geometry": {
        "type": "Point",
        "coordinates": [
          -0.435567680034772,
          51.06137468585212
        ]
      },
      "properties": {
        "row_number": "147"
      }
    },
    {
      "type": "Feature",
      "geometry": {
        "type": "Point",
        "coordinates": [
          -0.435563983035425,
          51.06142889422703
        ]
      },
      "properties": {
        "row_number": "147"
      }
    },
    {
      "type": "Feature",
      "geometry": {
        "type": "Point",
        "coordinates": [
          -0.435560611636365,
          51.06148204805613
        ]
      },
      "properties": {
        "row_number": "147"
      }
    },
    {
      "type": "Feature",
      "geometry": {
        "type": "Point",
        "coordinates": [
          -0.435557762562069,
          51.06153663490009
        ]
      },
      "properties": {
        "row_number": "147"
      }
    },
    {
      "type": "Feature",
      "geometry": {
        "type": "Point",
        "coordinates": [
          -0.435555532111065,
          51.06159019385593
        ]
      },
      "properties": {
        "row_number": "147"
      }
    },
    {
      "type": "Feature",
      "geometry": {
        "type": "Point",
        "coordinates": [
          -0.435552306828124,
          51.06164396977292
        ]
      },
      "properties": {
        "row_number": "147"
      }
    },
    {
      "type": "Feature",
      "geometry": {
        "type": "Point",
        "coordinates": [
          -0.435548759396376,
          51.06169796496317
        ]
      },
      "properties": {
        "row_number": "147"
      }
    },
    {
      "type": "Feature",
      "geometry": {
        "type": "Point",
        "coordinates": [
          -0.43554531266002,
          51.06175151201828
        ]
      },
      "properties": {
        "row_number": "147"
      }
    },
    {
      "type": "Feature",
      "geometry": {
        "type": "Point",
        "coordinates": [
          -0.435542460247993,
          51.06180567295873
        ]
      },
      "properties": {
        "row_number": "147"
      }
    },
    {
      "type": "Feature",
      "geometry": {
        "type": "Point",
        "coordinates": [
          -0.435539643128815,
          51.06185915958673
        ]
      },
      "properties": {
        "row_number": "147"
      }
    },
    {
      "type": "Feature",
      "geometry": {
        "type": "Point",
        "coordinates": [
          -0.435536952558688,
          51.06191338612236
        ]
      },
      "properties": {
        "row_number": "147"
      }
    },
    {
      "type": "Feature",
      "geometry": {
        "type": "Point",
        "coordinates": [
          -0.435533942711497,
          51.06196758999886
        ]
      },
      "properties": {
        "row_number": "147"
      }
    },
    {
      "type": "Feature",
      "geometry": {
        "type": "Point",
        "coordinates": [
          -0.435530649299614,
          51.06202135200387
        ]
      },
      "properties": {
        "row_number": "147"
      }
    },
    {
      "type": "Feature",
      "geometry": {
        "type": "Point",
        "coordinates": [
          -0.435526687226024,
          51.06207891127254
        ]
      },
      "properties": {
        "row_number": "147"
      }
    },
    {
      "type": "Feature",
      "geometry": {
        "type": "LineString",
        "coordinates": [
          [
            -0.435583994994515,
            51.06054559256665
          ],
          [
            -0.435582800373373,
            51.06056629111006
          ],
          [
            -0.435579523107814,
            51.06061903301474
          ],
          [
            -0.435577268049334,
            51.06067328465916
          ],
          [
            -0.43557377659277,
            51.06072772031282
          ],
          [
            -0.435571345642729,
            51.06078107456248
          ],
          [
            -0.43556831564024,
            51.06083517125253
          ],
          [
            -0.435564487859048,
            51.06088920845552
          ],
          [
            -0.435561730655103,
            51.06094314049631
          ],
          [
            -0.435557952038583,
            51.06099631342046
          ],
          [
            -0.435555442989075,
            51.06105083869775
          ],
          [
            -0.435552587733863,
            51.06110456623281
          ],
          [
            -0.435549256445618,
            51.06115886268518
          ],
          [
            -0.435545592345594,
            51.061213067837
          ],
          [
            -0.435542551596662,
            51.06126620064063
          ],
          [
            -0.435539048796072,
            51.0613202347439
          ],
          [
            -0.435536322601842,
            51.06137420153122
          ],
          [
            -0.435533748358603,
            51.06142780243801
          ],
          [
            -0.435530165943738,
            51.06148120685682
          ],
          [
            -0.435527054971199,
            51.06153517778822
          ],
          [
            -0.43552413654214,
            51.06158921952663
          ],
          [
            -0.4355211085284,
            51.06164293676625
          ],
          [
            -0.435517850361664,
            51.06169720682018
          ],
          [
            -0.435514225393658,
            51.06175096369741
          ],
          [
            -0.43551134376852,
            51.06180488587881
          ],
          [
            -0.435508471177175,
            51.06185862700232
          ],
          [
            -0.435506426724428,
            51.06191245333595
          ],
          [
            -0.435502586097831,
            51.0619670042102
          ],
          [
            -0.435499302117384,
            51.06202102379865
          ],
          [
            -0.435496024917292,
            51.0620780743849
          ]
        ]
      },
      "properties": {
        "row_number": "148"
      }
    },
    {
      "type": "Feature",
      "geometry": {
        "type": "Point",
        "coordinates": [
          -0.435583994994515,
          51.06054559256665
        ]
      },
      "properties": {
        "row_number": "148"
      }
    },
    {
      "type": "Feature",
      "geometry": {
        "type": "Point",
        "coordinates": [
          -0.435582800373373,
          51.06056629111006
        ]
      },
      "properties": {
        "row_number": "148"
      }
    },
    {
      "type": "Feature",
      "geometry": {
        "type": "Point",
        "coordinates": [
          -0.435579523107814,
          51.06061903301474
        ]
      },
      "properties": {
        "row_number": "148"
      }
    },
    {
      "type": "Feature",
      "geometry": {
        "type": "Point",
        "coordinates": [
          -0.435577268049334,
          51.06067328465916
        ]
      },
      "properties": {
        "row_number": "148"
      }
    },
    {
      "type": "Feature",
      "geometry": {
        "type": "Point",
        "coordinates": [
          -0.43557377659277,
          51.06072772031282
        ]
      },
      "properties": {
        "row_number": "148"
      }
    },
    {
      "type": "Feature",
      "geometry": {
        "type": "Point",
        "coordinates": [
          -0.435571345642729,
          51.06078107456248
        ]
      },
      "properties": {
        "row_number": "148"
      }
    },
    {
      "type": "Feature",
      "geometry": {
        "type": "Point",
        "coordinates": [
          -0.43556831564024,
          51.06083517125253
        ]
      },
      "properties": {
        "row_number": "148"
      }
    },
    {
      "type": "Feature",
      "geometry": {
        "type": "Point",
        "coordinates": [
          -0.435564487859048,
          51.06088920845552
        ]
      },
      "properties": {
        "row_number": "148"
      }
    },
    {
      "type": "Feature",
      "geometry": {
        "type": "Point",
        "coordinates": [
          -0.435561730655103,
          51.06094314049631
        ]
      },
      "properties": {
        "row_number": "148"
      }
    },
    {
      "type": "Feature",
      "geometry": {
        "type": "Point",
        "coordinates": [
          -0.435557952038583,
          51.06099631342046
        ]
      },
      "properties": {
        "row_number": "148"
      }
    },
    {
      "type": "Feature",
      "geometry": {
        "type": "Point",
        "coordinates": [
          -0.435555442989075,
          51.06105083869775
        ]
      },
      "properties": {
        "row_number": "148"
      }
    },
    {
      "type": "Feature",
      "geometry": {
        "type": "Point",
        "coordinates": [
          -0.435552587733863,
          51.06110456623281
        ]
      },
      "properties": {
        "row_number": "148"
      }
    },
    {
      "type": "Feature",
      "geometry": {
        "type": "Point",
        "coordinates": [
          -0.435549256445618,
          51.06115886268518
        ]
      },
      "properties": {
        "row_number": "148"
      }
    },
    {
      "type": "Feature",
      "geometry": {
        "type": "Point",
        "coordinates": [
          -0.435545592345594,
          51.061213067837
        ]
      },
      "properties": {
        "row_number": "148"
      }
    },
    {
      "type": "Feature",
      "geometry": {
        "type": "Point",
        "coordinates": [
          -0.435542551596662,
          51.06126620064063
        ]
      },
      "properties": {
        "row_number": "148"
      }
    },
    {
      "type": "Feature",
      "geometry": {
        "type": "Point",
        "coordinates": [
          -0.435539048796072,
          51.0613202347439
        ]
      },
      "properties": {
        "row_number": "148"
      }
    },
    {
      "type": "Feature",
      "geometry": {
        "type": "Point",
        "coordinates": [
          -0.435536322601842,
          51.06137420153122
        ]
      },
      "properties": {
        "row_number": "148"
      }
    },
    {
      "type": "Feature",
      "geometry": {
        "type": "Point",
        "coordinates": [
          -0.435533748358603,
          51.06142780243801
        ]
      },
      "properties": {
        "row_number": "148"
      }
    },
    {
      "type": "Feature",
      "geometry": {
        "type": "Point",
        "coordinates": [
          -0.435530165943738,
          51.06148120685682
        ]
      },
      "properties": {
        "row_number": "148"
      }
    },
    {
      "type": "Feature",
      "geometry": {
        "type": "Point",
        "coordinates": [
          -0.435527054971199,
          51.06153517778822
        ]
      },
      "properties": {
        "row_number": "148"
      }
    },
    {
      "type": "Feature",
      "geometry": {
        "type": "Point",
        "coordinates": [
          -0.43552413654214,
          51.06158921952663
        ]
      },
      "properties": {
        "row_number": "148"
      }
    },
    {
      "type": "Feature",
      "geometry": {
        "type": "Point",
        "coordinates": [
          -0.4355211085284,
          51.06164293676625
        ]
      },
      "properties": {
        "row_number": "148"
      }
    },
    {
      "type": "Feature",
      "geometry": {
        "type": "Point",
        "coordinates": [
          -0.435517850361664,
          51.06169720682018
        ]
      },
      "properties": {
        "row_number": "148"
      }
    },
    {
      "type": "Feature",
      "geometry": {
        "type": "Point",
        "coordinates": [
          -0.435514225393658,
          51.06175096369741
        ]
      },
      "properties": {
        "row_number": "148"
      }
    },
    {
      "type": "Feature",
      "geometry": {
        "type": "Point",
        "coordinates": [
          -0.43551134376852,
          51.06180488587881
        ]
      },
      "properties": {
        "row_number": "148"
      }
    },
    {
      "type": "Feature",
      "geometry": {
        "type": "Point",
        "coordinates": [
          -0.435508471177175,
          51.06185862700232
        ]
      },
      "properties": {
        "row_number": "148"
      }
    },
    {
      "type": "Feature",
      "geometry": {
        "type": "Point",
        "coordinates": [
          -0.435506426724428,
          51.06191245333595
        ]
      },
      "properties": {
        "row_number": "148"
      }
    },
    {
      "type": "Feature",
      "geometry": {
        "type": "Point",
        "coordinates": [
          -0.435502586097831,
          51.0619670042102
        ]
      },
      "properties": {
        "row_number": "148"
      }
    },
    {
      "type": "Feature",
      "geometry": {
        "type": "Point",
        "coordinates": [
          -0.435499302117384,
          51.06202102379865
        ]
      },
      "properties": {
        "row_number": "148"
      }
    },
    {
      "type": "Feature",
      "geometry": {
        "type": "Point",
        "coordinates": [
          -0.435496024917292,
          51.0620780743849
        ]
      },
      "properties": {
        "row_number": "148"
      }
    },
    {
      "type": "Feature",
      "geometry": {
        "type": "LineString",
        "coordinates": [
          [
            -0.43554876652937,
            51.06055509391449
          ],
          [
            -0.435547941751824,
            51.06061866836167
          ],
          [
            -0.4355454679505,
            51.06067223563069
          ],
          [
            -0.435542342575981,
            51.06072723855718
          ],
          [
            -0.435539033479304,
            51.06078055292003
          ],
          [
            -0.435535737763724,
            51.0608344511145
          ],
          [
            -0.435532848536786,
            51.06088847066373
          ],
          [
            -0.435529836135977,
            51.0609425626085
          ],
          [
            -0.435526495145673,
            51.06099580976998
          ],
          [
            -0.435523863973233,
            51.06105009389317
          ],
          [
            -0.435520455172591,
            51.06110418221323
          ],
          [
            -0.435517463862731,
            51.06115824128282
          ],
          [
            -0.435513783575256,
            51.06121218805455
          ],
          [
            -0.435510867197657,
            51.0612658676942
          ],
          [
            -0.435507296700699,
            51.06131934818559
          ],
          [
            -0.435504253611278,
            51.06137331502599
          ],
          [
            -0.43550114252531,
            51.06142695986173
          ],
          [
            -0.435497393393385,
            51.06148084243765
          ],
          [
            -0.435495091455105,
            51.06153469892068
          ],
          [
            -0.43549206481061,
            51.06158873127719
          ],
          [
            -0.435488275272327,
            51.06164264638753
          ],
          [
            -0.435485657538697,
            51.06169646443878
          ],
          [
            -0.43548298033224,
            51.06175029043584
          ],
          [
            -0.435479229183269,
            51.06180483897888
          ],
          [
            -0.43547618170376,
            51.06185877767319
          ],
          [
            -0.435473746192208,
            51.06191184150281
          ],
          [
            -0.435470956258204,
            51.06196550384753
          ],
          [
            -0.435468570668158,
            51.06202013615077
          ],
          [
            -0.435464872310578,
            51.06207862460505
          ]
        ]
      },
      "properties": {
        "row_number": "149"
      }
    },
    {
      "type": "Feature",
      "geometry": {
        "type": "Point",
        "coordinates": [
          -0.43554876652937,
          51.06055509391449
        ]
      },
      "properties": {
        "row_number": "149"
      }
    },
    {
      "type": "Feature",
      "geometry": {
        "type": "Point",
        "coordinates": [
          -0.435547941751824,
          51.06061866836167
        ]
      },
      "properties": {
        "row_number": "149"
      }
    },
    {
      "type": "Feature",
      "geometry": {
        "type": "Point",
        "coordinates": [
          -0.4355454679505,
          51.06067223563069
        ]
      },
      "properties": {
        "row_number": "149"
      }
    },
    {
      "type": "Feature",
      "geometry": {
        "type": "Point",
        "coordinates": [
          -0.435542342575981,
          51.06072723855718
        ]
      },
      "properties": {
        "row_number": "149"
      }
    },
    {
      "type": "Feature",
      "geometry": {
        "type": "Point",
        "coordinates": [
          -0.435539033479304,
          51.06078055292003
        ]
      },
      "properties": {
        "row_number": "149"
      }
    },
    {
      "type": "Feature",
      "geometry": {
        "type": "Point",
        "coordinates": [
          -0.435535737763724,
          51.0608344511145
        ]
      },
      "properties": {
        "row_number": "149"
      }
    },
    {
      "type": "Feature",
      "geometry": {
        "type": "Point",
        "coordinates": [
          -0.435532848536786,
          51.06088847066373
        ]
      },
      "properties": {
        "row_number": "149"
      }
    },
    {
      "type": "Feature",
      "geometry": {
        "type": "Point",
        "coordinates": [
          -0.435529836135977,
          51.0609425626085
        ]
      },
      "properties": {
        "row_number": "149"
      }
    },
    {
      "type": "Feature",
      "geometry": {
        "type": "Point",
        "coordinates": [
          -0.435526495145673,
          51.06099580976998
        ]
      },
      "properties": {
        "row_number": "149"
      }
    },
    {
      "type": "Feature",
      "geometry": {
        "type": "Point",
        "coordinates": [
          -0.435523863973233,
          51.06105009389317
        ]
      },
      "properties": {
        "row_number": "149"
      }
    },
    {
      "type": "Feature",
      "geometry": {
        "type": "Point",
        "coordinates": [
          -0.435520455172591,
          51.06110418221323
        ]
      },
      "properties": {
        "row_number": "149"
      }
    },
    {
      "type": "Feature",
      "geometry": {
        "type": "Point",
        "coordinates": [
          -0.435517463862731,
          51.06115824128282
        ]
      },
      "properties": {
        "row_number": "149"
      }
    },
    {
      "type": "Feature",
      "geometry": {
        "type": "Point",
        "coordinates": [
          -0.435513783575256,
          51.06121218805455
        ]
      },
      "properties": {
        "row_number": "149"
      }
    },
    {
      "type": "Feature",
      "geometry": {
        "type": "Point",
        "coordinates": [
          -0.435510867197657,
          51.0612658676942
        ]
      },
      "properties": {
        "row_number": "149"
      }
    },
    {
      "type": "Feature",
      "geometry": {
        "type": "Point",
        "coordinates": [
          -0.435507296700699,
          51.06131934818559
        ]
      },
      "properties": {
        "row_number": "149"
      }
    },
    {
      "type": "Feature",
      "geometry": {
        "type": "Point",
        "coordinates": [
          -0.435504253611278,
          51.06137331502599
        ]
      },
      "properties": {
        "row_number": "149"
      }
    },
    {
      "type": "Feature",
      "geometry": {
        "type": "Point",
        "coordinates": [
          -0.43550114252531,
          51.06142695986173
        ]
      },
      "properties": {
        "row_number": "149"
      }
    },
    {
      "type": "Feature",
      "geometry": {
        "type": "Point",
        "coordinates": [
          -0.435497393393385,
          51.06148084243765
        ]
      },
      "properties": {
        "row_number": "149"
      }
    },
    {
      "type": "Feature",
      "geometry": {
        "type": "Point",
        "coordinates": [
          -0.435495091455105,
          51.06153469892068
        ]
      },
      "properties": {
        "row_number": "149"
      }
    },
    {
      "type": "Feature",
      "geometry": {
        "type": "Point",
        "coordinates": [
          -0.43549206481061,
          51.06158873127719
        ]
      },
      "properties": {
        "row_number": "149"
      }
    },
    {
      "type": "Feature",
      "geometry": {
        "type": "Point",
        "coordinates": [
          -0.435488275272327,
          51.06164264638753
        ]
      },
      "properties": {
        "row_number": "149"
      }
    },
    {
      "type": "Feature",
      "geometry": {
        "type": "Point",
        "coordinates": [
          -0.435485657538697,
          51.06169646443878
        ]
      },
      "properties": {
        "row_number": "149"
      }
    },
    {
      "type": "Feature",
      "geometry": {
        "type": "Point",
        "coordinates": [
          -0.43548298033224,
          51.06175029043584
        ]
      },
      "properties": {
        "row_number": "149"
      }
    },
    {
      "type": "Feature",
      "geometry": {
        "type": "Point",
        "coordinates": [
          -0.435479229183269,
          51.06180483897888
        ]
      },
      "properties": {
        "row_number": "149"
      }
    },
    {
      "type": "Feature",
      "geometry": {
        "type": "Point",
        "coordinates": [
          -0.43547618170376,
          51.06185877767319
        ]
      },
      "properties": {
        "row_number": "149"
      }
    },
    {
      "type": "Feature",
      "geometry": {
        "type": "Point",
        "coordinates": [
          -0.435473746192208,
          51.06191184150281
        ]
      },
      "properties": {
        "row_number": "149"
      }
    },
    {
      "type": "Feature",
      "geometry": {
        "type": "Point",
        "coordinates": [
          -0.435470956258204,
          51.06196550384753
        ]
      },
      "properties": {
        "row_number": "149"
      }
    },
    {
      "type": "Feature",
      "geometry": {
        "type": "Point",
        "coordinates": [
          -0.435468570668158,
          51.06202013615077
        ]
      },
      "properties": {
        "row_number": "149"
      }
    },
    {
      "type": "Feature",
      "geometry": {
        "type": "Point",
        "coordinates": [
          -0.435464872310578,
          51.06207862460505
        ]
      },
      "properties": {
        "row_number": "149"
      }
    },
    {
      "type": "Feature",
      "geometry": {
        "type": "LineString",
        "coordinates": [
          [
            -0.43552056946109,
            51.06055716445035
          ],
          [
            -0.435517707087691,
            51.06061784221628
          ],
          [
            -0.435514944929509,
            51.06067167777996
          ],
          [
            -0.435511670208515,
            51.06072615985078
          ],
          [
            -0.435508351896969,
            51.06077980260054
          ],
          [
            -0.435504508746811,
            51.06083376921144
          ],
          [
            -0.435501928687365,
            51.06088771007642
          ],
          [
            -0.435499026654331,
            51.06094192693782
          ],
          [
            -0.435496660756294,
            51.06099508308854
          ],
          [
            -0.43549325818315,
            51.06104939874172
          ],
          [
            -0.435490035864439,
            51.0611030193085
          ],
          [
            -0.435487231938647,
            51.06115723458969
          ],
          [
            -0.435483959563536,
            51.06121148227799
          ],
          [
            -0.43548017451746,
            51.06126500349497
          ],
          [
            -0.435477025527231,
            51.06131843844695
          ],
          [
            -0.43547419674806,
            51.06137235967719
          ],
          [
            -0.435471091851021,
            51.0614260065431
          ],
          [
            -0.435468138781172,
            51.06148006622367
          ],
          [
            -0.435465045223142,
            51.06153386626953
          ],
          [
            -0.435461435192967,
            51.06158780420841
          ],
          [
            -0.43545830250276,
            51.06164196449954
          ],
          [
            -0.435455229279085,
            51.06169591525013
          ],
          [
            -0.435452967321763,
            51.06174945607346
          ],
          [
            -0.435449278939424,
            51.06180326136325
          ],
          [
            -0.435446317294554,
            51.06185695471325
          ],
          [
            -0.435443308799841,
            51.0619111684822
          ],
          [
            -0.435439455680218,
            51.06196528881362
          ],
          [
            -0.435436832795688,
            51.06201979460618
          ],
          [
            -0.435433038766797,
            51.06207825339019
          ]
        ]
      },
      "properties": {
        "row_number": "150"
      }
    },
    {
      "type": "Feature",
      "geometry": {
        "type": "Point",
        "coordinates": [
          -0.43552056946109,
          51.06055716445035
        ]
      },
      "properties": {
        "row_number": "150"
      }
    },
    {
      "type": "Feature",
      "geometry": {
        "type": "Point",
        "coordinates": [
          -0.435517707087691,
          51.06061784221628
        ]
      },
      "properties": {
        "row_number": "150"
      }
    },
    {
      "type": "Feature",
      "geometry": {
        "type": "Point",
        "coordinates": [
          -0.435514944929509,
          51.06067167777996
        ]
      },
      "properties": {
        "row_number": "150"
      }
    },
    {
      "type": "Feature",
      "geometry": {
        "type": "Point",
        "coordinates": [
          -0.435511670208515,
          51.06072615985078
        ]
      },
      "properties": {
        "row_number": "150"
      }
    },
    {
      "type": "Feature",
      "geometry": {
        "type": "Point",
        "coordinates": [
          -0.435508351896969,
          51.06077980260054
        ]
      },
      "properties": {
        "row_number": "150"
      }
    },
    {
      "type": "Feature",
      "geometry": {
        "type": "Point",
        "coordinates": [
          -0.435504508746811,
          51.06083376921144
        ]
      },
      "properties": {
        "row_number": "150"
      }
    },
    {
      "type": "Feature",
      "geometry": {
        "type": "Point",
        "coordinates": [
          -0.435501928687365,
          51.06088771007642
        ]
      },
      "properties": {
        "row_number": "150"
      }
    },
    {
      "type": "Feature",
      "geometry": {
        "type": "Point",
        "coordinates": [
          -0.435499026654331,
          51.06094192693782
        ]
      },
      "properties": {
        "row_number": "150"
      }
    },
    {
      "type": "Feature",
      "geometry": {
        "type": "Point",
        "coordinates": [
          -0.435496660756294,
          51.06099508308854
        ]
      },
      "properties": {
        "row_number": "150"
      }
    },
    {
      "type": "Feature",
      "geometry": {
        "type": "Point",
        "coordinates": [
          -0.43549325818315,
          51.06104939874172
        ]
      },
      "properties": {
        "row_number": "150"
      }
    },
    {
      "type": "Feature",
      "geometry": {
        "type": "Point",
        "coordinates": [
          -0.435490035864439,
          51.0611030193085
        ]
      },
      "properties": {
        "row_number": "150"
      }
    },
    {
      "type": "Feature",
      "geometry": {
        "type": "Point",
        "coordinates": [
          -0.435487231938647,
          51.06115723458969
        ]
      },
      "properties": {
        "row_number": "150"
      }
    },
    {
      "type": "Feature",
      "geometry": {
        "type": "Point",
        "coordinates": [
          -0.435483959563536,
          51.06121148227799
        ]
      },
      "properties": {
        "row_number": "150"
      }
    },
    {
      "type": "Feature",
      "geometry": {
        "type": "Point",
        "coordinates": [
          -0.43548017451746,
          51.06126500349497
        ]
      },
      "properties": {
        "row_number": "150"
      }
    },
    {
      "type": "Feature",
      "geometry": {
        "type": "Point",
        "coordinates": [
          -0.435477025527231,
          51.06131843844695
        ]
      },
      "properties": {
        "row_number": "150"
      }
    },
    {
      "type": "Feature",
      "geometry": {
        "type": "Point",
        "coordinates": [
          -0.43547419674806,
          51.06137235967719
        ]
      },
      "properties": {
        "row_number": "150"
      }
    },
    {
      "type": "Feature",
      "geometry": {
        "type": "Point",
        "coordinates": [
          -0.435471091851021,
          51.0614260065431
        ]
      },
      "properties": {
        "row_number": "150"
      }
    },
    {
      "type": "Feature",
      "geometry": {
        "type": "Point",
        "coordinates": [
          -0.435468138781172,
          51.06148006622367
        ]
      },
      "properties": {
        "row_number": "150"
      }
    },
    {
      "type": "Feature",
      "geometry": {
        "type": "Point",
        "coordinates": [
          -0.435465045223142,
          51.06153386626953
        ]
      },
      "properties": {
        "row_number": "150"
      }
    },
    {
      "type": "Feature",
      "geometry": {
        "type": "Point",
        "coordinates": [
          -0.435461435192967,
          51.06158780420841
        ]
      },
      "properties": {
        "row_number": "150"
      }
    },
    {
      "type": "Feature",
      "geometry": {
        "type": "Point",
        "coordinates": [
          -0.43545830250276,
          51.06164196449954
        ]
      },
      "properties": {
        "row_number": "150"
      }
    },
    {
      "type": "Feature",
      "geometry": {
        "type": "Point",
        "coordinates": [
          -0.435455229279085,
          51.06169591525013
        ]
      },
      "properties": {
        "row_number": "150"
      }
    },
    {
      "type": "Feature",
      "geometry": {
        "type": "Point",
        "coordinates": [
          -0.435452967321763,
          51.06174945607346
        ]
      },
      "properties": {
        "row_number": "150"
      }
    },
    {
      "type": "Feature",
      "geometry": {
        "type": "Point",
        "coordinates": [
          -0.435449278939424,
          51.06180326136325
        ]
      },
      "properties": {
        "row_number": "150"
      }
    },
    {
      "type": "Feature",
      "geometry": {
        "type": "Point",
        "coordinates": [
          -0.435446317294554,
          51.06185695471325
        ]
      },
      "properties": {
        "row_number": "150"
      }
    },
    {
      "type": "Feature",
      "geometry": {
        "type": "Point",
        "coordinates": [
          -0.435443308799841,
          51.0619111684822
        ]
      },
      "properties": {
        "row_number": "150"
      }
    },
    {
      "type": "Feature",
      "geometry": {
        "type": "Point",
        "coordinates": [
          -0.435439455680218,
          51.06196528881362
        ]
      },
      "properties": {
        "row_number": "150"
      }
    },
    {
      "type": "Feature",
      "geometry": {
        "type": "Point",
        "coordinates": [
          -0.435436832795688,
          51.06201979460618
        ]
      },
      "properties": {
        "row_number": "150"
      }
    },
    {
      "type": "Feature",
      "geometry": {
        "type": "Point",
        "coordinates": [
          -0.435433038766797,
          51.06207825339019
        ]
      },
      "properties": {
        "row_number": "150"
      }
    },
    {
      "type": "Feature",
      "geometry": {
        "type": "LineString",
        "coordinates": [
          [
            -0.435488687434051,
            51.06056205848869
          ],
          [
            -0.435485406437637,
            51.06061721330008
          ],
          [
            -0.435482311072752,
            51.06067107194838
          ],
          [
            -0.435479200895397,
            51.06072550755501
          ],
          [
            -0.435476795433287,
            51.06077906952783
          ],
          [
            -0.435472779206096,
            51.06083314412142
          ],
          [
            -0.435470311942063,
            51.06088732220152
          ],
          [
            -0.435466894327612,
            51.06094126543573
          ],
          [
            -0.435464656502027,
            51.06099442217722
          ],
          [
            -0.435461640943544,
            51.06104854514868
          ],
          [
            -0.435457431202908,
            51.06110289396764
          ],
          [
            -0.4354544434781,
            51.06115659933148
          ],
          [
            -0.435450954700454,
            51.06121079868485
          ],
          [
            -0.435447143155474,
            51.0612645112988
          ],
          [
            -0.435444841487358,
            51.06131791950018
          ],
          [
            -0.43544146953544,
            51.06137154480278
          ],
          [
            -0.435438534918171,
            51.06142527255527
          ],
          [
            -0.435435255945857,
            51.06147858170313
          ],
          [
            -0.435432057502567,
            51.06153325800025
          ],
          [
            -0.435429246825656,
            51.06158696580026
          ],
          [
            -0.435426638992447,
            51.06164133838386
          ],
          [
            -0.435423960851358,
            51.06169506528526
          ],
          [
            -0.435421218267837,
            51.06174866289218
          ],
          [
            -0.435418207772225,
            51.06180291051765
          ],
          [
            -0.435415013197919,
            51.06185656185674
          ],
          [
            -0.435411780578387,
            51.06191050759394
          ],
          [
            -0.435408731011588,
            51.06196460892611
          ],
          [
            -0.435405244247471,
            51.06201917047655
          ],
          [
            -0.435401210926214,
            51.06207696165308
          ]
        ]
      },
      "properties": {
        "row_number": "151"
      }
    },
    {
      "type": "Feature",
      "geometry": {
        "type": "Point",
        "coordinates": [
          -0.435488687434051,
          51.06056205848869
        ]
      },
      "properties": {
        "row_number": "151"
      }
    },
    {
      "type": "Feature",
      "geometry": {
        "type": "Point",
        "coordinates": [
          -0.435485406437637,
          51.06061721330008
        ]
      },
      "properties": {
        "row_number": "151"
      }
    },
    {
      "type": "Feature",
      "geometry": {
        "type": "Point",
        "coordinates": [
          -0.435482311072752,
          51.06067107194838
        ]
      },
      "properties": {
        "row_number": "151"
      }
    },
    {
      "type": "Feature",
      "geometry": {
        "type": "Point",
        "coordinates": [
          -0.435479200895397,
          51.06072550755501
        ]
      },
      "properties": {
        "row_number": "151"
      }
    },
    {
      "type": "Feature",
      "geometry": {
        "type": "Point",
        "coordinates": [
          -0.435476795433287,
          51.06077906952783
        ]
      },
      "properties": {
        "row_number": "151"
      }
    },
    {
      "type": "Feature",
      "geometry": {
        "type": "Point",
        "coordinates": [
          -0.435472779206096,
          51.06083314412142
        ]
      },
      "properties": {
        "row_number": "151"
      }
    },
    {
      "type": "Feature",
      "geometry": {
        "type": "Point",
        "coordinates": [
          -0.435470311942063,
          51.06088732220152
        ]
      },
      "properties": {
        "row_number": "151"
      }
    },
    {
      "type": "Feature",
      "geometry": {
        "type": "Point",
        "coordinates": [
          -0.435466894327612,
          51.06094126543573
        ]
      },
      "properties": {
        "row_number": "151"
      }
    },
    {
      "type": "Feature",
      "geometry": {
        "type": "Point",
        "coordinates": [
          -0.435464656502027,
          51.06099442217722
        ]
      },
      "properties": {
        "row_number": "151"
      }
    },
    {
      "type": "Feature",
      "geometry": {
        "type": "Point",
        "coordinates": [
          -0.435461640943544,
          51.06104854514868
        ]
      },
      "properties": {
        "row_number": "151"
      }
    },
    {
      "type": "Feature",
      "geometry": {
        "type": "Point",
        "coordinates": [
          -0.435457431202908,
          51.06110289396764
        ]
      },
      "properties": {
        "row_number": "151"
      }
    },
    {
      "type": "Feature",
      "geometry": {
        "type": "Point",
        "coordinates": [
          -0.4354544434781,
          51.06115659933148
        ]
      },
      "properties": {
        "row_number": "151"
      }
    },
    {
      "type": "Feature",
      "geometry": {
        "type": "Point",
        "coordinates": [
          -0.435450954700454,
          51.06121079868485
        ]
      },
      "properties": {
        "row_number": "151"
      }
    },
    {
      "type": "Feature",
      "geometry": {
        "type": "Point",
        "coordinates": [
          -0.435447143155474,
          51.0612645112988
        ]
      },
      "properties": {
        "row_number": "151"
      }
    },
    {
      "type": "Feature",
      "geometry": {
        "type": "Point",
        "coordinates": [
          -0.435444841487358,
          51.06131791950018
        ]
      },
      "properties": {
        "row_number": "151"
      }
    },
    {
      "type": "Feature",
      "geometry": {
        "type": "Point",
        "coordinates": [
          -0.43544146953544,
          51.06137154480278
        ]
      },
      "properties": {
        "row_number": "151"
      }
    },
    {
      "type": "Feature",
      "geometry": {
        "type": "Point",
        "coordinates": [
          -0.435438534918171,
          51.06142527255527
        ]
      },
      "properties": {
        "row_number": "151"
      }
    },
    {
      "type": "Feature",
      "geometry": {
        "type": "Point",
        "coordinates": [
          -0.435435255945857,
          51.06147858170313
        ]
      },
      "properties": {
        "row_number": "151"
      }
    },
    {
      "type": "Feature",
      "geometry": {
        "type": "Point",
        "coordinates": [
          -0.435432057502567,
          51.06153325800025
        ]
      },
      "properties": {
        "row_number": "151"
      }
    },
    {
      "type": "Feature",
      "geometry": {
        "type": "Point",
        "coordinates": [
          -0.435429246825656,
          51.06158696580026
        ]
      },
      "properties": {
        "row_number": "151"
      }
    },
    {
      "type": "Feature",
      "geometry": {
        "type": "Point",
        "coordinates": [
          -0.435426638992447,
          51.06164133838386
        ]
      },
      "properties": {
        "row_number": "151"
      }
    },
    {
      "type": "Feature",
      "geometry": {
        "type": "Point",
        "coordinates": [
          -0.435423960851358,
          51.06169506528526
        ]
      },
      "properties": {
        "row_number": "151"
      }
    },
    {
      "type": "Feature",
      "geometry": {
        "type": "Point",
        "coordinates": [
          -0.435421218267837,
          51.06174866289218
        ]
      },
      "properties": {
        "row_number": "151"
      }
    },
    {
      "type": "Feature",
      "geometry": {
        "type": "Point",
        "coordinates": [
          -0.435418207772225,
          51.06180291051765
        ]
      },
      "properties": {
        "row_number": "151"
      }
    },
    {
      "type": "Feature",
      "geometry": {
        "type": "Point",
        "coordinates": [
          -0.435415013197919,
          51.06185656185674
        ]
      },
      "properties": {
        "row_number": "151"
      }
    },
    {
      "type": "Feature",
      "geometry": {
        "type": "Point",
        "coordinates": [
          -0.435411780578387,
          51.06191050759394
        ]
      },
      "properties": {
        "row_number": "151"
      }
    },
    {
      "type": "Feature",
      "geometry": {
        "type": "Point",
        "coordinates": [
          -0.435408731011588,
          51.06196460892611
        ]
      },
      "properties": {
        "row_number": "151"
      }
    },
    {
      "type": "Feature",
      "geometry": {
        "type": "Point",
        "coordinates": [
          -0.435405244247471,
          51.06201917047655
        ]
      },
      "properties": {
        "row_number": "151"
      }
    },
    {
      "type": "Feature",
      "geometry": {
        "type": "Point",
        "coordinates": [
          -0.435401210926214,
          51.06207696165308
        ]
      },
      "properties": {
        "row_number": "151"
      }
    },
    {
      "type": "Feature",
      "geometry": {
        "type": "LineString",
        "coordinates": [
          [
            -0.43545737364433,
            51.0605684994887
          ],
          [
            -0.435455185825624,
            51.0606164587001
          ],
          [
            -0.435451793560215,
            51.06067035126902
          ],
          [
            -0.43544889780424,
            51.06072467303539
          ],
          [
            -0.435446321978967,
            51.06077836416318
          ],
          [
            -0.435443010961427,
            51.06083229183047
          ],
          [
            -0.435439686546084,
            51.06088621459344
          ],
          [
            -0.43543670703047,
            51.06094041324021
          ],
          [
            -0.435434149391649,
            51.06099342680479
          ],
          [
            -0.435430508497543,
            51.06104794169171
          ],
          [
            -0.435426687571068,
            51.06110170811123
          ],
          [
            -0.435423599666536,
            51.06115562529291
          ],
          [
            -0.435420861223064,
            51.06120974136397
          ],
          [
            -0.435417358341339,
            51.06126378521777
          ],
          [
            -0.435414273963965,
            51.06131686623631
          ],
          [
            -0.435411010916873,
            51.06137082187522
          ],
          [
            -0.435408280723921,
            51.06142524270798
          ],
          [
            -0.435405022874611,
            51.06147799082246
          ],
          [
            -0.43540223547456,
            51.06153246209099
          ],
          [
            -0.43539853055443,
            51.06158632569869
          ],
          [
            -0.435395645393659,
            51.06164029799784
          ],
          [
            -0.43539321994208,
            51.06169408976105
          ],
          [
            -0.435390309421455,
            51.06174780822256
          ],
          [
            -0.435386563773243,
            51.06180217830931
          ],
          [
            -0.435383567308267,
            51.06185579720784
          ],
          [
            -0.435380356728645,
            51.06190983895771
          ],
          [
            -0.435377378472164,
            51.0619640380915
          ],
          [
            -0.435373905786605,
            51.06201777869985
          ],
          [
            -0.435370181952803,
            51.06207645492385
          ]
        ]
      },
      "properties": {
        "row_number": "152"
      }
    },
    {
      "type": "Feature",
      "geometry": {
        "type": "Point",
        "coordinates": [
          -0.43545737364433,
          51.0605684994887
        ]
      },
      "properties": {
        "row_number": "152"
      }
    },
    {
      "type": "Feature",
      "geometry": {
        "type": "Point",
        "coordinates": [
          -0.435455185825624,
          51.0606164587001
        ]
      },
      "properties": {
        "row_number": "152"
      }
    },
    {
      "type": "Feature",
      "geometry": {
        "type": "Point",
        "coordinates": [
          -0.435451793560215,
          51.06067035126902
        ]
      },
      "properties": {
        "row_number": "152"
      }
    },
    {
      "type": "Feature",
      "geometry": {
        "type": "Point",
        "coordinates": [
          -0.43544889780424,
          51.06072467303539
        ]
      },
      "properties": {
        "row_number": "152"
      }
    },
    {
      "type": "Feature",
      "geometry": {
        "type": "Point",
        "coordinates": [
          -0.435446321978967,
          51.06077836416318
        ]
      },
      "properties": {
        "row_number": "152"
      }
    },
    {
      "type": "Feature",
      "geometry": {
        "type": "Point",
        "coordinates": [
          -0.435443010961427,
          51.06083229183047
        ]
      },
      "properties": {
        "row_number": "152"
      }
    },
    {
      "type": "Feature",
      "geometry": {
        "type": "Point",
        "coordinates": [
          -0.435439686546084,
          51.06088621459344
        ]
      },
      "properties": {
        "row_number": "152"
      }
    },
    {
      "type": "Feature",
      "geometry": {
        "type": "Point",
        "coordinates": [
          -0.43543670703047,
          51.06094041324021
        ]
      },
      "properties": {
        "row_number": "152"
      }
    },
    {
      "type": "Feature",
      "geometry": {
        "type": "Point",
        "coordinates": [
          -0.435434149391649,
          51.06099342680479
        ]
      },
      "properties": {
        "row_number": "152"
      }
    },
    {
      "type": "Feature",
      "geometry": {
        "type": "Point",
        "coordinates": [
          -0.435430508497543,
          51.06104794169171
        ]
      },
      "properties": {
        "row_number": "152"
      }
    },
    {
      "type": "Feature",
      "geometry": {
        "type": "Point",
        "coordinates": [
          -0.435426687571068,
          51.06110170811123
        ]
      },
      "properties": {
        "row_number": "152"
      }
    },
    {
      "type": "Feature",
      "geometry": {
        "type": "Point",
        "coordinates": [
          -0.435423599666536,
          51.06115562529291
        ]
      },
      "properties": {
        "row_number": "152"
      }
    },
    {
      "type": "Feature",
      "geometry": {
        "type": "Point",
        "coordinates": [
          -0.435420861223064,
          51.06120974136397
        ]
      },
      "properties": {
        "row_number": "152"
      }
    },
    {
      "type": "Feature",
      "geometry": {
        "type": "Point",
        "coordinates": [
          -0.435417358341339,
          51.06126378521777
        ]
      },
      "properties": {
        "row_number": "152"
      }
    },
    {
      "type": "Feature",
      "geometry": {
        "type": "Point",
        "coordinates": [
          -0.435414273963965,
          51.06131686623631
        ]
      },
      "properties": {
        "row_number": "152"
      }
    },
    {
      "type": "Feature",
      "geometry": {
        "type": "Point",
        "coordinates": [
          -0.435411010916873,
          51.06137082187522
        ]
      },
      "properties": {
        "row_number": "152"
      }
    },
    {
      "type": "Feature",
      "geometry": {
        "type": "Point",
        "coordinates": [
          -0.435408280723921,
          51.06142524270798
        ]
      },
      "properties": {
        "row_number": "152"
      }
    },
    {
      "type": "Feature",
      "geometry": {
        "type": "Point",
        "coordinates": [
          -0.435405022874611,
          51.06147799082246
        ]
      },
      "properties": {
        "row_number": "152"
      }
    },
    {
      "type": "Feature",
      "geometry": {
        "type": "Point",
        "coordinates": [
          -0.43540223547456,
          51.06153246209099
        ]
      },
      "properties": {
        "row_number": "152"
      }
    },
    {
      "type": "Feature",
      "geometry": {
        "type": "Point",
        "coordinates": [
          -0.43539853055443,
          51.06158632569869
        ]
      },
      "properties": {
        "row_number": "152"
      }
    },
    {
      "type": "Feature",
      "geometry": {
        "type": "Point",
        "coordinates": [
          -0.435395645393659,
          51.06164029799784
        ]
      },
      "properties": {
        "row_number": "152"
      }
    },
    {
      "type": "Feature",
      "geometry": {
        "type": "Point",
        "coordinates": [
          -0.43539321994208,
          51.06169408976105
        ]
      },
      "properties": {
        "row_number": "152"
      }
    },
    {
      "type": "Feature",
      "geometry": {
        "type": "Point",
        "coordinates": [
          -0.435390309421455,
          51.06174780822256
        ]
      },
      "properties": {
        "row_number": "152"
      }
    },
    {
      "type": "Feature",
      "geometry": {
        "type": "Point",
        "coordinates": [
          -0.435386563773243,
          51.06180217830931
        ]
      },
      "properties": {
        "row_number": "152"
      }
    },
    {
      "type": "Feature",
      "geometry": {
        "type": "Point",
        "coordinates": [
          -0.435383567308267,
          51.06185579720784
        ]
      },
      "properties": {
        "row_number": "152"
      }
    },
    {
      "type": "Feature",
      "geometry": {
        "type": "Point",
        "coordinates": [
          -0.435380356728645,
          51.06190983895771
        ]
      },
      "properties": {
        "row_number": "152"
      }
    },
    {
      "type": "Feature",
      "geometry": {
        "type": "Point",
        "coordinates": [
          -0.435377378472164,
          51.0619640380915
        ]
      },
      "properties": {
        "row_number": "152"
      }
    },
    {
      "type": "Feature",
      "geometry": {
        "type": "Point",
        "coordinates": [
          -0.435373905786605,
          51.06201777869985
        ]
      },
      "properties": {
        "row_number": "152"
      }
    },
    {
      "type": "Feature",
      "geometry": {
        "type": "Point",
        "coordinates": [
          -0.435370181952803,
          51.06207645492385
        ]
      },
      "properties": {
        "row_number": "152"
      }
    },
    {
      "type": "Feature",
      "geometry": {
        "type": "LineString",
        "coordinates": [
          [
            -0.435425381022359,
            51.06057379902099
          ],
          [
            -0.435422907066958,
            51.06061588887259
          ],
          [
            -0.435419914536235,
            51.06066951617639
          ],
          [
            -0.435417296824827,
            51.06072399658082
          ],
          [
            -0.435414553093585,
            51.06077758343226
          ],
          [
            -0.435411396290186,
            51.06083165962986
          ],
          [
            -0.435408533431996,
            51.06088564481026
          ],
          [
            -0.435405248063299,
            51.06093965464295
          ],
          [
            -0.43540232967235,
            51.06099312867095
          ],
          [
            -0.435398268470715,
            51.06104711330583
          ],
          [
            -0.435394481444262,
            51.06110133319749
          ],
          [
            -0.435391919889954,
            51.06115479594884
          ],
          [
            -0.435388919816064,
            51.0612092325005
          ],
          [
            -0.435385622550024,
            51.06126308988438
          ],
          [
            -0.435382633960708,
            51.06131613390335
          ],
          [
            -0.435379845302264,
            51.06136961738432
          ],
          [
            -0.435376752650709,
            51.06142397873282
          ],
          [
            -0.435373438857729,
            51.06147711892115
          ],
          [
            -0.435370463993734,
            51.06153216899577
          ],
          [
            -0.435367575630146,
            51.06158612974524
          ],
          [
            -0.435363719580006,
            51.06163917378132
          ],
          [
            -0.435361158952097,
            51.06169342733286
          ],
          [
            -0.43535828311253,
            51.06174715613602
          ],
          [
            -0.435354477876764,
            51.06180127159657
          ],
          [
            -0.435350922097992,
            51.06185520661226
          ],
          [
            -0.435346845078071,
            51.06190846209908
          ],
          [
            -0.435345500367368,
            51.06196239047889
          ],
          [
            -0.435342060466444,
            51.06201747499256
          ],
          [
            -0.435339862747357,
            51.06207625923703
          ]
        ]
      },
      "properties": {
        "row_number": "153"
      }
    },
    {
      "type": "Feature",
      "geometry": {
        "type": "Point",
        "coordinates": [
          -0.435425381022359,
          51.06057379902099
        ]
      },
      "properties": {
        "row_number": "153"
      }
    },
    {
      "type": "Feature",
      "geometry": {
        "type": "Point",
        "coordinates": [
          -0.435422907066958,
          51.06061588887259
        ]
      },
      "properties": {
        "row_number": "153"
      }
    },
    {
      "type": "Feature",
      "geometry": {
        "type": "Point",
        "coordinates": [
          -0.435419914536235,
          51.06066951617639
        ]
      },
      "properties": {
        "row_number": "153"
      }
    },
    {
      "type": "Feature",
      "geometry": {
        "type": "Point",
        "coordinates": [
          -0.435417296824827,
          51.06072399658082
        ]
      },
      "properties": {
        "row_number": "153"
      }
    },
    {
      "type": "Feature",
      "geometry": {
        "type": "Point",
        "coordinates": [
          -0.435414553093585,
          51.06077758343226
        ]
      },
      "properties": {
        "row_number": "153"
      }
    },
    {
      "type": "Feature",
      "geometry": {
        "type": "Point",
        "coordinates": [
          -0.435411396290186,
          51.06083165962986
        ]
      },
      "properties": {
        "row_number": "153"
      }
    },
    {
      "type": "Feature",
      "geometry": {
        "type": "Point",
        "coordinates": [
          -0.435408533431996,
          51.06088564481026
        ]
      },
      "properties": {
        "row_number": "153"
      }
    },
    {
      "type": "Feature",
      "geometry": {
        "type": "Point",
        "coordinates": [
          -0.435405248063299,
          51.06093965464295
        ]
      },
      "properties": {
        "row_number": "153"
      }
    },
    {
      "type": "Feature",
      "geometry": {
        "type": "Point",
        "coordinates": [
          -0.43540232967235,
          51.06099312867095
        ]
      },
      "properties": {
        "row_number": "153"
      }
    },
    {
      "type": "Feature",
      "geometry": {
        "type": "Point",
        "coordinates": [
          -0.435398268470715,
          51.06104711330583
        ]
      },
      "properties": {
        "row_number": "153"
      }
    },
    {
      "type": "Feature",
      "geometry": {
        "type": "Point",
        "coordinates": [
          -0.435394481444262,
          51.06110133319749
        ]
      },
      "properties": {
        "row_number": "153"
      }
    },
    {
      "type": "Feature",
      "geometry": {
        "type": "Point",
        "coordinates": [
          -0.435391919889954,
          51.06115479594884
        ]
      },
      "properties": {
        "row_number": "153"
      }
    },
    {
      "type": "Feature",
      "geometry": {
        "type": "Point",
        "coordinates": [
          -0.435388919816064,
          51.0612092325005
        ]
      },
      "properties": {
        "row_number": "153"
      }
    },
    {
      "type": "Feature",
      "geometry": {
        "type": "Point",
        "coordinates": [
          -0.435385622550024,
          51.06126308988438
        ]
      },
      "properties": {
        "row_number": "153"
      }
    },
    {
      "type": "Feature",
      "geometry": {
        "type": "Point",
        "coordinates": [
          -0.435382633960708,
          51.06131613390335
        ]
      },
      "properties": {
        "row_number": "153"
      }
    },
    {
      "type": "Feature",
      "geometry": {
        "type": "Point",
        "coordinates": [
          -0.435379845302264,
          51.06136961738432
        ]
      },
      "properties": {
        "row_number": "153"
      }
    },
    {
      "type": "Feature",
      "geometry": {
        "type": "Point",
        "coordinates": [
          -0.435376752650709,
          51.06142397873282
        ]
      },
      "properties": {
        "row_number": "153"
      }
    },
    {
      "type": "Feature",
      "geometry": {
        "type": "Point",
        "coordinates": [
          -0.435373438857729,
          51.06147711892115
        ]
      },
      "properties": {
        "row_number": "153"
      }
    },
    {
      "type": "Feature",
      "geometry": {
        "type": "Point",
        "coordinates": [
          -0.435370463993734,
          51.06153216899577
        ]
      },
      "properties": {
        "row_number": "153"
      }
    },
    {
      "type": "Feature",
      "geometry": {
        "type": "Point",
        "coordinates": [
          -0.435367575630146,
          51.06158612974524
        ]
      },
      "properties": {
        "row_number": "153"
      }
    },
    {
      "type": "Feature",
      "geometry": {
        "type": "Point",
        "coordinates": [
          -0.435363719580006,
          51.06163917378132
        ]
      },
      "properties": {
        "row_number": "153"
      }
    },
    {
      "type": "Feature",
      "geometry": {
        "type": "Point",
        "coordinates": [
          -0.435361158952097,
          51.06169342733286
        ]
      },
      "properties": {
        "row_number": "153"
      }
    },
    {
      "type": "Feature",
      "geometry": {
        "type": "Point",
        "coordinates": [
          -0.43535828311253,
          51.06174715613602
        ]
      },
      "properties": {
        "row_number": "153"
      }
    },
    {
      "type": "Feature",
      "geometry": {
        "type": "Point",
        "coordinates": [
          -0.435354477876764,
          51.06180127159657
        ]
      },
      "properties": {
        "row_number": "153"
      }
    },
    {
      "type": "Feature",
      "geometry": {
        "type": "Point",
        "coordinates": [
          -0.435350922097992,
          51.06185520661226
        ]
      },
      "properties": {
        "row_number": "153"
      }
    },
    {
      "type": "Feature",
      "geometry": {
        "type": "Point",
        "coordinates": [
          -0.435346845078071,
          51.06190846209908
        ]
      },
      "properties": {
        "row_number": "153"
      }
    },
    {
      "type": "Feature",
      "geometry": {
        "type": "Point",
        "coordinates": [
          -0.435345500367368,
          51.06196239047889
        ]
      },
      "properties": {
        "row_number": "153"
      }
    },
    {
      "type": "Feature",
      "geometry": {
        "type": "Point",
        "coordinates": [
          -0.435342060466444,
          51.06201747499256
        ]
      },
      "properties": {
        "row_number": "153"
      }
    },
    {
      "type": "Feature",
      "geometry": {
        "type": "Point",
        "coordinates": [
          -0.435339862747357,
          51.06207625923703
        ]
      },
      "properties": {
        "row_number": "153"
      }
    },
    {
      "type": "Feature",
      "geometry": {
        "type": "LineString",
        "coordinates": [
          [
            -0.435394225342982,
            51.06057905951059
          ],
          [
            -0.435391526947435,
            51.06061523909516
          ],
          [
            -0.435389429050359,
            51.06066866968627
          ],
          [
            -0.435386461100273,
            51.06072323966644
          ],
          [
            -0.435383294406566,
            51.06077706299136
          ],
          [
            -0.435380436710706,
            51.06083055771957
          ],
          [
            -0.435377661965613,
            51.0608849141885
          ],
          [
            -0.435374978796765,
            51.06093888708565
          ],
          [
            -0.435370953178027,
            51.06099225717228
          ],
          [
            -0.435367902439785,
            51.06104622810012
          ],
          [
            -0.435364424668014,
            51.06110014864743
          ],
          [
            -0.43536124416911,
            51.06115407322704
          ],
          [
            -0.435358066621425,
            51.06120839528513
          ],
          [
            -0.435354752481563,
            51.06126212992842
          ],
          [
            -0.435352573004364,
            51.06131550256146
          ],
          [
            -0.435348942431082,
            51.06136928124416
          ],
          [
            -0.435345895073775,
            51.06142316130082
          ],
          [
            -0.435342775751755,
            51.06147665430188
          ],
          [
            -0.435339957079179,
            51.06153093587736
          ],
          [
            -0.43533644283918,
            51.06158456747744
          ],
          [
            -0.435333020053346,
            51.06163905966336
          ],
          [
            -0.435330959241724,
            51.06169271448152
          ],
          [
            -0.435327940603465,
            51.06174641401641
          ],
          [
            -0.435324051188495,
            51.06180059928865
          ],
          [
            -0.435320968426489,
            51.06185428821355
          ],
          [
            -0.435317877445178,
            51.06190820671141
          ],
          [
            -0.435314955939381,
            51.06196209296775
          ],
          [
            -0.43531119170112,
            51.06201631821704
          ],
          [
            -0.435308451913243,
            51.06207468089673
          ]
        ]
      },
      "properties": {
        "row_number": "154"
      }
    },
    {
      "type": "Feature",
      "geometry": {
        "type": "Point",
        "coordinates": [
          -0.435394225342982,
          51.06057905951059
        ]
      },
      "properties": {
        "row_number": "154"
      }
    },
    {
      "type": "Feature",
      "geometry": {
        "type": "Point",
        "coordinates": [
          -0.435391526947435,
          51.06061523909516
        ]
      },
      "properties": {
        "row_number": "154"
      }
    },
    {
      "type": "Feature",
      "geometry": {
        "type": "Point",
        "coordinates": [
          -0.435389429050359,
          51.06066866968627
        ]
      },
      "properties": {
        "row_number": "154"
      }
    },
    {
      "type": "Feature",
      "geometry": {
        "type": "Point",
        "coordinates": [
          -0.435386461100273,
          51.06072323966644
        ]
      },
      "properties": {
        "row_number": "154"
      }
    },
    {
      "type": "Feature",
      "geometry": {
        "type": "Point",
        "coordinates": [
          -0.435383294406566,
          51.06077706299136
        ]
      },
      "properties": {
        "row_number": "154"
      }
    },
    {
      "type": "Feature",
      "geometry": {
        "type": "Point",
        "coordinates": [
          -0.435380436710706,
          51.06083055771957
        ]
      },
      "properties": {
        "row_number": "154"
      }
    },
    {
      "type": "Feature",
      "geometry": {
        "type": "Point",
        "coordinates": [
          -0.435377661965613,
          51.0608849141885
        ]
      },
      "properties": {
        "row_number": "154"
      }
    },
    {
      "type": "Feature",
      "geometry": {
        "type": "Point",
        "coordinates": [
          -0.435374978796765,
          51.06093888708565
        ]
      },
      "properties": {
        "row_number": "154"
      }
    },
    {
      "type": "Feature",
      "geometry": {
        "type": "Point",
        "coordinates": [
          -0.435370953178027,
          51.06099225717228
        ]
      },
      "properties": {
        "row_number": "154"
      }
    },
    {
      "type": "Feature",
      "geometry": {
        "type": "Point",
        "coordinates": [
          -0.435367902439785,
          51.06104622810012
        ]
      },
      "properties": {
        "row_number": "154"
      }
    },
    {
      "type": "Feature",
      "geometry": {
        "type": "Point",
        "coordinates": [
          -0.435364424668014,
          51.06110014864743
        ]
      },
      "properties": {
        "row_number": "154"
      }
    },
    {
      "type": "Feature",
      "geometry": {
        "type": "Point",
        "coordinates": [
          -0.43536124416911,
          51.06115407322704
        ]
      },
      "properties": {
        "row_number": "154"
      }
    },
    {
      "type": "Feature",
      "geometry": {
        "type": "Point",
        "coordinates": [
          -0.435358066621425,
          51.06120839528513
        ]
      },
      "properties": {
        "row_number": "154"
      }
    },
    {
      "type": "Feature",
      "geometry": {
        "type": "Point",
        "coordinates": [
          -0.435354752481563,
          51.06126212992842
        ]
      },
      "properties": {
        "row_number": "154"
      }
    },
    {
      "type": "Feature",
      "geometry": {
        "type": "Point",
        "coordinates": [
          -0.435352573004364,
          51.06131550256146
        ]
      },
      "properties": {
        "row_number": "154"
      }
    },
    {
      "type": "Feature",
      "geometry": {
        "type": "Point",
        "coordinates": [
          -0.435348942431082,
          51.06136928124416
        ]
      },
      "properties": {
        "row_number": "154"
      }
    },
    {
      "type": "Feature",
      "geometry": {
        "type": "Point",
        "coordinates": [
          -0.435345895073775,
          51.06142316130082
        ]
      },
      "properties": {
        "row_number": "154"
      }
    },
    {
      "type": "Feature",
      "geometry": {
        "type": "Point",
        "coordinates": [
          -0.435342775751755,
          51.06147665430188
        ]
      },
      "properties": {
        "row_number": "154"
      }
    },
    {
      "type": "Feature",
      "geometry": {
        "type": "Point",
        "coordinates": [
          -0.435339957079179,
          51.06153093587736
        ]
      },
      "properties": {
        "row_number": "154"
      }
    },
    {
      "type": "Feature",
      "geometry": {
        "type": "Point",
        "coordinates": [
          -0.43533644283918,
          51.06158456747744
        ]
      },
      "properties": {
        "row_number": "154"
      }
    },
    {
      "type": "Feature",
      "geometry": {
        "type": "Point",
        "coordinates": [
          -0.435333020053346,
          51.06163905966336
        ]
      },
      "properties": {
        "row_number": "154"
      }
    },
    {
      "type": "Feature",
      "geometry": {
        "type": "Point",
        "coordinates": [
          -0.435330959241724,
          51.06169271448152
        ]
      },
      "properties": {
        "row_number": "154"
      }
    },
    {
      "type": "Feature",
      "geometry": {
        "type": "Point",
        "coordinates": [
          -0.435327940603465,
          51.06174641401641
        ]
      },
      "properties": {
        "row_number": "154"
      }
    },
    {
      "type": "Feature",
      "geometry": {
        "type": "Point",
        "coordinates": [
          -0.435324051188495,
          51.06180059928865
        ]
      },
      "properties": {
        "row_number": "154"
      }
    },
    {
      "type": "Feature",
      "geometry": {
        "type": "Point",
        "coordinates": [
          -0.435320968426489,
          51.06185428821355
        ]
      },
      "properties": {
        "row_number": "154"
      }
    },
    {
      "type": "Feature",
      "geometry": {
        "type": "Point",
        "coordinates": [
          -0.435317877445178,
          51.06190820671141
        ]
      },
      "properties": {
        "row_number": "154"
      }
    },
    {
      "type": "Feature",
      "geometry": {
        "type": "Point",
        "coordinates": [
          -0.435314955939381,
          51.06196209296775
        ]
      },
      "properties": {
        "row_number": "154"
      }
    },
    {
      "type": "Feature",
      "geometry": {
        "type": "Point",
        "coordinates": [
          -0.43531119170112,
          51.06201631821704
        ]
      },
      "properties": {
        "row_number": "154"
      }
    },
    {
      "type": "Feature",
      "geometry": {
        "type": "Point",
        "coordinates": [
          -0.435308451913243,
          51.06207468089673
        ]
      },
      "properties": {
        "row_number": "154"
      }
    },
    {
      "type": "Feature",
      "geometry": {
        "type": "LineString",
        "coordinates": [
          [
            -0.435361546280746,
            51.06058584718418
          ],
          [
            -0.435359677070919,
            51.06061466199967
          ],
          [
            -0.435357547416226,
            51.06066813815869
          ],
          [
            -0.435354396767145,
            51.06072226322149
          ],
          [
            -0.435351107311837,
            51.06077604779004
          ],
          [
            -0.435348233831663,
            51.06083026531547
          ],
          [
            -0.435345092063837,
            51.060883906152
          ],
          [
            -0.435342281551074,
            51.06093832178608
          ],
          [
            -0.4353393225127,
            51.06099180192864
          ],
          [
            -0.435336365707779,
            51.06104561635995
          ],
          [
            -0.435332949064551,
            51.06109956181981
          ],
          [
            -0.435329478508628,
            51.06115325245278
          ],
          [
            -0.435326540483565,
            51.06120795405344
          ],
          [
            -0.435322745393583,
            51.06126161037718
          ],
          [
            -0.435319981739677,
            51.0613145356507
          ],
          [
            -0.43531692613235,
            51.06136860555974
          ],
          [
            -0.435313938039397,
            51.06142234393437
          ],
          [
            -0.435310860435825,
            51.06147548581334
          ],
          [
            -0.435308052929178,
            51.06153013131222
          ],
          [
            -0.435304576005049,
            51.06158414345706
          ],
          [
            -0.43530150426127,
            51.06163819820966
          ],
          [
            -0.43529841424063,
            51.06169212209721
          ],
          [
            -0.435295154768538,
            51.06174593899691
          ],
          [
            -0.435293091496385,
            51.06179986072867
          ],
          [
            -0.435289841331448,
            51.06185302435009
          ],
          [
            -0.435286531831134,
            51.06190734421146
          ],
          [
            -0.435283168758114,
            51.06196153766975
          ],
          [
            -0.435280722662328,
            51.06201594366006
          ],
          [
            -0.435276489240295,
            51.06207499968701
          ]
        ]
      },
      "properties": {
        "row_number": "155"
      }
    },
    {
      "type": "Feature",
      "geometry": {
        "type": "Point",
        "coordinates": [
          -0.435361546280746,
          51.06058584718418
        ]
      },
      "properties": {
        "row_number": "155"
      }
    },
    {
      "type": "Feature",
      "geometry": {
        "type": "Point",
        "coordinates": [
          -0.435359677070919,
          51.06061466199967
        ]
      },
      "properties": {
        "row_number": "155"
      }
    },
    {
      "type": "Feature",
      "geometry": {
        "type": "Point",
        "coordinates": [
          -0.435357547416226,
          51.06066813815869
        ]
      },
      "properties": {
        "row_number": "155"
      }
    },
    {
      "type": "Feature",
      "geometry": {
        "type": "Point",
        "coordinates": [
          -0.435354396767145,
          51.06072226322149
        ]
      },
      "properties": {
        "row_number": "155"
      }
    },
    {
      "type": "Feature",
      "geometry": {
        "type": "Point",
        "coordinates": [
          -0.435351107311837,
          51.06077604779004
        ]
      },
      "properties": {
        "row_number": "155"
      }
    },
    {
      "type": "Feature",
      "geometry": {
        "type": "Point",
        "coordinates": [
          -0.435348233831663,
          51.06083026531547
        ]
      },
      "properties": {
        "row_number": "155"
      }
    },
    {
      "type": "Feature",
      "geometry": {
        "type": "Point",
        "coordinates": [
          -0.435345092063837,
          51.060883906152
        ]
      },
      "properties": {
        "row_number": "155"
      }
    },
    {
      "type": "Feature",
      "geometry": {
        "type": "Point",
        "coordinates": [
          -0.435342281551074,
          51.06093832178608
        ]
      },
      "properties": {
        "row_number": "155"
      }
    },
    {
      "type": "Feature",
      "geometry": {
        "type": "Point",
        "coordinates": [
          -0.4353393225127,
          51.06099180192864
        ]
      },
      "properties": {
        "row_number": "155"
      }
    },
    {
      "type": "Feature",
      "geometry": {
        "type": "Point",
        "coordinates": [
          -0.435336365707779,
          51.06104561635995
        ]
      },
      "properties": {
        "row_number": "155"
      }
    },
    {
      "type": "Feature",
      "geometry": {
        "type": "Point",
        "coordinates": [
          -0.435332949064551,
          51.06109956181981
        ]
      },
      "properties": {
        "row_number": "155"
      }
    },
    {
      "type": "Feature",
      "geometry": {
        "type": "Point",
        "coordinates": [
          -0.435329478508628,
          51.06115325245278
        ]
      },
      "properties": {
        "row_number": "155"
      }
    },
    {
      "type": "Feature",
      "geometry": {
        "type": "Point",
        "coordinates": [
          -0.435326540483565,
          51.06120795405344
        ]
      },
      "properties": {
        "row_number": "155"
      }
    },
    {
      "type": "Feature",
      "geometry": {
        "type": "Point",
        "coordinates": [
          -0.435322745393583,
          51.06126161037718
        ]
      },
      "properties": {
        "row_number": "155"
      }
    },
    {
      "type": "Feature",
      "geometry": {
        "type": "Point",
        "coordinates": [
          -0.435319981739677,
          51.0613145356507
        ]
      },
      "properties": {
        "row_number": "155"
      }
    },
    {
      "type": "Feature",
      "geometry": {
        "type": "Point",
        "coordinates": [
          -0.43531692613235,
          51.06136860555974
        ]
      },
      "properties": {
        "row_number": "155"
      }
    },
    {
      "type": "Feature",
      "geometry": {
        "type": "Point",
        "coordinates": [
          -0.435313938039397,
          51.06142234393437
        ]
      },
      "properties": {
        "row_number": "155"
      }
    },
    {
      "type": "Feature",
      "geometry": {
        "type": "Point",
        "coordinates": [
          -0.435310860435825,
          51.06147548581334
        ]
      },
      "properties": {
        "row_number": "155"
      }
    },
    {
      "type": "Feature",
      "geometry": {
        "type": "Point",
        "coordinates": [
          -0.435308052929178,
          51.06153013131222
        ]
      },
      "properties": {
        "row_number": "155"
      }
    },
    {
      "type": "Feature",
      "geometry": {
        "type": "Point",
        "coordinates": [
          -0.435304576005049,
          51.06158414345706
        ]
      },
      "properties": {
        "row_number": "155"
      }
    },
    {
      "type": "Feature",
      "geometry": {
        "type": "Point",
        "coordinates": [
          -0.43530150426127,
          51.06163819820966
        ]
      },
      "properties": {
        "row_number": "155"
      }
    },
    {
      "type": "Feature",
      "geometry": {
        "type": "Point",
        "coordinates": [
          -0.43529841424063,
          51.06169212209721
        ]
      },
      "properties": {
        "row_number": "155"
      }
    },
    {
      "type": "Feature",
      "geometry": {
        "type": "Point",
        "coordinates": [
          -0.435295154768538,
          51.06174593899691
        ]
      },
      "properties": {
        "row_number": "155"
      }
    },
    {
      "type": "Feature",
      "geometry": {
        "type": "Point",
        "coordinates": [
          -0.435293091496385,
          51.06179986072867
        ]
      },
      "properties": {
        "row_number": "155"
      }
    },
    {
      "type": "Feature",
      "geometry": {
        "type": "Point",
        "coordinates": [
          -0.435289841331448,
          51.06185302435009
        ]
      },
      "properties": {
        "row_number": "155"
      }
    },
    {
      "type": "Feature",
      "geometry": {
        "type": "Point",
        "coordinates": [
          -0.435286531831134,
          51.06190734421146
        ]
      },
      "properties": {
        "row_number": "155"
      }
    },
    {
      "type": "Feature",
      "geometry": {
        "type": "Point",
        "coordinates": [
          -0.435283168758114,
          51.06196153766975
        ]
      },
      "properties": {
        "row_number": "155"
      }
    },
    {
      "type": "Feature",
      "geometry": {
        "type": "Point",
        "coordinates": [
          -0.435280722662328,
          51.06201594366006
        ]
      },
      "properties": {
        "row_number": "155"
      }
    },
    {
      "type": "Feature",
      "geometry": {
        "type": "Point",
        "coordinates": [
          -0.435276489240295,
          51.06207499968701
        ]
      },
      "properties": {
        "row_number": "155"
      }
    },
    {
      "type": "Feature",
      "geometry": {
        "type": "LineString",
        "coordinates": [
          [
            -0.43532989271154,
            51.06059115779101
          ],
          [
            -0.435326974743933,
            51.06066751206647
          ],
          [
            -0.435323718554175,
            51.06072218642156
          ],
          [
            -0.435320408455,
            51.06077552091406
          ],
          [
            -0.435316560597987,
            51.06082974492898
          ],
          [
            -0.435313354285252,
            51.06088355564434
          ],
          [
            -0.435310723163871,
            51.06093763349718
          ],
          [
            -0.435308120636078,
            51.0609911118524
          ],
          [
            -0.435304446153479,
            51.06104481140301
          ],
          [
            -0.435301358103084,
            51.06109914071973
          ],
          [
            -0.435298475735379,
            51.06115286723149
          ],
          [
            -0.435294843826826,
            51.06120710700389
          ],
          [
            -0.435291877707735,
            51.06126095769395
          ],
          [
            -0.435289709044146,
            51.06131409304499
          ],
          [
            -0.435286958332168,
            51.06136779164116
          ],
          [
            -0.435283708479042,
            51.06142151642086
          ],
          [
            -0.435280741633553,
            51.06147490149371
          ],
          [
            -0.43527671204513,
            51.06152955120003
          ],
          [
            -0.435273444228892,
            51.06158363407213
          ],
          [
            -0.435270587265046,
            51.06163741551838
          ],
          [
            -0.435267224213029,
            51.06169133800434
          ],
          [
            -0.435264656964136,
            51.0617451720148
          ],
          [
            -0.435261453246625,
            51.06179906947433
          ],
          [
            -0.435258853442693,
            51.06185283377046
          ],
          [
            -0.435255212667931,
            51.06190673977061
          ],
          [
            -0.435251866789197,
            51.06196087129003
          ],
          [
            -0.435248309096217,
            51.06201547006857
          ],
          [
            -0.435244628437059,
            51.06207533001249
          ]
        ]
      },
      "properties": {
        "row_number": "156"
      }
    },
    {
      "type": "Feature",
      "geometry": {
        "type": "Point",
        "coordinates": [
          -0.43532989271154,
          51.06059115779101
        ]
      },
      "properties": {
        "row_number": "156"
      }
    },
    {
      "type": "Feature",
      "geometry": {
        "type": "Point",
        "coordinates": [
          -0.435326974743933,
          51.06066751206647
        ]
      },
      "properties": {
        "row_number": "156"
      }
    },
    {
      "type": "Feature",
      "geometry": {
        "type": "Point",
        "coordinates": [
          -0.435323718554175,
          51.06072218642156
        ]
      },
      "properties": {
        "row_number": "156"
      }
    },
    {
      "type": "Feature",
      "geometry": {
        "type": "Point",
        "coordinates": [
          -0.435320408455,
          51.06077552091406
        ]
      },
      "properties": {
        "row_number": "156"
      }
    },
    {
      "type": "Feature",
      "geometry": {
        "type": "Point",
        "coordinates": [
          -0.435316560597987,
          51.06082974492898
        ]
      },
      "properties": {
        "row_number": "156"
      }
    },
    {
      "type": "Feature",
      "geometry": {
        "type": "Point",
        "coordinates": [
          -0.435313354285252,
          51.06088355564434
        ]
      },
      "properties": {
        "row_number": "156"
      }
    },
    {
      "type": "Feature",
      "geometry": {
        "type": "Point",
        "coordinates": [
          -0.435310723163871,
          51.06093763349718
        ]
      },
      "properties": {
        "row_number": "156"
      }
    },
    {
      "type": "Feature",
      "geometry": {
        "type": "Point",
        "coordinates": [
          -0.435308120636078,
          51.0609911118524
        ]
      },
      "properties": {
        "row_number": "156"
      }
    },
    {
      "type": "Feature",
      "geometry": {
        "type": "Point",
        "coordinates": [
          -0.435304446153479,
          51.06104481140301
        ]
      },
      "properties": {
        "row_number": "156"
      }
    },
    {
      "type": "Feature",
      "geometry": {
        "type": "Point",
        "coordinates": [
          -0.435301358103084,
          51.06109914071973
        ]
      },
      "properties": {
        "row_number": "156"
      }
    },
    {
      "type": "Feature",
      "geometry": {
        "type": "Point",
        "coordinates": [
          -0.435298475735379,
          51.06115286723149
        ]
      },
      "properties": {
        "row_number": "156"
      }
    },
    {
      "type": "Feature",
      "geometry": {
        "type": "Point",
        "coordinates": [
          -0.435294843826826,
          51.06120710700389
        ]
      },
      "properties": {
        "row_number": "156"
      }
    },
    {
      "type": "Feature",
      "geometry": {
        "type": "Point",
        "coordinates": [
          -0.435291877707735,
          51.06126095769395
        ]
      },
      "properties": {
        "row_number": "156"
      }
    },
    {
      "type": "Feature",
      "geometry": {
        "type": "Point",
        "coordinates": [
          -0.435289709044146,
          51.06131409304499
        ]
      },
      "properties": {
        "row_number": "156"
      }
    },
    {
      "type": "Feature",
      "geometry": {
        "type": "Point",
        "coordinates": [
          -0.435286958332168,
          51.06136779164116
        ]
      },
      "properties": {
        "row_number": "156"
      }
    },
    {
      "type": "Feature",
      "geometry": {
        "type": "Point",
        "coordinates": [
          -0.435283708479042,
          51.06142151642086
        ]
      },
      "properties": {
        "row_number": "156"
      }
    },
    {
      "type": "Feature",
      "geometry": {
        "type": "Point",
        "coordinates": [
          -0.435280741633553,
          51.06147490149371
        ]
      },
      "properties": {
        "row_number": "156"
      }
    },
    {
      "type": "Feature",
      "geometry": {
        "type": "Point",
        "coordinates": [
          -0.43527671204513,
          51.06152955120003
        ]
      },
      "properties": {
        "row_number": "156"
      }
    },
    {
      "type": "Feature",
      "geometry": {
        "type": "Point",
        "coordinates": [
          -0.435273444228892,
          51.06158363407213
        ]
      },
      "properties": {
        "row_number": "156"
      }
    },
    {
      "type": "Feature",
      "geometry": {
        "type": "Point",
        "coordinates": [
          -0.435270587265046,
          51.06163741551838
        ]
      },
      "properties": {
        "row_number": "156"
      }
    },
    {
      "type": "Feature",
      "geometry": {
        "type": "Point",
        "coordinates": [
          -0.435267224213029,
          51.06169133800434
        ]
      },
      "properties": {
        "row_number": "156"
      }
    },
    {
      "type": "Feature",
      "geometry": {
        "type": "Point",
        "coordinates": [
          -0.435264656964136,
          51.0617451720148
        ]
      },
      "properties": {
        "row_number": "156"
      }
    },
    {
      "type": "Feature",
      "geometry": {
        "type": "Point",
        "coordinates": [
          -0.435261453246625,
          51.06179906947433
        ]
      },
      "properties": {
        "row_number": "156"
      }
    },
    {
      "type": "Feature",
      "geometry": {
        "type": "Point",
        "coordinates": [
          -0.435258853442693,
          51.06185283377046
        ]
      },
      "properties": {
        "row_number": "156"
      }
    },
    {
      "type": "Feature",
      "geometry": {
        "type": "Point",
        "coordinates": [
          -0.435255212667931,
          51.06190673977061
        ]
      },
      "properties": {
        "row_number": "156"
      }
    },
    {
      "type": "Feature",
      "geometry": {
        "type": "Point",
        "coordinates": [
          -0.435251866789197,
          51.06196087129003
        ]
      },
      "properties": {
        "row_number": "156"
      }
    },
    {
      "type": "Feature",
      "geometry": {
        "type": "Point",
        "coordinates": [
          -0.435248309096217,
          51.06201547006857
        ]
      },
      "properties": {
        "row_number": "156"
      }
    },
    {
      "type": "Feature",
      "geometry": {
        "type": "Point",
        "coordinates": [
          -0.435244628437059,
          51.06207533001249
        ]
      },
      "properties": {
        "row_number": "156"
      }
    },
    {
      "type": "Feature",
      "geometry": {
        "type": "LineString",
        "coordinates": [
          [
            -0.435298970342974,
            51.06059712905845
          ],
          [
            -0.435295051364613,
            51.06066703371432
          ],
          [
            -0.435291700290514,
            51.0607211417373
          ],
          [
            -0.43528914049366,
            51.06077456032229
          ],
          [
            -0.43528588531867,
            51.0608286141635
          ],
          [
            -0.435282545611759,
            51.06088276455415
          ],
          [
            -0.435279655947631,
            51.0609369927524
          ],
          [
            -0.435276421125741,
            51.06099039813092
          ],
          [
            -0.435273036996364,
            51.06104418276362
          ],
          [
            -0.4352700486919,
            51.06109824125343
          ],
          [
            -0.435266950562188,
            51.06115182382385
          ],
          [
            -0.435263735860163,
            51.06120627472924
          ],
          [
            -0.435260399411825,
            51.06126021814185
          ],
          [
            -0.435258069736393,
            51.06131325639188
          ],
          [
            -0.435254774883782,
            51.06136735672762
          ],
          [
            -0.435251608385478,
            51.06142104597266
          ],
          [
            -0.435248440744229,
            51.06147416172422
          ],
          [
            -0.435245015630037,
            51.06152879092542
          ],
          [
            -0.435242359217027,
            51.06158264315106
          ],
          [
            -0.435238906585287,
            51.06163670646929
          ],
          [
            -0.435235836640908,
            51.06169078833179
          ],
          [
            -0.435231772092031,
            51.06174462850883
          ],
          [
            -0.43522927729716,
            51.06179797040917
          ],
          [
            -0.435226787078988,
            51.06185224370886
          ],
          [
            -0.435223540749183,
            51.06190589228164
          ],
          [
            -0.435220387673663,
            51.06196028409674
          ],
          [
            -0.435217227335332,
            51.06201422275012
          ],
          [
            -0.435213983137262,
            51.06207440535078
          ]
        ]
      },
      "properties": {
        "row_number": "157"
      }
    },
    {
      "type": "Feature",
      "geometry": {
        "type": "Point",
        "coordinates": [
          -0.435298970342974,
          51.06059712905845
        ]
      },
      "properties": {
        "row_number": "157"
      }
    },
    {
      "type": "Feature",
      "geometry": {
        "type": "Point",
        "coordinates": [
          -0.435295051364613,
          51.06066703371432
        ]
      },
      "properties": {
        "row_number": "157"
      }
    },
    {
      "type": "Feature",
      "geometry": {
        "type": "Point",
        "coordinates": [
          -0.435291700290514,
          51.0607211417373
        ]
      },
      "properties": {
        "row_number": "157"
      }
    },
    {
      "type": "Feature",
      "geometry": {
        "type": "Point",
        "coordinates": [
          -0.43528914049366,
          51.06077456032229
        ]
      },
      "properties": {
        "row_number": "157"
      }
    },
    {
      "type": "Feature",
      "geometry": {
        "type": "Point",
        "coordinates": [
          -0.43528588531867,
          51.0608286141635
        ]
      },
      "properties": {
        "row_number": "157"
      }
    },
    {
      "type": "Feature",
      "geometry": {
        "type": "Point",
        "coordinates": [
          -0.435282545611759,
          51.06088276455415
        ]
      },
      "properties": {
        "row_number": "157"
      }
    },
    {
      "type": "Feature",
      "geometry": {
        "type": "Point",
        "coordinates": [
          -0.435279655947631,
          51.0609369927524
        ]
      },
      "properties": {
        "row_number": "157"
      }
    },
    {
      "type": "Feature",
      "geometry": {
        "type": "Point",
        "coordinates": [
          -0.435276421125741,
          51.06099039813092
        ]
      },
      "properties": {
        "row_number": "157"
      }
    },
    {
      "type": "Feature",
      "geometry": {
        "type": "Point",
        "coordinates": [
          -0.435273036996364,
          51.06104418276362
        ]
      },
      "properties": {
        "row_number": "157"
      }
    },
    {
      "type": "Feature",
      "geometry": {
        "type": "Point",
        "coordinates": [
          -0.4352700486919,
          51.06109824125343
        ]
      },
      "properties": {
        "row_number": "157"
      }
    },
    {
      "type": "Feature",
      "geometry": {
        "type": "Point",
        "coordinates": [
          -0.435266950562188,
          51.06115182382385
        ]
      },
      "properties": {
        "row_number": "157"
      }
    },
    {
      "type": "Feature",
      "geometry": {
        "type": "Point",
        "coordinates": [
          -0.435263735860163,
          51.06120627472924
        ]
      },
      "properties": {
        "row_number": "157"
      }
    },
    {
      "type": "Feature",
      "geometry": {
        "type": "Point",
        "coordinates": [
          -0.435260399411825,
          51.06126021814185
        ]
      },
      "properties": {
        "row_number": "157"
      }
    },
    {
      "type": "Feature",
      "geometry": {
        "type": "Point",
        "coordinates": [
          -0.435258069736393,
          51.06131325639188
        ]
      },
      "properties": {
        "row_number": "157"
      }
    },
    {
      "type": "Feature",
      "geometry": {
        "type": "Point",
        "coordinates": [
          -0.435254774883782,
          51.06136735672762
        ]
      },
      "properties": {
        "row_number": "157"
      }
    },
    {
      "type": "Feature",
      "geometry": {
        "type": "Point",
        "coordinates": [
          -0.435251608385478,
          51.06142104597266
        ]
      },
      "properties": {
        "row_number": "157"
      }
    },
    {
      "type": "Feature",
      "geometry": {
        "type": "Point",
        "coordinates": [
          -0.435248440744229,
          51.06147416172422
        ]
      },
      "properties": {
        "row_number": "157"
      }
    },
    {
      "type": "Feature",
      "geometry": {
        "type": "Point",
        "coordinates": [
          -0.435245015630037,
          51.06152879092542
        ]
      },
      "properties": {
        "row_number": "157"
      }
    },
    {
      "type": "Feature",
      "geometry": {
        "type": "Point",
        "coordinates": [
          -0.435242359217027,
          51.06158264315106
        ]
      },
      "properties": {
        "row_number": "157"
      }
    },
    {
      "type": "Feature",
      "geometry": {
        "type": "Point",
        "coordinates": [
          -0.435238906585287,
          51.06163670646929
        ]
      },
      "properties": {
        "row_number": "157"
      }
    },
    {
      "type": "Feature",
      "geometry": {
        "type": "Point",
        "coordinates": [
          -0.435235836640908,
          51.06169078833179
        ]
      },
      "properties": {
        "row_number": "157"
      }
    },
    {
      "type": "Feature",
      "geometry": {
        "type": "Point",
        "coordinates": [
          -0.435231772092031,
          51.06174462850883
        ]
      },
      "properties": {
        "row_number": "157"
      }
    },
    {
      "type": "Feature",
      "geometry": {
        "type": "Point",
        "coordinates": [
          -0.43522927729716,
          51.06179797040917
        ]
      },
      "properties": {
        "row_number": "157"
      }
    },
    {
      "type": "Feature",
      "geometry": {
        "type": "Point",
        "coordinates": [
          -0.435226787078988,
          51.06185224370886
        ]
      },
      "properties": {
        "row_number": "157"
      }
    },
    {
      "type": "Feature",
      "geometry": {
        "type": "Point",
        "coordinates": [
          -0.435223540749183,
          51.06190589228164
        ]
      },
      "properties": {
        "row_number": "157"
      }
    },
    {
      "type": "Feature",
      "geometry": {
        "type": "Point",
        "coordinates": [
          -0.435220387673663,
          51.06196028409674
        ]
      },
      "properties": {
        "row_number": "157"
      }
    },
    {
      "type": "Feature",
      "geometry": {
        "type": "Point",
        "coordinates": [
          -0.435217227335332,
          51.06201422275012
        ]
      },
      "properties": {
        "row_number": "157"
      }
    },
    {
      "type": "Feature",
      "geometry": {
        "type": "Point",
        "coordinates": [
          -0.435213983137262,
          51.06207440535078
        ]
      },
      "properties": {
        "row_number": "157"
      }
    },
    {
      "type": "Feature",
      "geometry": {
        "type": "LineString",
        "coordinates": [
          [
            -0.435265833504141,
            51.06061503009802
          ],
          [
            -0.435263562396699,
            51.06066615619922
          ],
          [
            -0.435260492095346,
            51.06072012105472
          ],
          [
            -0.435257555464428,
            51.06077385048966
          ],
          [
            -0.43525445211591,
            51.06082830779577
          ],
          [
            -0.435251902092038,
            51.06088195391919
          ],
          [
            -0.435248607478596,
            51.06093628721106
          ],
          [
            -0.435245107020992,
            51.06098981319717
          ],
          [
            -0.435242109967926,
            51.06104333829485
          ],
          [
            -0.43523898372658,
            51.06109768739695
          ],
          [
            -0.435235160582119,
            51.06115112582147
          ],
          [
            -0.435232223066229,
            51.06120554220907
          ],
          [
            -0.435229169839937,
            51.06125962550072
          ],
          [
            -0.435226443404559,
            51.0613124147598
          ],
          [
            -0.435223767358195,
            51.06136646086092
          ],
          [
            -0.435221267783428,
            51.06142024082735
          ],
          [
            -0.435217893212885,
            51.0614733820463
          ],
          [
            -0.435214989622357,
            51.06152810546074
          ],
          [
            -0.435211104272715,
            51.06158180370068
          ],
          [
            -0.435207988007629,
            51.06163592976119
          ],
          [
            -0.435204929628379,
            51.0616898968179
          ],
          [
            -0.435201805688472,
            51.06174378147359
          ],
          [
            -0.435198968452646,
            51.06179733137046
          ],
          [
            -0.435196345619295,
            51.06185111800993
          ],
          [
            -0.435192816139327,
            51.0619047750523
          ],
          [
            -0.435190065378468,
            51.06195938009806
          ],
          [
            -0.435186400600567,
            51.06201417940136
          ],
          [
            -0.435181774729421,
            51.06207372449541
          ]
        ]
      },
      "properties": {
        "row_number": "158"
      }
    },
    {
      "type": "Feature",
      "geometry": {
        "type": "Point",
        "coordinates": [
          -0.435265833504141,
          51.06061503009802
        ]
      },
      "properties": {
        "row_number": "158"
      }
    },
    {
      "type": "Feature",
      "geometry": {
        "type": "Point",
        "coordinates": [
          -0.435263562396699,
          51.06066615619922
        ]
      },
      "properties": {
        "row_number": "158"
      }
    },
    {
      "type": "Feature",
      "geometry": {
        "type": "Point",
        "coordinates": [
          -0.435260492095346,
          51.06072012105472
        ]
      },
      "properties": {
        "row_number": "158"
      }
    },
    {
      "type": "Feature",
      "geometry": {
        "type": "Point",
        "coordinates": [
          -0.435257555464428,
          51.06077385048966
        ]
      },
      "properties": {
        "row_number": "158"
      }
    },
    {
      "type": "Feature",
      "geometry": {
        "type": "Point",
        "coordinates": [
          -0.43525445211591,
          51.06082830779577
        ]
      },
      "properties": {
        "row_number": "158"
      }
    },
    {
      "type": "Feature",
      "geometry": {
        "type": "Point",
        "coordinates": [
          -0.435251902092038,
          51.06088195391919
        ]
      },
      "properties": {
        "row_number": "158"
      }
    },
    {
      "type": "Feature",
      "geometry": {
        "type": "Point",
        "coordinates": [
          -0.435248607478596,
          51.06093628721106
        ]
      },
      "properties": {
        "row_number": "158"
      }
    },
    {
      "type": "Feature",
      "geometry": {
        "type": "Point",
        "coordinates": [
          -0.435245107020992,
          51.06098981319717
        ]
      },
      "properties": {
        "row_number": "158"
      }
    },
    {
      "type": "Feature",
      "geometry": {
        "type": "Point",
        "coordinates": [
          -0.435242109967926,
          51.06104333829485
        ]
      },
      "properties": {
        "row_number": "158"
      }
    },
    {
      "type": "Feature",
      "geometry": {
        "type": "Point",
        "coordinates": [
          -0.43523898372658,
          51.06109768739695
        ]
      },
      "properties": {
        "row_number": "158"
      }
    },
    {
      "type": "Feature",
      "geometry": {
        "type": "Point",
        "coordinates": [
          -0.435235160582119,
          51.06115112582147
        ]
      },
      "properties": {
        "row_number": "158"
      }
    },
    {
      "type": "Feature",
      "geometry": {
        "type": "Point",
        "coordinates": [
          -0.435232223066229,
          51.06120554220907
        ]
      },
      "properties": {
        "row_number": "158"
      }
    },
    {
      "type": "Feature",
      "geometry": {
        "type": "Point",
        "coordinates": [
          -0.435229169839937,
          51.06125962550072
        ]
      },
      "properties": {
        "row_number": "158"
      }
    },
    {
      "type": "Feature",
      "geometry": {
        "type": "Point",
        "coordinates": [
          -0.435226443404559,
          51.0613124147598
        ]
      },
      "properties": {
        "row_number": "158"
      }
    },
    {
      "type": "Feature",
      "geometry": {
        "type": "Point",
        "coordinates": [
          -0.435223767358195,
          51.06136646086092
        ]
      },
      "properties": {
        "row_number": "158"
      }
    },
    {
      "type": "Feature",
      "geometry": {
        "type": "Point",
        "coordinates": [
          -0.435221267783428,
          51.06142024082735
        ]
      },
      "properties": {
        "row_number": "158"
      }
    },
    {
      "type": "Feature",
      "geometry": {
        "type": "Point",
        "coordinates": [
          -0.435217893212885,
          51.0614733820463
        ]
      },
      "properties": {
        "row_number": "158"
      }
    },
    {
      "type": "Feature",
      "geometry": {
        "type": "Point",
        "coordinates": [
          -0.435214989622357,
          51.06152810546074
        ]
      },
      "properties": {
        "row_number": "158"
      }
    },
    {
      "type": "Feature",
      "geometry": {
        "type": "Point",
        "coordinates": [
          -0.435211104272715,
          51.06158180370068
        ]
      },
      "properties": {
        "row_number": "158"
      }
    },
    {
      "type": "Feature",
      "geometry": {
        "type": "Point",
        "coordinates": [
          -0.435207988007629,
          51.06163592976119
        ]
      },
      "properties": {
        "row_number": "158"
      }
    },
    {
      "type": "Feature",
      "geometry": {
        "type": "Point",
        "coordinates": [
          -0.435204929628379,
          51.0616898968179
        ]
      },
      "properties": {
        "row_number": "158"
      }
    },
    {
      "type": "Feature",
      "geometry": {
        "type": "Point",
        "coordinates": [
          -0.435201805688472,
          51.06174378147359
        ]
      },
      "properties": {
        "row_number": "158"
      }
    },
    {
      "type": "Feature",
      "geometry": {
        "type": "Point",
        "coordinates": [
          -0.435198968452646,
          51.06179733137046
        ]
      },
      "properties": {
        "row_number": "158"
      }
    },
    {
      "type": "Feature",
      "geometry": {
        "type": "Point",
        "coordinates": [
          -0.435196345619295,
          51.06185111800993
        ]
      },
      "properties": {
        "row_number": "158"
      }
    },
    {
      "type": "Feature",
      "geometry": {
        "type": "Point",
        "coordinates": [
          -0.435192816139327,
          51.0619047750523
        ]
      },
      "properties": {
        "row_number": "158"
      }
    },
    {
      "type": "Feature",
      "geometry": {
        "type": "Point",
        "coordinates": [
          -0.435190065378468,
          51.06195938009806
        ]
      },
      "properties": {
        "row_number": "158"
      }
    },
    {
      "type": "Feature",
      "geometry": {
        "type": "Point",
        "coordinates": [
          -0.435186400600567,
          51.06201417940136
        ]
      },
      "properties": {
        "row_number": "158"
      }
    },
    {
      "type": "Feature",
      "geometry": {
        "type": "Point",
        "coordinates": [
          -0.435181774729421,
          51.06207372449541
        ]
      },
      "properties": {
        "row_number": "158"
      }
    },
    {
      "type": "Feature",
      "geometry": {
        "type": "LineString",
        "coordinates": [
          [
            -0.435233634713168,
            51.06063287680138
          ],
          [
            -0.435231668212006,
            51.06066542455447
          ],
          [
            -0.435228808893904,
            51.06072000563173
          ],
          [
            -0.435225930164249,
            51.06077312258868
          ],
          [
            -0.43522302176191,
            51.060827407211
          ],
          [
            -0.435219536570115,
            51.06088080787909
          ],
          [
            -0.435216239632432,
            51.06093549332042
          ],
          [
            -0.435212896703539,
            51.06098869308018
          ],
          [
            -0.435209356350328,
            51.06104252230817
          ],
          [
            -0.435206496711542,
            51.06109682624967
          ],
          [
            -0.435203223103198,
            51.06115035684723
          ],
          [
            -0.43520053154692,
            51.06120462005664
          ],
          [
            -0.43519783473055,
            51.06125870494908
          ],
          [
            -0.435195300911295,
            51.06131151294126
          ],
          [
            -0.435191787603571,
            51.06136549875963
          ],
          [
            -0.435188375886442,
            51.06141944179599
          ],
          [
            -0.435185050513205,
            51.06147272712103
          ],
          [
            -0.435182077001408,
            51.06152724933365
          ],
          [
            -0.435178966255487,
            51.06158131806187
          ],
          [
            -0.435175511625066,
            51.06163537139831
          ],
          [
            -0.435173288012092,
            51.06168867784321
          ],
          [
            -0.435169916841469,
            51.0617427350265
          ],
          [
            -0.435167366428768,
            51.06179679182126
          ],
          [
            -0.435164878679681,
            51.0618508433753
          ],
          [
            -0.435161176121062,
            51.06190458798706
          ],
          [
            -0.435158245102334,
            51.06195843832356
          ],
          [
            -0.435154575550252,
            51.06201328497522
          ],
          [
            -0.435151106520228,
            51.062073620004
          ]
        ]
      },
      "properties": {
        "row_number": "159"
      }
    },
    {
      "type": "Feature",
      "geometry": {
        "type": "Point",
        "coordinates": [
          -0.435233634713168,
          51.06063287680138
        ]
      },
      "properties": {
        "row_number": "159"
      }
    },
    {
      "type": "Feature",
      "geometry": {
        "type": "Point",
        "coordinates": [
          -0.435231668212006,
          51.06066542455447
        ]
      },
      "properties": {
        "row_number": "159"
      }
    },
    {
      "type": "Feature",
      "geometry": {
        "type": "Point",
        "coordinates": [
          -0.435228808893904,
          51.06072000563173
        ]
      },
      "properties": {
        "row_number": "159"
      }
    },
    {
      "type": "Feature",
      "geometry": {
        "type": "Point",
        "coordinates": [
          -0.435225930164249,
          51.06077312258868
        ]
      },
      "properties": {
        "row_number": "159"
      }
    },
    {
      "type": "Feature",
      "geometry": {
        "type": "Point",
        "coordinates": [
          -0.43522302176191,
          51.060827407211
        ]
      },
      "properties": {
        "row_number": "159"
      }
    },
    {
      "type": "Feature",
      "geometry": {
        "type": "Point",
        "coordinates": [
          -0.435219536570115,
          51.06088080787909
        ]
      },
      "properties": {
        "row_number": "159"
      }
    },
    {
      "type": "Feature",
      "geometry": {
        "type": "Point",
        "coordinates": [
          -0.435216239632432,
          51.06093549332042
        ]
      },
      "properties": {
        "row_number": "159"
      }
    },
    {
      "type": "Feature",
      "geometry": {
        "type": "Point",
        "coordinates": [
          -0.435212896703539,
          51.06098869308018
        ]
      },
      "properties": {
        "row_number": "159"
      }
    },
    {
      "type": "Feature",
      "geometry": {
        "type": "Point",
        "coordinates": [
          -0.435209356350328,
          51.06104252230817
        ]
      },
      "properties": {
        "row_number": "159"
      }
    },
    {
      "type": "Feature",
      "geometry": {
        "type": "Point",
        "coordinates": [
          -0.435206496711542,
          51.06109682624967
        ]
      },
      "properties": {
        "row_number": "159"
      }
    },
    {
      "type": "Feature",
      "geometry": {
        "type": "Point",
        "coordinates": [
          -0.435203223103198,
          51.06115035684723
        ]
      },
      "properties": {
        "row_number": "159"
      }
    },
    {
      "type": "Feature",
      "geometry": {
        "type": "Point",
        "coordinates": [
          -0.43520053154692,
          51.06120462005664
        ]
      },
      "properties": {
        "row_number": "159"
      }
    },
    {
      "type": "Feature",
      "geometry": {
        "type": "Point",
        "coordinates": [
          -0.43519783473055,
          51.06125870494908
        ]
      },
      "properties": {
        "row_number": "159"
      }
    },
    {
      "type": "Feature",
      "geometry": {
        "type": "Point",
        "coordinates": [
          -0.435195300911295,
          51.06131151294126
        ]
      },
      "properties": {
        "row_number": "159"
      }
    },
    {
      "type": "Feature",
      "geometry": {
        "type": "Point",
        "coordinates": [
          -0.435191787603571,
          51.06136549875963
        ]
      },
      "properties": {
        "row_number": "159"
      }
    },
    {
      "type": "Feature",
      "geometry": {
        "type": "Point",
        "coordinates": [
          -0.435188375886442,
          51.06141944179599
        ]
      },
      "properties": {
        "row_number": "159"
      }
    },
    {
      "type": "Feature",
      "geometry": {
        "type": "Point",
        "coordinates": [
          -0.435185050513205,
          51.06147272712103
        ]
      },
      "properties": {
        "row_number": "159"
      }
    },
    {
      "type": "Feature",
      "geometry": {
        "type": "Point",
        "coordinates": [
          -0.435182077001408,
          51.06152724933365
        ]
      },
      "properties": {
        "row_number": "159"
      }
    },
    {
      "type": "Feature",
      "geometry": {
        "type": "Point",
        "coordinates": [
          -0.435178966255487,
          51.06158131806187
        ]
      },
      "properties": {
        "row_number": "159"
      }
    },
    {
      "type": "Feature",
      "geometry": {
        "type": "Point",
        "coordinates": [
          -0.435175511625066,
          51.06163537139831
        ]
      },
      "properties": {
        "row_number": "159"
      }
    },
    {
      "type": "Feature",
      "geometry": {
        "type": "Point",
        "coordinates": [
          -0.435173288012092,
          51.06168867784321
        ]
      },
      "properties": {
        "row_number": "159"
      }
    },
    {
      "type": "Feature",
      "geometry": {
        "type": "Point",
        "coordinates": [
          -0.435169916841469,
          51.0617427350265
        ]
      },
      "properties": {
        "row_number": "159"
      }
    },
    {
      "type": "Feature",
      "geometry": {
        "type": "Point",
        "coordinates": [
          -0.435167366428768,
          51.06179679182126
        ]
      },
      "properties": {
        "row_number": "159"
      }
    },
    {
      "type": "Feature",
      "geometry": {
        "type": "Point",
        "coordinates": [
          -0.435164878679681,
          51.0618508433753
        ]
      },
      "properties": {
        "row_number": "159"
      }
    },
    {
      "type": "Feature",
      "geometry": {
        "type": "Point",
        "coordinates": [
          -0.435161176121062,
          51.06190458798706
        ]
      },
      "properties": {
        "row_number": "159"
      }
    },
    {
      "type": "Feature",
      "geometry": {
        "type": "Point",
        "coordinates": [
          -0.435158245102334,
          51.06195843832356
        ]
      },
      "properties": {
        "row_number": "159"
      }
    },
    {
      "type": "Feature",
      "geometry": {
        "type": "Point",
        "coordinates": [
          -0.435154575550252,
          51.06201328497522
        ]
      },
      "properties": {
        "row_number": "159"
      }
    },
    {
      "type": "Feature",
      "geometry": {
        "type": "Point",
        "coordinates": [
          -0.435151106520228,
          51.062073620004
        ]
      },
      "properties": {
        "row_number": "159"
      }
    },
    {
      "type": "Feature",
      "geometry": {
        "type": "LineString",
        "coordinates": [
          [
            -0.435201288427718,
            51.06065069002475
          ],
          [
            -0.435197899734532,
            51.06071914423633
          ],
          [
            -0.435194753235231,
            51.06077246074386
          ],
          [
            -0.435191178964911,
            51.06082665774919
          ],
          [
            -0.43518949175416,
            51.06088053103945
          ],
          [
            -0.435186545726278,
            51.0609346271749
          ],
          [
            -0.435182433392984,
            51.06098816861043
          ],
          [
            -0.435179291065027,
            51.06104213225179
          ],
          [
            -0.435175767652225,
            51.06109635892158
          ],
          [
            -0.43517302848675,
            51.06114933401581
          ],
          [
            -0.435169304017418,
            51.06120395432573
          ],
          [
            -0.435166652317638,
            51.06125768143549
          ],
          [
            -0.43516333838451,
            51.06131083778121
          ],
          [
            -0.435160485133414,
            51.06136495783509
          ],
          [
            -0.435157559416666,
            51.06141891513168
          ],
          [
            -0.435154705723784,
            51.06147204945846
          ],
          [
            -0.435151436400072,
            51.06152679344456
          ],
          [
            -0.435147680586032,
            51.06158061075853
          ],
          [
            -0.435144896358963,
            51.06163435096777
          ],
          [
            -0.435141950843152,
            51.06168840358391
          ],
          [
            -0.435139065105963,
            51.06174195646365
          ],
          [
            -0.435136594034276,
            51.06179595281352
          ],
          [
            -0.435133239918211,
            51.06184979643156
          ],
          [
            -0.435130248791844,
            51.0619039347181
          ],
          [
            -0.435127954016934,
            51.06195795280874
          ],
          [
            -0.435124274057417,
            51.06201287905201
          ],
          [
            -0.435119139524298,
            51.06208353537033
          ]
        ]
      },
      "properties": {
        "row_number": "160"
      }
    },
    {
      "type": "Feature",
      "geometry": {
        "type": "Point",
        "coordinates": [
          -0.435201288427718,
          51.06065069002475
        ]
      },
      "properties": {
        "row_number": "160"
      }
    },
    {
      "type": "Feature",
      "geometry": {
        "type": "Point",
        "coordinates": [
          -0.435197899734532,
          51.06071914423633
        ]
      },
      "properties": {
        "row_number": "160"
      }
    },
    {
      "type": "Feature",
      "geometry": {
        "type": "Point",
        "coordinates": [
          -0.435194753235231,
          51.06077246074386
        ]
      },
      "properties": {
        "row_number": "160"
      }
    },
    {
      "type": "Feature",
      "geometry": {
        "type": "Point",
        "coordinates": [
          -0.435191178964911,
          51.06082665774919
        ]
      },
      "properties": {
        "row_number": "160"
      }
    },
    {
      "type": "Feature",
      "geometry": {
        "type": "Point",
        "coordinates": [
          -0.43518949175416,
          51.06088053103945
        ]
      },
      "properties": {
        "row_number": "160"
      }
    },
    {
      "type": "Feature",
      "geometry": {
        "type": "Point",
        "coordinates": [
          -0.435186545726278,
          51.0609346271749
        ]
      },
      "properties": {
        "row_number": "160"
      }
    },
    {
      "type": "Feature",
      "geometry": {
        "type": "Point",
        "coordinates": [
          -0.435182433392984,
          51.06098816861043
        ]
      },
      "properties": {
        "row_number": "160"
      }
    },
    {
      "type": "Feature",
      "geometry": {
        "type": "Point",
        "coordinates": [
          -0.435179291065027,
          51.06104213225179
        ]
      },
      "properties": {
        "row_number": "160"
      }
    },
    {
      "type": "Feature",
      "geometry": {
        "type": "Point",
        "coordinates": [
          -0.435175767652225,
          51.06109635892158
        ]
      },
      "properties": {
        "row_number": "160"
      }
    },
    {
      "type": "Feature",
      "geometry": {
        "type": "Point",
        "coordinates": [
          -0.43517302848675,
          51.06114933401581
        ]
      },
      "properties": {
        "row_number": "160"
      }
    },
    {
      "type": "Feature",
      "geometry": {
        "type": "Point",
        "coordinates": [
          -0.435169304017418,
          51.06120395432573
        ]
      },
      "properties": {
        "row_number": "160"
      }
    },
    {
      "type": "Feature",
      "geometry": {
        "type": "Point",
        "coordinates": [
          -0.435166652317638,
          51.06125768143549
        ]
      },
      "properties": {
        "row_number": "160"
      }
    },
    {
      "type": "Feature",
      "geometry": {
        "type": "Point",
        "coordinates": [
          -0.43516333838451,
          51.06131083778121
        ]
      },
      "properties": {
        "row_number": "160"
      }
    },
    {
      "type": "Feature",
      "geometry": {
        "type": "Point",
        "coordinates": [
          -0.435160485133414,
          51.06136495783509
        ]
      },
      "properties": {
        "row_number": "160"
      }
    },
    {
      "type": "Feature",
      "geometry": {
        "type": "Point",
        "coordinates": [
          -0.435157559416666,
          51.06141891513168
        ]
      },
      "properties": {
        "row_number": "160"
      }
    },
    {
      "type": "Feature",
      "geometry": {
        "type": "Point",
        "coordinates": [
          -0.435154705723784,
          51.06147204945846
        ]
      },
      "properties": {
        "row_number": "160"
      }
    },
    {
      "type": "Feature",
      "geometry": {
        "type": "Point",
        "coordinates": [
          -0.435151436400072,
          51.06152679344456
        ]
      },
      "properties": {
        "row_number": "160"
      }
    },
    {
      "type": "Feature",
      "geometry": {
        "type": "Point",
        "coordinates": [
          -0.435147680586032,
          51.06158061075853
        ]
      },
      "properties": {
        "row_number": "160"
      }
    },
    {
      "type": "Feature",
      "geometry": {
        "type": "Point",
        "coordinates": [
          -0.435144896358963,
          51.06163435096777
        ]
      },
      "properties": {
        "row_number": "160"
      }
    },
    {
      "type": "Feature",
      "geometry": {
        "type": "Point",
        "coordinates": [
          -0.435141950843152,
          51.06168840358391
        ]
      },
      "properties": {
        "row_number": "160"
      }
    },
    {
      "type": "Feature",
      "geometry": {
        "type": "Point",
        "coordinates": [
          -0.435139065105963,
          51.06174195646365
        ]
      },
      "properties": {
        "row_number": "160"
      }
    },
    {
      "type": "Feature",
      "geometry": {
        "type": "Point",
        "coordinates": [
          -0.435136594034276,
          51.06179595281352
        ]
      },
      "properties": {
        "row_number": "160"
      }
    },
    {
      "type": "Feature",
      "geometry": {
        "type": "Point",
        "coordinates": [
          -0.435133239918211,
          51.06184979643156
        ]
      },
      "properties": {
        "row_number": "160"
      }
    },
    {
      "type": "Feature",
      "geometry": {
        "type": "Point",
        "coordinates": [
          -0.435130248791844,
          51.0619039347181
        ]
      },
      "properties": {
        "row_number": "160"
      }
    },
    {
      "type": "Feature",
      "geometry": {
        "type": "Point",
        "coordinates": [
          -0.435127954016934,
          51.06195795280874
        ]
      },
      "properties": {
        "row_number": "160"
      }
    },
    {
      "type": "Feature",
      "geometry": {
        "type": "Point",
        "coordinates": [
          -0.435124274057417,
          51.06201287905201
        ]
      },
      "properties": {
        "row_number": "160"
      }
    },
    {
      "type": "Feature",
      "geometry": {
        "type": "Point",
        "coordinates": [
          -0.435119139524298,
          51.06208353537033
        ]
      },
      "properties": {
        "row_number": "160"
      }
    },
    {
      "type": "Feature",
      "geometry": {
        "type": "LineString",
        "coordinates": [
          [
            -0.435168659303675,
            51.06067008328951
          ],
          [
            -0.435166637935482,
            51.06071839674043
          ],
          [
            -0.435162385082513,
            51.06077174242166
          ],
          [
            -0.435159308041411,
            51.06082600604262
          ],
          [
            -0.435156260278169,
            51.06087992239799
          ],
          [
            -0.435153236809813,
            51.06093379058846
          ],
          [
            -0.435150617440712,
            51.06098801454671
          ],
          [
            -0.435147445485833,
            51.06104110775986
          ],
          [
            -0.435144342488054,
            51.06109549858382
          ],
          [
            -0.435141266571952,
            51.06114925713327
          ],
          [
            -0.435137409155506,
            51.06120364283645
          ],
          [
            -0.435134841538907,
            51.06125706054858
          ],
          [
            -0.43513203366897,
            51.06131019164243
          ],
          [
            -0.435129025629173,
            51.06136451955124
          ],
          [
            -0.435125333659503,
            51.06141814267234
          ],
          [
            -0.435122321898282,
            51.06147138130625
          ],
          [
            -0.435119742236598,
            51.06152562322888
          ],
          [
            -0.435115874010059,
            51.06157986496786
          ],
          [
            -0.435112422930397,
            51.0616338734615
          ],
          [
            -0.435108940854829,
            51.06168788649251
          ],
          [
            -0.435106425163134,
            51.0617414139118
          ],
          [
            -0.435104639440444,
            51.06179555750141
          ],
          [
            -0.43510089028256,
            51.06184935437917
          ],
          [
            -0.435097354988763,
            51.06190387706669
          ],
          [
            -0.435094767283093,
            51.06195672643837
          ],
          [
            -0.435091536474632,
            51.06201205198767
          ],
          [
            -0.435089285635237,
            51.06206459163878
          ],
          [
            -0.435086908100288,
            51.06209216957432
          ]
        ]
      },
      "properties": {
        "row_number": "161"
      }
    },
    {
      "type": "Feature",
      "geometry": {
        "type": "Point",
        "coordinates": [
          -0.435168659303675,
          51.06067008328951
        ]
      },
      "properties": {
        "row_number": "161"
      }
    },
    {
      "type": "Feature",
      "geometry": {
        "type": "Point",
        "coordinates": [
          -0.435166637935482,
          51.06071839674043
        ]
      },
      "properties": {
        "row_number": "161"
      }
    },
    {
      "type": "Feature",
      "geometry": {
        "type": "Point",
        "coordinates": [
          -0.435162385082513,
          51.06077174242166
        ]
      },
      "properties": {
        "row_number": "161"
      }
    },
    {
      "type": "Feature",
      "geometry": {
        "type": "Point",
        "coordinates": [
          -0.435159308041411,
          51.06082600604262
        ]
      },
      "properties": {
        "row_number": "161"
      }
    },
    {
      "type": "Feature",
      "geometry": {
        "type": "Point",
        "coordinates": [
          -0.435156260278169,
          51.06087992239799
        ]
      },
      "properties": {
        "row_number": "161"
      }
    },
    {
      "type": "Feature",
      "geometry": {
        "type": "Point",
        "coordinates": [
          -0.435153236809813,
          51.06093379058846
        ]
      },
      "properties": {
        "row_number": "161"
      }
    },
    {
      "type": "Feature",
      "geometry": {
        "type": "Point",
        "coordinates": [
          -0.435150617440712,
          51.06098801454671
        ]
      },
      "properties": {
        "row_number": "161"
      }
    },
    {
      "type": "Feature",
      "geometry": {
        "type": "Point",
        "coordinates": [
          -0.435147445485833,
          51.06104110775986
        ]
      },
      "properties": {
        "row_number": "161"
      }
    },
    {
      "type": "Feature",
      "geometry": {
        "type": "Point",
        "coordinates": [
          -0.435144342488054,
          51.06109549858382
        ]
      },
      "properties": {
        "row_number": "161"
      }
    },
    {
      "type": "Feature",
      "geometry": {
        "type": "Point",
        "coordinates": [
          -0.435141266571952,
          51.06114925713327
        ]
      },
      "properties": {
        "row_number": "161"
      }
    },
    {
      "type": "Feature",
      "geometry": {
        "type": "Point",
        "coordinates": [
          -0.435137409155506,
          51.06120364283645
        ]
      },
      "properties": {
        "row_number": "161"
      }
    },
    {
      "type": "Feature",
      "geometry": {
        "type": "Point",
        "coordinates": [
          -0.435134841538907,
          51.06125706054858
        ]
      },
      "properties": {
        "row_number": "161"
      }
    },
    {
      "type": "Feature",
      "geometry": {
        "type": "Point",
        "coordinates": [
          -0.43513203366897,
          51.06131019164243
        ]
      },
      "properties": {
        "row_number": "161"
      }
    },
    {
      "type": "Feature",
      "geometry": {
        "type": "Point",
        "coordinates": [
          -0.435129025629173,
          51.06136451955124
        ]
      },
      "properties": {
        "row_number": "161"
      }
    },
    {
      "type": "Feature",
      "geometry": {
        "type": "Point",
        "coordinates": [
          -0.435125333659503,
          51.06141814267234
        ]
      },
      "properties": {
        "row_number": "161"
      }
    },
    {
      "type": "Feature",
      "geometry": {
        "type": "Point",
        "coordinates": [
          -0.435122321898282,
          51.06147138130625
        ]
      },
      "properties": {
        "row_number": "161"
      }
    },
    {
      "type": "Feature",
      "geometry": {
        "type": "Point",
        "coordinates": [
          -0.435119742236598,
          51.06152562322888
        ]
      },
      "properties": {
        "row_number": "161"
      }
    },
    {
      "type": "Feature",
      "geometry": {
        "type": "Point",
        "coordinates": [
          -0.435115874010059,
          51.06157986496786
        ]
      },
      "properties": {
        "row_number": "161"
      }
    },
    {
      "type": "Feature",
      "geometry": {
        "type": "Point",
        "coordinates": [
          -0.435112422930397,
          51.0616338734615
        ]
      },
      "properties": {
        "row_number": "161"
      }
    },
    {
      "type": "Feature",
      "geometry": {
        "type": "Point",
        "coordinates": [
          -0.435108940854829,
          51.06168788649251
        ]
      },
      "properties": {
        "row_number": "161"
      }
    },
    {
      "type": "Feature",
      "geometry": {
        "type": "Point",
        "coordinates": [
          -0.435106425163134,
          51.0617414139118
        ]
      },
      "properties": {
        "row_number": "161"
      }
    },
    {
      "type": "Feature",
      "geometry": {
        "type": "Point",
        "coordinates": [
          -0.435104639440444,
          51.06179555750141
        ]
      },
      "properties": {
        "row_number": "161"
      }
    },
    {
      "type": "Feature",
      "geometry": {
        "type": "Point",
        "coordinates": [
          -0.43510089028256,
          51.06184935437917
        ]
      },
      "properties": {
        "row_number": "161"
      }
    },
    {
      "type": "Feature",
      "geometry": {
        "type": "Point",
        "coordinates": [
          -0.435097354988763,
          51.06190387706669
        ]
      },
      "properties": {
        "row_number": "161"
      }
    },
    {
      "type": "Feature",
      "geometry": {
        "type": "Point",
        "coordinates": [
          -0.435094767283093,
          51.06195672643837
        ]
      },
      "properties": {
        "row_number": "161"
      }
    },
    {
      "type": "Feature",
      "geometry": {
        "type": "Point",
        "coordinates": [
          -0.435091536474632,
          51.06201205198767
        ]
      },
      "properties": {
        "row_number": "161"
      }
    },
    {
      "type": "Feature",
      "geometry": {
        "type": "Point",
        "coordinates": [
          -0.435089285635237,
          51.06206459163878
        ]
      },
      "properties": {
        "row_number": "161"
      }
    },
    {
      "type": "Feature",
      "geometry": {
        "type": "Point",
        "coordinates": [
          -0.435086908100288,
          51.06209216957432
        ]
      },
      "properties": {
        "row_number": "161"
      }
    },
    {
      "type": "Feature",
      "geometry": {
        "type": "LineString",
        "coordinates": [
          [
            -0.435135991504889,
            51.0606895415653
          ],
          [
            -0.435134528308745,
            51.0607185617211
          ],
          [
            -0.435130907866059,
            51.0607712212994
          ],
          [
            -0.435128077263926,
            51.06082526605762
          ],
          [
            -0.435124941201996,
            51.0608790179928
          ],
          [
            -0.435122433313839,
            51.06093316352974
          ],
          [
            -0.435119124708969,
            51.06098729526779
          ],
          [
            -0.435116129202666,
            51.06104086873633
          ],
          [
            -0.435112507663937,
            51.06109494681703
          ],
          [
            -0.43510940285233,
            51.06114819115948
          ],
          [
            -0.435105905773663,
            51.06120258395667
          ],
          [
            -0.435103477872563,
            51.06125638827155
          ],
          [
            -0.435100936356965,
            51.06130934302134
          ],
          [
            -0.435097235847586,
            51.06136348769076
          ],
          [
            -0.435094067095965,
            51.06141740520246
          ],
          [
            -0.435090987923028,
            51.06147065747209
          ],
          [
            -0.435088599553066,
            51.061524978862
          ],
          [
            -0.435085118444785,
            51.06157931808288
          ],
          [
            -0.435081890069857,
            51.06163328448802
          ],
          [
            -0.435078589828797,
            51.06168724753945
          ],
          [
            -0.435075821779867,
            51.06174090327495
          ],
          [
            -0.435072252814703,
            51.06179471379131
          ],
          [
            -0.435069130515564,
            51.06184881547205
          ],
          [
            -0.435066784322484,
            51.06190249111994
          ],
          [
            -0.435063831132132,
            51.06195666973133
          ],
          [
            -0.435060013112631,
            51.0620112468896
          ],
          [
            -0.435057483187822,
            51.06206407828206
          ],
          [
            -0.435055693638753,
            51.06209305475165
          ]
        ]
      },
      "properties": {
        "row_number": "162"
      }
    },
    {
      "type": "Feature",
      "geometry": {
        "type": "Point",
        "coordinates": [
          -0.435135991504889,
          51.0606895415653
        ]
      },
      "properties": {
        "row_number": "162"
      }
    },
    {
      "type": "Feature",
      "geometry": {
        "type": "Point",
        "coordinates": [
          -0.435134528308745,
          51.0607185617211
        ]
      },
      "properties": {
        "row_number": "162"
      }
    },
    {
      "type": "Feature",
      "geometry": {
        "type": "Point",
        "coordinates": [
          -0.435130907866059,
          51.0607712212994
        ]
      },
      "properties": {
        "row_number": "162"
      }
    },
    {
      "type": "Feature",
      "geometry": {
        "type": "Point",
        "coordinates": [
          -0.435128077263926,
          51.06082526605762
        ]
      },
      "properties": {
        "row_number": "162"
      }
    },
    {
      "type": "Feature",
      "geometry": {
        "type": "Point",
        "coordinates": [
          -0.435124941201996,
          51.0608790179928
        ]
      },
      "properties": {
        "row_number": "162"
      }
    },
    {
      "type": "Feature",
      "geometry": {
        "type": "Point",
        "coordinates": [
          -0.435122433313839,
          51.06093316352974
        ]
      },
      "properties": {
        "row_number": "162"
      }
    },
    {
      "type": "Feature",
      "geometry": {
        "type": "Point",
        "coordinates": [
          -0.435119124708969,
          51.06098729526779
        ]
      },
      "properties": {
        "row_number": "162"
      }
    },
    {
      "type": "Feature",
      "geometry": {
        "type": "Point",
        "coordinates": [
          -0.435116129202666,
          51.06104086873633
        ]
      },
      "properties": {
        "row_number": "162"
      }
    },
    {
      "type": "Feature",
      "geometry": {
        "type": "Point",
        "coordinates": [
          -0.435112507663937,
          51.06109494681703
        ]
      },
      "properties": {
        "row_number": "162"
      }
    },
    {
      "type": "Feature",
      "geometry": {
        "type": "Point",
        "coordinates": [
          -0.43510940285233,
          51.06114819115948
        ]
      },
      "properties": {
        "row_number": "162"
      }
    },
    {
      "type": "Feature",
      "geometry": {
        "type": "Point",
        "coordinates": [
          -0.435105905773663,
          51.06120258395667
        ]
      },
      "properties": {
        "row_number": "162"
      }
    },
    {
      "type": "Feature",
      "geometry": {
        "type": "Point",
        "coordinates": [
          -0.435103477872563,
          51.06125638827155
        ]
      },
      "properties": {
        "row_number": "162"
      }
    },
    {
      "type": "Feature",
      "geometry": {
        "type": "Point",
        "coordinates": [
          -0.435100936356965,
          51.06130934302134
        ]
      },
      "properties": {
        "row_number": "162"
      }
    },
    {
      "type": "Feature",
      "geometry": {
        "type": "Point",
        "coordinates": [
          -0.435097235847586,
          51.06136348769076
        ]
      },
      "properties": {
        "row_number": "162"
      }
    },
    {
      "type": "Feature",
      "geometry": {
        "type": "Point",
        "coordinates": [
          -0.435094067095965,
          51.06141740520246
        ]
      },
      "properties": {
        "row_number": "162"
      }
    },
    {
      "type": "Feature",
      "geometry": {
        "type": "Point",
        "coordinates": [
          -0.435090987923028,
          51.06147065747209
        ]
      },
      "properties": {
        "row_number": "162"
      }
    },
    {
      "type": "Feature",
      "geometry": {
        "type": "Point",
        "coordinates": [
          -0.435088599553066,
          51.061524978862
        ]
      },
      "properties": {
        "row_number": "162"
      }
    },
    {
      "type": "Feature",
      "geometry": {
        "type": "Point",
        "coordinates": [
          -0.435085118444785,
          51.06157931808288
        ]
      },
      "properties": {
        "row_number": "162"
      }
    },
    {
      "type": "Feature",
      "geometry": {
        "type": "Point",
        "coordinates": [
          -0.435081890069857,
          51.06163328448802
        ]
      },
      "properties": {
        "row_number": "162"
      }
    },
    {
      "type": "Feature",
      "geometry": {
        "type": "Point",
        "coordinates": [
          -0.435078589828797,
          51.06168724753945
        ]
      },
      "properties": {
        "row_number": "162"
      }
    },
    {
      "type": "Feature",
      "geometry": {
        "type": "Point",
        "coordinates": [
          -0.435075821779867,
          51.06174090327495
        ]
      },
      "properties": {
        "row_number": "162"
      }
    },
    {
      "type": "Feature",
      "geometry": {
        "type": "Point",
        "coordinates": [
          -0.435072252814703,
          51.06179471379131
        ]
      },
      "properties": {
        "row_number": "162"
      }
    },
    {
      "type": "Feature",
      "geometry": {
        "type": "Point",
        "coordinates": [
          -0.435069130515564,
          51.06184881547205
        ]
      },
      "properties": {
        "row_number": "162"
      }
    },
    {
      "type": "Feature",
      "geometry": {
        "type": "Point",
        "coordinates": [
          -0.435066784322484,
          51.06190249111994
        ]
      },
      "properties": {
        "row_number": "162"
      }
    },
    {
      "type": "Feature",
      "geometry": {
        "type": "Point",
        "coordinates": [
          -0.435063831132132,
          51.06195666973133
        ]
      },
      "properties": {
        "row_number": "162"
      }
    },
    {
      "type": "Feature",
      "geometry": {
        "type": "Point",
        "coordinates": [
          -0.435060013112631,
          51.0620112468896
        ]
      },
      "properties": {
        "row_number": "162"
      }
    },
    {
      "type": "Feature",
      "geometry": {
        "type": "Point",
        "coordinates": [
          -0.435057483187822,
          51.06206407828206
        ]
      },
      "properties": {
        "row_number": "162"
      }
    },
    {
      "type": "Feature",
      "geometry": {
        "type": "Point",
        "coordinates": [
          -0.435055693638753,
          51.06209305475165
        ]
      },
      "properties": {
        "row_number": "162"
      }
    },
    {
      "type": "Feature",
      "geometry": {
        "type": "LineString",
        "coordinates": [
          [
            -0.435103492095146,
            51.06070813929098
          ],
          [
            -0.435099448889935,
            51.06077039346236
          ],
          [
            -0.435096527036516,
            51.06082486987222
          ],
          [
            -0.435093032537346,
            51.06087852319472
          ],
          [
            -0.435089166979632,
            51.06093262488661
          ],
          [
            -0.435086339019706,
            51.06098669436194
          ],
          [
            -0.435083621343322,
            51.06103980655803
          ],
          [
            -0.435081123832284,
            51.06109422418032
          ],
          [
            -0.435077679006379,
            51.06114692054143
          ],
          [
            -0.435074098533501,
            51.0612018878732
          ],
          [
            -0.435071105134113,
            51.06125569568912
          ],
          [
            -0.435067896715162,
            51.06130868335625
          ],
          [
            -0.435064800140346,
            51.06136310094745
          ],
          [
            -0.435062009817593,
            51.06141681007323
          ],
          [
            -0.435058821325223,
            51.06146958347572
          ],
          [
            -0.43505671613514,
            51.06152428564032
          ],
          [
            -0.435053041272586,
            51.06157837022477
          ],
          [
            -0.435049994330687,
            51.06163250345031
          ],
          [
            -0.43504684762677,
            51.06168642092812
          ],
          [
            -0.435043770812167,
            51.0617402644743
          ],
          [
            -0.435040350068099,
            51.06179394998929
          ],
          [
            -0.435037685576551,
            51.06184822762036
          ],
          [
            -0.435034607512788,
            51.06190205598757
          ],
          [
            -0.435031211390824,
            51.06195588532635
          ],
          [
            -0.435028220907943,
            51.0620110395947
          ],
          [
            -0.435025404156531,
            51.06206353979709
          ],
          [
            -0.435023527396163,
            51.06209207113602
          ]
        ]
      },
      "properties": {
        "row_number": "163"
      }
    },
    {
      "type": "Feature",
      "geometry": {
        "type": "Point",
        "coordinates": [
          -0.435103492095146,
          51.06070813929098
        ]
      },
      "properties": {
        "row_number": "163"
      }
    },
    {
      "type": "Feature",
      "geometry": {
        "type": "Point",
        "coordinates": [
          -0.435099448889935,
          51.06077039346236
        ]
      },
      "properties": {
        "row_number": "163"
      }
    },
    {
      "type": "Feature",
      "geometry": {
        "type": "Point",
        "coordinates": [
          -0.435096527036516,
          51.06082486987222
        ]
      },
      "properties": {
        "row_number": "163"
      }
    },
    {
      "type": "Feature",
      "geometry": {
        "type": "Point",
        "coordinates": [
          -0.435093032537346,
          51.06087852319472
        ]
      },
      "properties": {
        "row_number": "163"
      }
    },
    {
      "type": "Feature",
      "geometry": {
        "type": "Point",
        "coordinates": [
          -0.435089166979632,
          51.06093262488661
        ]
      },
      "properties": {
        "row_number": "163"
      }
    },
    {
      "type": "Feature",
      "geometry": {
        "type": "Point",
        "coordinates": [
          -0.435086339019706,
          51.06098669436194
        ]
      },
      "properties": {
        "row_number": "163"
      }
    },
    {
      "type": "Feature",
      "geometry": {
        "type": "Point",
        "coordinates": [
          -0.435083621343322,
          51.06103980655803
        ]
      },
      "properties": {
        "row_number": "163"
      }
    },
    {
      "type": "Feature",
      "geometry": {
        "type": "Point",
        "coordinates": [
          -0.435081123832284,
          51.06109422418032
        ]
      },
      "properties": {
        "row_number": "163"
      }
    },
    {
      "type": "Feature",
      "geometry": {
        "type": "Point",
        "coordinates": [
          -0.435077679006379,
          51.06114692054143
        ]
      },
      "properties": {
        "row_number": "163"
      }
    },
    {
      "type": "Feature",
      "geometry": {
        "type": "Point",
        "coordinates": [
          -0.435074098533501,
          51.0612018878732
        ]
      },
      "properties": {
        "row_number": "163"
      }
    },
    {
      "type": "Feature",
      "geometry": {
        "type": "Point",
        "coordinates": [
          -0.435071105134113,
          51.06125569568912
        ]
      },
      "properties": {
        "row_number": "163"
      }
    },
    {
      "type": "Feature",
      "geometry": {
        "type": "Point",
        "coordinates": [
          -0.435067896715162,
          51.06130868335625
        ]
      },
      "properties": {
        "row_number": "163"
      }
    },
    {
      "type": "Feature",
      "geometry": {
        "type": "Point",
        "coordinates": [
          -0.435064800140346,
          51.06136310094745
        ]
      },
      "properties": {
        "row_number": "163"
      }
    },
    {
      "type": "Feature",
      "geometry": {
        "type": "Point",
        "coordinates": [
          -0.435062009817593,
          51.06141681007323
        ]
      },
      "properties": {
        "row_number": "163"
      }
    },
    {
      "type": "Feature",
      "geometry": {
        "type": "Point",
        "coordinates": [
          -0.435058821325223,
          51.06146958347572
        ]
      },
      "properties": {
        "row_number": "163"
      }
    },
    {
      "type": "Feature",
      "geometry": {
        "type": "Point",
        "coordinates": [
          -0.43505671613514,
          51.06152428564032
        ]
      },
      "properties": {
        "row_number": "163"
      }
    },
    {
      "type": "Feature",
      "geometry": {
        "type": "Point",
        "coordinates": [
          -0.435053041272586,
          51.06157837022477
        ]
      },
      "properties": {
        "row_number": "163"
      }
    },
    {
      "type": "Feature",
      "geometry": {
        "type": "Point",
        "coordinates": [
          -0.435049994330687,
          51.06163250345031
        ]
      },
      "properties": {
        "row_number": "163"
      }
    },
    {
      "type": "Feature",
      "geometry": {
        "type": "Point",
        "coordinates": [
          -0.43504684762677,
          51.06168642092812
        ]
      },
      "properties": {
        "row_number": "163"
      }
    },
    {
      "type": "Feature",
      "geometry": {
        "type": "Point",
        "coordinates": [
          -0.435043770812167,
          51.0617402644743
        ]
      },
      "properties": {
        "row_number": "163"
      }
    },
    {
      "type": "Feature",
      "geometry": {
        "type": "Point",
        "coordinates": [
          -0.435040350068099,
          51.06179394998929
        ]
      },
      "properties": {
        "row_number": "163"
      }
    },
    {
      "type": "Feature",
      "geometry": {
        "type": "Point",
        "coordinates": [
          -0.435037685576551,
          51.06184822762036
        ]
      },
      "properties": {
        "row_number": "163"
      }
    },
    {
      "type": "Feature",
      "geometry": {
        "type": "Point",
        "coordinates": [
          -0.435034607512788,
          51.06190205598757
        ]
      },
      "properties": {
        "row_number": "163"
      }
    },
    {
      "type": "Feature",
      "geometry": {
        "type": "Point",
        "coordinates": [
          -0.435031211390824,
          51.06195588532635
        ]
      },
      "properties": {
        "row_number": "163"
      }
    },
    {
      "type": "Feature",
      "geometry": {
        "type": "Point",
        "coordinates": [
          -0.435028220907943,
          51.0620110395947
        ]
      },
      "properties": {
        "row_number": "163"
      }
    },
    {
      "type": "Feature",
      "geometry": {
        "type": "Point",
        "coordinates": [
          -0.435025404156531,
          51.06206353979709
        ]
      },
      "properties": {
        "row_number": "163"
      }
    },
    {
      "type": "Feature",
      "geometry": {
        "type": "Point",
        "coordinates": [
          -0.435023527396163,
          51.06209207113602
        ]
      },
      "properties": {
        "row_number": "163"
      }
    },
    {
      "type": "Feature",
      "geometry": {
        "type": "LineString",
        "coordinates": [
          [
            -0.435070616955275,
            51.06072626832993
          ],
          [
            -0.435069444421365,
            51.06077006951868
          ],
          [
            -0.435065759242084,
            51.0608240590042
          ],
          [
            -0.435062827290782,
            51.06087806300272
          ],
          [
            -0.435059711460288,
            51.06093171291839
          ],
          [
            -0.435056322599936,
            51.06098569912373
          ],
          [
            -0.435053190872199,
            51.06103864344202
          ],
          [
            -0.435050480549053,
            51.06109330935206
          ],
          [
            -0.435047356618858,
            51.06114692939107
          ],
          [
            -0.435043893650566,
            51.06120124503989
          ],
          [
            -0.435040848640702,
            51.06125511134962
          ],
          [
            -0.435038006346362,
            51.06130807527934
          ],
          [
            -0.43503511263719,
            51.06136204804009
          ],
          [
            -0.435032080111959,
            51.06141595300026
          ],
          [
            -0.435028765060705,
            51.06146946860673
          ],
          [
            -0.435025980511854,
            51.06152373318684
          ],
          [
            -0.435022469921755,
            51.06157777057648
          ],
          [
            -0.43501875478162,
            51.06163185223959
          ],
          [
            -0.435016048408614,
            51.06168605620147
          ],
          [
            -0.435012189428878,
            51.06173945708154
          ],
          [
            -0.435009558256119,
            51.06179332759903
          ],
          [
            -0.435006154570805,
            51.06184749570363
          ],
          [
            -0.435003758394368,
            51.0619014487571
          ],
          [
            -0.435001295369863,
            51.06195536736604
          ],
          [
            -0.434997651558011,
            51.06201024453489
          ],
          [
            -0.434993985601613,
            51.06206276566549
          ],
          [
            -0.434992802125496,
            51.0620916585915
          ]
        ]
      },
      "properties": {
        "row_number": "164"
      }
    },
    {
      "type": "Feature",
      "geometry": {
        "type": "Point",
        "coordinates": [
          -0.435070616955275,
          51.06072626832993
        ]
      },
      "properties": {
        "row_number": "164"
      }
    },
    {
      "type": "Feature",
      "geometry": {
        "type": "Point",
        "coordinates": [
          -0.435069444421365,
          51.06077006951868
        ]
      },
      "properties": {
        "row_number": "164"
      }
    },
    {
      "type": "Feature",
      "geometry": {
        "type": "Point",
        "coordinates": [
          -0.435065759242084,
          51.0608240590042
        ]
      },
      "properties": {
        "row_number": "164"
      }
    },
    {
      "type": "Feature",
      "geometry": {
        "type": "Point",
        "coordinates": [
          -0.435062827290782,
          51.06087806300272
        ]
      },
      "properties": {
        "row_number": "164"
      }
    },
    {
      "type": "Feature",
      "geometry": {
        "type": "Point",
        "coordinates": [
          -0.435059711460288,
          51.06093171291839
        ]
      },
      "properties": {
        "row_number": "164"
      }
    },
    {
      "type": "Feature",
      "geometry": {
        "type": "Point",
        "coordinates": [
          -0.435056322599936,
          51.06098569912373
        ]
      },
      "properties": {
        "row_number": "164"
      }
    },
    {
      "type": "Feature",
      "geometry": {
        "type": "Point",
        "coordinates": [
          -0.435053190872199,
          51.06103864344202
        ]
      },
      "properties": {
        "row_number": "164"
      }
    },
    {
      "type": "Feature",
      "geometry": {
        "type": "Point",
        "coordinates": [
          -0.435050480549053,
          51.06109330935206
        ]
      },
      "properties": {
        "row_number": "164"
      }
    },
    {
      "type": "Feature",
      "geometry": {
        "type": "Point",
        "coordinates": [
          -0.435047356618858,
          51.06114692939107
        ]
      },
      "properties": {
        "row_number": "164"
      }
    },
    {
      "type": "Feature",
      "geometry": {
        "type": "Point",
        "coordinates": [
          -0.435043893650566,
          51.06120124503989
        ]
      },
      "properties": {
        "row_number": "164"
      }
    },
    {
      "type": "Feature",
      "geometry": {
        "type": "Point",
        "coordinates": [
          -0.435040848640702,
          51.06125511134962
        ]
      },
      "properties": {
        "row_number": "164"
      }
    },
    {
      "type": "Feature",
      "geometry": {
        "type": "Point",
        "coordinates": [
          -0.435038006346362,
          51.06130807527934
        ]
      },
      "properties": {
        "row_number": "164"
      }
    },
    {
      "type": "Feature",
      "geometry": {
        "type": "Point",
        "coordinates": [
          -0.43503511263719,
          51.06136204804009
        ]
      },
      "properties": {
        "row_number": "164"
      }
    },
    {
      "type": "Feature",
      "geometry": {
        "type": "Point",
        "coordinates": [
          -0.435032080111959,
          51.06141595300026
        ]
      },
      "properties": {
        "row_number": "164"
      }
    },
    {
      "type": "Feature",
      "geometry": {
        "type": "Point",
        "coordinates": [
          -0.435028765060705,
          51.06146946860673
        ]
      },
      "properties": {
        "row_number": "164"
      }
    },
    {
      "type": "Feature",
      "geometry": {
        "type": "Point",
        "coordinates": [
          -0.435025980511854,
          51.06152373318684
        ]
      },
      "properties": {
        "row_number": "164"
      }
    },
    {
      "type": "Feature",
      "geometry": {
        "type": "Point",
        "coordinates": [
          -0.435022469921755,
          51.06157777057648
        ]
      },
      "properties": {
        "row_number": "164"
      }
    },
    {
      "type": "Feature",
      "geometry": {
        "type": "Point",
        "coordinates": [
          -0.43501875478162,
          51.06163185223959
        ]
      },
      "properties": {
        "row_number": "164"
      }
    },
    {
      "type": "Feature",
      "geometry": {
        "type": "Point",
        "coordinates": [
          -0.435016048408614,
          51.06168605620147
        ]
      },
      "properties": {
        "row_number": "164"
      }
    },
    {
      "type": "Feature",
      "geometry": {
        "type": "Point",
        "coordinates": [
          -0.435012189428878,
          51.06173945708154
        ]
      },
      "properties": {
        "row_number": "164"
      }
    },
    {
      "type": "Feature",
      "geometry": {
        "type": "Point",
        "coordinates": [
          -0.435009558256119,
          51.06179332759903
        ]
      },
      "properties": {
        "row_number": "164"
      }
    },
    {
      "type": "Feature",
      "geometry": {
        "type": "Point",
        "coordinates": [
          -0.435006154570805,
          51.06184749570363
        ]
      },
      "properties": {
        "row_number": "164"
      }
    },
    {
      "type": "Feature",
      "geometry": {
        "type": "Point",
        "coordinates": [
          -0.435003758394368,
          51.0619014487571
        ]
      },
      "properties": {
        "row_number": "164"
      }
    },
    {
      "type": "Feature",
      "geometry": {
        "type": "Point",
        "coordinates": [
          -0.435001295369863,
          51.06195536736604
        ]
      },
      "properties": {
        "row_number": "164"
      }
    },
    {
      "type": "Feature",
      "geometry": {
        "type": "Point",
        "coordinates": [
          -0.434997651558011,
          51.06201024453489
        ]
      },
      "properties": {
        "row_number": "164"
      }
    },
    {
      "type": "Feature",
      "geometry": {
        "type": "Point",
        "coordinates": [
          -0.434993985601613,
          51.06206276566549
        ]
      },
      "properties": {
        "row_number": "164"
      }
    },
    {
      "type": "Feature",
      "geometry": {
        "type": "Point",
        "coordinates": [
          -0.434992802125496,
          51.0620916585915
        ]
      },
      "properties": {
        "row_number": "164"
      }
    },
    {
      "type": "Feature",
      "geometry": {
        "type": "LineString",
        "coordinates": [
          [
            -0.435038251128257,
            51.06074328230584
          ],
          [
            -0.435036480208966,
            51.06076925517134
          ],
          [
            -0.435032998346907,
            51.06082338323972
          ],
          [
            -0.435030371904084,
            51.0608768653272
          ],
          [
            -0.435027230817733,
            51.0609307470303
          ],
          [
            -0.435024209700137,
            51.06098470881698
          ],
          [
            -0.435021479395794,
            51.06103809789737
          ],
          [
            -0.43501806590968,
            51.06109303637314
          ],
          [
            -0.435014931996052,
            51.06114587193171
          ],
          [
            -0.435011737140192,
            51.06120018580491
          ],
          [
            -0.435009508950239,
            51.06125413628276
          ],
          [
            -0.43500574421032,
            51.06130739640299
          ],
          [
            -0.435003095666455,
            51.06136124298298
          ],
          [
            -0.434999533949814,
            51.06141523229988
          ],
          [
            -0.43499728857191,
            51.06146822061138
          ],
          [
            -0.434993800667805,
            51.06152306196736
          ],
          [
            -0.434990696823343,
            51.06157664420748
          ],
          [
            -0.434987835004081,
            51.06163104906062
          ],
          [
            -0.43498445634413,
            51.06168383575189
          ],
          [
            -0.434980994787149,
            51.06173870068876
          ],
          [
            -0.434978271335245,
            51.06179074976141
          ],
          [
            -0.434974433447957,
            51.061846510445
          ],
          [
            -0.434972063081833,
            51.06190044274587
          ],
          [
            -0.434968722112472,
            51.06195445498523
          ],
          [
            -0.434965565837611,
            51.06200880476958
          ],
          [
            -0.434962751523149,
            51.06206213643014
          ],
          [
            -0.434960669935947,
            51.06209069868315
          ]
        ]
      },
      "properties": {
        "row_number": "165"
      }
    },
    {
      "type": "Feature",
      "geometry": {
        "type": "Point",
        "coordinates": [
          -0.435038251128257,
          51.06074328230584
        ]
      },
      "properties": {
        "row_number": "165"
      }
    },
    {
      "type": "Feature",
      "geometry": {
        "type": "Point",
        "coordinates": [
          -0.435036480208966,
          51.06076925517134
        ]
      },
      "properties": {
        "row_number": "165"
      }
    },
    {
      "type": "Feature",
      "geometry": {
        "type": "Point",
        "coordinates": [
          -0.435032998346907,
          51.06082338323972
        ]
      },
      "properties": {
        "row_number": "165"
      }
    },
    {
      "type": "Feature",
      "geometry": {
        "type": "Point",
        "coordinates": [
          -0.435030371904084,
          51.0608768653272
        ]
      },
      "properties": {
        "row_number": "165"
      }
    },
    {
      "type": "Feature",
      "geometry": {
        "type": "Point",
        "coordinates": [
          -0.435027230817733,
          51.0609307470303
        ]
      },
      "properties": {
        "row_number": "165"
      }
    },
    {
      "type": "Feature",
      "geometry": {
        "type": "Point",
        "coordinates": [
          -0.435024209700137,
          51.06098470881698
        ]
      },
      "properties": {
        "row_number": "165"
      }
    },
    {
      "type": "Feature",
      "geometry": {
        "type": "Point",
        "coordinates": [
          -0.435021479395794,
          51.06103809789737
        ]
      },
      "properties": {
        "row_number": "165"
      }
    },
    {
      "type": "Feature",
      "geometry": {
        "type": "Point",
        "coordinates": [
          -0.43501806590968,
          51.06109303637314
        ]
      },
      "properties": {
        "row_number": "165"
      }
    },
    {
      "type": "Feature",
      "geometry": {
        "type": "Point",
        "coordinates": [
          -0.435014931996052,
          51.06114587193171
        ]
      },
      "properties": {
        "row_number": "165"
      }
    },
    {
      "type": "Feature",
      "geometry": {
        "type": "Point",
        "coordinates": [
          -0.435011737140192,
          51.06120018580491
        ]
      },
      "properties": {
        "row_number": "165"
      }
    },
    {
      "type": "Feature",
      "geometry": {
        "type": "Point",
        "coordinates": [
          -0.435009508950239,
          51.06125413628276
        ]
      },
      "properties": {
        "row_number": "165"
      }
    },
    {
      "type": "Feature",
      "geometry": {
        "type": "Point",
        "coordinates": [
          -0.43500574421032,
          51.06130739640299
        ]
      },
      "properties": {
        "row_number": "165"
      }
    },
    {
      "type": "Feature",
      "geometry": {
        "type": "Point",
        "coordinates": [
          -0.435003095666455,
          51.06136124298298
        ]
      },
      "properties": {
        "row_number": "165"
      }
    },
    {
      "type": "Feature",
      "geometry": {
        "type": "Point",
        "coordinates": [
          -0.434999533949814,
          51.06141523229988
        ]
      },
      "properties": {
        "row_number": "165"
      }
    },
    {
      "type": "Feature",
      "geometry": {
        "type": "Point",
        "coordinates": [
          -0.43499728857191,
          51.06146822061138
        ]
      },
      "properties": {
        "row_number": "165"
      }
    },
    {
      "type": "Feature",
      "geometry": {
        "type": "Point",
        "coordinates": [
          -0.434993800667805,
          51.06152306196736
        ]
      },
      "properties": {
        "row_number": "165"
      }
    },
    {
      "type": "Feature",
      "geometry": {
        "type": "Point",
        "coordinates": [
          -0.434990696823343,
          51.06157664420748
        ]
      },
      "properties": {
        "row_number": "165"
      }
    },
    {
      "type": "Feature",
      "geometry": {
        "type": "Point",
        "coordinates": [
          -0.434987835004081,
          51.06163104906062
        ]
      },
      "properties": {
        "row_number": "165"
      }
    },
    {
      "type": "Feature",
      "geometry": {
        "type": "Point",
        "coordinates": [
          -0.43498445634413,
          51.06168383575189
        ]
      },
      "properties": {
        "row_number": "165"
      }
    },
    {
      "type": "Feature",
      "geometry": {
        "type": "Point",
        "coordinates": [
          -0.434980994787149,
          51.06173870068876
        ]
      },
      "properties": {
        "row_number": "165"
      }
    },
    {
      "type": "Feature",
      "geometry": {
        "type": "Point",
        "coordinates": [
          -0.434978271335245,
          51.06179074976141
        ]
      },
      "properties": {
        "row_number": "165"
      }
    },
    {
      "type": "Feature",
      "geometry": {
        "type": "Point",
        "coordinates": [
          -0.434974433447957,
          51.061846510445
        ]
      },
      "properties": {
        "row_number": "165"
      }
    },
    {
      "type": "Feature",
      "geometry": {
        "type": "Point",
        "coordinates": [
          -0.434972063081833,
          51.06190044274587
        ]
      },
      "properties": {
        "row_number": "165"
      }
    },
    {
      "type": "Feature",
      "geometry": {
        "type": "Point",
        "coordinates": [
          -0.434968722112472,
          51.06195445498523
        ]
      },
      "properties": {
        "row_number": "165"
      }
    },
    {
      "type": "Feature",
      "geometry": {
        "type": "Point",
        "coordinates": [
          -0.434965565837611,
          51.06200880476958
        ]
      },
      "properties": {
        "row_number": "165"
      }
    },
    {
      "type": "Feature",
      "geometry": {
        "type": "Point",
        "coordinates": [
          -0.434962751523149,
          51.06206213643014
        ]
      },
      "properties": {
        "row_number": "165"
      }
    },
    {
      "type": "Feature",
      "geometry": {
        "type": "Point",
        "coordinates": [
          -0.434960669935947,
          51.06209069868315
        ]
      },
      "properties": {
        "row_number": "165"
      }
    },
    {
      "type": "Feature",
      "geometry": {
        "type": "LineString",
        "coordinates": [
          [
            -0.435005454874844,
            51.06076211510852
          ],
          [
            -0.435002677161664,
            51.06082293293433
          ],
          [
            -0.435000187863317,
            51.06087597924124
          ],
          [
            -0.434997797739098,
            51.0609300241473
          ],
          [
            -0.434994678481186,
            51.06098431264468
          ],
          [
            -0.43499084377993,
            51.06103796716116
          ],
          [
            -0.434987978531571,
            51.06109207919185
          ],
          [
            -0.434984697325225,
            51.06114540788915
          ],
          [
            -0.434981680166542,
            51.06119967951179
          ],
          [
            -0.434978366271983,
            51.06125304192327
          ],
          [
            -0.434975295203004,
            51.06130643384468
          ],
          [
            -0.434971406390472,
            51.06136372921549
          ],
          [
            -0.434969559362621,
            51.06141469466667
          ],
          [
            -0.434966352299906,
            51.06146776974939
          ],
          [
            -0.434963162235593,
            51.06152249608598
          ],
          [
            -0.434959449382668,
            51.06157616031599
          ],
          [
            -0.43495686621259,
            51.06163014265395
          ],
          [
            -0.434952917722995,
            51.06168398075917
          ],
          [
            -0.434950728587902,
            51.06173817032676
          ],
          [
            -0.434946978030317,
            51.0617921269403
          ],
          [
            -0.434943827278378,
            51.06184580993751
          ],
          [
            -0.434941088420797,
            51.06189922506586
          ],
          [
            -0.434938128262818,
            51.0619535485696
          ],
          [
            -0.434934900313491,
            51.0620087314101
          ],
          [
            -0.434931286248004,
            51.06206203029716
          ],
          [
            -0.434929006615401,
            51.06209078938831
          ]
        ]
      },
      "properties": {
        "row_number": "166"
      }
    },
    {
      "type": "Feature",
      "geometry": {
        "type": "Point",
        "coordinates": [
          -0.435005454874844,
          51.06076211510852
        ]
      },
      "properties": {
        "row_number": "166"
      }
    },
    {
      "type": "Feature",
      "geometry": {
        "type": "Point",
        "coordinates": [
          -0.435002677161664,
          51.06082293293433
        ]
      },
      "properties": {
        "row_number": "166"
      }
    },
    {
      "type": "Feature",
      "geometry": {
        "type": "Point",
        "coordinates": [
          -0.435000187863317,
          51.06087597924124
        ]
      },
      "properties": {
        "row_number": "166"
      }
    },
    {
      "type": "Feature",
      "geometry": {
        "type": "Point",
        "coordinates": [
          -0.434997797739098,
          51.0609300241473
        ]
      },
      "properties": {
        "row_number": "166"
      }
    },
    {
      "type": "Feature",
      "geometry": {
        "type": "Point",
        "coordinates": [
          -0.434994678481186,
          51.06098431264468
        ]
      },
      "properties": {
        "row_number": "166"
      }
    },
    {
      "type": "Feature",
      "geometry": {
        "type": "Point",
        "coordinates": [
          -0.43499084377993,
          51.06103796716116
        ]
      },
      "properties": {
        "row_number": "166"
      }
    },
    {
      "type": "Feature",
      "geometry": {
        "type": "Point",
        "coordinates": [
          -0.434987978531571,
          51.06109207919185
        ]
      },
      "properties": {
        "row_number": "166"
      }
    },
    {
      "type": "Feature",
      "geometry": {
        "type": "Point",
        "coordinates": [
          -0.434984697325225,
          51.06114540788915
        ]
      },
      "properties": {
        "row_number": "166"
      }
    },
    {
      "type": "Feature",
      "geometry": {
        "type": "Point",
        "coordinates": [
          -0.434981680166542,
          51.06119967951179
        ]
      },
      "properties": {
        "row_number": "166"
      }
    },
    {
      "type": "Feature",
      "geometry": {
        "type": "Point",
        "coordinates": [
          -0.434978366271983,
          51.06125304192327
        ]
      },
      "properties": {
        "row_number": "166"
      }
    },
    {
      "type": "Feature",
      "geometry": {
        "type": "Point",
        "coordinates": [
          -0.434975295203004,
          51.06130643384468
        ]
      },
      "properties": {
        "row_number": "166"
      }
    },
    {
      "type": "Feature",
      "geometry": {
        "type": "Point",
        "coordinates": [
          -0.434971406390472,
          51.06136372921549
        ]
      },
      "properties": {
        "row_number": "166"
      }
    },
    {
      "type": "Feature",
      "geometry": {
        "type": "Point",
        "coordinates": [
          -0.434969559362621,
          51.06141469466667
        ]
      },
      "properties": {
        "row_number": "166"
      }
    },
    {
      "type": "Feature",
      "geometry": {
        "type": "Point",
        "coordinates": [
          -0.434966352299906,
          51.06146776974939
        ]
      },
      "properties": {
        "row_number": "166"
      }
    },
    {
      "type": "Feature",
      "geometry": {
        "type": "Point",
        "coordinates": [
          -0.434963162235593,
          51.06152249608598
        ]
      },
      "properties": {
        "row_number": "166"
      }
    },
    {
      "type": "Feature",
      "geometry": {
        "type": "Point",
        "coordinates": [
          -0.434959449382668,
          51.06157616031599
        ]
      },
      "properties": {
        "row_number": "166"
      }
    },
    {
      "type": "Feature",
      "geometry": {
        "type": "Point",
        "coordinates": [
          -0.43495686621259,
          51.06163014265395
        ]
      },
      "properties": {
        "row_number": "166"
      }
    },
    {
      "type": "Feature",
      "geometry": {
        "type": "Point",
        "coordinates": [
          -0.434952917722995,
          51.06168398075917
        ]
      },
      "properties": {
        "row_number": "166"
      }
    },
    {
      "type": "Feature",
      "geometry": {
        "type": "Point",
        "coordinates": [
          -0.434950728587902,
          51.06173817032676
        ]
      },
      "properties": {
        "row_number": "166"
      }
    },
    {
      "type": "Feature",
      "geometry": {
        "type": "Point",
        "coordinates": [
          -0.434946978030317,
          51.0617921269403
        ]
      },
      "properties": {
        "row_number": "166"
      }
    },
    {
      "type": "Feature",
      "geometry": {
        "type": "Point",
        "coordinates": [
          -0.434943827278378,
          51.06184580993751
        ]
      },
      "properties": {
        "row_number": "166"
      }
    },
    {
      "type": "Feature",
      "geometry": {
        "type": "Point",
        "coordinates": [
          -0.434941088420797,
          51.06189922506586
        ]
      },
      "properties": {
        "row_number": "166"
      }
    },
    {
      "type": "Feature",
      "geometry": {
        "type": "Point",
        "coordinates": [
          -0.434938128262818,
          51.0619535485696
        ]
      },
      "properties": {
        "row_number": "166"
      }
    },
    {
      "type": "Feature",
      "geometry": {
        "type": "Point",
        "coordinates": [
          -0.434934900313491,
          51.0620087314101
        ]
      },
      "properties": {
        "row_number": "166"
      }
    },
    {
      "type": "Feature",
      "geometry": {
        "type": "Point",
        "coordinates": [
          -0.434931286248004,
          51.06206203029716
        ]
      },
      "properties": {
        "row_number": "166"
      }
    },
    {
      "type": "Feature",
      "geometry": {
        "type": "Point",
        "coordinates": [
          -0.434929006615401,
          51.06209078938831
        ]
      },
      "properties": {
        "row_number": "166"
      }
    },
    {
      "type": "Feature",
      "geometry": {
        "type": "LineString",
        "coordinates": [
          [
            -0.434973643747811,
            51.06078093857781
          ],
          [
            -0.434970931478142,
            51.06082225447256
          ],
          [
            -0.434967787299305,
            51.06087575295273
          ],
          [
            -0.434964653126704,
            51.06092942361008
          ],
          [
            -0.434961603519497,
            51.06098356107532
          ],
          [
            -0.43495864519687,
            51.06103691461898
          ],
          [
            -0.43495526784715,
            51.06109132236941
          ],
          [
            -0.43495165889947,
            51.06114440469038
          ],
          [
            -0.43494916561581,
            51.0611988920859
          ],
          [
            -0.434945669495157,
            51.06125258355377
          ],
          [
            -0.434942900250623,
            51.06130573444035
          ],
          [
            -0.434939721558414,
            51.06136009712098
          ],
          [
            -0.434936999947717,
            51.06141367765407
          ],
          [
            -0.434933686781596,
            51.0614673504183
          ],
          [
            -0.434930963198576,
            51.06152084642285
          ],
          [
            -0.434927929407218,
            51.06157568851176
          ],
          [
            -0.434924766772644,
            51.06162960795627
          ],
          [
            -0.434921989610644,
            51.06168308668224
          ],
          [
            -0.434918245242308,
            51.06173757535197
          ],
          [
            -0.434915473404289,
            51.06179104594229
          ],
          [
            -0.434912035639676,
            51.06184531686409
          ],
          [
            -0.434909261479615,
            51.06189904825494
          ],
          [
            -0.434906373781734,
            51.06195289762746
          ],
          [
            -0.434902882318375,
            51.06200787830887
          ],
          [
            -0.434899997884763,
            51.06206104823885
          ],
          [
            -0.434898028575508,
            51.06209091112829
          ]
        ]
      },
      "properties": {
        "row_number": "167"
      }
    },
    {
      "type": "Feature",
      "geometry": {
        "type": "Point",
        "coordinates": [
          -0.434973643747811,
          51.06078093857781
        ]
      },
      "properties": {
        "row_number": "167"
      }
    },
    {
      "type": "Feature",
      "geometry": {
        "type": "Point",
        "coordinates": [
          -0.434970931478142,
          51.06082225447256
        ]
      },
      "properties": {
        "row_number": "167"
      }
    },
    {
      "type": "Feature",
      "geometry": {
        "type": "Point",
        "coordinates": [
          -0.434967787299305,
          51.06087575295273
        ]
      },
      "properties": {
        "row_number": "167"
      }
    },
    {
      "type": "Feature",
      "geometry": {
        "type": "Point",
        "coordinates": [
          -0.434964653126704,
          51.06092942361008
        ]
      },
      "properties": {
        "row_number": "167"
      }
    },
    {
      "type": "Feature",
      "geometry": {
        "type": "Point",
        "coordinates": [
          -0.434961603519497,
          51.06098356107532
        ]
      },
      "properties": {
        "row_number": "167"
      }
    },
    {
      "type": "Feature",
      "geometry": {
        "type": "Point",
        "coordinates": [
          -0.43495864519687,
          51.06103691461898
        ]
      },
      "properties": {
        "row_number": "167"
      }
    },
    {
      "type": "Feature",
      "geometry": {
        "type": "Point",
        "coordinates": [
          -0.43495526784715,
          51.06109132236941
        ]
      },
      "properties": {
        "row_number": "167"
      }
    },
    {
      "type": "Feature",
      "geometry": {
        "type": "Point",
        "coordinates": [
          -0.43495165889947,
          51.06114440469038
        ]
      },
      "properties": {
        "row_number": "167"
      }
    },
    {
      "type": "Feature",
      "geometry": {
        "type": "Point",
        "coordinates": [
          -0.43494916561581,
          51.0611988920859
        ]
      },
      "properties": {
        "row_number": "167"
      }
    },
    {
      "type": "Feature",
      "geometry": {
        "type": "Point",
        "coordinates": [
          -0.434945669495157,
          51.06125258355377
        ]
      },
      "properties": {
        "row_number": "167"
      }
    },
    {
      "type": "Feature",
      "geometry": {
        "type": "Point",
        "coordinates": [
          -0.434942900250623,
          51.06130573444035
        ]
      },
      "properties": {
        "row_number": "167"
      }
    },
    {
      "type": "Feature",
      "geometry": {
        "type": "Point",
        "coordinates": [
          -0.434939721558414,
          51.06136009712098
        ]
      },
      "properties": {
        "row_number": "167"
      }
    },
    {
      "type": "Feature",
      "geometry": {
        "type": "Point",
        "coordinates": [
          -0.434936999947717,
          51.06141367765407
        ]
      },
      "properties": {
        "row_number": "167"
      }
    },
    {
      "type": "Feature",
      "geometry": {
        "type": "Point",
        "coordinates": [
          -0.434933686781596,
          51.0614673504183
        ]
      },
      "properties": {
        "row_number": "167"
      }
    },
    {
      "type": "Feature",
      "geometry": {
        "type": "Point",
        "coordinates": [
          -0.434930963198576,
          51.06152084642285
        ]
      },
      "properties": {
        "row_number": "167"
      }
    },
    {
      "type": "Feature",
      "geometry": {
        "type": "Point",
        "coordinates": [
          -0.434927929407218,
          51.06157568851176
        ]
      },
      "properties": {
        "row_number": "167"
      }
    },
    {
      "type": "Feature",
      "geometry": {
        "type": "Point",
        "coordinates": [
          -0.434924766772644,
          51.06162960795627
        ]
      },
      "properties": {
        "row_number": "167"
      }
    },
    {
      "type": "Feature",
      "geometry": {
        "type": "Point",
        "coordinates": [
          -0.434921989610644,
          51.06168308668224
        ]
      },
      "properties": {
        "row_number": "167"
      }
    },
    {
      "type": "Feature",
      "geometry": {
        "type": "Point",
        "coordinates": [
          -0.434918245242308,
          51.06173757535197
        ]
      },
      "properties": {
        "row_number": "167"
      }
    },
    {
      "type": "Feature",
      "geometry": {
        "type": "Point",
        "coordinates": [
          -0.434915473404289,
          51.06179104594229
        ]
      },
      "properties": {
        "row_number": "167"
      }
    },
    {
      "type": "Feature",
      "geometry": {
        "type": "Point",
        "coordinates": [
          -0.434912035639676,
          51.06184531686409
        ]
      },
      "properties": {
        "row_number": "167"
      }
    },
    {
      "type": "Feature",
      "geometry": {
        "type": "Point",
        "coordinates": [
          -0.434909261479615,
          51.06189904825494
        ]
      },
      "properties": {
        "row_number": "167"
      }
    },
    {
      "type": "Feature",
      "geometry": {
        "type": "Point",
        "coordinates": [
          -0.434906373781734,
          51.06195289762746
        ]
      },
      "properties": {
        "row_number": "167"
      }
    },
    {
      "type": "Feature",
      "geometry": {
        "type": "Point",
        "coordinates": [
          -0.434902882318375,
          51.06200787830887
        ]
      },
      "properties": {
        "row_number": "167"
      }
    },
    {
      "type": "Feature",
      "geometry": {
        "type": "Point",
        "coordinates": [
          -0.434899997884763,
          51.06206104823885
        ]
      },
      "properties": {
        "row_number": "167"
      }
    },
    {
      "type": "Feature",
      "geometry": {
        "type": "Point",
        "coordinates": [
          -0.434898028575508,
          51.06209091112829
        ]
      },
      "properties": {
        "row_number": "167"
      }
    },
    {
      "type": "Feature",
      "geometry": {
        "type": "LineString",
        "coordinates": [
          [
            -0.434940749061436,
            51.06079926205835
          ],
          [
            -0.434940025140413,
            51.06082227083056
          ],
          [
            -0.434936814151798,
            51.06087508212214
          ],
          [
            -0.434933888786269,
            51.06092844250129
          ],
          [
            -0.434931008797241,
            51.06098223099023
          ],
          [
            -0.434928157356238,
            51.06103571779514
          ],
          [
            -0.43492480128112,
            51.06109038771889
          ],
          [
            -0.434921798281212,
            51.06114384920708
          ],
          [
            -0.434918685746262,
            51.0611982855269
          ],
          [
            -0.43491504782242,
            51.06125210230633
          ],
          [
            -0.434912644142085,
            51.06130526268599
          ],
          [
            -0.434909338663154,
            51.06135928794438
          ],
          [
            -0.434906075653691,
            51.06141298055405
          ],
          [
            -0.434903328787757,
            51.06146659777475
          ],
          [
            -0.434899786793039,
            51.0615208077553
          ],
          [
            -0.434897499795428,
            51.06157502450475
          ],
          [
            -0.434893892561177,
            51.06162888328926
          ],
          [
            -0.434891031381843,
            51.06168245150536
          ],
          [
            -0.434887618508559,
            51.06173692320232
          ],
          [
            -0.434884870567325,
            51.06179045658924
          ],
          [
            -0.434881468672679,
            51.06184449643911
          ],
          [
            -0.434879068867924,
            51.06189822419284
          ],
          [
            -0.43487562367863,
            51.06195235812694
          ],
          [
            -0.434872658775507,
            51.06200733025395
          ],
          [
            -0.434869587860984,
            51.06206024971009
          ],
          [
            -0.434866914024972,
            51.06209010316839
          ]
        ]
      },
      "properties": {
        "row_number": "168"
      }
    },
    {
      "type": "Feature",
      "geometry": {
        "type": "Point",
        "coordinates": [
          -0.434940749061436,
          51.06079926205835
        ]
      },
      "properties": {
        "row_number": "168"
      }
    },
    {
      "type": "Feature",
      "geometry": {
        "type": "Point",
        "coordinates": [
          -0.434940025140413,
          51.06082227083056
        ]
      },
      "properties": {
        "row_number": "168"
      }
    },
    {
      "type": "Feature",
      "geometry": {
        "type": "Point",
        "coordinates": [
          -0.434936814151798,
          51.06087508212214
        ]
      },
      "properties": {
        "row_number": "168"
      }
    },
    {
      "type": "Feature",
      "geometry": {
        "type": "Point",
        "coordinates": [
          -0.434933888786269,
          51.06092844250129
        ]
      },
      "properties": {
        "row_number": "168"
      }
    },
    {
      "type": "Feature",
      "geometry": {
        "type": "Point",
        "coordinates": [
          -0.434931008797241,
          51.06098223099023
        ]
      },
      "properties": {
        "row_number": "168"
      }
    },
    {
      "type": "Feature",
      "geometry": {
        "type": "Point",
        "coordinates": [
          -0.434928157356238,
          51.06103571779514
        ]
      },
      "properties": {
        "row_number": "168"
      }
    },
    {
      "type": "Feature",
      "geometry": {
        "type": "Point",
        "coordinates": [
          -0.43492480128112,
          51.06109038771889
        ]
      },
      "properties": {
        "row_number": "168"
      }
    },
    {
      "type": "Feature",
      "geometry": {
        "type": "Point",
        "coordinates": [
          -0.434921798281212,
          51.06114384920708
        ]
      },
      "properties": {
        "row_number": "168"
      }
    },
    {
      "type": "Feature",
      "geometry": {
        "type": "Point",
        "coordinates": [
          -0.434918685746262,
          51.0611982855269
        ]
      },
      "properties": {
        "row_number": "168"
      }
    },
    {
      "type": "Feature",
      "geometry": {
        "type": "Point",
        "coordinates": [
          -0.43491504782242,
          51.06125210230633
        ]
      },
      "properties": {
        "row_number": "168"
      }
    },
    {
      "type": "Feature",
      "geometry": {
        "type": "Point",
        "coordinates": [
          -0.434912644142085,
          51.06130526268599
        ]
      },
      "properties": {
        "row_number": "168"
      }
    },
    {
      "type": "Feature",
      "geometry": {
        "type": "Point",
        "coordinates": [
          -0.434909338663154,
          51.06135928794438
        ]
      },
      "properties": {
        "row_number": "168"
      }
    },
    {
      "type": "Feature",
      "geometry": {
        "type": "Point",
        "coordinates": [
          -0.434906075653691,
          51.06141298055405
        ]
      },
      "properties": {
        "row_number": "168"
      }
    },
    {
      "type": "Feature",
      "geometry": {
        "type": "Point",
        "coordinates": [
          -0.434903328787757,
          51.06146659777475
        ]
      },
      "properties": {
        "row_number": "168"
      }
    },
    {
      "type": "Feature",
      "geometry": {
        "type": "Point",
        "coordinates": [
          -0.434899786793039,
          51.0615208077553
        ]
      },
      "properties": {
        "row_number": "168"
      }
    },
    {
      "type": "Feature",
      "geometry": {
        "type": "Point",
        "coordinates": [
          -0.434897499795428,
          51.06157502450475
        ]
      },
      "properties": {
        "row_number": "168"
      }
    },
    {
      "type": "Feature",
      "geometry": {
        "type": "Point",
        "coordinates": [
          -0.434893892561177,
          51.06162888328926
        ]
      },
      "properties": {
        "row_number": "168"
      }
    },
    {
      "type": "Feature",
      "geometry": {
        "type": "Point",
        "coordinates": [
          -0.434891031381843,
          51.06168245150536
        ]
      },
      "properties": {
        "row_number": "168"
      }
    },
    {
      "type": "Feature",
      "geometry": {
        "type": "Point",
        "coordinates": [
          -0.434887618508559,
          51.06173692320232
        ]
      },
      "properties": {
        "row_number": "168"
      }
    },
    {
      "type": "Feature",
      "geometry": {
        "type": "Point",
        "coordinates": [
          -0.434884870567325,
          51.06179045658924
        ]
      },
      "properties": {
        "row_number": "168"
      }
    },
    {
      "type": "Feature",
      "geometry": {
        "type": "Point",
        "coordinates": [
          -0.434881468672679,
          51.06184449643911
        ]
      },
      "properties": {
        "row_number": "168"
      }
    },
    {
      "type": "Feature",
      "geometry": {
        "type": "Point",
        "coordinates": [
          -0.434879068867924,
          51.06189822419284
        ]
      },
      "properties": {
        "row_number": "168"
      }
    },
    {
      "type": "Feature",
      "geometry": {
        "type": "Point",
        "coordinates": [
          -0.43487562367863,
          51.06195235812694
        ]
      },
      "properties": {
        "row_number": "168"
      }
    },
    {
      "type": "Feature",
      "geometry": {
        "type": "Point",
        "coordinates": [
          -0.434872658775507,
          51.06200733025395
        ]
      },
      "properties": {
        "row_number": "168"
      }
    },
    {
      "type": "Feature",
      "geometry": {
        "type": "Point",
        "coordinates": [
          -0.434869587860984,
          51.06206024971009
        ]
      },
      "properties": {
        "row_number": "168"
      }
    },
    {
      "type": "Feature",
      "geometry": {
        "type": "Point",
        "coordinates": [
          -0.434866914024972,
          51.06209010316839
        ]
      },
      "properties": {
        "row_number": "168"
      }
    },
    {
      "type": "Feature",
      "geometry": {
        "type": "LineString",
        "coordinates": [
          [
            -0.434909259162568,
            51.06081524923693
          ],
          [
            -0.434905274984541,
            51.06087452236502
          ],
          [
            -0.434901597499304,
            51.06092815978276
          ],
          [
            -0.434898408053077,
            51.06098174001725
          ],
          [
            -0.434895648935683,
            51.06103528123244
          ],
          [
            -0.434892338700017,
            51.06108977213778
          ],
          [
            -0.434889034289512,
            51.06114319200647
          ],
          [
            -0.434885884131577,
            51.06119730415915
          ],
          [
            -0.434883165212767,
            51.06125096465779
          ],
          [
            -0.434879850280738,
            51.06130428453667
          ],
          [
            -0.434876090841618,
            51.06135851706298
          ],
          [
            -0.434873134097409,
            51.0614123708026
          ],
          [
            -0.434870310356128,
            51.06146568387664
          ],
          [
            -0.434867607492075,
            51.06152002536611
          ],
          [
            -0.434864536112285,
            51.06157403753672
          ],
          [
            -0.434861583464658,
            51.06162827805036
          ],
          [
            -0.434858522988686,
            51.06168201059614
          ],
          [
            -0.434855070877609,
            51.0617357052495
          ],
          [
            -0.434852108487696,
            51.0617899076093
          ],
          [
            -0.434849202861216,
            51.06184401292181
          ],
          [
            -0.434846673586746,
            51.06189693935261
          ],
          [
            -0.434842799524295,
            51.0619513606514
          ],
          [
            -0.434840338823133,
            51.06200690278369
          ],
          [
            -0.434837666641017,
            51.06205903331038
          ],
          [
            -0.434835728155345,
            51.06208854256494
          ]
        ]
      },
      "properties": {
        "row_number": "169"
      }
    },
    {
      "type": "Feature",
      "geometry": {
        "type": "Point",
        "coordinates": [
          -0.434909259162568,
          51.06081524923693
        ]
      },
      "properties": {
        "row_number": "169"
      }
    },
    {
      "type": "Feature",
      "geometry": {
        "type": "Point",
        "coordinates": [
          -0.434905274984541,
          51.06087452236502
        ]
      },
      "properties": {
        "row_number": "169"
      }
    },
    {
      "type": "Feature",
      "geometry": {
        "type": "Point",
        "coordinates": [
          -0.434901597499304,
          51.06092815978276
        ]
      },
      "properties": {
        "row_number": "169"
      }
    },
    {
      "type": "Feature",
      "geometry": {
        "type": "Point",
        "coordinates": [
          -0.434898408053077,
          51.06098174001725
        ]
      },
      "properties": {
        "row_number": "169"
      }
    },
    {
      "type": "Feature",
      "geometry": {
        "type": "Point",
        "coordinates": [
          -0.434895648935683,
          51.06103528123244
        ]
      },
      "properties": {
        "row_number": "169"
      }
    },
    {
      "type": "Feature",
      "geometry": {
        "type": "Point",
        "coordinates": [
          -0.434892338700017,
          51.06108977213778
        ]
      },
      "properties": {
        "row_number": "169"
      }
    },
    {
      "type": "Feature",
      "geometry": {
        "type": "Point",
        "coordinates": [
          -0.434889034289512,
          51.06114319200647
        ]
      },
      "properties": {
        "row_number": "169"
      }
    },
    {
      "type": "Feature",
      "geometry": {
        "type": "Point",
        "coordinates": [
          -0.434885884131577,
          51.06119730415915
        ]
      },
      "properties": {
        "row_number": "169"
      }
    },
    {
      "type": "Feature",
      "geometry": {
        "type": "Point",
        "coordinates": [
          -0.434883165212767,
          51.06125096465779
        ]
      },
      "properties": {
        "row_number": "169"
      }
    },
    {
      "type": "Feature",
      "geometry": {
        "type": "Point",
        "coordinates": [
          -0.434879850280738,
          51.06130428453667
        ]
      },
      "properties": {
        "row_number": "169"
      }
    },
    {
      "type": "Feature",
      "geometry": {
        "type": "Point",
        "coordinates": [
          -0.434876090841618,
          51.06135851706298
        ]
      },
      "properties": {
        "row_number": "169"
      }
    },
    {
      "type": "Feature",
      "geometry": {
        "type": "Point",
        "coordinates": [
          -0.434873134097409,
          51.0614123708026
        ]
      },
      "properties": {
        "row_number": "169"
      }
    },
    {
      "type": "Feature",
      "geometry": {
        "type": "Point",
        "coordinates": [
          -0.434870310356128,
          51.06146568387664
        ]
      },
      "properties": {
        "row_number": "169"
      }
    },
    {
      "type": "Feature",
      "geometry": {
        "type": "Point",
        "coordinates": [
          -0.434867607492075,
          51.06152002536611
        ]
      },
      "properties": {
        "row_number": "169"
      }
    },
    {
      "type": "Feature",
      "geometry": {
        "type": "Point",
        "coordinates": [
          -0.434864536112285,
          51.06157403753672
        ]
      },
      "properties": {
        "row_number": "169"
      }
    },
    {
      "type": "Feature",
      "geometry": {
        "type": "Point",
        "coordinates": [
          -0.434861583464658,
          51.06162827805036
        ]
      },
      "properties": {
        "row_number": "169"
      }
    },
    {
      "type": "Feature",
      "geometry": {
        "type": "Point",
        "coordinates": [
          -0.434858522988686,
          51.06168201059614
        ]
      },
      "properties": {
        "row_number": "169"
      }
    },
    {
      "type": "Feature",
      "geometry": {
        "type": "Point",
        "coordinates": [
          -0.434855070877609,
          51.0617357052495
        ]
      },
      "properties": {
        "row_number": "169"
      }
    },
    {
      "type": "Feature",
      "geometry": {
        "type": "Point",
        "coordinates": [
          -0.434852108487696,
          51.0617899076093
        ]
      },
      "properties": {
        "row_number": "169"
      }
    },
    {
      "type": "Feature",
      "geometry": {
        "type": "Point",
        "coordinates": [
          -0.434849202861216,
          51.06184401292181
        ]
      },
      "properties": {
        "row_number": "169"
      }
    },
    {
      "type": "Feature",
      "geometry": {
        "type": "Point",
        "coordinates": [
          -0.434846673586746,
          51.06189693935261
        ]
      },
      "properties": {
        "row_number": "169"
      }
    },
    {
      "type": "Feature",
      "geometry": {
        "type": "Point",
        "coordinates": [
          -0.434842799524295,
          51.0619513606514
        ]
      },
      "properties": {
        "row_number": "169"
      }
    },
    {
      "type": "Feature",
      "geometry": {
        "type": "Point",
        "coordinates": [
          -0.434840338823133,
          51.06200690278369
        ]
      },
      "properties": {
        "row_number": "169"
      }
    },
    {
      "type": "Feature",
      "geometry": {
        "type": "Point",
        "coordinates": [
          -0.434837666641017,
          51.06205903331038
        ]
      },
      "properties": {
        "row_number": "169"
      }
    },
    {
      "type": "Feature",
      "geometry": {
        "type": "Point",
        "coordinates": [
          -0.434835728155345,
          51.06208854256494
        ]
      },
      "properties": {
        "row_number": "169"
      }
    },
    {
      "type": "Feature",
      "geometry": {
        "type": "LineString",
        "coordinates": [
          [
            -0.434875106001009,
            51.06085261302296
          ],
          [
            -0.434871367294145,
            51.06092724118049
          ],
          [
            -0.434868551668412,
            51.06098100403906
          ],
          [
            -0.434865373152682,
            51.06103496040299
          ],
          [
            -0.434862486514074,
            51.06108893749447
          ],
          [
            -0.434858944822374,
            51.06114262529815
          ],
          [
            -0.434855730787296,
            51.06119696599801
          ],
          [
            -0.434852077934156,
            51.06125028666561
          ],
          [
            -0.434849318651294,
            51.0613035832436
          ],
          [
            -0.434846510276221,
            51.06135807193053
          ],
          [
            -0.434844004020758,
            51.06141160855913
          ],
          [
            -0.434840515439154,
            51.06146505863718
          ],
          [
            -0.434836151136555,
            51.06151927982524
          ],
          [
            -0.434833673293984,
            51.06157339585418
          ],
          [
            -0.434830078034254,
            51.06162646939906
          ],
          [
            -0.434827235906861,
            51.06168104903215
          ],
          [
            -0.434824393836541,
            51.06173519432935
          ],
          [
            -0.43482115597846,
            51.06178900697713
          ],
          [
            -0.434818783828064,
            51.06184325108649
          ],
          [
            -0.434815736723835,
            51.0618969778415
          ],
          [
            -0.434812597562064,
            51.06195066910497
          ],
          [
            -0.434809406146912,
            51.06200615412423
          ],
          [
            -0.43480596524389,
            51.06205941440126
          ],
          [
            -0.434803606769614,
            51.06208974999134
          ]
        ]
      },
      "properties": {
        "row_number": "170"
      }
    },
    {
      "type": "Feature",
      "geometry": {
        "type": "Point",
        "coordinates": [
          -0.434875106001009,
          51.06085261302296
        ]
      },
      "properties": {
        "row_number": "170"
      }
    },
    {
      "type": "Feature",
      "geometry": {
        "type": "Point",
        "coordinates": [
          -0.434871367294145,
          51.06092724118049
        ]
      },
      "properties": {
        "row_number": "170"
      }
    },
    {
      "type": "Feature",
      "geometry": {
        "type": "Point",
        "coordinates": [
          -0.434868551668412,
          51.06098100403906
        ]
      },
      "properties": {
        "row_number": "170"
      }
    },
    {
      "type": "Feature",
      "geometry": {
        "type": "Point",
        "coordinates": [
          -0.434865373152682,
          51.06103496040299
        ]
      },
      "properties": {
        "row_number": "170"
      }
    },
    {
      "type": "Feature",
      "geometry": {
        "type": "Point",
        "coordinates": [
          -0.434862486514074,
          51.06108893749447
        ]
      },
      "properties": {
        "row_number": "170"
      }
    },
    {
      "type": "Feature",
      "geometry": {
        "type": "Point",
        "coordinates": [
          -0.434858944822374,
          51.06114262529815
        ]
      },
      "properties": {
        "row_number": "170"
      }
    },
    {
      "type": "Feature",
      "geometry": {
        "type": "Point",
        "coordinates": [
          -0.434855730787296,
          51.06119696599801
        ]
      },
      "properties": {
        "row_number": "170"
      }
    },
    {
      "type": "Feature",
      "geometry": {
        "type": "Point",
        "coordinates": [
          -0.434852077934156,
          51.06125028666561
        ]
      },
      "properties": {
        "row_number": "170"
      }
    },
    {
      "type": "Feature",
      "geometry": {
        "type": "Point",
        "coordinates": [
          -0.434849318651294,
          51.0613035832436
        ]
      },
      "properties": {
        "row_number": "170"
      }
    },
    {
      "type": "Feature",
      "geometry": {
        "type": "Point",
        "coordinates": [
          -0.434846510276221,
          51.06135807193053
        ]
      },
      "properties": {
        "row_number": "170"
      }
    },
    {
      "type": "Feature",
      "geometry": {
        "type": "Point",
        "coordinates": [
          -0.434844004020758,
          51.06141160855913
        ]
      },
      "properties": {
        "row_number": "170"
      }
    },
    {
      "type": "Feature",
      "geometry": {
        "type": "Point",
        "coordinates": [
          -0.434840515439154,
          51.06146505863718
        ]
      },
      "properties": {
        "row_number": "170"
      }
    },
    {
      "type": "Feature",
      "geometry": {
        "type": "Point",
        "coordinates": [
          -0.434836151136555,
          51.06151927982524
        ]
      },
      "properties": {
        "row_number": "170"
      }
    },
    {
      "type": "Feature",
      "geometry": {
        "type": "Point",
        "coordinates": [
          -0.434833673293984,
          51.06157339585418
        ]
      },
      "properties": {
        "row_number": "170"
      }
    },
    {
      "type": "Feature",
      "geometry": {
        "type": "Point",
        "coordinates": [
          -0.434830078034254,
          51.06162646939906
        ]
      },
      "properties": {
        "row_number": "170"
      }
    },
    {
      "type": "Feature",
      "geometry": {
        "type": "Point",
        "coordinates": [
          -0.434827235906861,
          51.06168104903215
        ]
      },
      "properties": {
        "row_number": "170"
      }
    },
    {
      "type": "Feature",
      "geometry": {
        "type": "Point",
        "coordinates": [
          -0.434824393836541,
          51.06173519432935
        ]
      },
      "properties": {
        "row_number": "170"
      }
    },
    {
      "type": "Feature",
      "geometry": {
        "type": "Point",
        "coordinates": [
          -0.43482115597846,
          51.06178900697713
        ]
      },
      "properties": {
        "row_number": "170"
      }
    },
    {
      "type": "Feature",
      "geometry": {
        "type": "Point",
        "coordinates": [
          -0.434818783828064,
          51.06184325108649
        ]
      },
      "properties": {
        "row_number": "170"
      }
    },
    {
      "type": "Feature",
      "geometry": {
        "type": "Point",
        "coordinates": [
          -0.434815736723835,
          51.0618969778415
        ]
      },
      "properties": {
        "row_number": "170"
      }
    },
    {
      "type": "Feature",
      "geometry": {
        "type": "Point",
        "coordinates": [
          -0.434812597562064,
          51.06195066910497
        ]
      },
      "properties": {
        "row_number": "170"
      }
    },
    {
      "type": "Feature",
      "geometry": {
        "type": "Point",
        "coordinates": [
          -0.434809406146912,
          51.06200615412423
        ]
      },
      "properties": {
        "row_number": "170"
      }
    },
    {
      "type": "Feature",
      "geometry": {
        "type": "Point",
        "coordinates": [
          -0.43480596524389,
          51.06205941440126
        ]
      },
      "properties": {
        "row_number": "170"
      }
    },
    {
      "type": "Feature",
      "geometry": {
        "type": "Point",
        "coordinates": [
          -0.434803606769614,
          51.06208974999134
        ]
      },
      "properties": {
        "row_number": "170"
      }
    },
    {
      "type": "Feature",
      "geometry": {
        "type": "LineString",
        "coordinates": [
          [
            -0.43484283884746,
            51.060888004682
          ],
          [
            -0.434839838654886,
            51.06092616961114
          ],
          [
            -0.434836771184108,
            51.06098031046338
          ],
          [
            -0.434834121766583,
            51.06103418400864
          ],
          [
            -0.434830683279268,
            51.06108829800529
          ],
          [
            -0.434826909503776,
            51.06114191203275
          ],
          [
            -0.434823489295419,
            51.06119566929259
          ],
          [
            -0.434820587853033,
            51.06125005149936
          ],
          [
            -0.434817678334207,
            51.06130234593319
          ],
          [
            -0.434814131280776,
            51.06135714837897
          ],
          [
            -0.434812780150928,
            51.06141152835146
          ],
          [
            -0.43480875689496,
            51.06146436289947
          ],
          [
            -0.434805568243437,
            51.06151842028156
          ],
          [
            -0.434802778097723,
            51.06157297292708
          ],
          [
            -0.434799777270856,
            51.06162672142533
          ],
          [
            -0.434796259092167,
            51.06167998373122
          ],
          [
            -0.434792787624834,
            51.06173436513971
          ],
          [
            -0.434790690959412,
            51.06178837070002
          ],
          [
            -0.4347873074247,
            51.0618420621426
          ],
          [
            -0.43478426536026,
            51.06189591068554
          ],
          [
            -0.434781417242478,
            51.06194963317479
          ],
          [
            -0.434778267924232,
            51.06200508161955
          ],
          [
            -0.434775322343373,
            51.06205836401497
          ],
          [
            -0.434773102614152,
            51.06208277638177
          ]
        ]
      },
      "properties": {
        "row_number": "171"
      }
    },
    {
      "type": "Feature",
      "geometry": {
        "type": "Point",
        "coordinates": [
          -0.43484283884746,
          51.060888004682
        ]
      },
      "properties": {
        "row_number": "171"
      }
    },
    {
      "type": "Feature",
      "geometry": {
        "type": "Point",
        "coordinates": [
          -0.434839838654886,
          51.06092616961114
        ]
      },
      "properties": {
        "row_number": "171"
      }
    },
    {
      "type": "Feature",
      "geometry": {
        "type": "Point",
        "coordinates": [
          -0.434836771184108,
          51.06098031046338
        ]
      },
      "properties": {
        "row_number": "171"
      }
    },
    {
      "type": "Feature",
      "geometry": {
        "type": "Point",
        "coordinates": [
          -0.434834121766583,
          51.06103418400864
        ]
      },
      "properties": {
        "row_number": "171"
      }
    },
    {
      "type": "Feature",
      "geometry": {
        "type": "Point",
        "coordinates": [
          -0.434830683279268,
          51.06108829800529
        ]
      },
      "properties": {
        "row_number": "171"
      }
    },
    {
      "type": "Feature",
      "geometry": {
        "type": "Point",
        "coordinates": [
          -0.434826909503776,
          51.06114191203275
        ]
      },
      "properties": {
        "row_number": "171"
      }
    },
    {
      "type": "Feature",
      "geometry": {
        "type": "Point",
        "coordinates": [
          -0.434823489295419,
          51.06119566929259
        ]
      },
      "properties": {
        "row_number": "171"
      }
    },
    {
      "type": "Feature",
      "geometry": {
        "type": "Point",
        "coordinates": [
          -0.434820587853033,
          51.06125005149936
        ]
      },
      "properties": {
        "row_number": "171"
      }
    },
    {
      "type": "Feature",
      "geometry": {
        "type": "Point",
        "coordinates": [
          -0.434817678334207,
          51.06130234593319
        ]
      },
      "properties": {
        "row_number": "171"
      }
    },
    {
      "type": "Feature",
      "geometry": {
        "type": "Point",
        "coordinates": [
          -0.434814131280776,
          51.06135714837897
        ]
      },
      "properties": {
        "row_number": "171"
      }
    },
    {
      "type": "Feature",
      "geometry": {
        "type": "Point",
        "coordinates": [
          -0.434812780150928,
          51.06141152835146
        ]
      },
      "properties": {
        "row_number": "171"
      }
    },
    {
      "type": "Feature",
      "geometry": {
        "type": "Point",
        "coordinates": [
          -0.43480875689496,
          51.06146436289947
        ]
      },
      "properties": {
        "row_number": "171"
      }
    },
    {
      "type": "Feature",
      "geometry": {
        "type": "Point",
        "coordinates": [
          -0.434805568243437,
          51.06151842028156
        ]
      },
      "properties": {
        "row_number": "171"
      }
    },
    {
      "type": "Feature",
      "geometry": {
        "type": "Point",
        "coordinates": [
          -0.434802778097723,
          51.06157297292708
        ]
      },
      "properties": {
        "row_number": "171"
      }
    },
    {
      "type": "Feature",
      "geometry": {
        "type": "Point",
        "coordinates": [
          -0.434799777270856,
          51.06162672142533
        ]
      },
      "properties": {
        "row_number": "171"
      }
    },
    {
      "type": "Feature",
      "geometry": {
        "type": "Point",
        "coordinates": [
          -0.434796259092167,
          51.06167998373122
        ]
      },
      "properties": {
        "row_number": "171"
      }
    },
    {
      "type": "Feature",
      "geometry": {
        "type": "Point",
        "coordinates": [
          -0.434792787624834,
          51.06173436513971
        ]
      },
      "properties": {
        "row_number": "171"
      }
    },
    {
      "type": "Feature",
      "geometry": {
        "type": "Point",
        "coordinates": [
          -0.434790690959412,
          51.06178837070002
        ]
      },
      "properties": {
        "row_number": "171"
      }
    },
    {
      "type": "Feature",
      "geometry": {
        "type": "Point",
        "coordinates": [
          -0.4347873074247,
          51.0618420621426
        ]
      },
      "properties": {
        "row_number": "171"
      }
    },
    {
      "type": "Feature",
      "geometry": {
        "type": "Point",
        "coordinates": [
          -0.43478426536026,
          51.06189591068554
        ]
      },
      "properties": {
        "row_number": "171"
      }
    },
    {
      "type": "Feature",
      "geometry": {
        "type": "Point",
        "coordinates": [
          -0.434781417242478,
          51.06194963317479
        ]
      },
      "properties": {
        "row_number": "171"
      }
    },
    {
      "type": "Feature",
      "geometry": {
        "type": "Point",
        "coordinates": [
          -0.434778267924232,
          51.06200508161955
        ]
      },
      "properties": {
        "row_number": "171"
      }
    },
    {
      "type": "Feature",
      "geometry": {
        "type": "Point",
        "coordinates": [
          -0.434775322343373,
          51.06205836401497
        ]
      },
      "properties": {
        "row_number": "171"
      }
    },
    {
      "type": "Feature",
      "geometry": {
        "type": "Point",
        "coordinates": [
          -0.434773102614152,
          51.06208277638177
        ]
      },
      "properties": {
        "row_number": "171"
      }
    },
    {
      "type": "Feature",
      "geometry": {
        "type": "LineString",
        "coordinates": [
          [
            -0.434809300358154,
            51.06092229319594
          ],
          [
            -0.434806106241243,
            51.06097990365007
          ],
          [
            -0.434803024639969,
            51.06103336859203
          ],
          [
            -0.434799855922821,
            51.06108763346678
          ],
          [
            -0.434796743845625,
            51.06114049256792
          ],
          [
            -0.434793984456128,
            51.0611947763597
          ],
          [
            -0.434791128168002,
            51.0612487648491
          ],
          [
            -0.434787627609359,
            51.0613020416083
          ],
          [
            -0.434784784255646,
            51.06135602397692
          ],
          [
            -0.434781754789928,
            51.06141026749499
          ],
          [
            -0.434778265128348,
            51.06146343043916
          ],
          [
            -0.434775306676465,
            51.06151736188839
          ],
          [
            -0.434772893722248,
            51.06157163530075
          ],
          [
            -0.43476981695205,
            51.06162561199027
          ],
          [
            -0.434765698053747,
            51.06167918423715
          ],
          [
            -0.434763168200281,
            51.06173338612692
          ],
          [
            -0.434759825289352,
            51.06178751712513
          ],
          [
            -0.434756943114794,
            51.06184133686524
          ],
          [
            -0.434753649111903,
            51.06189513631705
          ],
          [
            -0.434750124521344,
            51.06194793833485
          ],
          [
            -0.434747334780146,
            51.06200463588178
          ],
          [
            -0.434742345628734,
            51.06207661231495
          ]
        ]
      },
      "properties": {
        "row_number": "172"
      }
    },
    {
      "type": "Feature",
      "geometry": {
        "type": "Point",
        "coordinates": [
          -0.434809300358154,
          51.06092229319594
        ]
      },
      "properties": {
        "row_number": "172"
      }
    },
    {
      "type": "Feature",
      "geometry": {
        "type": "Point",
        "coordinates": [
          -0.434806106241243,
          51.06097990365007
        ]
      },
      "properties": {
        "row_number": "172"
      }
    },
    {
      "type": "Feature",
      "geometry": {
        "type": "Point",
        "coordinates": [
          -0.434803024639969,
          51.06103336859203
        ]
      },
      "properties": {
        "row_number": "172"
      }
    },
    {
      "type": "Feature",
      "geometry": {
        "type": "Point",
        "coordinates": [
          -0.434799855922821,
          51.06108763346678
        ]
      },
      "properties": {
        "row_number": "172"
      }
    },
    {
      "type": "Feature",
      "geometry": {
        "type": "Point",
        "coordinates": [
          -0.434796743845625,
          51.06114049256792
        ]
      },
      "properties": {
        "row_number": "172"
      }
    },
    {
      "type": "Feature",
      "geometry": {
        "type": "Point",
        "coordinates": [
          -0.434793984456128,
          51.0611947763597
        ]
      },
      "properties": {
        "row_number": "172"
      }
    },
    {
      "type": "Feature",
      "geometry": {
        "type": "Point",
        "coordinates": [
          -0.434791128168002,
          51.0612487648491
        ]
      },
      "properties": {
        "row_number": "172"
      }
    },
    {
      "type": "Feature",
      "geometry": {
        "type": "Point",
        "coordinates": [
          -0.434787627609359,
          51.0613020416083
        ]
      },
      "properties": {
        "row_number": "172"
      }
    },
    {
      "type": "Feature",
      "geometry": {
        "type": "Point",
        "coordinates": [
          -0.434784784255646,
          51.06135602397692
        ]
      },
      "properties": {
        "row_number": "172"
      }
    },
    {
      "type": "Feature",
      "geometry": {
        "type": "Point",
        "coordinates": [
          -0.434781754789928,
          51.06141026749499
        ]
      },
      "properties": {
        "row_number": "172"
      }
    },
    {
      "type": "Feature",
      "geometry": {
        "type": "Point",
        "coordinates": [
          -0.434778265128348,
          51.06146343043916
        ]
      },
      "properties": {
        "row_number": "172"
      }
    },
    {
      "type": "Feature",
      "geometry": {
        "type": "Point",
        "coordinates": [
          -0.434775306676465,
          51.06151736188839
        ]
      },
      "properties": {
        "row_number": "172"
      }
    },
    {
      "type": "Feature",
      "geometry": {
        "type": "Point",
        "coordinates": [
          -0.434772893722248,
          51.06157163530075
        ]
      },
      "properties": {
        "row_number": "172"
      }
    },
    {
      "type": "Feature",
      "geometry": {
        "type": "Point",
        "coordinates": [
          -0.43476981695205,
          51.06162561199027
        ]
      },
      "properties": {
        "row_number": "172"
      }
    },
    {
      "type": "Feature",
      "geometry": {
        "type": "Point",
        "coordinates": [
          -0.434765698053747,
          51.06167918423715
        ]
      },
      "properties": {
        "row_number": "172"
      }
    },
    {
      "type": "Feature",
      "geometry": {
        "type": "Point",
        "coordinates": [
          -0.434763168200281,
          51.06173338612692
        ]
      },
      "properties": {
        "row_number": "172"
      }
    },
    {
      "type": "Feature",
      "geometry": {
        "type": "Point",
        "coordinates": [
          -0.434759825289352,
          51.06178751712513
        ]
      },
      "properties": {
        "row_number": "172"
      }
    },
    {
      "type": "Feature",
      "geometry": {
        "type": "Point",
        "coordinates": [
          -0.434756943114794,
          51.06184133686524
        ]
      },
      "properties": {
        "row_number": "172"
      }
    },
    {
      "type": "Feature",
      "geometry": {
        "type": "Point",
        "coordinates": [
          -0.434753649111903,
          51.06189513631705
        ]
      },
      "properties": {
        "row_number": "172"
      }
    },
    {
      "type": "Feature",
      "geometry": {
        "type": "Point",
        "coordinates": [
          -0.434750124521344,
          51.06194793833485
        ]
      },
      "properties": {
        "row_number": "172"
      }
    },
    {
      "type": "Feature",
      "geometry": {
        "type": "Point",
        "coordinates": [
          -0.434747334780146,
          51.06200463588178
        ]
      },
      "properties": {
        "row_number": "172"
      }
    },
    {
      "type": "Feature",
      "geometry": {
        "type": "Point",
        "coordinates": [
          -0.434742345628734,
          51.06207661231495
        ]
      },
      "properties": {
        "row_number": "172"
      }
    },
    {
      "type": "Feature",
      "geometry": {
        "type": "LineString",
        "coordinates": [
          [
            -0.434775202767743,
            51.06095911448928
          ],
          [
            -0.4347707718377,
            51.06103291819763
          ],
          [
            -0.434767732506933,
            51.06108695809287
          ],
          [
            -0.434764461064836,
            51.06114017883164
          ],
          [
            -0.434761487463611,
            51.06119395696199
          ],
          [
            -0.434758047882491,
            51.06124803804444
          ],
          [
            -0.434755341631368,
            51.06130126449065
          ],
          [
            -0.434752499920061,
            51.06135559338583
          ],
          [
            -0.434750183805561,
            51.06140939917566
          ],
          [
            -0.434746091154123,
            51.06146333749935
          ],
          [
            -0.434743320818423,
            51.06151697958276
          ],
          [
            -0.43474074434261,
            51.06157142868979
          ],
          [
            -0.434737495386206,
            51.06162495552799
          ],
          [
            -0.434734360801794,
            51.06167857144182
          ],
          [
            -0.434730860479182,
            51.06173312525001
          ],
          [
            -0.43472812092286,
            51.06178619018773
          ],
          [
            -0.434724662770216,
            51.06184055821677
          ],
          [
            -0.434721212865294,
            51.06189509577512
          ],
          [
            -0.43471871397498,
            51.06194864952131
          ],
          [
            -0.434715609563192,
            51.06200392334448
          ],
          [
            -0.434712117542599,
            51.06206978306994
          ]
        ]
      },
      "properties": {
        "row_number": "173"
      }
    },
    {
      "type": "Feature",
      "geometry": {
        "type": "Point",
        "coordinates": [
          -0.434775202767743,
          51.06095911448928
        ]
      },
      "properties": {
        "row_number": "173"
      }
    },
    {
      "type": "Feature",
      "geometry": {
        "type": "Point",
        "coordinates": [
          -0.4347707718377,
          51.06103291819763
        ]
      },
      "properties": {
        "row_number": "173"
      }
    },
    {
      "type": "Feature",
      "geometry": {
        "type": "Point",
        "coordinates": [
          -0.434767732506933,
          51.06108695809287
        ]
      },
      "properties": {
        "row_number": "173"
      }
    },
    {
      "type": "Feature",
      "geometry": {
        "type": "Point",
        "coordinates": [
          -0.434764461064836,
          51.06114017883164
        ]
      },
      "properties": {
        "row_number": "173"
      }
    },
    {
      "type": "Feature",
      "geometry": {
        "type": "Point",
        "coordinates": [
          -0.434761487463611,
          51.06119395696199
        ]
      },
      "properties": {
        "row_number": "173"
      }
    },
    {
      "type": "Feature",
      "geometry": {
        "type": "Point",
        "coordinates": [
          -0.434758047882491,
          51.06124803804444
        ]
      },
      "properties": {
        "row_number": "173"
      }
    },
    {
      "type": "Feature",
      "geometry": {
        "type": "Point",
        "coordinates": [
          -0.434755341631368,
          51.06130126449065
        ]
      },
      "properties": {
        "row_number": "173"
      }
    },
    {
      "type": "Feature",
      "geometry": {
        "type": "Point",
        "coordinates": [
          -0.434752499920061,
          51.06135559338583
        ]
      },
      "properties": {
        "row_number": "173"
      }
    },
    {
      "type": "Feature",
      "geometry": {
        "type": "Point",
        "coordinates": [
          -0.434750183805561,
          51.06140939917566
        ]
      },
      "properties": {
        "row_number": "173"
      }
    },
    {
      "type": "Feature",
      "geometry": {
        "type": "Point",
        "coordinates": [
          -0.434746091154123,
          51.06146333749935
        ]
      },
      "properties": {
        "row_number": "173"
      }
    },
    {
      "type": "Feature",
      "geometry": {
        "type": "Point",
        "coordinates": [
          -0.434743320818423,
          51.06151697958276
        ]
      },
      "properties": {
        "row_number": "173"
      }
    },
    {
      "type": "Feature",
      "geometry": {
        "type": "Point",
        "coordinates": [
          -0.43474074434261,
          51.06157142868979
        ]
      },
      "properties": {
        "row_number": "173"
      }
    },
    {
      "type": "Feature",
      "geometry": {
        "type": "Point",
        "coordinates": [
          -0.434737495386206,
          51.06162495552799
        ]
      },
      "properties": {
        "row_number": "173"
      }
    },
    {
      "type": "Feature",
      "geometry": {
        "type": "Point",
        "coordinates": [
          -0.434734360801794,
          51.06167857144182
        ]
      },
      "properties": {
        "row_number": "173"
      }
    },
    {
      "type": "Feature",
      "geometry": {
        "type": "Point",
        "coordinates": [
          -0.434730860479182,
          51.06173312525001
        ]
      },
      "properties": {
        "row_number": "173"
      }
    },
    {
      "type": "Feature",
      "geometry": {
        "type": "Point",
        "coordinates": [
          -0.43472812092286,
          51.06178619018773
        ]
      },
      "properties": {
        "row_number": "173"
      }
    },
    {
      "type": "Feature",
      "geometry": {
        "type": "Point",
        "coordinates": [
          -0.434724662770216,
          51.06184055821677
        ]
      },
      "properties": {
        "row_number": "173"
      }
    },
    {
      "type": "Feature",
      "geometry": {
        "type": "Point",
        "coordinates": [
          -0.434721212865294,
          51.06189509577512
        ]
      },
      "properties": {
        "row_number": "173"
      }
    },
    {
      "type": "Feature",
      "geometry": {
        "type": "Point",
        "coordinates": [
          -0.43471871397498,
          51.06194864952131
        ]
      },
      "properties": {
        "row_number": "173"
      }
    },
    {
      "type": "Feature",
      "geometry": {
        "type": "Point",
        "coordinates": [
          -0.434715609563192,
          51.06200392334448
        ]
      },
      "properties": {
        "row_number": "173"
      }
    },
    {
      "type": "Feature",
      "geometry": {
        "type": "Point",
        "coordinates": [
          -0.434712117542599,
          51.06206978306994
        ]
      },
      "properties": {
        "row_number": "173"
      }
    },
    {
      "type": "Feature",
      "geometry": {
        "type": "LineString",
        "coordinates": [
          [
            -0.434742257641376,
            51.06099910476006
          ],
          [
            -0.434740250811594,
            51.06103246919771
          ],
          [
            -0.434737018082949,
            51.0610862171169
          ],
          [
            -0.434734727792252,
            51.061139382349
          ],
          [
            -0.434731151028787,
            51.06119335211298
          ],
          [
            -0.434728203747388,
            51.06124738244195
          ],
          [
            -0.434725082067493,
            51.06130073383601
          ],
          [
            -0.434722108091048,
            51.06135505273144
          ],
          [
            -0.434719536554124,
            51.06140846628106
          ],
          [
            -0.43471650665913,
            51.06146224623279
          ],
          [
            -0.434713193479759,
            51.06151638044155
          ],
          [
            -0.434710030278558,
            51.06157057490938
          ],
          [
            -0.434706827339264,
            51.06162395870476
          ],
          [
            -0.43470276457404,
            51.06167790950958
          ],
          [
            -0.434700042938463,
            51.0617323722053
          ],
          [
            -0.434698010661016,
            51.06178599471353
          ],
          [
            -0.434694313216346,
            51.06183985337087
          ],
          [
            -0.434691482257539,
            51.0618940109576
          ],
          [
            -0.434688081249244,
            51.06194554691375
          ],
          [
            -0.434684502293472,
            51.06200263147191
          ],
          [
            -0.434681126681802,
            51.06206244256902
          ]
        ]
      },
      "properties": {
        "row_number": "174"
      }
    },
    {
      "type": "Feature",
      "geometry": {
        "type": "Point",
        "coordinates": [
          -0.434742257641376,
          51.06099910476006
        ]
      },
      "properties": {
        "row_number": "174"
      }
    },
    {
      "type": "Feature",
      "geometry": {
        "type": "Point",
        "coordinates": [
          -0.434740250811594,
          51.06103246919771
        ]
      },
      "properties": {
        "row_number": "174"
      }
    },
    {
      "type": "Feature",
      "geometry": {
        "type": "Point",
        "coordinates": [
          -0.434737018082949,
          51.0610862171169
        ]
      },
      "properties": {
        "row_number": "174"
      }
    },
    {
      "type": "Feature",
      "geometry": {
        "type": "Point",
        "coordinates": [
          -0.434734727792252,
          51.061139382349
        ]
      },
      "properties": {
        "row_number": "174"
      }
    },
    {
      "type": "Feature",
      "geometry": {
        "type": "Point",
        "coordinates": [
          -0.434731151028787,
          51.06119335211298
        ]
      },
      "properties": {
        "row_number": "174"
      }
    },
    {
      "type": "Feature",
      "geometry": {
        "type": "Point",
        "coordinates": [
          -0.434728203747388,
          51.06124738244195
        ]
      },
      "properties": {
        "row_number": "174"
      }
    },
    {
      "type": "Feature",
      "geometry": {
        "type": "Point",
        "coordinates": [
          -0.434725082067493,
          51.06130073383601
        ]
      },
      "properties": {
        "row_number": "174"
      }
    },
    {
      "type": "Feature",
      "geometry": {
        "type": "Point",
        "coordinates": [
          -0.434722108091048,
          51.06135505273144
        ]
      },
      "properties": {
        "row_number": "174"
      }
    },
    {
      "type": "Feature",
      "geometry": {
        "type": "Point",
        "coordinates": [
          -0.434719536554124,
          51.06140846628106
        ]
      },
      "properties": {
        "row_number": "174"
      }
    },
    {
      "type": "Feature",
      "geometry": {
        "type": "Point",
        "coordinates": [
          -0.43471650665913,
          51.06146224623279
        ]
      },
      "properties": {
        "row_number": "174"
      }
    },
    {
      "type": "Feature",
      "geometry": {
        "type": "Point",
        "coordinates": [
          -0.434713193479759,
          51.06151638044155
        ]
      },
      "properties": {
        "row_number": "174"
      }
    },
    {
      "type": "Feature",
      "geometry": {
        "type": "Point",
        "coordinates": [
          -0.434710030278558,
          51.06157057490938
        ]
      },
      "properties": {
        "row_number": "174"
      }
    },
    {
      "type": "Feature",
      "geometry": {
        "type": "Point",
        "coordinates": [
          -0.434706827339264,
          51.06162395870476
        ]
      },
      "properties": {
        "row_number": "174"
      }
    },
    {
      "type": "Feature",
      "geometry": {
        "type": "Point",
        "coordinates": [
          -0.43470276457404,
          51.06167790950958
        ]
      },
      "properties": {
        "row_number": "174"
      }
    },
    {
      "type": "Feature",
      "geometry": {
        "type": "Point",
        "coordinates": [
          -0.434700042938463,
          51.0617323722053
        ]
      },
      "properties": {
        "row_number": "174"
      }
    },
    {
      "type": "Feature",
      "geometry": {
        "type": "Point",
        "coordinates": [
          -0.434698010661016,
          51.06178599471353
        ]
      },
      "properties": {
        "row_number": "174"
      }
    },
    {
      "type": "Feature",
      "geometry": {
        "type": "Point",
        "coordinates": [
          -0.434694313216346,
          51.06183985337087
        ]
      },
      "properties": {
        "row_number": "174"
      }
    },
    {
      "type": "Feature",
      "geometry": {
        "type": "Point",
        "coordinates": [
          -0.434691482257539,
          51.0618940109576
        ]
      },
      "properties": {
        "row_number": "174"
      }
    },
    {
      "type": "Feature",
      "geometry": {
        "type": "Point",
        "coordinates": [
          -0.434688081249244,
          51.06194554691375
        ]
      },
      "properties": {
        "row_number": "174"
      }
    },
    {
      "type": "Feature",
      "geometry": {
        "type": "Point",
        "coordinates": [
          -0.434684502293472,
          51.06200263147191
        ]
      },
      "properties": {
        "row_number": "174"
      }
    },
    {
      "type": "Feature",
      "geometry": {
        "type": "Point",
        "coordinates": [
          -0.434681126681802,
          51.06206244256902
        ]
      },
      "properties": {
        "row_number": "174"
      }
    },
    {
      "type": "Feature",
      "geometry": {
        "type": "LineString",
        "coordinates": [
          [
            -0.434708356347904,
            51.06103897681939
          ],
          [
            -0.434705009621248,
            51.06108588505909
          ],
          [
            -0.43470209972934,
            51.06113899130684
          ],
          [
            -0.434698819166299,
            51.06119253386655
          ],
          [
            -0.434695545702519,
            51.06124668525628
          ],
          [
            -0.434692458466093,
            51.0612997755016
          ],
          [
            -0.434688788407536,
            51.06135452208723
          ],
          [
            -0.434686035790382,
            51.06140804846108
          ],
          [
            -0.434683321841476,
            51.06146144950579
          ],
          [
            -0.434679858696225,
            51.06151580350205
          ],
          [
            -0.434676088053407,
            51.06156988940968
          ],
          [
            -0.434673316709033,
            51.06162372224667
          ],
          [
            -0.434670617184989,
            51.06167722394678
          ],
          [
            -0.434668432614584,
            51.06173131861509
          ],
          [
            -0.434665598292348,
            51.06178551057976
          ],
          [
            -0.434661898702693,
            51.06183855716245
          ],
          [
            -0.434659258200716,
            51.06189291732038
          ],
          [
            -0.434656174261991,
            51.06194694400016
          ],
          [
            -0.43465280819083,
            51.06200258661175
          ],
          [
            -0.434648771379225,
            51.06205608020559
          ]
        ]
      },
      "properties": {
        "row_number": "175"
      }
    },
    {
      "type": "Feature",
      "geometry": {
        "type": "Point",
        "coordinates": [
          -0.434708356347904,
          51.06103897681939
        ]
      },
      "properties": {
        "row_number": "175"
      }
    },
    {
      "type": "Feature",
      "geometry": {
        "type": "Point",
        "coordinates": [
          -0.434705009621248,
          51.06108588505909
        ]
      },
      "properties": {
        "row_number": "175"
      }
    },
    {
      "type": "Feature",
      "geometry": {
        "type": "Point",
        "coordinates": [
          -0.43470209972934,
          51.06113899130684
        ]
      },
      "properties": {
        "row_number": "175"
      }
    },
    {
      "type": "Feature",
      "geometry": {
        "type": "Point",
        "coordinates": [
          -0.434698819166299,
          51.06119253386655
        ]
      },
      "properties": {
        "row_number": "175"
      }
    },
    {
      "type": "Feature",
      "geometry": {
        "type": "Point",
        "coordinates": [
          -0.434695545702519,
          51.06124668525628
        ]
      },
      "properties": {
        "row_number": "175"
      }
    },
    {
      "type": "Feature",
      "geometry": {
        "type": "Point",
        "coordinates": [
          -0.434692458466093,
          51.0612997755016
        ]
      },
      "properties": {
        "row_number": "175"
      }
    },
    {
      "type": "Feature",
      "geometry": {
        "type": "Point",
        "coordinates": [
          -0.434688788407536,
          51.06135452208723
        ]
      },
      "properties": {
        "row_number": "175"
      }
    },
    {
      "type": "Feature",
      "geometry": {
        "type": "Point",
        "coordinates": [
          -0.434686035790382,
          51.06140804846108
        ]
      },
      "properties": {
        "row_number": "175"
      }
    },
    {
      "type": "Feature",
      "geometry": {
        "type": "Point",
        "coordinates": [
          -0.434683321841476,
          51.06146144950579
        ]
      },
      "properties": {
        "row_number": "175"
      }
    },
    {
      "type": "Feature",
      "geometry": {
        "type": "Point",
        "coordinates": [
          -0.434679858696225,
          51.06151580350205
        ]
      },
      "properties": {
        "row_number": "175"
      }
    },
    {
      "type": "Feature",
      "geometry": {
        "type": "Point",
        "coordinates": [
          -0.434676088053407,
          51.06156988940968
        ]
      },
      "properties": {
        "row_number": "175"
      }
    },
    {
      "type": "Feature",
      "geometry": {
        "type": "Point",
        "coordinates": [
          -0.434673316709033,
          51.06162372224667
        ]
      },
      "properties": {
        "row_number": "175"
      }
    },
    {
      "type": "Feature",
      "geometry": {
        "type": "Point",
        "coordinates": [
          -0.434670617184989,
          51.06167722394678
        ]
      },
      "properties": {
        "row_number": "175"
      }
    },
    {
      "type": "Feature",
      "geometry": {
        "type": "Point",
        "coordinates": [
          -0.434668432614584,
          51.06173131861509
        ]
      },
      "properties": {
        "row_number": "175"
      }
    },
    {
      "type": "Feature",
      "geometry": {
        "type": "Point",
        "coordinates": [
          -0.434665598292348,
          51.06178551057976
        ]
      },
      "properties": {
        "row_number": "175"
      }
    },
    {
      "type": "Feature",
      "geometry": {
        "type": "Point",
        "coordinates": [
          -0.434661898702693,
          51.06183855716245
        ]
      },
      "properties": {
        "row_number": "175"
      }
    },
    {
      "type": "Feature",
      "geometry": {
        "type": "Point",
        "coordinates": [
          -0.434659258200716,
          51.06189291732038
        ]
      },
      "properties": {
        "row_number": "175"
      }
    },
    {
      "type": "Feature",
      "geometry": {
        "type": "Point",
        "coordinates": [
          -0.434656174261991,
          51.06194694400016
        ]
      },
      "properties": {
        "row_number": "175"
      }
    },
    {
      "type": "Feature",
      "geometry": {
        "type": "Point",
        "coordinates": [
          -0.43465280819083,
          51.06200258661175
        ]
      },
      "properties": {
        "row_number": "175"
      }
    },
    {
      "type": "Feature",
      "geometry": {
        "type": "Point",
        "coordinates": [
          -0.434648771379225,
          51.06205608020559
        ]
      },
      "properties": {
        "row_number": "175"
      }
    },
    {
      "type": "Feature",
      "geometry": {
        "type": "LineString",
        "coordinates": [
          [
            -0.434673520165525,
            51.06108277746314
          ],
          [
            -0.434670740114516,
            51.06113804780333
          ],
          [
            -0.434668071835518,
            51.0611918588404
          ],
          [
            -0.434665179804823,
            51.06124587316337
          ],
          [
            -0.434662248112794,
            51.06129915061142
          ],
          [
            -0.434658289589065,
            51.06135320468076
          ],
          [
            -0.434655407992344,
            51.06140735218101
          ],
          [
            -0.434653072359277,
            51.06146077605449
          ],
          [
            -0.434648945431197,
            51.06151451881045
          ],
          [
            -0.434645925286923,
            51.06156919846078
          ],
          [
            -0.434642768785003,
            51.06162251767638
          ],
          [
            -0.434640009139231,
            51.06167638840294
          ],
          [
            -0.434637105506597,
            51.06173075521752
          ],
          [
            -0.434633892337566,
            51.06178465096978
          ],
          [
            -0.43463056906347,
            51.06183879231499
          ],
          [
            -0.434627025057701,
            51.06189260141892
          ],
          [
            -0.434624486131232,
            51.0619455052651
          ],
          [
            -0.434621614771822,
            51.06200171691456
          ],
          [
            -0.434618042985875,
            51.06204959205849
          ]
        ]
      },
      "properties": {
        "row_number": "176"
      }
    },
    {
      "type": "Feature",
      "geometry": {
        "type": "Point",
        "coordinates": [
          -0.434673520165525,
          51.06108277746314
        ]
      },
      "properties": {
        "row_number": "176"
      }
    },
    {
      "type": "Feature",
      "geometry": {
        "type": "Point",
        "coordinates": [
          -0.434670740114516,
          51.06113804780333
        ]
      },
      "properties": {
        "row_number": "176"
      }
    },
    {
      "type": "Feature",
      "geometry": {
        "type": "Point",
        "coordinates": [
          -0.434668071835518,
          51.0611918588404
        ]
      },
      "properties": {
        "row_number": "176"
      }
    },
    {
      "type": "Feature",
      "geometry": {
        "type": "Point",
        "coordinates": [
          -0.434665179804823,
          51.06124587316337
        ]
      },
      "properties": {
        "row_number": "176"
      }
    },
    {
      "type": "Feature",
      "geometry": {
        "type": "Point",
        "coordinates": [
          -0.434662248112794,
          51.06129915061142
        ]
      },
      "properties": {
        "row_number": "176"
      }
    },
    {
      "type": "Feature",
      "geometry": {
        "type": "Point",
        "coordinates": [
          -0.434658289589065,
          51.06135320468076
        ]
      },
      "properties": {
        "row_number": "176"
      }
    },
    {
      "type": "Feature",
      "geometry": {
        "type": "Point",
        "coordinates": [
          -0.434655407992344,
          51.06140735218101
        ]
      },
      "properties": {
        "row_number": "176"
      }
    },
    {
      "type": "Feature",
      "geometry": {
        "type": "Point",
        "coordinates": [
          -0.434653072359277,
          51.06146077605449
        ]
      },
      "properties": {
        "row_number": "176"
      }
    },
    {
      "type": "Feature",
      "geometry": {
        "type": "Point",
        "coordinates": [
          -0.434648945431197,
          51.06151451881045
        ]
      },
      "properties": {
        "row_number": "176"
      }
    },
    {
      "type": "Feature",
      "geometry": {
        "type": "Point",
        "coordinates": [
          -0.434645925286923,
          51.06156919846078
        ]
      },
      "properties": {
        "row_number": "176"
      }
    },
    {
      "type": "Feature",
      "geometry": {
        "type": "Point",
        "coordinates": [
          -0.434642768785003,
          51.06162251767638
        ]
      },
      "properties": {
        "row_number": "176"
      }
    },
    {
      "type": "Feature",
      "geometry": {
        "type": "Point",
        "coordinates": [
          -0.434640009139231,
          51.06167638840294
        ]
      },
      "properties": {
        "row_number": "176"
      }
    },
    {
      "type": "Feature",
      "geometry": {
        "type": "Point",
        "coordinates": [
          -0.434637105506597,
          51.06173075521752
        ]
      },
      "properties": {
        "row_number": "176"
      }
    },
    {
      "type": "Feature",
      "geometry": {
        "type": "Point",
        "coordinates": [
          -0.434633892337566,
          51.06178465096978
        ]
      },
      "properties": {
        "row_number": "176"
      }
    },
    {
      "type": "Feature",
      "geometry": {
        "type": "Point",
        "coordinates": [
          -0.43463056906347,
          51.06183879231499
        ]
      },
      "properties": {
        "row_number": "176"
      }
    },
    {
      "type": "Feature",
      "geometry": {
        "type": "Point",
        "coordinates": [
          -0.434627025057701,
          51.06189260141892
        ]
      },
      "properties": {
        "row_number": "176"
      }
    },
    {
      "type": "Feature",
      "geometry": {
        "type": "Point",
        "coordinates": [
          -0.434624486131232,
          51.0619455052651
        ]
      },
      "properties": {
        "row_number": "176"
      }
    },
    {
      "type": "Feature",
      "geometry": {
        "type": "Point",
        "coordinates": [
          -0.434621614771822,
          51.06200171691456
        ]
      },
      "properties": {
        "row_number": "176"
      }
    },
    {
      "type": "Feature",
      "geometry": {
        "type": "Point",
        "coordinates": [
          -0.434618042985875,
          51.06204959205849
        ]
      },
      "properties": {
        "row_number": "176"
      }
    },
    {
      "type": "Feature",
      "geometry": {
        "type": "LineString",
        "coordinates": [
          [
            -0.434639477337728,
            51.0611272352408
          ],
          [
            -0.434636228876608,
            51.06119134878324
          ],
          [
            -0.434632948982192,
            51.06124486290937
          ],
          [
            -0.434630065155015,
            51.06129810933835
          ],
          [
            -0.43462712244392,
            51.06135248537954
          ],
          [
            -0.434624056989949,
            51.06140619145329
          ],
          [
            -0.434620537895634,
            51.06145987304562
          ],
          [
            -0.434616900834921,
            51.06151378865052
          ],
          [
            -0.434614284074912,
            51.06156862016501
          ],
          [
            -0.43461153806885,
            51.06162197325548
          ],
          [
            -0.434608339143665,
            51.06167547619276
          ],
          [
            -0.434605320166956,
            51.06172994863576
          ],
          [
            -0.434601485312303,
            51.06178326714068
          ],
          [
            -0.434598563479687,
            51.06183776055966
          ],
          [
            -0.434595994114206,
            51.06189136161198
          ],
          [
            -0.43459280816774,
            51.06194485345385
          ],
          [
            -0.434588061278558,
            51.06202048666479
          ]
        ]
      },
      "properties": {
        "row_number": "177"
      }
    },
    {
      "type": "Feature",
      "geometry": {
        "type": "Point",
        "coordinates": [
          -0.434639477337728,
          51.0611272352408
        ]
      },
      "properties": {
        "row_number": "177"
      }
    },
    {
      "type": "Feature",
      "geometry": {
        "type": "Point",
        "coordinates": [
          -0.434636228876608,
          51.06119134878324
        ]
      },
      "properties": {
        "row_number": "177"
      }
    },
    {
      "type": "Feature",
      "geometry": {
        "type": "Point",
        "coordinates": [
          -0.434632948982192,
          51.06124486290937
        ]
      },
      "properties": {
        "row_number": "177"
      }
    },
    {
      "type": "Feature",
      "geometry": {
        "type": "Point",
        "coordinates": [
          -0.434630065155015,
          51.06129810933835
        ]
      },
      "properties": {
        "row_number": "177"
      }
    },
    {
      "type": "Feature",
      "geometry": {
        "type": "Point",
        "coordinates": [
          -0.43462712244392,
          51.06135248537954
        ]
      },
      "properties": {
        "row_number": "177"
      }
    },
    {
      "type": "Feature",
      "geometry": {
        "type": "Point",
        "coordinates": [
          -0.434624056989949,
          51.06140619145329
        ]
      },
      "properties": {
        "row_number": "177"
      }
    },
    {
      "type": "Feature",
      "geometry": {
        "type": "Point",
        "coordinates": [
          -0.434620537895634,
          51.06145987304562
        ]
      },
      "properties": {
        "row_number": "177"
      }
    },
    {
      "type": "Feature",
      "geometry": {
        "type": "Point",
        "coordinates": [
          -0.434616900834921,
          51.06151378865052
        ]
      },
      "properties": {
        "row_number": "177"
      }
    },
    {
      "type": "Feature",
      "geometry": {
        "type": "Point",
        "coordinates": [
          -0.434614284074912,
          51.06156862016501
        ]
      },
      "properties": {
        "row_number": "177"
      }
    },
    {
      "type": "Feature",
      "geometry": {
        "type": "Point",
        "coordinates": [
          -0.43461153806885,
          51.06162197325548
        ]
      },
      "properties": {
        "row_number": "177"
      }
    },
    {
      "type": "Feature",
      "geometry": {
        "type": "Point",
        "coordinates": [
          -0.434608339143665,
          51.06167547619276
        ]
      },
      "properties": {
        "row_number": "177"
      }
    },
    {
      "type": "Feature",
      "geometry": {
        "type": "Point",
        "coordinates": [
          -0.434605320166956,
          51.06172994863576
        ]
      },
      "properties": {
        "row_number": "177"
      }
    },
    {
      "type": "Feature",
      "geometry": {
        "type": "Point",
        "coordinates": [
          -0.434601485312303,
          51.06178326714068
        ]
      },
      "properties": {
        "row_number": "177"
      }
    },
    {
      "type": "Feature",
      "geometry": {
        "type": "Point",
        "coordinates": [
          -0.434598563479687,
          51.06183776055966
        ]
      },
      "properties": {
        "row_number": "177"
      }
    },
    {
      "type": "Feature",
      "geometry": {
        "type": "Point",
        "coordinates": [
          -0.434595994114206,
          51.06189136161198
        ]
      },
      "properties": {
        "row_number": "177"
      }
    },
    {
      "type": "Feature",
      "geometry": {
        "type": "Point",
        "coordinates": [
          -0.43459280816774,
          51.06194485345385
        ]
      },
      "properties": {
        "row_number": "177"
      }
    },
    {
      "type": "Feature",
      "geometry": {
        "type": "Point",
        "coordinates": [
          -0.434588061278558,
          51.06202048666479
        ]
      },
      "properties": {
        "row_number": "177"
      }
    },
    {
      "type": "Feature",
      "geometry": {
        "type": "LineString",
        "coordinates": [
          [
            -0.434606087121037,
            51.06117073389676
          ],
          [
            -0.434601983386065,
            51.06124438529962
          ],
          [
            -0.434599250705763,
            51.06129743436516
          ],
          [
            -0.434595944314882,
            51.06135156929157
          ],
          [
            -0.434593113600379,
            51.06140520342008
          ],
          [
            -0.434589665568099,
            51.06145940986505
          ],
          [
            -0.434586068571099,
            51.06151312028081
          ],
          [
            -0.434583407022757,
            51.06156721362453
          ],
          [
            -0.434580561554136,
            51.06162120273815
          ],
          [
            -0.434577102710305,
            51.06167474131596
          ],
          [
            -0.4345740030713,
            51.06172950740115
          ],
          [
            -0.434571111900877,
            51.06178319992557
          ],
          [
            -0.434568170061824,
            51.06183681196194
          ],
          [
            -0.434566341107796,
            51.06189140062074
          ],
          [
            -0.434561789538834,
            51.06194411527686
          ],
          [
            -0.434558681641655,
            51.06199249993522
          ]
        ]
      },
      "properties": {
        "row_number": "178"
      }
    },
    {
      "type": "Feature",
      "geometry": {
        "type": "Point",
        "coordinates": [
          -0.434606087121037,
          51.06117073389676
        ]
      },
      "properties": {
        "row_number": "178"
      }
    },
    {
      "type": "Feature",
      "geometry": {
        "type": "Point",
        "coordinates": [
          -0.434601983386065,
          51.06124438529962
        ]
      },
      "properties": {
        "row_number": "178"
      }
    },
    {
      "type": "Feature",
      "geometry": {
        "type": "Point",
        "coordinates": [
          -0.434599250705763,
          51.06129743436516
        ]
      },
      "properties": {
        "row_number": "178"
      }
    },
    {
      "type": "Feature",
      "geometry": {
        "type": "Point",
        "coordinates": [
          -0.434595944314882,
          51.06135156929157
        ]
      },
      "properties": {
        "row_number": "178"
      }
    },
    {
      "type": "Feature",
      "geometry": {
        "type": "Point",
        "coordinates": [
          -0.434593113600379,
          51.06140520342008
        ]
      },
      "properties": {
        "row_number": "178"
      }
    },
    {
      "type": "Feature",
      "geometry": {
        "type": "Point",
        "coordinates": [
          -0.434589665568099,
          51.06145940986505
        ]
      },
      "properties": {
        "row_number": "178"
      }
    },
    {
      "type": "Feature",
      "geometry": {
        "type": "Point",
        "coordinates": [
          -0.434586068571099,
          51.06151312028081
        ]
      },
      "properties": {
        "row_number": "178"
      }
    },
    {
      "type": "Feature",
      "geometry": {
        "type": "Point",
        "coordinates": [
          -0.434583407022757,
          51.06156721362453
        ]
      },
      "properties": {
        "row_number": "178"
      }
    },
    {
      "type": "Feature",
      "geometry": {
        "type": "Point",
        "coordinates": [
          -0.434580561554136,
          51.06162120273815
        ]
      },
      "properties": {
        "row_number": "178"
      }
    },
    {
      "type": "Feature",
      "geometry": {
        "type": "Point",
        "coordinates": [
          -0.434577102710305,
          51.06167474131596
        ]
      },
      "properties": {
        "row_number": "178"
      }
    },
    {
      "type": "Feature",
      "geometry": {
        "type": "Point",
        "coordinates": [
          -0.4345740030713,
          51.06172950740115
        ]
      },
      "properties": {
        "row_number": "178"
      }
    },
    {
      "type": "Feature",
      "geometry": {
        "type": "Point",
        "coordinates": [
          -0.434571111900877,
          51.06178319992557
        ]
      },
      "properties": {
        "row_number": "178"
      }
    },
    {
      "type": "Feature",
      "geometry": {
        "type": "Point",
        "coordinates": [
          -0.434568170061824,
          51.06183681196194
        ]
      },
      "properties": {
        "row_number": "178"
      }
    },
    {
      "type": "Feature",
      "geometry": {
        "type": "Point",
        "coordinates": [
          -0.434566341107796,
          51.06189140062074
        ]
      },
      "properties": {
        "row_number": "178"
      }
    },
    {
      "type": "Feature",
      "geometry": {
        "type": "Point",
        "coordinates": [
          -0.434561789538834,
          51.06194411527686
        ]
      },
      "properties": {
        "row_number": "178"
      }
    },
    {
      "type": "Feature",
      "geometry": {
        "type": "Point",
        "coordinates": [
          -0.434558681641655,
          51.06199249993522
        ]
      },
      "properties": {
        "row_number": "178"
      }
    },
    {
      "type": "Feature",
      "geometry": {
        "type": "LineString",
        "coordinates": [
          [
            -0.434571366318783,
            51.06121333189777
          ],
          [
            -0.434569846939641,
            51.06124352968935
          ],
          [
            -0.434567481914145,
            51.06129697551444
          ],
          [
            -0.43456367996513,
            51.06135113081724
          ],
          [
            -0.434560926570617,
            51.06140471749286
          ],
          [
            -0.434557367383892,
            51.06145875191511
          ],
          [
            -0.43455451502862,
            51.06151254873799
          ],
          [
            -0.43455145604969,
            51.06156699217463
          ],
          [
            -0.43454868990036,
            51.06162045300739
          ],
          [
            -0.43454519017649,
            51.06167393421217
          ],
          [
            -0.434542173793606,
            51.06172868300475
          ],
          [
            -0.434539064150423,
            51.06178262343911
          ],
          [
            -0.434536470894633,
            51.06183589920703
          ],
          [
            -0.434533274322666,
            51.06188862345935
          ],
          [
            -0.434530352481697,
            51.06196268913179
          ]
        ]
      },
      "properties": {
        "row_number": "179"
      }
    },
    {
      "type": "Feature",
      "geometry": {
        "type": "Point",
        "coordinates": [
          -0.434571366318783,
          51.06121333189777
        ]
      },
      "properties": {
        "row_number": "179"
      }
    },
    {
      "type": "Feature",
      "geometry": {
        "type": "Point",
        "coordinates": [
          -0.434569846939641,
          51.06124352968935
        ]
      },
      "properties": {
        "row_number": "179"
      }
    },
    {
      "type": "Feature",
      "geometry": {
        "type": "Point",
        "coordinates": [
          -0.434567481914145,
          51.06129697551444
        ]
      },
      "properties": {
        "row_number": "179"
      }
    },
    {
      "type": "Feature",
      "geometry": {
        "type": "Point",
        "coordinates": [
          -0.43456367996513,
          51.06135113081724
        ]
      },
      "properties": {
        "row_number": "179"
      }
    },
    {
      "type": "Feature",
      "geometry": {
        "type": "Point",
        "coordinates": [
          -0.434560926570617,
          51.06140471749286
        ]
      },
      "properties": {
        "row_number": "179"
      }
    },
    {
      "type": "Feature",
      "geometry": {
        "type": "Point",
        "coordinates": [
          -0.434557367383892,
          51.06145875191511
        ]
      },
      "properties": {
        "row_number": "179"
      }
    },
    {
      "type": "Feature",
      "geometry": {
        "type": "Point",
        "coordinates": [
          -0.43455451502862,
          51.06151254873799
        ]
      },
      "properties": {
        "row_number": "179"
      }
    },
    {
      "type": "Feature",
      "geometry": {
        "type": "Point",
        "coordinates": [
          -0.43455145604969,
          51.06156699217463
        ]
      },
      "properties": {
        "row_number": "179"
      }
    },
    {
      "type": "Feature",
      "geometry": {
        "type": "Point",
        "coordinates": [
          -0.43454868990036,
          51.06162045300739
        ]
      },
      "properties": {
        "row_number": "179"
      }
    },
    {
      "type": "Feature",
      "geometry": {
        "type": "Point",
        "coordinates": [
          -0.43454519017649,
          51.06167393421217
        ]
      },
      "properties": {
        "row_number": "179"
      }
    },
    {
      "type": "Feature",
      "geometry": {
        "type": "Point",
        "coordinates": [
          -0.434542173793606,
          51.06172868300475
        ]
      },
      "properties": {
        "row_number": "179"
      }
    },
    {
      "type": "Feature",
      "geometry": {
        "type": "Point",
        "coordinates": [
          -0.434539064150423,
          51.06178262343911
        ]
      },
      "properties": {
        "row_number": "179"
      }
    },
    {
      "type": "Feature",
      "geometry": {
        "type": "Point",
        "coordinates": [
          -0.434536470894633,
          51.06183589920703
        ]
      },
      "properties": {
        "row_number": "179"
      }
    },
    {
      "type": "Feature",
      "geometry": {
        "type": "Point",
        "coordinates": [
          -0.434533274322666,
          51.06188862345935
        ]
      },
      "properties": {
        "row_number": "179"
      }
    },
    {
      "type": "Feature",
      "geometry": {
        "type": "Point",
        "coordinates": [
          -0.434530352481697,
          51.06196268913179
        ]
      },
      "properties": {
        "row_number": "179"
      }
    },
    {
      "type": "Feature",
      "geometry": {
        "type": "LineString",
        "coordinates": [
          [
            -0.434538869677406,
            51.06125479037178
          ],
          [
            -0.43453640749153,
            51.06129558317279
          ],
          [
            -0.434532866839958,
            51.06135015868971
          ],
          [
            -0.434529335911029,
            51.06140415253429
          ],
          [
            -0.434526120597494,
            51.06145798617361
          ],
          [
            -0.434523789201118,
            51.06151141452579
          ],
          [
            -0.434520944756478,
            51.06156625403672
          ],
          [
            -0.434516874050566,
            51.06161930859087
          ],
          [
            -0.434514699167972,
            51.06167358780663
          ],
          [
            -0.4345114303438,
            51.06172786673698
          ],
          [
            -0.434508875384216,
            51.06178187338298
          ],
          [
            -0.43450560925459,
            51.06183525335254
          ],
          [
            -0.434502372682739,
            51.06188939153752
          ],
          [
            -0.434499956020029,
            51.06193315316987
          ]
        ]
      },
      "properties": {
        "row_number": "180"
      }
    },
    {
      "type": "Feature",
      "geometry": {
        "type": "Point",
        "coordinates": [
          -0.434538869677406,
          51.06125479037178
        ]
      },
      "properties": {
        "row_number": "180"
      }
    },
    {
      "type": "Feature",
      "geometry": {
        "type": "Point",
        "coordinates": [
          -0.43453640749153,
          51.06129558317279
        ]
      },
      "properties": {
        "row_number": "180"
      }
    },
    {
      "type": "Feature",
      "geometry": {
        "type": "Point",
        "coordinates": [
          -0.434532866839958,
          51.06135015868971
        ]
      },
      "properties": {
        "row_number": "180"
      }
    },
    {
      "type": "Feature",
      "geometry": {
        "type": "Point",
        "coordinates": [
          -0.434529335911029,
          51.06140415253429
        ]
      },
      "properties": {
        "row_number": "180"
      }
    },
    {
      "type": "Feature",
      "geometry": {
        "type": "Point",
        "coordinates": [
          -0.434526120597494,
          51.06145798617361
        ]
      },
      "properties": {
        "row_number": "180"
      }
    },
    {
      "type": "Feature",
      "geometry": {
        "type": "Point",
        "coordinates": [
          -0.434523789201118,
          51.06151141452579
        ]
      },
      "properties": {
        "row_number": "180"
      }
    },
    {
      "type": "Feature",
      "geometry": {
        "type": "Point",
        "coordinates": [
          -0.434520944756478,
          51.06156625403672
        ]
      },
      "properties": {
        "row_number": "180"
      }
    },
    {
      "type": "Feature",
      "geometry": {
        "type": "Point",
        "coordinates": [
          -0.434516874050566,
          51.06161930859087
        ]
      },
      "properties": {
        "row_number": "180"
      }
    },
    {
      "type": "Feature",
      "geometry": {
        "type": "Point",
        "coordinates": [
          -0.434514699167972,
          51.06167358780663
        ]
      },
      "properties": {
        "row_number": "180"
      }
    },
    {
      "type": "Feature",
      "geometry": {
        "type": "Point",
        "coordinates": [
          -0.4345114303438,
          51.06172786673698
        ]
      },
      "properties": {
        "row_number": "180"
      }
    },
    {
      "type": "Feature",
      "geometry": {
        "type": "Point",
        "coordinates": [
          -0.434508875384216,
          51.06178187338298
        ]
      },
      "properties": {
        "row_number": "180"
      }
    },
    {
      "type": "Feature",
      "geometry": {
        "type": "Point",
        "coordinates": [
          -0.43450560925459,
          51.06183525335254
        ]
      },
      "properties": {
        "row_number": "180"
      }
    },
    {
      "type": "Feature",
      "geometry": {
        "type": "Point",
        "coordinates": [
          -0.434502372682739,
          51.06188939153752
        ]
      },
      "properties": {
        "row_number": "180"
      }
    },
    {
      "type": "Feature",
      "geometry": {
        "type": "Point",
        "coordinates": [
          -0.434499956020029,
          51.06193315316987
        ]
      },
      "properties": {
        "row_number": "180"
      }
    },
    {
      "type": "Feature",
      "geometry": {
        "type": "LineString",
        "coordinates": [
          [
            -0.434502514784889,
            51.061323474251
          ],
          [
            -0.434501638216311,
            51.06134961624769
          ],
          [
            -0.434498578339819,
            51.06140344535043
          ],
          [
            -0.434494719104688,
            51.06145715723608
          ],
          [
            -0.434491842439901,
            51.06151088624437
          ],
          [
            -0.434488962911026,
            51.06156582882933
          ],
          [
            -0.434485278010981,
            51.06161913608158
          ],
          [
            -0.434482513324181,
            51.06167201849767
          ],
          [
            -0.434479265563501,
            51.06172705249047
          ],
          [
            -0.43447656777303,
            51.06178156735989
          ],
          [
            -0.43447356980064,
            51.06183459823258
          ],
          [
            -0.434471066496256,
            51.06188351980997
          ]
        ]
      },
      "properties": {
        "row_number": "181"
      }
    },
    {
      "type": "Feature",
      "geometry": {
        "type": "Point",
        "coordinates": [
          -0.434502514784889,
          51.061323474251
        ]
      },
      "properties": {
        "row_number": "181"
      }
    },
    {
      "type": "Feature",
      "geometry": {
        "type": "Point",
        "coordinates": [
          -0.434501638216311,
          51.06134961624769
        ]
      },
      "properties": {
        "row_number": "181"
      }
    },
    {
      "type": "Feature",
      "geometry": {
        "type": "Point",
        "coordinates": [
          -0.434498578339819,
          51.06140344535043
        ]
      },
      "properties": {
        "row_number": "181"
      }
    },
    {
      "type": "Feature",
      "geometry": {
        "type": "Point",
        "coordinates": [
          -0.434494719104688,
          51.06145715723608
        ]
      },
      "properties": {
        "row_number": "181"
      }
    },
    {
      "type": "Feature",
      "geometry": {
        "type": "Point",
        "coordinates": [
          -0.434491842439901,
          51.06151088624437
        ]
      },
      "properties": {
        "row_number": "181"
      }
    },
    {
      "type": "Feature",
      "geometry": {
        "type": "Point",
        "coordinates": [
          -0.434488962911026,
          51.06156582882933
        ]
      },
      "properties": {
        "row_number": "181"
      }
    },
    {
      "type": "Feature",
      "geometry": {
        "type": "Point",
        "coordinates": [
          -0.434485278010981,
          51.06161913608158
        ]
      },
      "properties": {
        "row_number": "181"
      }
    },
    {
      "type": "Feature",
      "geometry": {
        "type": "Point",
        "coordinates": [
          -0.434482513324181,
          51.06167201849767
        ]
      },
      "properties": {
        "row_number": "181"
      }
    },
    {
      "type": "Feature",
      "geometry": {
        "type": "Point",
        "coordinates": [
          -0.434479265563501,
          51.06172705249047
        ]
      },
      "properties": {
        "row_number": "181"
      }
    },
    {
      "type": "Feature",
      "geometry": {
        "type": "Point",
        "coordinates": [
          -0.43447656777303,
          51.06178156735989
        ]
      },
      "properties": {
        "row_number": "181"
      }
    },
    {
      "type": "Feature",
      "geometry": {
        "type": "Point",
        "coordinates": [
          -0.43447356980064,
          51.06183459823258
        ]
      },
      "properties": {
        "row_number": "181"
      }
    },
    {
      "type": "Feature",
      "geometry": {
        "type": "Point",
        "coordinates": [
          -0.434471066496256,
          51.06188351980997
        ]
      },
      "properties": {
        "row_number": "181"
      }
    },
    {
      "type": "Feature",
      "geometry": {
        "type": "LineString",
        "coordinates": [
          [
            -0.434466234740061,
            51.06139225111509
          ],
          [
            -0.434463110072216,
            51.06145692974634
          ],
          [
            -0.434432204341162,
            51.0614562448958
          ],
          [
            -0.434459304939887,
            51.06151046641403
          ],
          [
            -0.434428886589009,
            51.06151020051573
          ],
          [
            -0.434455299769552,
            51.06156301347818
          ],
          [
            -0.434425725997301,
            51.06156415141832
          ],
          [
            -0.434453871728806,
            51.06161842940834
          ],
          [
            -0.434423322160591,
            51.06161749155419
          ],
          [
            -0.434450949103824,
            51.06167213878813
          ],
          [
            -0.434419832730106,
            51.06167138833938
          ],
          [
            -0.434448023754701,
            51.06172653028619
          ],
          [
            -0.434416758843061,
            51.06172505619539
          ],
          [
            -0.434445042056273,
            51.06178046105168
          ],
          [
            -0.434412889251554,
            51.06178742171453
          ],
          [
            -0.434441771399467,
            51.06183592127038
          ]
        ]
      },
      "properties": {
        "row_number": "182"
      }
    },
    {
      "type": "Feature",
      "geometry": {
        "type": "Point",
        "coordinates": [
          -0.434466234740061,
          51.06139225111509
        ]
      },
      "properties": {
        "row_number": "182"
      }
    },
    {
      "type": "Feature",
      "geometry": {
        "type": "Point",
        "coordinates": [
          -0.434463110072216,
          51.06145692974634
        ]
      },
      "properties": {
        "row_number": "182"
      }
    },
    {
      "type": "Feature",
      "geometry": {
        "type": "Point",
        "coordinates": [
          -0.434432204341162,
          51.0614562448958
        ]
      },
      "properties": {
        "row_number": "182"
      }
    },
    {
      "type": "Feature",
      "geometry": {
        "type": "Point",
        "coordinates": [
          -0.434459304939887,
          51.06151046641403
        ]
      },
      "properties": {
        "row_number": "182"
      }
    },
    {
      "type": "Feature",
      "geometry": {
        "type": "Point",
        "coordinates": [
          -0.434428886589009,
          51.06151020051573
        ]
      },
      "properties": {
        "row_number": "182"
      }
    },
    {
      "type": "Feature",
      "geometry": {
        "type": "Point",
        "coordinates": [
          -0.434455299769552,
          51.06156301347818
        ]
      },
      "properties": {
        "row_number": "182"
      }
    },
    {
      "type": "Feature",
      "geometry": {
        "type": "Point",
        "coordinates": [
          -0.434425725997301,
          51.06156415141832
        ]
      },
      "properties": {
        "row_number": "182"
      }
    },
    {
      "type": "Feature",
      "geometry": {
        "type": "Point",
        "coordinates": [
          -0.434453871728806,
          51.06161842940834
        ]
      },
      "properties": {
        "row_number": "182"
      }
    },
    {
      "type": "Feature",
      "geometry": {
        "type": "Point",
        "coordinates": [
          -0.434423322160591,
          51.06161749155419
        ]
      },
      "properties": {
        "row_number": "182"
      }
    },
    {
      "type": "Feature",
      "geometry": {
        "type": "Point",
        "coordinates": [
          -0.434450949103824,
          51.06167213878813
        ]
      },
      "properties": {
        "row_number": "182"
      }
    },
    {
      "type": "Feature",
      "geometry": {
        "type": "Point",
        "coordinates": [
          -0.434419832730106,
          51.06167138833938
        ]
      },
      "properties": {
        "row_number": "182"
      }
    },
    {
      "type": "Feature",
      "geometry": {
        "type": "Point",
        "coordinates": [
          -0.434448023754701,
          51.06172653028619
        ]
      },
      "properties": {
        "row_number": "182"
      }
    },
    {
      "type": "Feature",
      "geometry": {
        "type": "Point",
        "coordinates": [
          -0.434416758843061,
          51.06172505619539
        ]
      },
      "properties": {
        "row_number": "182"
      }
    },
    {
      "type": "Feature",
      "geometry": {
        "type": "Point",
        "coordinates": [
          -0.434445042056273,
          51.06178046105168
        ]
      },
      "properties": {
        "row_number": "182"
      }
    },
    {
      "type": "Feature",
      "geometry": {
        "type": "Point",
        "coordinates": [
          -0.434412889251554,
          51.06178742171453
        ]
      },
      "properties": {
        "row_number": "182"
      }
    },
    {
      "type": "Feature",
      "geometry": {
        "type": "Point",
        "coordinates": [
          -0.434441771399467,
          51.06183592127038
        ]
      },
      "properties": {
        "row_number": "182"
      }
    },
    {
      "type": "Feature",
      "geometry": {
        "type": "LineString",
        "coordinates": []
      },
      "properties": {
        "row_number": "183"
      }
    },
    {
      "type": "Feature",
      "geometry": {
        "type": "LineString",
        "coordinates": []
      },
      "properties": {
        "row_number": "184"
      }
    },
    {
      "type": "Feature",
      "geometry": {
        "type": "LineString",
        "coordinates": [
          [
            -0.437259771778533,
            51.0614592396913
          ],
          [
            -0.437256653452716,
            51.06152139510759
          ],
          [
            -0.437253248885388,
            51.0615758916818
          ],
          [
            -0.437250598031531,
            51.06162923997407
          ],
          [
            -0.437247280884014,
            51.06168262566089
          ],
          [
            -0.43724475135253,
            51.0617365082032
          ],
          [
            -0.437241429644701,
            51.06179049190975
          ],
          [
            -0.437238004355269,
            51.06184402426918
          ],
          [
            -0.437234871216821,
            51.06189860312801
          ],
          [
            -0.437231810367706,
            51.06195216686265
          ],
          [
            -0.437228461581758,
            51.06200569702268
          ],
          [
            -0.437226039614991,
            51.06205672507399
          ]
        ]
      },
      "properties": {
        "row_number": "93"
      }
    },
    {
      "type": "Feature",
      "geometry": {
        "type": "Point",
        "coordinates": [
          -0.437259771778533,
          51.0614592396913
        ]
      },
      "properties": {
        "row_number": "93"
      }
    },
    {
      "type": "Feature",
      "geometry": {
        "type": "Point",
        "coordinates": [
          -0.437256653452716,
          51.06152139510759
        ]
      },
      "properties": {
        "row_number": "93"
      }
    },
    {
      "type": "Feature",
      "geometry": {
        "type": "Point",
        "coordinates": [
          -0.437253248885388,
          51.0615758916818
        ]
      },
      "properties": {
        "row_number": "93"
      }
    },
    {
      "type": "Feature",
      "geometry": {
        "type": "Point",
        "coordinates": [
          -0.437250598031531,
          51.06162923997407
        ]
      },
      "properties": {
        "row_number": "93"
      }
    },
    {
      "type": "Feature",
      "geometry": {
        "type": "Point",
        "coordinates": [
          -0.437247280884014,
          51.06168262566089
        ]
      },
      "properties": {
        "row_number": "93"
      }
    },
    {
      "type": "Feature",
      "geometry": {
        "type": "Point",
        "coordinates": [
          -0.43724475135253,
          51.0617365082032
        ]
      },
      "properties": {
        "row_number": "93"
      }
    },
    {
      "type": "Feature",
      "geometry": {
        "type": "Point",
        "coordinates": [
          -0.437241429644701,
          51.06179049190975
        ]
      },
      "properties": {
        "row_number": "93"
      }
    },
    {
      "type": "Feature",
      "geometry": {
        "type": "Point",
        "coordinates": [
          -0.437238004355269,
          51.06184402426918
        ]
      },
      "properties": {
        "row_number": "93"
      }
    },
    {
      "type": "Feature",
      "geometry": {
        "type": "Point",
        "coordinates": [
          -0.437234871216821,
          51.06189860312801
        ]
      },
      "properties": {
        "row_number": "93"
      }
    },
    {
      "type": "Feature",
      "geometry": {
        "type": "Point",
        "coordinates": [
          -0.437231810367706,
          51.06195216686265
        ]
      },
      "properties": {
        "row_number": "93"
      }
    },
    {
      "type": "Feature",
      "geometry": {
        "type": "Point",
        "coordinates": [
          -0.437228461581758,
          51.06200569702268
        ]
      },
      "properties": {
        "row_number": "93"
      }
    },
    {
      "type": "Feature",
      "geometry": {
        "type": "Point",
        "coordinates": [
          -0.437226039614991,
          51.06205672507399
        ]
      },
      "properties": {
        "row_number": "93"
      }
    },
    {
      "type": "Feature",
      "geometry": {
        "type": "LineString",
        "coordinates": [
          [
            -0.437230870439911,
            51.06141916745452
          ],
          [
            -0.437228406116965,
            51.06146693551743
          ],
          [
            -0.437224754561707,
            51.06152050746011
          ],
          [
            -0.437222199045608,
            51.06157456089976
          ],
          [
            -0.43721968458283,
            51.06162847198415
          ],
          [
            -0.437216251843697,
            51.06168186718266
          ],
          [
            -0.437213185591185,
            51.06173566122831
          ],
          [
            -0.437210255017762,
            51.06178992076218
          ],
          [
            -0.437206475913712,
            51.06184351987925
          ],
          [
            -0.437203970511266,
            51.06189744328894
          ],
          [
            -0.43720101553822,
            51.06195149147083
          ],
          [
            -0.437197584916653,
            51.06200464673806
          ],
          [
            -0.437194350226637,
            51.06205865207762
          ]
        ]
      },
      "properties": {
        "row_number": "94"
      }
    },
    {
      "type": "Feature",
      "geometry": {
        "type": "Point",
        "coordinates": [
          -0.437230870439911,
          51.06141916745452
        ]
      },
      "properties": {
        "row_number": "94"
      }
    },
    {
      "type": "Feature",
      "geometry": {
        "type": "Point",
        "coordinates": [
          -0.437228406116965,
          51.06146693551743
        ]
      },
      "properties": {
        "row_number": "94"
      }
    },
    {
      "type": "Feature",
      "geometry": {
        "type": "Point",
        "coordinates": [
          -0.437224754561707,
          51.06152050746011
        ]
      },
      "properties": {
        "row_number": "94"
      }
    },
    {
      "type": "Feature",
      "geometry": {
        "type": "Point",
        "coordinates": [
          -0.437222199045608,
          51.06157456089976
        ]
      },
      "properties": {
        "row_number": "94"
      }
    },
    {
      "type": "Feature",
      "geometry": {
        "type": "Point",
        "coordinates": [
          -0.43721968458283,
          51.06162847198415
        ]
      },
      "properties": {
        "row_number": "94"
      }
    },
    {
      "type": "Feature",
      "geometry": {
        "type": "Point",
        "coordinates": [
          -0.437216251843697,
          51.06168186718266
        ]
      },
      "properties": {
        "row_number": "94"
      }
    },
    {
      "type": "Feature",
      "geometry": {
        "type": "Point",
        "coordinates": [
          -0.437213185591185,
          51.06173566122831
        ]
      },
      "properties": {
        "row_number": "94"
      }
    },
    {
      "type": "Feature",
      "geometry": {
        "type": "Point",
        "coordinates": [
          -0.437210255017762,
          51.06178992076218
        ]
      },
      "properties": {
        "row_number": "94"
      }
    },
    {
      "type": "Feature",
      "geometry": {
        "type": "Point",
        "coordinates": [
          -0.437206475913712,
          51.06184351987925
        ]
      },
      "properties": {
        "row_number": "94"
      }
    },
    {
      "type": "Feature",
      "geometry": {
        "type": "Point",
        "coordinates": [
          -0.437203970511266,
          51.06189744328894
        ]
      },
      "properties": {
        "row_number": "94"
      }
    },
    {
      "type": "Feature",
      "geometry": {
        "type": "Point",
        "coordinates": [
          -0.43720101553822,
          51.06195149147083
        ]
      },
      "properties": {
        "row_number": "94"
      }
    },
    {
      "type": "Feature",
      "geometry": {
        "type": "Point",
        "coordinates": [
          -0.437197584916653,
          51.06200464673806
        ]
      },
      "properties": {
        "row_number": "94"
      }
    },
    {
      "type": "Feature",
      "geometry": {
        "type": "Point",
        "coordinates": [
          -0.437194350226637,
          51.06205865207762
        ]
      },
      "properties": {
        "row_number": "94"
      }
    },
    {
      "type": "Feature",
      "geometry": {
        "type": "LineString",
        "coordinates": [
          [
            -0.437202205701788,
            51.06137922937548
          ],
          [
            -0.437199770748069,
            51.06141197730945
          ],
          [
            -0.43719678596301,
            51.0614656247178
          ],
          [
            -0.437193792467019,
            51.06152026272604
          ],
          [
            -0.437191064489435,
            51.06157369747255
          ],
          [
            -0.437187629696245,
            51.06162778416127
          ],
          [
            -0.437184540409219,
            51.0616811008505
          ],
          [
            -0.437181398062956,
            51.06173519302276
          ],
          [
            -0.437178513027725,
            51.06178899656982
          ],
          [
            -0.437174799703137,
            51.06184289848163
          ],
          [
            -0.437172146631375,
            51.06189706501925
          ],
          [
            -0.437168897867137,
            51.0619500937407
          ],
          [
            -0.437165187799005,
            51.06200397249468
          ],
          [
            -0.437162850730286,
            51.06205973358574
          ]
        ]
      },
      "properties": {
        "row_number": "95"
      }
    },
    {
      "type": "Feature",
      "geometry": {
        "type": "Point",
        "coordinates": [
          -0.437202205701788,
          51.06137922937548
        ]
      },
      "properties": {
        "row_number": "95"
      }
    },
    {
      "type": "Feature",
      "geometry": {
        "type": "Point",
        "coordinates": [
          -0.437199770748069,
          51.06141197730945
        ]
      },
      "properties": {
        "row_number": "95"
      }
    },
    {
      "type": "Feature",
      "geometry": {
        "type": "Point",
        "coordinates": [
          -0.43719678596301,
          51.0614656247178
        ]
      },
      "properties": {
        "row_number": "95"
      }
    },
    {
      "type": "Feature",
      "geometry": {
        "type": "Point",
        "coordinates": [
          -0.437193792467019,
          51.06152026272604
        ]
      },
      "properties": {
        "row_number": "95"
      }
    },
    {
      "type": "Feature",
      "geometry": {
        "type": "Point",
        "coordinates": [
          -0.437191064489435,
          51.06157369747255
        ]
      },
      "properties": {
        "row_number": "95"
      }
    },
    {
      "type": "Feature",
      "geometry": {
        "type": "Point",
        "coordinates": [
          -0.437187629696245,
          51.06162778416127
        ]
      },
      "properties": {
        "row_number": "95"
      }
    },
    {
      "type": "Feature",
      "geometry": {
        "type": "Point",
        "coordinates": [
          -0.437184540409219,
          51.0616811008505
        ]
      },
      "properties": {
        "row_number": "95"
      }
    },
    {
      "type": "Feature",
      "geometry": {
        "type": "Point",
        "coordinates": [
          -0.437181398062956,
          51.06173519302276
        ]
      },
      "properties": {
        "row_number": "95"
      }
    },
    {
      "type": "Feature",
      "geometry": {
        "type": "Point",
        "coordinates": [
          -0.437178513027725,
          51.06178899656982
        ]
      },
      "properties": {
        "row_number": "95"
      }
    },
    {
      "type": "Feature",
      "geometry": {
        "type": "Point",
        "coordinates": [
          -0.437174799703137,
          51.06184289848163
        ]
      },
      "properties": {
        "row_number": "95"
      }
    },
    {
      "type": "Feature",
      "geometry": {
        "type": "Point",
        "coordinates": [
          -0.437172146631375,
          51.06189706501925
        ]
      },
      "properties": {
        "row_number": "95"
      }
    },
    {
      "type": "Feature",
      "geometry": {
        "type": "Point",
        "coordinates": [
          -0.437168897867137,
          51.0619500937407
        ]
      },
      "properties": {
        "row_number": "95"
      }
    },
    {
      "type": "Feature",
      "geometry": {
        "type": "Point",
        "coordinates": [
          -0.437165187799005,
          51.06200397249468
        ]
      },
      "properties": {
        "row_number": "95"
      }
    },
    {
      "type": "Feature",
      "geometry": {
        "type": "Point",
        "coordinates": [
          -0.437162850730286,
          51.06205973358574
        ]
      },
      "properties": {
        "row_number": "95"
      }
    },
    {
      "type": "Feature",
      "geometry": {
        "type": "LineString",
        "coordinates": [
          [
            -0.437172420914351,
            51.06133793479896
          ],
          [
            -0.437167973606529,
            51.06141056112376
          ],
          [
            -0.437164780253028,
            51.06146524868971
          ],
          [
            -0.437162793343651,
            51.06151903480939
          ],
          [
            -0.437158523475232,
            51.06157295565858
          ],
          [
            -0.437156460690948,
            51.06162712424931
          ],
          [
            -0.437152842648962,
            51.06168033822669
          ],
          [
            -0.437149948949722,
            51.06173437891782
          ],
          [
            -0.437146189732804,
            51.06178844155982
          ],
          [
            -0.437143609668282,
            51.06184178473877
          ],
          [
            -0.437140798343569,
            51.06189594849541
          ],
          [
            -0.437137377796864,
            51.06194931737677
          ],
          [
            -0.437135103575792,
            51.06200330707752
          ],
          [
            -0.437131297900017,
            51.06206213809354
          ]
        ]
      },
      "properties": {
        "row_number": "96"
      }
    },
    {
      "type": "Feature",
      "geometry": {
        "type": "Point",
        "coordinates": [
          -0.437172420914351,
          51.06133793479896
        ]
      },
      "properties": {
        "row_number": "96"
      }
    },
    {
      "type": "Feature",
      "geometry": {
        "type": "Point",
        "coordinates": [
          -0.437167973606529,
          51.06141056112376
        ]
      },
      "properties": {
        "row_number": "96"
      }
    },
    {
      "type": "Feature",
      "geometry": {
        "type": "Point",
        "coordinates": [
          -0.437164780253028,
          51.06146524868971
        ]
      },
      "properties": {
        "row_number": "96"
      }
    },
    {
      "type": "Feature",
      "geometry": {
        "type": "Point",
        "coordinates": [
          -0.437162793343651,
          51.06151903480939
        ]
      },
      "properties": {
        "row_number": "96"
      }
    },
    {
      "type": "Feature",
      "geometry": {
        "type": "Point",
        "coordinates": [
          -0.437158523475232,
          51.06157295565858
        ]
      },
      "properties": {
        "row_number": "96"
      }
    },
    {
      "type": "Feature",
      "geometry": {
        "type": "Point",
        "coordinates": [
          -0.437156460690948,
          51.06162712424931
        ]
      },
      "properties": {
        "row_number": "96"
      }
    },
    {
      "type": "Feature",
      "geometry": {
        "type": "Point",
        "coordinates": [
          -0.437152842648962,
          51.06168033822669
        ]
      },
      "properties": {
        "row_number": "96"
      }
    },
    {
      "type": "Feature",
      "geometry": {
        "type": "Point",
        "coordinates": [
          -0.437149948949722,
          51.06173437891782
        ]
      },
      "properties": {
        "row_number": "96"
      }
    },
    {
      "type": "Feature",
      "geometry": {
        "type": "Point",
        "coordinates": [
          -0.437146189732804,
          51.06178844155982
        ]
      },
      "properties": {
        "row_number": "96"
      }
    },
    {
      "type": "Feature",
      "geometry": {
        "type": "Point",
        "coordinates": [
          -0.437143609668282,
          51.06184178473877
        ]
      },
      "properties": {
        "row_number": "96"
      }
    },
    {
      "type": "Feature",
      "geometry": {
        "type": "Point",
        "coordinates": [
          -0.437140798343569,
          51.06189594849541
        ]
      },
      "properties": {
        "row_number": "96"
      }
    },
    {
      "type": "Feature",
      "geometry": {
        "type": "Point",
        "coordinates": [
          -0.437137377796864,
          51.06194931737677
        ]
      },
      "properties": {
        "row_number": "96"
      }
    },
    {
      "type": "Feature",
      "geometry": {
        "type": "Point",
        "coordinates": [
          -0.437135103575792,
          51.06200330707752
        ]
      },
      "properties": {
        "row_number": "96"
      }
    },
    {
      "type": "Feature",
      "geometry": {
        "type": "Point",
        "coordinates": [
          -0.437131297900017,
          51.06206213809354
        ]
      },
      "properties": {
        "row_number": "96"
      }
    },
    {
      "type": "Feature",
      "geometry": {
        "type": "LineString",
        "coordinates": [
          [
            -0.437143205281358,
            51.06129953610741
          ],
          [
            -0.437139813142768,
            51.06135695673871
          ],
          [
            -0.437137464462358,
            51.06140974607769
          ],
          [
            -0.437134108989798,
            51.06146475174343
          ],
          [
            -0.437130933641814,
            51.06151876050988
          ],
          [
            -0.437128119947376,
            51.06157223056091
          ],
          [
            -0.437124378126863,
            51.06162865553017
          ],
          [
            -0.437121205017768,
            51.06167938101326
          ],
          [
            -0.437118328722985,
            51.06173379606437
          ],
          [
            -0.437115382936411,
            51.06178758922414
          ],
          [
            -0.437112433081071,
            51.06184144109518
          ],
          [
            -0.437108837623159,
            51.06189532969724
          ],
          [
            -0.437106485006298,
            51.0619490367779
          ],
          [
            -0.437102894220749,
            51.06200270438087
          ],
          [
            -0.437099043930862,
            51.06206415820038
          ]
        ]
      },
      "properties": {
        "row_number": "97"
      }
    },
    {
      "type": "Feature",
      "geometry": {
        "type": "Point",
        "coordinates": [
          -0.437143205281358,
          51.06129953610741
        ]
      },
      "properties": {
        "row_number": "97"
      }
    },
    {
      "type": "Feature",
      "geometry": {
        "type": "Point",
        "coordinates": [
          -0.437139813142768,
          51.06135695673871
        ]
      },
      "properties": {
        "row_number": "97"
      }
    },
    {
      "type": "Feature",
      "geometry": {
        "type": "Point",
        "coordinates": [
          -0.437137464462358,
          51.06140974607769
        ]
      },
      "properties": {
        "row_number": "97"
      }
    },
    {
      "type": "Feature",
      "geometry": {
        "type": "Point",
        "coordinates": [
          -0.437134108989798,
          51.06146475174343
        ]
      },
      "properties": {
        "row_number": "97"
      }
    },
    {
      "type": "Feature",
      "geometry": {
        "type": "Point",
        "coordinates": [
          -0.437130933641814,
          51.06151876050988
        ]
      },
      "properties": {
        "row_number": "97"
      }
    },
    {
      "type": "Feature",
      "geometry": {
        "type": "Point",
        "coordinates": [
          -0.437128119947376,
          51.06157223056091
        ]
      },
      "properties": {
        "row_number": "97"
      }
    },
    {
      "type": "Feature",
      "geometry": {
        "type": "Point",
        "coordinates": [
          -0.437124378126863,
          51.06162865553017
        ]
      },
      "properties": {
        "row_number": "97"
      }
    },
    {
      "type": "Feature",
      "geometry": {
        "type": "Point",
        "coordinates": [
          -0.437121205017768,
          51.06167938101326
        ]
      },
      "properties": {
        "row_number": "97"
      }
    },
    {
      "type": "Feature",
      "geometry": {
        "type": "Point",
        "coordinates": [
          -0.437118328722985,
          51.06173379606437
        ]
      },
      "properties": {
        "row_number": "97"
      }
    },
    {
      "type": "Feature",
      "geometry": {
        "type": "Point",
        "coordinates": [
          -0.437115382936411,
          51.06178758922414
        ]
      },
      "properties": {
        "row_number": "97"
      }
    },
    {
      "type": "Feature",
      "geometry": {
        "type": "Point",
        "coordinates": [
          -0.437112433081071,
          51.06184144109518
        ]
      },
      "properties": {
        "row_number": "97"
      }
    },
    {
      "type": "Feature",
      "geometry": {
        "type": "Point",
        "coordinates": [
          -0.437108837623159,
          51.06189532969724
        ]
      },
      "properties": {
        "row_number": "97"
      }
    },
    {
      "type": "Feature",
      "geometry": {
        "type": "Point",
        "coordinates": [
          -0.437106485006298,
          51.0619490367779
        ]
      },
      "properties": {
        "row_number": "97"
      }
    },
    {
      "type": "Feature",
      "geometry": {
        "type": "Point",
        "coordinates": [
          -0.437102894220749,
          51.06200270438087
        ]
      },
      "properties": {
        "row_number": "97"
      }
    },
    {
      "type": "Feature",
      "geometry": {
        "type": "Point",
        "coordinates": [
          -0.437099043930862,
          51.06206415820038
        ]
      },
      "properties": {
        "row_number": "97"
      }
    },
    {
      "type": "Feature",
      "geometry": {
        "type": "LineString",
        "coordinates": [
          [
            -0.437114758331003,
            51.06125947490175
          ],
          [
            -0.437112159118977,
            51.06130352635483
          ],
          [
            -0.437109451546112,
            51.06135562380938
          ],
          [
            -0.437106510905241,
            51.06140965793655
          ],
          [
            -0.437103096531557,
            51.06146388407921
          ],
          [
            -0.437099955569626,
            51.06151786408488
          ],
          [
            -0.437096926358285,
            51.06157140702531
          ],
          [
            -0.437094090656072,
            51.06162566566422
          ],
          [
            -0.43709116243037,
            51.06167847120619
          ],
          [
            -0.437088137932398,
            51.06173278701785
          ],
          [
            -0.437085076892936,
            51.06178673293194
          ],
          [
            -0.437081944895275,
            51.06184065731882
          ],
          [
            -0.437079024275628,
            51.06189448156975
          ],
          [
            -0.437075591850544,
            51.06194840044652
          ],
          [
            -0.437072344053293,
            51.06200198988268
          ],
          [
            -0.437067686391377,
            51.06206701244618
          ]
        ]
      },
      "properties": {
        "row_number": "98"
      }
    },
    {
      "type": "Feature",
      "geometry": {
        "type": "Point",
        "coordinates": [
          -0.437114758331003,
          51.06125947490175
        ]
      },
      "properties": {
        "row_number": "98"
      }
    },
    {
      "type": "Feature",
      "geometry": {
        "type": "Point",
        "coordinates": [
          -0.437112159118977,
          51.06130352635483
        ]
      },
      "properties": {
        "row_number": "98"
      }
    },
    {
      "type": "Feature",
      "geometry": {
        "type": "Point",
        "coordinates": [
          -0.437109451546112,
          51.06135562380938
        ]
      },
      "properties": {
        "row_number": "98"
      }
    },
    {
      "type": "Feature",
      "geometry": {
        "type": "Point",
        "coordinates": [
          -0.437106510905241,
          51.06140965793655
        ]
      },
      "properties": {
        "row_number": "98"
      }
    },
    {
      "type": "Feature",
      "geometry": {
        "type": "Point",
        "coordinates": [
          -0.437103096531557,
          51.06146388407921
        ]
      },
      "properties": {
        "row_number": "98"
      }
    },
    {
      "type": "Feature",
      "geometry": {
        "type": "Point",
        "coordinates": [
          -0.437099955569626,
          51.06151786408488
        ]
      },
      "properties": {
        "row_number": "98"
      }
    },
    {
      "type": "Feature",
      "geometry": {
        "type": "Point",
        "coordinates": [
          -0.437096926358285,
          51.06157140702531
        ]
      },
      "properties": {
        "row_number": "98"
      }
    },
    {
      "type": "Feature",
      "geometry": {
        "type": "Point",
        "coordinates": [
          -0.437094090656072,
          51.06162566566422
        ]
      },
      "properties": {
        "row_number": "98"
      }
    },
    {
      "type": "Feature",
      "geometry": {
        "type": "Point",
        "coordinates": [
          -0.43709116243037,
          51.06167847120619
        ]
      },
      "properties": {
        "row_number": "98"
      }
    },
    {
      "type": "Feature",
      "geometry": {
        "type": "Point",
        "coordinates": [
          -0.437088137932398,
          51.06173278701785
        ]
      },
      "properties": {
        "row_number": "98"
      }
    },
    {
      "type": "Feature",
      "geometry": {
        "type": "Point",
        "coordinates": [
          -0.437085076892936,
          51.06178673293194
        ]
      },
      "properties": {
        "row_number": "98"
      }
    },
    {
      "type": "Feature",
      "geometry": {
        "type": "Point",
        "coordinates": [
          -0.437081944895275,
          51.06184065731882
        ]
      },
      "properties": {
        "row_number": "98"
      }
    },
    {
      "type": "Feature",
      "geometry": {
        "type": "Point",
        "coordinates": [
          -0.437079024275628,
          51.06189448156975
        ]
      },
      "properties": {
        "row_number": "98"
      }
    },
    {
      "type": "Feature",
      "geometry": {
        "type": "Point",
        "coordinates": [
          -0.437075591850544,
          51.06194840044652
        ]
      },
      "properties": {
        "row_number": "98"
      }
    },
    {
      "type": "Feature",
      "geometry": {
        "type": "Point",
        "coordinates": [
          -0.437072344053293,
          51.06200198988268
        ]
      },
      "properties": {
        "row_number": "98"
      }
    },
    {
      "type": "Feature",
      "geometry": {
        "type": "Point",
        "coordinates": [
          -0.437067686391377,
          51.06206701244618
        ]
      },
      "properties": {
        "row_number": "98"
      }
    },
    {
      "type": "Feature",
      "geometry": {
        "type": "LineString",
        "coordinates": [
          [
            -0.437084720174121,
            51.06121922988954
          ],
          [
            -0.437083406528469,
            51.06124737898283
          ],
          [
            -0.437080276724113,
            51.06130077886115
          ],
          [
            -0.437077381658986,
            51.06135464706877
          ],
          [
            -0.437073350540427,
            51.06140873289503
          ],
          [
            -0.437070276350364,
            51.06146361186903
          ],
          [
            -0.437067751098996,
            51.06151743359483
          ],
          [
            -0.437064831681648,
            51.0615710707244
          ],
          [
            -0.437061471430951,
            51.06162521329731
          ],
          [
            -0.437058462376105,
            51.06167807173638
          ],
          [
            -0.437055472428176,
            51.06173247395183
          ],
          [
            -0.437052453915157,
            51.06178554191929
          ],
          [
            -0.437049566865737,
            51.06183979735316
          ],
          [
            -0.437047265496322,
            51.06189409553271
          ],
          [
            -0.437043685287533,
            51.06194767102459
          ],
          [
            -0.437040907371515,
            51.06200104618848
          ],
          [
            -0.437036367438086,
            51.06206810918052
          ]
        ]
      },
      "properties": {
        "row_number": "99"
      }
    },
    {
      "type": "Feature",
      "geometry": {
        "type": "Point",
        "coordinates": [
          -0.437084720174121,
          51.06121922988954
        ]
      },
      "properties": {
        "row_number": "99"
      }
    },
    {
      "type": "Feature",
      "geometry": {
        "type": "Point",
        "coordinates": [
          -0.437083406528469,
          51.06124737898283
        ]
      },
      "properties": {
        "row_number": "99"
      }
    },
    {
      "type": "Feature",
      "geometry": {
        "type": "Point",
        "coordinates": [
          -0.437080276724113,
          51.06130077886115
        ]
      },
      "properties": {
        "row_number": "99"
      }
    },
    {
      "type": "Feature",
      "geometry": {
        "type": "Point",
        "coordinates": [
          -0.437077381658986,
          51.06135464706877
        ]
      },
      "properties": {
        "row_number": "99"
      }
    },
    {
      "type": "Feature",
      "geometry": {
        "type": "Point",
        "coordinates": [
          -0.437073350540427,
          51.06140873289503
        ]
      },
      "properties": {
        "row_number": "99"
      }
    },
    {
      "type": "Feature",
      "geometry": {
        "type": "Point",
        "coordinates": [
          -0.437070276350364,
          51.06146361186903
        ]
      },
      "properties": {
        "row_number": "99"
      }
    },
    {
      "type": "Feature",
      "geometry": {
        "type": "Point",
        "coordinates": [
          -0.437067751098996,
          51.06151743359483
        ]
      },
      "properties": {
        "row_number": "99"
      }
    },
    {
      "type": "Feature",
      "geometry": {
        "type": "Point",
        "coordinates": [
          -0.437064831681648,
          51.0615710707244
        ]
      },
      "properties": {
        "row_number": "99"
      }
    },
    {
      "type": "Feature",
      "geometry": {
        "type": "Point",
        "coordinates": [
          -0.437061471430951,
          51.06162521329731
        ]
      },
      "properties": {
        "row_number": "99"
      }
    },
    {
      "type": "Feature",
      "geometry": {
        "type": "Point",
        "coordinates": [
          -0.437058462376105,
          51.06167807173638
        ]
      },
      "properties": {
        "row_number": "99"
      }
    },
    {
      "type": "Feature",
      "geometry": {
        "type": "Point",
        "coordinates": [
          -0.437055472428176,
          51.06173247395183
        ]
      },
      "properties": {
        "row_number": "99"
      }
    },
    {
      "type": "Feature",
      "geometry": {
        "type": "Point",
        "coordinates": [
          -0.437052453915157,
          51.06178554191929
        ]
      },
      "properties": {
        "row_number": "99"
      }
    },
    {
      "type": "Feature",
      "geometry": {
        "type": "Point",
        "coordinates": [
          -0.437049566865737,
          51.06183979735316
        ]
      },
      "properties": {
        "row_number": "99"
      }
    },
    {
      "type": "Feature",
      "geometry": {
        "type": "Point",
        "coordinates": [
          -0.437047265496322,
          51.06189409553271
        ]
      },
      "properties": {
        "row_number": "99"
      }
    },
    {
      "type": "Feature",
      "geometry": {
        "type": "Point",
        "coordinates": [
          -0.437043685287533,
          51.06194767102459
        ]
      },
      "properties": {
        "row_number": "99"
      }
    },
    {
      "type": "Feature",
      "geometry": {
        "type": "Point",
        "coordinates": [
          -0.437040907371515,
          51.06200104618848
        ]
      },
      "properties": {
        "row_number": "99"
      }
    },
    {
      "type": "Feature",
      "geometry": {
        "type": "Point",
        "coordinates": [
          -0.437036367438086,
          51.06206810918052
        ]
      },
      "properties": {
        "row_number": "99"
      }
    }
  ]
}