{
  "type": "FeatureCollection",
  "features": [
    {
      "type": "Feature",
      "geometry": {
        "type": "Point",
        "coordinates": [
          -0.5244140591143737,
          53.268130413173566
        ]
      },
      "properties": {
        "confidence": 0.9662962555885315,
        "image": "DJI_20250701153207_0012_W.JPG"
      }
    },
    {
      "type": "Feature",
      "geometry": {
        "type": "Point",
        "coordinates": [
          -0.524304324774008,
          53.26816648358488
        ]
      },
      "properties": {
        "confidence": 0.9318349361419678,
        "image": "DJI_20250701153207_0012_W.JPG"
      }
    },
    {
      "type": "Feature",
      "geometry": {
        "type": "Point",
        "coordinates": [
          -0.5243111815387465,
          53.268191288508035
        ]
      },
      "properties": {
        "confidence": 0.9273959398269653,
        "image": "DJI_20250701153207_0012_W.JPG"
      }
    },
    {
      "type": "Feature",
      "geometry": {
        "type": "Point",
        "coordinates": [
          -0.5242996288673551,
          53.26815399985491
        ]
      },
      "properties": {
        "confidence": 0.910409688949585,
        "image": "DJI_20250701153207_0012_W.JPG"
      }
    },
    {
      "type": "Feature",
      "geometry": {
        "type": "Point",
        "coordinates": [
          -0.524241404930881,
          53.268069123228805
        ]
      },
      "properties": {
        "confidence": 0.8801577091217041,
        "image": "DJI_20250701153207_0012_W.JPG"
      }
    },
    {
      "type": "Feature",
      "geometry": {
        "type": "Point",
        "coordinates": [
          -0.5243423125107834,
          53.26816322803666
        ]
      },
      "properties": {
        "confidence": 0.8780218958854675,
        "image": "DJI_20250701153207_0012_W.JPG"
      }
    },
    {
      "type": "Feature",
      "geometry": {
        "type": "Point",
        "coordinates": [
          -0.5243754889628809,
          53.268133164526475
        ]
      },
      "properties": {
        "confidence": 0.8746543526649475,
        "image": "DJI_20250701153207_0012_W.JPG"
      }
    },
    {
      "type": "Feature",
      "geometry": {
        "type": "Point",
        "coordinates": [
          -0.5242787188095491,
          53.26806426829795
        ]
      },
      "properties": {
        "confidence": 0.8619590401649475,
        "image": "DJI_20250701153207_0012_W.JPG"
      }
    },
    {
      "type": "Feature",
      "geometry": {
        "type": "Point",
        "coordinates": [
          -0.5245881670137048,
          53.26804687172239
        ]
      },
      "properties": {
        "confidence": 0.8505986928939819,
        "image": "DJI_20250701153207_0012_W.JPG"
      }
    },
    {
      "type": "Feature",
      "geometry": {
        "type": "Point",
        "coordinates": [
          -0.5243498431336291,
          53.26818963234246
        ]
      },
      "properties": {
        "confidence": 0.8464085459709167,
        "image": "DJI_20250701153207_0012_W.JPG"
      }
    },
    {
      "type": "Feature",
      "geometry": {
        "type": "Point",
        "coordinates": [
          -0.5242716871047151,
          53.26818235372957
        ]
      },
      "properties": {
        "confidence": 0.8211226463317871,
        "image": "DJI_20250701153207_0012_W.JPG"
      }
    },
    {
      "type": "Feature",
      "geometry": {
        "type": "Point",
        "coordinates": [
          -0.524345290719201,
          53.2681764019549
        ]
      },
      "properties": {
        "confidence": 0.8142533302307129,
        "image": "DJI_20250701153207_0012_W.JPG"
      }
    },
    {
      "type": "Feature",
      "geometry": {
        "type": "Point",
        "coordinates": [
          -0.5246096179585458,
          53.26811827506241
        ]
      },
      "properties": {
        "confidence": 0.8023272156715393,
        "image": "DJI_20250701153207_0012_W.JPG"
      }
    },
    {
      "type": "Feature",
      "geometry": {
        "type": "Point",
        "coordinates": [
          -0.5243166453502612,
          53.26806074205279
        ]
      },
      "properties": {
        "confidence": 0.7726441025733948,
        "image": "DJI_20250701153207_0012_W.JPG"
      }
    },
    {
      "type": "Feature",
      "geometry": {
        "type": "Point",
        "coordinates": [
          -0.5242465643960718,
          53.26809470857254
        ]
      },
      "properties": {
        "confidence": 0.7719409465789795,
        "image": "DJI_20250701153207_0012_W.JPG"
      }
    },
    {
      "type": "Feature",
      "geometry": {
        "type": "Point",
        "coordinates": [
          -0.5243567960493527,
          53.26806567284633
        ]
      },
      "properties": {
        "confidence": 0.7649545073509216,
        "image": "DJI_20250701153207_0012_W.JPG"
      }
    },
    {
      "type": "Feature",
      "geometry": {
        "type": "Point",
        "coordinates": [
          -0.5244881297944481,
          53.26813067159361
        ]
      },
      "properties": {
        "confidence": 0.7376736998558044,
        "image": "DJI_20250701153207_0012_W.JPG"
      }
    },
    {
      "type": "Feature",
      "geometry": {
        "type": "Point",
        "coordinates": [
          -0.5242645855557232,
          53.26815646601862
        ]
      },
      "properties": {
        "confidence": 0.7252311110496521,
        "image": "DJI_20250701153207_0012_W.JPG"
      }
    },
    {
      "type": "Feature",
      "geometry": {
        "type": "Point",
        "coordinates": [
          -0.5244014203737618,
          53.26807795996292
        ]
      },
      "properties": {
        "confidence": 0.7214730978012085,
        "image": "DJI_20250701153207_0012_W.JPG"
      }
    },
    {
      "type": "Feature",
      "geometry": {
        "type": "Point",
        "coordinates": [
          -0.5242507904314953,
          53.26810649524304
        ]
      },
      "properties": {
        "confidence": 0.7125085592269897,
        "image": "DJI_20250701153207_0012_W.JPG"
      }
    },
    {
      "type": "Feature",
      "geometry": {
        "type": "Point",
        "coordinates": [
          -0.5243292742422343,
          53.26811246100537
        ]
      },
      "properties": {
        "confidence": 0.6551030874252319,
        "image": "DJI_20250701153207_0012_W.JPG"
      }
    },
    {
      "type": "Feature",
      "geometry": {
        "type": "Point",
        "coordinates": [
          -0.5243079571432552,
          53.26817978836962
        ]
      },
      "properties": {
        "confidence": 0.6486280560493469,
        "image": "DJI_20250701153207_0012_W.JPG"
      }
    },
    {
      "type": "Feature",
      "geometry": {
        "type": "Point",
        "coordinates": [
          -0.5245953501574478,
          53.26807312036261
        ]
      },
      "properties": {
        "confidence": 0.6368188261985779,
        "image": "DJI_20250701153207_0012_W.JPG"
      }
    },
    {
      "type": "Feature",
      "geometry": {
        "type": "Point",
        "coordinates": [
          -0.52459218765943,
          53.26806051263734
        ]
      },
      "properties": {
        "confidence": 0.6036480069160461,
        "image": "DJI_20250701153207_0012_W.JPG"
      }
    },
    {
      "type": "Feature",
      "geometry": {
        "type": "Point",
        "coordinates": [
          -0.5245670637502423,
          53.26811583566787
        ]
      },
      "properties": {
        "confidence": 0.5980894565582275,
        "image": "DJI_20250701153207_0012_W.JPG"
      }
    },
    {
      "type": "Feature",
      "geometry": {
        "type": "Point",
        "coordinates": [
          -0.5243355992382698,
          53.268137676455915
        ]
      },
      "properties": {
        "confidence": 0.5731335282325745,
        "image": "DJI_20250701153207_0012_W.JPG"
      }
    },
    {
      "type": "Feature",
      "geometry": {
        "type": "Point",
        "coordinates": [
          -0.524594382271893,
          53.26806676690185
        ]
      },
      "properties": {
        "confidence": 0.5647531151771545,
        "image": "DJI_20250701153207_0012_W.JPG"
      }
    },
    {
      "type": "Feature",
      "geometry": {
        "type": "Point",
        "coordinates": [
          -0.5242677888511166,
          53.26816925420852
        ]
      },
      "properties": {
        "confidence": 0.5316558480262756,
        "image": "DJI_20250701153207_0012_W.JPG"
      }
    },
    {
      "type": "Feature",
      "geometry": {
        "type": "Point",
        "coordinates": [
          -0.5245534599586129,
          53.26807154609264
        ]
      },
      "properties": {
        "confidence": 0.5294665694236755,
        "image": "DJI_20250701153207_0012_W.JPG"
      }
    },
    {
      "type": "Feature",
      "geometry": {
        "type": "Point",
        "coordinates": [
          -0.5245408887556524,
          53.268026989256064
        ]
      },
      "properties": {
        "confidence": 0.5105487108230591,
        "image": "DJI_20250701153207_0012_W.JPG"
      }
    },
    {
      "type": "Feature",
      "geometry": {
        "type": "Point",
        "coordinates": [
          -0.524436748786283,
          53.26815010875818
        ]
      },
      "properties": {
        "confidence": 0.9085524082183838,
        "image": "DJI_20250701153143_0003_W.JPG"
      }
    },
    {
      "type": "Feature",
      "geometry": {
        "type": "Point",
        "coordinates": [
          -0.5243433126470294,
          53.268093215871225
        ]
      },
      "properties": {
        "confidence": 0.8543705344200134,
        "image": "DJI_20250701153143_0003_W.JPG"
      }
    },
    {
      "type": "Feature",
      "geometry": {
        "type": "Point",
        "coordinates": [
          -0.5243180111431734,
          53.26816208979262
        ]
      },
      "properties": {
        "confidence": 0.820172905921936,
        "image": "DJI_20250701153143_0003_W.JPG"
      }
    },
    {
      "type": "Feature",
      "geometry": {
        "type": "Point",
        "coordinates": [
          -0.5243151472228892,
          53.26814890595348
        ]
      },
      "properties": {
        "confidence": 0.8071593046188354,
        "image": "DJI_20250701153143_0003_W.JPG"
      }
    },
    {
      "type": "Feature",
      "geometry": {
        "type": "Point",
        "coordinates": [
          -0.5243825188844325,
          53.26808983694608
        ]
      },
      "properties": {
        "confidence": 0.7263972759246826,
        "image": "DJI_20250701153143_0003_W.JPG"
      }
    },
    {
      "type": "Feature",
      "geometry": {
        "type": "Point",
        "coordinates": [
          -0.5243787360679592,
          53.2680767323005
        ]
      },
      "properties": {
        "confidence": 0.7090638875961304,
        "image": "DJI_20250701153143_0003_W.JPG"
      }
    },
    {
      "type": "Feature",
      "geometry": {
        "type": "Point",
        "coordinates": [
          -0.5245885657245034,
          53.26812359400344
        ]
      },
      "properties": {
        "confidence": 0.6825814843177795,
        "image": "DJI_20250701153143_0003_W.JPG"
      }
    },
    {
      "type": "Feature",
      "geometry": {
        "type": "Point",
        "coordinates": [
          -0.524366487163355,
          53.268027192994865
        ]
      },
      "properties": {
        "confidence": 0.6144943833351135,
        "image": "DJI_20250701153143_0003_W.JPG"
      }
    },
    {
      "type": "Feature",
      "geometry": {
        "type": "Point",
        "coordinates": [
          -0.5243910237899698,
          53.268129027985665
        ]
      },
      "properties": {
        "confidence": 0.6029974818229675,
        "image": "DJI_20250701153143_0003_W.JPG"
      }
    },
    {
      "type": "Feature",
      "geometry": {
        "type": "Point",
        "coordinates": [
          -0.5243965996337362,
          53.26815476482772
        ]
      },
      "properties": {
        "confidence": 0.5950788855552673,
        "image": "DJI_20250701153143_0003_W.JPG"
      }
    },
    {
      "type": "Feature",
      "geometry": {
        "type": "Point",
        "coordinates": [
          -0.5243869998162533,
          53.26811622009632
        ]
      },
      "properties": {
        "confidence": 0.5714622139930725,
        "image": "DJI_20250701153143_0003_W.JPG"
      }
    },
    {
      "type": "Feature",
      "geometry": {
        "type": "Point",
        "coordinates": [
          -0.524550020492198,
          53.26809987065647
        ]
      },
      "properties": {
        "confidence": 0.5670666098594666,
        "image": "DJI_20250701153143_0003_W.JPG"
      }
    },
    {
      "type": "Feature",
      "geometry": {
        "type": "Point",
        "coordinates": [
          -0.5245835029446899,
          53.26810452827451
        ]
      },
      "properties": {
        "confidence": 0.5555691123008728,
        "image": "DJI_20250701153143_0003_W.JPG"
      }
    },
    {
      "type": "Feature",
      "geometry": {
        "type": "Point",
        "coordinates": [
          -0.5245598512787234,
          53.26813158816066
        ]
      },
      "properties": {
        "confidence": 0.5167348384857178,
        "image": "DJI_20250701153143_0003_W.JPG"
      }
    },
    {
      "type": "Feature",
      "geometry": {
        "type": "Point",
        "coordinates": [
          -0.5243509203702064,
          53.26813257622383
        ]
      },
      "properties": {
        "confidence": 0.5124487280845642,
        "image": "DJI_20250701153143_0003_W.JPG"
      }
    },
    {
      "type": "Feature",
      "geometry": {
        "type": "Point",
        "coordinates": [
          -0.5243843017235249,
          53.26809593867157
        ]
      },
      "properties": {
        "confidence": 0.5026852488517761,
        "image": "DJI_20250701153143_0003_W.JPG"
      }
    },
    {
      "type": "Feature",
      "geometry": {
        "type": "Point",
        "coordinates": [
          -0.5243899041050579,
          53.2681066949968
        ]
      },
      "properties": {
        "confidence": 0.9931696653366089,
        "image": "DJI_20250701153157_0008_W.JPG"
      }
    },
    {
      "type": "Feature",
      "geometry": {
        "type": "Point",
        "coordinates": [
          -0.5243019617865803,
          53.26807542730034
        ]
      },
      "properties": {
        "confidence": 0.953822135925293,
        "image": "DJI_20250701153157_0008_W.JPG"
      }
    },
    {
      "type": "Feature",
      "geometry": {
        "type": "Point",
        "coordinates": [
          -0.5243431870523615,
          53.26808420962435
        ]
      },
      "properties": {
        "confidence": 0.9288091063499451,
        "image": "DJI_20250701153157_0008_W.JPG"
      }
    },
    {
      "type": "Feature",
      "geometry": {
        "type": "Point",
        "coordinates": [
          -0.5243540218001519,
          53.268121386295284
        ]
      },
      "properties": {
        "confidence": 0.9276649355888367,
        "image": "DJI_20250701153157_0008_W.JPG"
      }
    },
    {
      "type": "Feature",
      "geometry": {
        "type": "Point",
        "coordinates": [
          -0.524319493596629,
          53.268137801976906
        ]
      },
      "properties": {
        "confidence": 0.9274827837944031,
        "image": "DJI_20250701153157_0008_W.JPG"
      }
    },
    {
      "type": "Feature",
      "geometry": {
        "type": "Point",
        "coordinates": [
          -0.5243500144869998,
          53.26810994871936
        ]
      },
      "properties": {
        "confidence": 0.9089989066123962,
        "image": "DJI_20250701153157_0008_W.JPG"
      }
    },
    {
      "type": "Feature",
      "geometry": {
        "type": "Point",
        "coordinates": [
          -0.5243625121518086,
          53.26814753439946
        ]
      },
      "properties": {
        "confidence": 0.9073923230171204,
        "image": "DJI_20250701153157_0008_W.JPG"
      }
    },
    {
      "type": "Feature",
      "geometry": {
        "type": "Point",
        "coordinates": [
          -0.5243371922295861,
          53.268058030554954
        ]
      },
      "properties": {
        "confidence": 0.8576784133911133,
        "image": "DJI_20250701153157_0008_W.JPG"
      }
    },
    {
      "type": "Feature",
      "geometry": {
        "type": "Point",
        "coordinates": [
          -0.5243593832146871,
          53.268134548254345
        ]
      },
      "properties": {
        "confidence": 0.8316234946250916,
        "image": "DJI_20250701153157_0008_W.JPG"
      }
    },
    {
      "type": "Feature",
      "geometry": {
        "type": "Point",
        "coordinates": [
          -0.5243831224345872,
          53.268079847306986
        ]
      },
      "properties": {
        "confidence": 0.8314371705055237,
        "image": "DJI_20250701153157_0008_W.JPG"
      }
    },
    {
      "type": "Feature",
      "geometry": {
        "type": "Point",
        "coordinates": [
          -0.5243722465360442,
          53.268041201314986
        ]
      },
      "properties": {
        "confidence": 0.8112913370132446,
        "image": "DJI_20250701153157_0008_W.JPG"
      }
    },
    {
      "type": "Feature",
      "geometry": {
        "type": "Point",
        "coordinates": [
          -0.5245753287210324,
          53.26806144119223
        ]
      },
      "properties": {
        "confidence": 0.8009621500968933,
        "image": "DJI_20250701153157_0008_W.JPG"
      }
    },
    {
      "type": "Feature",
      "geometry": {
        "type": "Point",
        "coordinates": [
          -0.5243855948963932,
          53.26809270592106
        ]
      },
      "properties": {
        "confidence": 0.7934564352035522,
        "image": "DJI_20250701153157_0008_W.JPG"
      }
    },
    {
      "type": "Feature",
      "geometry": {
        "type": "Point",
        "coordinates": [
          -0.5243921569728565,
          53.268119940753174
        ]
      },
      "properties": {
        "confidence": 0.7504432797431946,
        "image": "DJI_20250701153157_0008_W.JPG"
      }
    },
    {
      "type": "Feature",
      "geometry": {
        "type": "Point",
        "coordinates": [
          -0.5244116775440646,
          53.26803734273753
        ]
      },
      "properties": {
        "confidence": 0.7293165326118469,
        "image": "DJI_20250701153157_0008_W.JPG"
      }
    },
    {
      "type": "Feature",
      "geometry": {
        "type": "Point",
        "coordinates": [
          -0.5243951555375979,
          53.268132385808904
        ]
      },
      "properties": {
        "confidence": 0.7123510241508484,
        "image": "DJI_20250701153157_0008_W.JPG"
      }
    },
    {
      "type": "Feature",
      "geometry": {
        "type": "Point",
        "coordinates": [
          -0.5243097545121692,
          53.268099978552414
        ]
      },
      "properties": {
        "confidence": 0.7029985785484314,
        "image": "DJI_20250701153157_0008_W.JPG"
      }
    },
    {
      "type": "Feature",
      "geometry": {
        "type": "Point",
        "coordinates": [
          -0.5243157081841922,
          53.26812468830076
        ]
      },
      "properties": {
        "confidence": 0.6558459997177124,
        "image": "DJI_20250701153157_0008_W.JPG"
      }
    },
    {
      "type": "Feature",
      "geometry": {
        "type": "Point",
        "coordinates": [
          -0.5243404321170652,
          53.26807017864995
        ]
      },
      "properties": {
        "confidence": 0.6532601118087769,
        "image": "DJI_20250701153157_0008_W.JPG"
      }
    },
    {
      "type": "Feature",
      "geometry": {
        "type": "Point",
        "coordinates": [
          -0.5242987459345387,
          53.26806208042897
        ]
      },
      "properties": {
        "confidence": 0.6255865097045898,
        "image": "DJI_20250701153157_0008_W.JPG"
      }
    },
    {
      "type": "Feature",
      "geometry": {
        "type": "Point",
        "coordinates": [
          -0.5244748457370781,
          53.26811447131357
        ]
      },
      "properties": {
        "confidence": 0.6167896389961243,
        "image": "DJI_20250701153157_0008_W.JPG"
      }
    },
    {
      "type": "Feature",
      "geometry": {
        "type": "Point",
        "coordinates": [
          -0.5245123703836264,
          53.268099454363714
        ]
      },
      "properties": {
        "confidence": 0.5566383004188538,
        "image": "DJI_20250701153157_0008_W.JPG"
      }
    },
    {
      "type": "Feature",
      "geometry": {
        "type": "Point",
        "coordinates": [
          -0.5244229593683551,
          53.26808156905302
        ]
      },
      "properties": {
        "confidence": 0.5542959570884705,
        "image": "DJI_20250701153157_0008_W.JPG"
      }
    },
    {
      "type": "Feature",
      "geometry": {
        "type": "Point",
        "coordinates": [
          -0.5245016771717707,
          53.2680810445563
        ]
      },
      "properties": {
        "confidence": 0.5144151449203491,
        "image": "DJI_20250701153157_0008_W.JPG"
      }
    },
    {
      "type": "Feature",
      "geometry": {
        "type": "Point",
        "coordinates": [
          -0.5243284254430086,
          53.268161886838556
        ]
      },
      "properties": {
        "confidence": 0.510982096195221,
        "image": "DJI_20250701153157_0008_W.JPG"
      }
    },
    {
      "type": "Feature",
      "geometry": {
        "type": "Point",
        "coordinates": [
          -0.5244262759755619,
          53.26808754290306
        ]
      },
      "properties": {
        "confidence": 0.5044389367103577,
        "image": "DJI_20250701153157_0008_W.JPG"
      }
    },
    {
      "type": "Feature",
      "geometry": {
        "type": "Point",
        "coordinates": [
          -0.5243993180692169,
          53.2681556177855
        ]
      },
      "properties": {
        "confidence": 0.9811628460884094,
        "image": "DJI_20250701153145_0004_W.JPG"
      }
    },
    {
      "type": "Feature",
      "geometry": {
        "type": "Point",
        "coordinates": [
          -0.5243809654756827,
          53.268076851949175
        ]
      },
      "properties": {
        "confidence": 0.9328953623771667,
        "image": "DJI_20250701153145_0004_W.JPG"
      }
    },
    {
      "type": "Feature",
      "geometry": {
        "type": "Point",
        "coordinates": [
          -0.5243594773516476,
          53.26816033989984
        ]
      },
      "properties": {
        "confidence": 0.9259764552116394,
        "image": "DJI_20250701153145_0004_W.JPG"
      }
    },
    {
      "type": "Feature",
      "geometry": {
        "type": "Point",
        "coordinates": [
          -0.5243448248426048,
          53.2680930357999
        ]
      },
      "properties": {
        "confidence": 0.9047972559928894,
        "image": "DJI_20250701153145_0004_W.JPG"
      }
    },
    {
      "type": "Feature",
      "geometry": {
        "type": "Point",
        "coordinates": [
          -0.5243176300927409,
          53.26814894455301
        ]
      },
      "properties": {
        "confidence": 0.8909252285957336,
        "image": "DJI_20250701153145_0004_W.JPG"
      }
    },
    {
      "type": "Feature",
      "geometry": {
        "type": "Point",
        "coordinates": [
          -0.5243307108336492,
          53.2680305632041
        ]
      },
      "properties": {
        "confidence": 0.7799870371818542,
        "image": "DJI_20250701153145_0004_W.JPG"
      }
    },
    {
      "type": "Feature",
      "geometry": {
        "type": "Point",
        "coordinates": [
          -0.5243922964418413,
          53.268129072280374
        ]
      },
      "properties": {
        "confidence": 0.773083508014679,
        "image": "DJI_20250701153145_0004_W.JPG"
      }
    },
    {
      "type": "Feature",
      "geometry": {
        "type": "Point",
        "coordinates": [
          -0.5245742915461884,
          53.268060006377524
        ]
      },
      "properties": {
        "confidence": 0.7459021210670471,
        "image": "DJI_20250701153145_0004_W.JPG"
      }
    },
    {
      "type": "Feature",
      "geometry": {
        "type": "Point",
        "coordinates": [
          -0.5243614256382492,
          53.26817232075659
        ]
      },
      "properties": {
        "confidence": 0.7189406752586365,
        "image": "DJI_20250701153145_0004_W.JPG"
      }
    },
    {
      "type": "Feature",
      "geometry": {
        "type": "Point",
        "coordinates": [
          -0.5243561535025044,
          53.268146544835425
        ]
      },
      "properties": {
        "confidence": 0.7083587646484375,
        "image": "DJI_20250701153145_0004_W.JPG"
      }
    },
    {
      "type": "Feature",
      "geometry": {
        "type": "Point",
        "coordinates": [
          -0.5242975889384818,
          53.26804759132305
        ]
      },
      "properties": {
        "confidence": 0.6995715498924255,
        "image": "DJI_20250701153145_0004_W.JPG"
      }
    },
    {
      "type": "Feature",
      "geometry": {
        "type": "Point",
        "coordinates": [
          -0.524436271733986,
          53.268137615178816
        ]
      },
      "properties": {
        "confidence": 0.6829122304916382,
        "image": "DJI_20250701153145_0004_W.JPG"
      }
    },
    {
      "type": "Feature",
      "geometry": {
        "type": "Point",
        "coordinates": [
          -0.5245730109535698,
          53.26805404236
        ]
      },
      "properties": {
        "confidence": 0.6714349389076233,
        "image": "DJI_20250701153145_0004_W.JPG"
      }
    },
    {
      "type": "Feature",
      "geometry": {
        "type": "Point",
        "coordinates": [
          -0.5243895180115621,
          53.26811624260712
        ]
      },
      "properties": {
        "confidence": 0.5870137214660645,
        "image": "DJI_20250701153145_0004_W.JPG"
      }
    },
    {
      "type": "Feature",
      "geometry": {
        "type": "Point",
        "coordinates": [
          -0.5244381090918075,
          53.26815043392078
        ]
      },
      "properties": {
        "confidence": 0.566697359085083,
        "image": "DJI_20250701153145_0004_W.JPG"
      }
    },
    {
      "type": "Feature",
      "geometry": {
        "type": "Point",
        "coordinates": [
          -0.524335217999229,
          53.26805576080022
        ]
      },
      "properties": {
        "confidence": 0.5162251591682434,
        "image": "DJI_20250701153145_0004_W.JPG"
      }
    },
    {
      "type": "Feature",
      "geometry": {
        "type": "Point",
        "coordinates": [
          -0.5243543618999501,
          53.26813261771677
        ]
      },
      "properties": {
        "confidence": 0.5129704475402832,
        "image": "DJI_20250701153145_0004_W.JPG"
      }
    },
    {
      "type": "Feature",
      "geometry": {
        "type": "Point",
        "coordinates": [
          -0.5242459654461982,
          53.26809341808524
        ]
      },
      "properties": {
        "confidence": 0.9517844915390015,
        "image": "DJI_20250701153212_0014_W.JPG"
      }
    },
    {
      "type": "Feature",
      "geometry": {
        "type": "Point",
        "coordinates": [
          -0.5245691918454499,
          53.26812605083218
        ]
      },
      "properties": {
        "confidence": 0.9377669095993042,
        "image": "DJI_20250701153212_0014_W.JPG"
      }
    },
    {
      "type": "Feature",
      "geometry": {
        "type": "Point",
        "coordinates": [
          -0.5242720884710055,
          53.268193785244264
        ]
      },
      "properties": {
        "confidence": 0.8579086661338806,
        "image": "DJI_20250701153212_0014_W.JPG"
      }
    },
    {
      "type": "Feature",
      "geometry": {
        "type": "Point",
        "coordinates": [
          -0.5245573289401162,
          53.2680894526333
        ]
      },
      "properties": {
        "confidence": 0.8221368193626404,
        "image": "DJI_20250701153212_0014_W.JPG"
      }
    },
    {
      "type": "Feature",
      "geometry": {
        "type": "Point",
        "coordinates": [
          -0.5243347439317955,
          53.268135458799506
        ]
      },
      "properties": {
        "confidence": 0.8052352070808411,
        "image": "DJI_20250701153212_0014_W.JPG"
      }
    },
    {
      "type": "Feature",
      "geometry": {
        "type": "Point",
        "coordinates": [
          -0.5245940077898719,
          53.26806463173823
        ]
      },
      "properties": {
        "confidence": 0.7194483280181885,
        "image": "DJI_20250701153212_0014_W.JPG"
      }
    },
    {
      "type": "Feature",
      "geometry": {
        "type": "Point",
        "coordinates": [
          -0.5246129026915544,
          53.26813509663886
        ]
      },
      "properties": {
        "confidence": 0.710851788520813,
        "image": "DJI_20250701153212_0014_W.JPG"
      }
    },
    {
      "type": "Feature",
      "geometry": {
        "type": "Point",
        "coordinates": [
          -0.5242682122012653,
          53.26818216110917
        ]
      },
      "properties": {
        "confidence": 0.7106273770332336,
        "image": "DJI_20250701153212_0014_W.JPG"
      }
    },
    {
      "type": "Feature",
      "geometry": {
        "type": "Point",
        "coordinates": [
          -0.5245842875870236,
          53.26803336992737
        ]
      },
      "properties": {
        "confidence": 0.7100449204444885,
        "image": "DJI_20250701153212_0014_W.JPG"
      }
    },
    {
      "type": "Feature",
      "geometry": {
        "type": "Point",
        "coordinates": [
          -0.5243749166405721,
          53.26813092475061
        ]
      },
      "properties": {
        "confidence": 0.7013490200042725,
        "image": "DJI_20250701153212_0014_W.JPG"
      }
    },
    {
      "type": "Feature",
      "geometry": {
        "type": "Point",
        "coordinates": [
          -0.5246080499650347,
          53.26811501150156
        ]
      },
      "properties": {
        "confidence": 0.6976711750030518,
        "image": "DJI_20250701153212_0014_W.JPG"
      }
    },
    {
      "type": "Feature",
      "geometry": {
        "type": "Point",
        "coordinates": [
          -0.5243481822469452,
          53.26818799942577
        ]
      },
      "properties": {
        "confidence": 0.6668546795845032,
        "image": "DJI_20250701153212_0014_W.JPG"
      }
    },
    {
      "type": "Feature",
      "geometry": {
        "type": "Point",
        "coordinates": [
          -0.5245650807786,
          53.26811407837321
        ]
      },
      "properties": {
        "confidence": 0.6587611436843872,
        "image": "DJI_20250701153212_0014_W.JPG"
      }
    },
    {
      "type": "Feature",
      "geometry": {
        "type": "Point",
        "coordinates": [
          -0.5242414965612707,
          53.268081933698
        ]
      },
      "properties": {
        "confidence": 0.6343836784362793,
        "image": "DJI_20250701153212_0014_W.JPG"
      }
    },
    {
      "type": "Feature",
      "geometry": {
        "type": "Point",
        "coordinates": [
          -0.5243162911988246,
          53.26805935666431
        ]
      },
      "properties": {
        "confidence": 0.6148157119750977,
        "image": "DJI_20250701153212_0014_W.JPG"
      }
    },
    {
      "type": "Feature",
      "geometry": {
        "type": "Point",
        "coordinates": [
          -0.5245783728532539,
          53.26815285669438
        ]
      },
      "properties": {
        "confidence": 0.6136247515678406,
        "image": "DJI_20250701153212_0014_W.JPG"
      }
    },
    {
      "type": "Feature",
      "geometry": {
        "type": "Point",
        "coordinates": [
          -0.524331501751563,
          53.268122497804875
        ]
      },
      "properties": {
        "confidence": 0.5967220664024353,
        "image": "DJI_20250701153212_0014_W.JPG"
      }
    },
    {
      "type": "Feature",
      "geometry": {
        "type": "Point",
        "coordinates": [
          -0.5245910580617513,
          53.268059176953194
        ]
      },
      "properties": {
        "confidence": 0.5772034525871277,
        "image": "DJI_20250701153212_0014_W.JPG"
      }
    },
    {
      "type": "Feature",
      "geometry": {
        "type": "Point",
        "coordinates": [
          -0.5243243460332496,
          53.26809084496846
        ]
      },
      "properties": {
        "confidence": 0.5706072449684143,
        "image": "DJI_20250701153212_0014_W.JPG"
      }
    },
    {
      "type": "Feature",
      "geometry": {
        "type": "Point",
        "coordinates": [
          -0.5246093336237354,
          53.268122070249625
        ]
      },
      "properties": {
        "confidence": 0.5308721661567688,
        "image": "DJI_20250701153212_0014_W.JPG"
      }
    },
    {
      "type": "Feature",
      "geometry": {
        "type": "Point",
        "coordinates": [
          -0.5244130675648413,
          53.26812435032728
        ]
      },
      "properties": {
        "confidence": 0.5232023596763611,
        "image": "DJI_20250701153212_0014_W.JPG"
      }
    },
    {
      "type": "Feature",
      "geometry": {
        "type": "Point",
        "coordinates": [
          -0.5245139688732432,
          53.268073675051596
        ]
      },
      "properties": {
        "confidence": 0.5153225064277649,
        "image": "DJI_20250701153212_0014_W.JPG"
      }
    },
    {
      "type": "Feature",
      "geometry": {
        "type": "Point",
        "coordinates": [
          -0.5246206025118886,
          53.26816156313581
        ]
      },
      "properties": {
        "confidence": 0.5135043859481812,
        "image": "DJI_20250701153212_0014_W.JPG"
      }
    },
    {
      "type": "Feature",
      "geometry": {
        "type": "Point",
        "coordinates": [
          -0.524278100903225,
          53.26806299579014
        ]
      },
      "properties": {
        "confidence": 0.5007435083389282,
        "image": "DJI_20250701153212_0014_W.JPG"
      }
    },
    {
      "type": "Feature",
      "geometry": {
        "type": "Point",
        "coordinates": [
          -0.5242951724832522,
          53.268179108355426
        ]
      },
      "properties": {
        "confidence": 0.9796324968338013,
        "image": "DJI_20250701153228_0020_W.JPG"
      }
    },
    {
      "type": "Feature",
      "geometry": {
        "type": "Point",
        "coordinates": [
          -0.5242370028003909,
          53.268069427429765
        ]
      },
      "properties": {
        "confidence": 0.9716598987579346,
        "image": "DJI_20250701153228_0020_W.JPG"
      }
    },
    {
      "type": "Feature",
      "geometry": {
        "type": "Point",
        "coordinates": [
          -0.524276761865918,
          53.26808288253239
        ]
      },
      "properties": {
        "confidence": 0.9214143753051758,
        "image": "DJI_20250701153228_0020_W.JPG"
      }
    },
    {
      "type": "Feature",
      "geometry": {
        "type": "Point",
        "coordinates": [
          -0.5243254644088153,
          53.2681296436256
        ]
      },
      "properties": {
        "confidence": 0.8931494355201721,
        "image": "DJI_20250701153228_0020_W.JPG"
      }
    },
    {
      "type": "Feature",
      "geometry": {
        "type": "Point",
        "coordinates": [
          -0.5242733463714853,
          53.268064776637345
        ]
      },
      "properties": {
        "confidence": 0.8905330896377563,
        "image": "DJI_20250701153228_0020_W.JPG"
      }
    },
    {
      "type": "Feature",
      "geometry": {
        "type": "Point",
        "coordinates": [
          -0.5242750809312534,
          53.26807798501203
        ]
      },
      "properties": {
        "confidence": 0.8773263096809387,
        "image": "DJI_20250701153228_0020_W.JPG"
      }
    },
    {
      "type": "Feature",
      "geometry": {
        "type": "Point",
        "coordinates": [
          -0.5242401220084156,
          53.26809210648293
        ]
      },
      "properties": {
        "confidence": 0.8493643999099731,
        "image": "DJI_20250701153228_0020_W.JPG"
      }
    },
    {
      "type": "Feature",
      "geometry": {
        "type": "Point",
        "coordinates": [
          -0.5242426401555534,
          53.26810578575765
        ]
      },
      "properties": {
        "confidence": 0.8353095650672913,
        "image": "DJI_20250701153228_0020_W.JPG"
      }
    },
    {
      "type": "Feature",
      "geometry": {
        "type": "Point",
        "coordinates": [
          -0.5245622771024768,
          53.26812873691501
        ]
      },
      "properties": {
        "confidence": 0.7842061519622803,
        "image": "DJI_20250701153228_0020_W.JPG"
      }
    },
    {
      "type": "Feature",
      "geometry": {
        "type": "Point",
        "coordinates": [
          -0.5243110703468008,
          53.26806052347605
        ]
      },
      "properties": {
        "confidence": 0.7584653496742249,
        "image": "DJI_20250701153228_0020_W.JPG"
      }
    },
    {
      "type": "Feature",
      "geometry": {
        "type": "Point",
        "coordinates": [
          -0.5242567765584745,
          53.268182309813305
        ]
      },
      "properties": {
        "confidence": 0.6964817047119141,
        "image": "DJI_20250701153228_0020_W.JPG"
      }
    },
    {
      "type": "Feature",
      "geometry": {
        "type": "Point",
        "coordinates": [
          -0.5242790653689767,
          53.26808959394917
        ]
      },
      "properties": {
        "confidence": 0.6398248076438904,
        "image": "DJI_20250701153228_0020_W.JPG"
      }
    },
    {
      "type": "Feature",
      "geometry": {
        "type": "Point",
        "coordinates": [
          -0.5245670945086377,
          53.26814005455916
        ]
      },
      "properties": {
        "confidence": 0.5961357355117798,
        "image": "DJI_20250701153228_0020_W.JPG"
      }
    },
    {
      "type": "Feature",
      "geometry": {
        "type": "Point",
        "coordinates": [
          -0.5245152092243703,
          53.26810757810038
        ]
      },
      "properties": {
        "confidence": 0.5876081585884094,
        "image": "DJI_20250701153228_0020_W.JPG"
      }
    },
    {
      "type": "Feature",
      "geometry": {
        "type": "Point",
        "coordinates": [
          -0.5245187653631124,
          53.268120657363184
        ]
      },
      "properties": {
        "confidence": 0.5815750360488892,
        "image": "DJI_20250701153228_0020_W.JPG"
      }
    },
    {
      "type": "Feature",
      "geometry": {
        "type": "Point",
        "coordinates": [
          -0.5246076200417275,
          53.2681439639318
        ]
      },
      "properties": {
        "confidence": 0.5669165253639221,
        "image": "DJI_20250701153228_0020_W.JPG"
      }
    },
    {
      "type": "Feature",
      "geometry": {
        "type": "Point",
        "coordinates": [
          -0.5243356819575438,
          53.26817526935989
        ]
      },
      "properties": {
        "confidence": 0.5349027514457703,
        "image": "DJI_20250701153228_0020_W.JPG"
      }
    },
    {
      "type": "Feature",
      "geometry": {
        "type": "Point",
        "coordinates": [
          -0.524329755893041,
          53.26811266737776
        ]
      },
      "properties": {
        "confidence": 0.9474947452545166,
        "image": "DJI_20250701153209_0013_W.JPG"
      }
    },
    {
      "type": "Feature",
      "geometry": {
        "type": "Point",
        "coordinates": [
          -0.5243324862692059,
          53.2681247450185
        ]
      },
      "properties": {
        "confidence": 0.8966569900512695,
        "image": "DJI_20250701153209_0013_W.JPG"
      }
    },
    {
      "type": "Feature",
      "geometry": {
        "type": "Point",
        "coordinates": [
          -0.5242643425762796,
          53.26815723840005
        ]
      },
      "properties": {
        "confidence": 0.8907917141914368,
        "image": "DJI_20250701153209_0013_W.JPG"
      }
    },
    {
      "type": "Feature",
      "geometry": {
        "type": "Point",
        "coordinates": [
          -0.5245924168914359,
          53.26806095723018
        ]
      },
      "properties": {
        "confidence": 0.8854827880859375,
        "image": "DJI_20250701153209_0013_W.JPG"
      }
    },
    {
      "type": "Feature",
      "geometry": {
        "type": "Point",
        "coordinates": [
          -0.5242504813310153,
          53.26810696284871
        ]
      },
      "properties": {
        "confidence": 0.8671416640281677,
        "image": "DJI_20250701153209_0013_W.JPG"
      }
    },
    {
      "type": "Feature",
      "geometry": {
        "type": "Point",
        "coordinates": [
          -0.5243069716175572,
          53.268180223747244
        ]
      },
      "properties": {
        "confidence": 0.8642513155937195,
        "image": "DJI_20250701153209_0013_W.JPG"
      }
    },
    {
      "type": "Feature",
      "geometry": {
        "type": "Point",
        "coordinates": [
          -0.5245531400717183,
          53.26807211805024
        ]
      },
      "properties": {
        "confidence": 0.8516744375228882,
        "image": "DJI_20250701153209_0013_W.JPG"
      }
    },
    {
      "type": "Feature",
      "geometry": {
        "type": "Point",
        "coordinates": [
          -0.5242442238150815,
          53.268083422671296
        ]
      },
      "properties": {
        "confidence": 0.8349179625511169,
        "image": "DJI_20250701153209_0013_W.JPG"
      }
    },
    {
      "type": "Feature",
      "geometry": {
        "type": "Point",
        "coordinates": [
          -0.524587076292871,
          53.2680414729769
        ]
      },
      "properties": {
        "confidence": 0.8347010016441345,
        "image": "DJI_20250701153209_0013_W.JPG"
      }
    },
    {
      "type": "Feature",
      "geometry": {
        "type": "Point",
        "coordinates": [
          -0.5245795746452983,
          53.268155243451446
        ]
      },
      "properties": {
        "confidence": 0.8263192772865295,
        "image": "DJI_20250701153209_0013_W.JPG"
      }
    },
    {
      "type": "Feature",
      "geometry": {
        "type": "Point",
        "coordinates": [
          -0.5245949463106977,
          53.26806662657003
        ]
      },
      "properties": {
        "confidence": 0.8190211653709412,
        "image": "DJI_20250701153209_0013_W.JPG"
      }
    },
    {
      "type": "Feature",
      "geometry": {
        "type": "Point",
        "coordinates": [
          -0.524414671058866,
          53.2681302142193
        ]
      },
      "properties": {
        "confidence": 0.7879095077514648,
        "image": "DJI_20250701153209_0013_W.JPG"
      }
    },
    {
      "type": "Feature",
      "geometry": {
        "type": "Point",
        "coordinates": [
          -0.5243490764893793,
          53.268189851702786
        ]
      },
      "properties": {
        "confidence": 0.7819323539733887,
        "image": "DJI_20250701153209_0013_W.JPG"
      }
    },
    {
      "type": "Feature",
      "geometry": {
        "type": "Point",
        "coordinates": [
          -0.5242460759238766,
          53.268095754889515
        ]
      },
      "properties": {
        "confidence": 0.756203293800354,
        "image": "DJI_20250701153209_0013_W.JPG"
      }
    },
    {
      "type": "Feature",
      "geometry": {
        "type": "Point",
        "coordinates": [
          -0.5243098242493714,
          53.26819284217787
        ]
      },
      "properties": {
        "confidence": 0.7452986240386963,
        "image": "DJI_20250701153209_0013_W.JPG"
      }
    },
    {
      "type": "Feature",
      "geometry": {
        "type": "Point",
        "coordinates": [
          -0.5243175289268671,
          53.26806134188158
        ]
      },
      "properties": {
        "confidence": 0.7388929724693298,
        "image": "DJI_20250701153209_0013_W.JPG"
      }
    },
    {
      "type": "Feature",
      "geometry": {
        "type": "Point",
        "coordinates": [
          -0.5246220167710977,
          53.26816429346
        ]
      },
      "properties": {
        "confidence": 0.7143210172653198,
        "image": "DJI_20250701153209_0013_W.JPG"
      }
    },
    {
      "type": "Feature",
      "geometry": {
        "type": "Point",
        "coordinates": [
          -0.5242825788130341,
          53.26807784314983
        ]
      },
      "properties": {
        "confidence": 0.6777719855308533,
        "image": "DJI_20250701153209_0013_W.JPG"
      }
    },
    {
      "type": "Feature",
      "geometry": {
        "type": "Point",
        "coordinates": [
          -0.5243756331165581,
          53.26813346270363
        ]
      },
      "properties": {
        "confidence": 0.6756421327590942,
        "image": "DJI_20250701153209_0013_W.JPG"
      }
    },
    {
      "type": "Feature",
      "geometry": {
        "type": "Point",
        "coordinates": [
          -0.5243353796529032,
          53.26813754371241
        ]
      },
      "properties": {
        "confidence": 0.6705995202064514,
        "image": "DJI_20250701153209_0013_W.JPG"
      }
    },
    {
      "type": "Feature",
      "geometry": {
        "type": "Point",
        "coordinates": [
          -0.5242781129786989,
          53.26806498804959
        ]
      },
      "properties": {
        "confidence": 0.6650255918502808,
        "image": "DJI_20250701153209_0013_W.JPG"
      }
    },
    {
      "type": "Feature",
      "geometry": {
        "type": "Point",
        "coordinates": [
          -0.524613841114148,
          53.26813778789216
        ]
      },
      "properties": {
        "confidence": 0.634231448173523,
        "image": "DJI_20250701153209_0013_W.JPG"
      }
    },
    {
      "type": "Feature",
      "geometry": {
        "type": "Point",
        "coordinates": [
          -0.5242423520309729,
          53.268069623575336
        ]
      },
      "properties": {
        "confidence": 0.6333316564559937,
        "image": "DJI_20250701153209_0013_W.JPG"
      }
    },
    {
      "type": "Feature",
      "geometry": {
        "type": "Point",
        "coordinates": [
          -0.5243589094018227,
          53.268069835282795
        ]
      },
      "properties": {
        "confidence": 0.6219783425331116,
        "image": "DJI_20250701153209_0013_W.JPG"
      }
    },
    {
      "type": "Feature",
      "geometry": {
        "type": "Point",
        "coordinates": [
          -0.5245661574669793,
          53.268115211272956
        ]
      },
      "properties": {
        "confidence": 0.6156915426254272,
        "image": "DJI_20250701153209_0013_W.JPG"
      }
    },
    {
      "type": "Feature",
      "geometry": {
        "type": "Point",
        "coordinates": [
          -0.524558705506268,
          53.26809121700554
        ]
      },
      "properties": {
        "confidence": 0.5781896710395813,
        "image": "DJI_20250701153209_0013_W.JPG"
      }
    },
    {
      "type": "Feature",
      "geometry": {
        "type": "Point",
        "coordinates": [
          -0.5245958006989859,
          53.268073165591424
        ]
      },
      "properties": {
        "confidence": 0.5440323352813721,
        "image": "DJI_20250701153209_0013_W.JPG"
      }
    },
    {
      "type": "Feature",
      "geometry": {
        "type": "Point",
        "coordinates": [
          -0.5243434738060867,
          53.268163688753674
        ]
      },
      "properties": {
        "confidence": 0.5112825632095337,
        "image": "DJI_20250701153209_0013_W.JPG"
      }
    },
    {
      "type": "Feature",
      "geometry": {
        "type": "Point",
        "coordinates": [
          -0.5243452332245035,
          53.26809501170445
        ]
      },
      "properties": {
        "confidence": 0.9702425003051758,
        "image": "DJI_20250701153154_0007_W.JPG"
      }
    },
    {
      "type": "Feature",
      "geometry": {
        "type": "Point",
        "coordinates": [
          -0.5243753653160942,
          53.26805267477436
        ]
      },
      "properties": {
        "confidence": 0.9469854235649109,
        "image": "DJI_20250701153154_0007_W.JPG"
      }
    },
    {
      "type": "Feature",
      "geometry": {
        "type": "Point",
        "coordinates": [
          -0.5243126086586745,
          53.26812440875594
        ]
      },
      "properties": {
        "confidence": 0.9349727034568787,
        "image": "DJI_20250701153154_0007_W.JPG"
      }
    },
    {
      "type": "Feature",
      "geometry": {
        "type": "Point",
        "coordinates": [
          -0.5243940151463429,
          53.268131375461564
        ]
      },
      "properties": {
        "confidence": 0.9337313771247864,
        "image": "DJI_20250701153154_0007_W.JPG"
      }
    },
    {
      "type": "Feature",
      "geometry": {
        "type": "Point",
        "coordinates": [
          -0.5243104876237835,
          53.26811171283786
        ]
      },
      "properties": {
        "confidence": 0.8946487903594971,
        "image": "DJI_20250701153154_0007_W.JPG"
      }
    },
    {
      "type": "Feature",
      "geometry": {
        "type": "Point",
        "coordinates": [
          -0.5243905386367302,
          53.268118244418126
        ]
      },
      "properties": {
        "confidence": 0.8766246438026428,
        "image": "DJI_20250701153154_0007_W.JPG"
      }
    },
    {
      "type": "Feature",
      "geometry": {
        "type": "Point",
        "coordinates": [
          -0.5244045795680901,
          53.268168733168025
        ]
      },
      "properties": {
        "confidence": 0.8677965402603149,
        "image": "DJI_20250701153154_0007_W.JPG"
      }
    },
    {
      "type": "Feature",
      "geometry": {
        "type": "Point",
        "coordinates": [
          -0.5245868687479178,
          53.268105187605485
        ]
      },
      "properties": {
        "confidence": 0.8341421484947205,
        "image": "DJI_20250701153154_0007_W.JPG"
      }
    },
    {
      "type": "Feature",
      "geometry": {
        "type": "Point",
        "coordinates": [
          -0.5245745900902626,
          53.26806006642646
        ]
      },
      "properties": {
        "confidence": 0.7664104104042053,
        "image": "DJI_20250701153154_0007_W.JPG"
      }
    },
    {
      "type": "Feature",
      "geometry": {
        "type": "Point",
        "coordinates": [
          -0.5245910766106244,
          53.26812524692151
        ]
      },
      "properties": {
        "confidence": 0.7617111206054688,
        "image": "DJI_20250701153154_0007_W.JPG"
      }
    },
    {
      "type": "Feature",
      "geometry": {
        "type": "Point",
        "coordinates": [
          -0.5243257103196406,
          53.268161915757425
        ]
      },
      "properties": {
        "confidence": 0.7551637887954712,
        "image": "DJI_20250701153154_0007_W.JPG"
      }
    },
    {
      "type": "Feature",
      "geometry": {
        "type": "Point",
        "coordinates": [
          -0.5243847239544458,
          53.268091516262
        ]
      },
      "properties": {
        "confidence": 0.7068225145339966,
        "image": "DJI_20250701153154_0007_W.JPG"
      }
    },
    {
      "type": "Feature",
      "geometry": {
        "type": "Point",
        "coordinates": [
          -0.5244609306609768,
          53.26807041394549
        ]
      },
      "properties": {
        "confidence": 0.7065300345420837,
        "image": "DJI_20250701153154_0007_W.JPG"
      }
    },
    {
      "type": "Feature",
      "geometry": {
        "type": "Point",
        "coordinates": [
          -0.524401976219841,
          53.26815663076242
        ]
      },
      "properties": {
        "confidence": 0.6885799169540405,
        "image": "DJI_20250701153154_0007_W.JPG"
      }
    },
    {
      "type": "Feature",
      "geometry": {
        "type": "Point",
        "coordinates": [
          -0.5243162588785117,
          53.26813826075506
        ]
      },
      "properties": {
        "confidence": 0.6677088141441345,
        "image": "DJI_20250701153154_0007_W.JPG"
      }
    },
    {
      "type": "Feature",
      "geometry": {
        "type": "Point",
        "coordinates": [
          -0.5244117509757712,
          53.268036292249
        ]
      },
      "properties": {
        "confidence": 0.6515147686004639,
        "image": "DJI_20250701153154_0007_W.JPG"
      }
    },
    {
      "type": "Feature",
      "geometry": {
        "type": "Point",
        "coordinates": [
          -0.5243868861117726,
          53.268105680489306
        ]
      },
      "properties": {
        "confidence": 0.6469216346740723,
        "image": "DJI_20250701153154_0007_W.JPG"
      }
    },
    {
      "type": "Feature",
      "geometry": {
        "type": "Point",
        "coordinates": [
          -0.5244400897612833,
          53.26815261007515
        ]
      },
      "properties": {
        "confidence": 0.6446161866188049,
        "image": "DJI_20250701153154_0007_W.JPG"
      }
    },
    {
      "type": "Feature",
      "geometry": {
        "type": "Point",
        "coordinates": [
          -0.5243607381994756,
          53.268146386177015
        ]
      },
      "properties": {
        "confidence": 0.6338678002357483,
        "image": "DJI_20250701153154_0007_W.JPG"
      }
    },
    {
      "type": "Feature",
      "geometry": {
        "type": "Point",
        "coordinates": [
          -0.5243402265622484,
          53.26806904182777
        ]
      },
      "properties": {
        "confidence": 0.6196821331977844,
        "image": "DJI_20250701153154_0007_W.JPG"
      }
    },
    {
      "type": "Feature",
      "geometry": {
        "type": "Point",
        "coordinates": [
          -0.5243426733038106,
          53.26808308953777
        ]
      },
      "properties": {
        "confidence": 0.6173872947692871,
        "image": "DJI_20250701153154_0007_W.JPG"
      }
    },
    {
      "type": "Feature",
      "geometry": {
        "type": "Point",
        "coordinates": [
          -0.5243477783467791,
          53.26810297954077
        ]
      },
      "properties": {
        "confidence": 0.6112487316131592,
        "image": "DJI_20250701153154_0007_W.JPG"
      }
    },
    {
      "type": "Feature",
      "geometry": {
        "type": "Point",
        "coordinates": [
          -0.5244442657220351,
          53.26816604880072
        ]
      },
      "properties": {
        "confidence": 0.5922979712486267,
        "image": "DJI_20250701153154_0007_W.JPG"
      }
    },
    {
      "type": "Feature",
      "geometry": {
        "type": "Point",
        "coordinates": [
          -0.524461067859006,
          53.26806709045134
        ]
      },
      "properties": {
        "confidence": 0.5848883390426636,
        "image": "DJI_20250701153154_0007_W.JPG"
      }
    },
    {
      "type": "Feature",
      "geometry": {
        "type": "Point",
        "coordinates": [
          -0.524381247444833,
          53.268078385218566
        ]
      },
      "properties": {
        "confidence": 0.5702261924743652,
        "image": "DJI_20250701153154_0007_W.JPG"
      }
    },
    {
      "type": "Feature",
      "geometry": {
        "type": "Point",
        "coordinates": [
          -0.5243556890773603,
          53.268131918813616
        ]
      },
      "properties": {
        "confidence": 0.5495403409004211,
        "image": "DJI_20250701153154_0007_W.JPG"
      }
    },
    {
      "type": "Feature",
      "geometry": {
        "type": "Point",
        "coordinates": [
          -0.5243242254431968,
          53.26802598928951
        ]
      },
      "properties": {
        "confidence": 0.5269094109535217,
        "image": "DJI_20250701153154_0007_W.JPG"
      }
    },
    {
      "type": "Feature",
      "geometry": {
        "type": "Point",
        "coordinates": [
          -0.5243640386937435,
          53.26816008433507
        ]
      },
      "properties": {
        "confidence": 0.5211877822875977,
        "image": "DJI_20250701153154_0007_W.JPG"
      }
    },
    {
      "type": "Feature",
      "geometry": {
        "type": "Point",
        "coordinates": [
          -0.5243862587173286,
          53.26810177895464
        ]
      },
      "properties": {
        "confidence": 0.5031139254570007,
        "image": "DJI_20250701153154_0007_W.JPG"
      }
    },
    {
      "type": "Feature",
      "geometry": {
        "type": "Point",
        "coordinates": [
          -0.5244503585021895,
          53.26812612584898
        ]
      },
      "properties": {
        "confidence": 0.9951918125152588,
        "image": "DJI_20250701153340_0047_W.JPG"
      }
    },
    {
      "type": "Feature",
      "geometry": {
        "type": "Point",
        "coordinates": [
          -0.5245894283010284,
          53.26807393129721
        ]
      },
      "properties": {
        "confidence": 0.9877327680587769,
        "image": "DJI_20250701153340_0047_W.JPG"
      }
    },
    {
      "type": "Feature",
      "geometry": {
        "type": "Point",
        "coordinates": [
          -0.5244764337367512,
          53.26807061708288
        ]
      },
      "properties": {
        "confidence": 0.9841375350952148,
        "image": "DJI_20250701153340_0047_W.JPG"
      }
    },
    {
      "type": "Feature",
      "geometry": {
        "type": "Point",
        "coordinates": [
          -0.5245265442681618,
          53.268118952155156
        ]
      },
      "properties": {
        "confidence": 0.979656457901001,
        "image": "DJI_20250701153340_0047_W.JPG"
      }
    },
    {
      "type": "Feature",
      "geometry": {
        "type": "Point",
        "coordinates": [
          -0.5244646684155725,
          53.268019039654035
        ]
      },
      "properties": {
        "confidence": 0.9718653559684753,
        "image": "DJI_20250701153340_0047_W.JPG"
      }
    },
    {
      "type": "Feature",
      "geometry": {
        "type": "Point",
        "coordinates": [
          -0.5244915268346118,
          53.26813535080387
        ]
      },
      "properties": {
        "confidence": 0.9698938727378845,
        "image": "DJI_20250701153340_0047_W.JPG"
      }
    },
    {
      "type": "Feature",
      "geometry": {
        "type": "Point",
        "coordinates": [
          -0.5243528091848293,
          53.26807426691866
        ]
      },
      "properties": {
        "confidence": 0.9692376255989075,
        "image": "DJI_20250701153340_0047_W.JPG"
      }
    },
    {
      "type": "Feature",
      "geometry": {
        "type": "Point",
        "coordinates": [
          -0.5245990701643973,
          53.2681110324058
        ]
      },
      "properties": {
        "confidence": 0.9681448340415955,
        "image": "DJI_20250701153340_0047_W.JPG"
      }
    },
    {
      "type": "Feature",
      "geometry": {
        "type": "Point",
        "coordinates": [
          -0.5244636187083775,
          53.26803225988838
        ]
      },
      "properties": {
        "confidence": 0.9659649729728699,
        "image": "DJI_20250701153340_0047_W.JPG"
      }
    },
    {
      "type": "Feature",
      "geometry": {
        "type": "Point",
        "coordinates": [
          -0.5244853759357396,
          53.26810972720026
        ]
      },
      "properties": {
        "confidence": 0.9638853073120117,
        "image": "DJI_20250701153340_0047_W.JPG"
      }
    },
    {
      "type": "Feature",
      "geometry": {
        "type": "Point",
        "coordinates": [
          -0.5244399133533285,
          53.26808725690727
        ]
      },
      "properties": {
        "confidence": 0.9632707834243774,
        "image": "DJI_20250701153340_0047_W.JPG"
      }
    },
    {
      "type": "Feature",
      "geometry": {
        "type": "Point",
        "coordinates": [
          -0.5245358736282155,
          53.2681571926247
        ]
      },
      "properties": {
        "confidence": 0.9566575884819031,
        "image": "DJI_20250701153340_0047_W.JPG"
      }
    },
    {
      "type": "Feature",
      "geometry": {
        "type": "Point",
        "coordinates": [
          -0.5246033945964796,
          53.268135728428284
        ]
      },
      "properties": {
        "confidence": 0.9548065662384033,
        "image": "DJI_20250701153340_0047_W.JPG"
      }
    },
    {
      "type": "Feature",
      "geometry": {
        "type": "Point",
        "coordinates": [
          -0.5243938263736531,
          53.26807103711398
        ]
      },
      "properties": {
        "confidence": 0.9527141451835632,
        "image": "DJI_20250701153340_0047_W.JPG"
      }
    },
    {
      "type": "Feature",
      "geometry": {
        "type": "Point",
        "coordinates": [
          -0.5243286501658542,
          53.26813669832118
        ]
      },
      "properties": {
        "confidence": 0.9480879306793213,
        "image": "DJI_20250701153340_0047_W.JPG"
      }
    },
    {
      "type": "Feature",
      "geometry": {
        "type": "Point",
        "coordinates": [
          -0.5244260588338783,
          53.268036071067
        ]
      },
      "properties": {
        "confidence": 0.9391880631446838,
        "image": "DJI_20250701153340_0047_W.JPG"
      }
    },
    {
      "type": "Feature",
      "geometry": {
        "type": "Point",
        "coordinates": [
          -0.5244115265872253,
          53.26812987823591
        ]
      },
      "properties": {
        "confidence": 0.9358747005462646,
        "image": "DJI_20250701153340_0047_W.JPG"
      }
    },
    {
      "type": "Feature",
      "geometry": {
        "type": "Point",
        "coordinates": [
          -0.524519227808649,
          53.26809252027065
        ]
      },
      "properties": {
        "confidence": 0.9287827610969543,
        "image": "DJI_20250701153340_0047_W.JPG"
      }
    },
    {
      "type": "Feature",
      "geometry": {
        "type": "Point",
        "coordinates": [
          -0.5246050093223532,
          53.268146098543404
        ]
      },
      "properties": {
        "confidence": 0.9219834208488464,
        "image": "DJI_20250701153340_0047_W.JPG"
      }
    },
    {
      "type": "Feature",
      "geometry": {
        "type": "Point",
        "coordinates": [
          -0.524524943414603,
          53.268106363826654
        ]
      },
      "properties": {
        "confidence": 0.9196011424064636,
        "image": "DJI_20250701153340_0047_W.JPG"
      }
    },
    {
      "type": "Feature",
      "geometry": {
        "type": "Point",
        "coordinates": [
          -0.524388241524074,
          53.26805256219534
        ]
      },
      "properties": {
        "confidence": 0.916701078414917,
        "image": "DJI_20250701153340_0047_W.JPG"
      }
    },
    {
      "type": "Feature",
      "geometry": {
        "type": "Point",
        "coordinates": [
          -0.524495870856434,
          53.268148775950706
        ]
      },
      "properties": {
        "confidence": 0.9065676331520081,
        "image": "DJI_20250701153340_0047_W.JPG"
      }
    },
    {
      "type": "Feature",
      "geometry": {
        "type": "Point",
        "coordinates": [
          -0.5244021955871911,
          53.26810410765308
        ]
      },
      "properties": {
        "confidence": 0.903573751449585,
        "image": "DJI_20250701153340_0047_W.JPG"
      }
    },
    {
      "type": "Feature",
      "geometry": {
        "type": "Point",
        "coordinates": [
          -0.5244474509273791,
          53.26811902426223
        ]
      },
      "properties": {
        "confidence": 0.9011752605438232,
        "image": "DJI_20250701153340_0047_W.JPG"
      }
    },
    {
      "type": "Feature",
      "geometry": {
        "type": "Point",
        "coordinates": [
          -0.5242742702703714,
          53.268075207815166
        ]
      },
      "properties": {
        "confidence": 0.8949288129806519,
        "image": "DJI_20250701153340_0047_W.JPG"
      }
    },
    {
      "type": "Feature",
      "geometry": {
        "type": "Point",
        "coordinates": [
          -0.5244972228508258,
          53.268160465235525
        ]
      },
      "properties": {
        "confidence": 0.8869544863700867,
        "image": "DJI_20250701153340_0047_W.JPG"
      }
    },
    {
      "type": "Feature",
      "geometry": {
        "type": "Point",
        "coordinates": [
          -0.5242709141396943,
          53.268062516171995
        ]
      },
      "properties": {
        "confidence": 0.883757472038269,
        "image": "DJI_20250701153340_0047_W.JPG"
      }
    },
    {
      "type": "Feature",
      "geometry": {
        "type": "Point",
        "coordinates": [
          -0.5245186715542259,
          53.268079736147854
        ]
      },
      "properties": {
        "confidence": 0.8801299333572388,
        "image": "DJI_20250701153340_0047_W.JPG"
      }
    },
    {
      "type": "Feature",
      "geometry": {
        "type": "Point",
        "coordinates": [
          -0.5243991236058337,
          53.26809074129793
        ]
      },
      "properties": {
        "confidence": 0.8709717988967896,
        "image": "DJI_20250701153340_0047_W.JPG"
      }
    },
    {
      "type": "Feature",
      "geometry": {
        "type": "Point",
        "coordinates": [
          -0.5244115781871569,
          53.268141973378015
        ]
      },
      "properties": {
        "confidence": 0.8614872694015503,
        "image": "DJI_20250701153340_0047_W.JPG"
      }
    },
    {
      "type": "Feature",
      "geometry": {
        "type": "Point",
        "coordinates": [
          -0.5244482958298151,
          53.26811413745521
        ]
      },
      "properties": {
        "confidence": 0.8532739877700806,
        "image": "DJI_20250701153340_0047_W.JPG"
      }
    },
    {
      "type": "Feature",
      "geometry": {
        "type": "Point",
        "coordinates": [
          -0.5245340932770629,
          53.26813261418559
        ]
      },
      "properties": {
        "confidence": 0.8491796255111694,
        "image": "DJI_20250701153340_0047_W.JPG"
      }
    },
    {
      "type": "Feature",
      "geometry": {
        "type": "Point",
        "coordinates": [
          -0.5243463625136692,
          53.268043038131495
        ]
      },
      "properties": {
        "confidence": 0.8477432131767273,
        "image": "DJI_20250701153340_0047_W.JPG"
      }
    },
    {
      "type": "Feature",
      "geometry": {
        "type": "Point",
        "coordinates": [
          -0.5243845086365675,
          53.26803907653998
        ]
      },
      "properties": {
        "confidence": 0.8460251688957214,
        "image": "DJI_20250701153340_0047_W.JPG"
      }
    },
    {
      "type": "Feature",
      "geometry": {
        "type": "Point",
        "coordinates": [
          -0.5245760037783196,
          53.268023164724525
        ]
      },
      "properties": {
        "confidence": 0.8452662229537964,
        "image": "DJI_20250701153340_0047_W.JPG"
      }
    },
    {
      "type": "Feature",
      "geometry": {
        "type": "Point",
        "coordinates": [
          -0.5244728832055511,
          53.26806459520699
        ]
      },
      "properties": {
        "confidence": 0.8323055505752563,
        "image": "DJI_20250701153340_0047_W.JPG"
      }
    },
    {
      "type": "Feature",
      "geometry": {
        "type": "Point",
        "coordinates": [
          -0.5243095683851627,
          53.26805868900782
        ]
      },
      "properties": {
        "confidence": 0.8290426731109619,
        "image": "DJI_20250701153340_0047_W.JPG"
      }
    },
    {
      "type": "Feature",
      "geometry": {
        "type": "Point",
        "coordinates": [
          -0.524275266925772,
          53.26808674754551
        ]
      },
      "properties": {
        "confidence": 0.8267302513122559,
        "image": "DJI_20250701153340_0047_W.JPG"
      }
    },
    {
      "type": "Feature",
      "geometry": {
        "type": "Point",
        "coordinates": [
          -0.5243274764503242,
          53.26812905559139
        ]
      },
      "properties": {
        "confidence": 0.8236402869224548,
        "image": "DJI_20250701153340_0047_W.JPG"
      }
    },
    {
      "type": "Feature",
      "geometry": {
        "type": "Point",
        "coordinates": [
          -0.5243125124688579,
          53.268072160394475
        ]
      },
      "properties": {
        "confidence": 0.8050772547721863,
        "image": "DJI_20250701153340_0047_W.JPG"
      }
    },
    {
      "type": "Feature",
      "geometry": {
        "type": "Point",
        "coordinates": [
          -0.5245602896612471,
          53.26810249471475
        ]
      },
      "properties": {
        "confidence": 0.8046273589134216,
        "image": "DJI_20250701153340_0047_W.JPG"
      }
    },
    {
      "type": "Feature",
      "geometry": {
        "type": "Point",
        "coordinates": [
          -0.5243181587132385,
          53.26809709501739
        ]
      },
      "properties": {
        "confidence": 0.7993331551551819,
        "image": "DJI_20250701153340_0047_W.JPG"
      }
    },
    {
      "type": "Feature",
      "geometry": {
        "type": "Point",
        "coordinates": [
          -0.5244833132633653,
          53.268097738806496
        ]
      },
      "properties": {
        "confidence": 0.7847416996955872,
        "image": "DJI_20250701153340_0047_W.JPG"
      }
    },
    {
      "type": "Feature",
      "geometry": {
        "type": "Point",
        "coordinates": [
          -0.5242458286243757,
          53.268130673775126
        ]
      },
      "properties": {
        "confidence": 0.7788296937942505,
        "image": "DJI_20250701153340_0047_W.JPG"
      }
    },
    {
      "type": "Feature",
      "geometry": {
        "type": "Point",
        "coordinates": [
          -0.5245656731741459,
          53.268128748507365
        ]
      },
      "properties": {
        "confidence": 0.7726055979728699,
        "image": "DJI_20250701153340_0047_W.JPG"
      }
    },
    {
      "type": "Feature",
      "geometry": {
        "type": "Point",
        "coordinates": [
          -0.5243588523851451,
          53.2680926964559
        ]
      },
      "properties": {
        "confidence": 0.7682486176490784,
        "image": "DJI_20250701153340_0047_W.JPG"
      }
    },
    {
      "type": "Feature",
      "geometry": {
        "type": "Point",
        "coordinates": [
          -0.524368266197819,
          53.26812557120073
        ]
      },
      "properties": {
        "confidence": 0.7656908631324768,
        "image": "DJI_20250701153340_0047_W.JPG"
      }
    },
    {
      "type": "Feature",
      "geometry": {
        "type": "Point",
        "coordinates": [
          -0.5242837593501615,
          53.26811232405088
        ]
      },
      "properties": {
        "confidence": 0.7433991432189941,
        "image": "DJI_20250701153340_0047_W.JPG"
      }
    },
    {
      "type": "Feature",
      "geometry": {
        "type": "Point",
        "coordinates": [
          -0.5243479384813113,
          53.26805553655563
        ]
      },
      "properties": {
        "confidence": 0.7413776516914368,
        "image": "DJI_20250701153340_0047_W.JPG"
      }
    },
    {
      "type": "Feature",
      "geometry": {
        "type": "Point",
        "coordinates": [
          -0.5245680911855116,
          53.268140886455605
        ]
      },
      "properties": {
        "confidence": 0.7403835654258728,
        "image": "DJI_20250701153340_0047_W.JPG"
      }
    },
    {
      "type": "Feature",
      "geometry": {
        "type": "Point",
        "coordinates": [
          -0.5244285266170773,
          53.268048388823985
        ]
      },
      "properties": {
        "confidence": 0.7386565804481506,
        "image": "DJI_20250701153340_0047_W.JPG"
      }
    },
    {
      "type": "Feature",
      "geometry": {
        "type": "Point",
        "coordinates": [
          -0.524332748796588,
          53.268148669870975
        ]
      },
      "properties": {
        "confidence": 0.7346500158309937,
        "image": "DJI_20250701153340_0047_W.JPG"
      }
    },
    {
      "type": "Feature",
      "geometry": {
        "type": "Point",
        "coordinates": [
          -0.5245358019192042,
          53.268014028815585
        ]
      },
      "properties": {
        "confidence": 0.7211197018623352,
        "image": "DJI_20250701153340_0047_W.JPG"
      }
    },
    {
      "type": "Feature",
      "geometry": {
        "type": "Point",
        "coordinates": [
          -0.5244310192861931,
          53.26806079648534
        ]
      },
      "properties": {
        "confidence": 0.6973190307617188,
        "image": "DJI_20250701153340_0047_W.JPG"
      }
    },
    {
      "type": "Feature",
      "geometry": {
        "type": "Point",
        "coordinates": [
          -0.5243655079385088,
          53.2681190090402
        ]
      },
      "properties": {
        "confidence": 0.6939175128936768,
        "image": "DJI_20250701153340_0047_W.JPG"
      }
    },
    {
      "type": "Feature",
      "geometry": {
        "type": "Point",
        "coordinates": [
          -0.5243056474239246,
          53.26804679223526
        ]
      },
      "properties": {
        "confidence": 0.680571973323822,
        "image": "DJI_20250701153340_0047_W.JPG"
      }
    },
    {
      "type": "Feature",
      "geometry": {
        "type": "Point",
        "coordinates": [
          -0.5242326933590459,
          53.268066208050406
        ]
      },
      "properties": {
        "confidence": 0.6678937673568726,
        "image": "DJI_20250701153340_0047_W.JPG"
      }
    },
    {
      "type": "Feature",
      "geometry": {
        "type": "Point",
        "coordinates": [
          -0.5245133343450818,
          53.26805421671733
        ]
      },
      "properties": {
        "confidence": 0.6667739748954773,
        "image": "DJI_20250701153340_0047_W.JPG"
      }
    },
    {
      "type": "Feature",
      "geometry": {
        "type": "Point",
        "coordinates": [
          -0.524492356646001,
          53.26812473865465
        ]
      },
      "properties": {
        "confidence": 0.6340720653533936,
        "image": "DJI_20250701153340_0047_W.JPG"
      }
    },
    {
      "type": "Feature",
      "geometry": {
        "type": "Point",
        "coordinates": [
          -0.5243419368979395,
          53.26803045237824
        ]
      },
      "properties": {
        "confidence": 0.6243165135383606,
        "image": "DJI_20250701153340_0047_W.JPG"
      }
    },
    {
      "type": "Feature",
      "geometry": {
        "type": "Point",
        "coordinates": [
          -0.524234496768017,
          53.26807896106052
        ]
      },
      "properties": {
        "confidence": 0.6178460121154785,
        "image": "DJI_20250701153340_0047_W.JPG"
      }
    },
    {
      "type": "Feature",
      "geometry": {
        "type": "Point",
        "coordinates": [
          -0.5245457089515192,
          53.26806569786563
        ]
      },
      "properties": {
        "confidence": 0.6098278164863586,
        "image": "DJI_20250701153340_0047_W.JPG"
      }
    },
    {
      "type": "Feature",
      "geometry": {
        "type": "Point",
        "coordinates": [
          -0.524419302006841,
          53.26816023651681
        ]
      },
      "properties": {
        "confidence": 0.5982102751731873,
        "image": "DJI_20250701153340_0047_W.JPG"
      }
    },
    {
      "type": "Feature",
      "geometry": {
        "type": "Point",
        "coordinates": [
          -0.5244654688423519,
          53.268025333818294
        ]
      },
      "properties": {
        "confidence": 0.5901976823806763,
        "image": "DJI_20250701153340_0047_W.JPG"
      }
    },
    {
      "type": "Feature",
      "geometry": {
        "type": "Point",
        "coordinates": [
          -0.5243135472731237,
          53.26807760003801
        ]
      },
      "properties": {
        "confidence": 0.5870561599731445,
        "image": "DJI_20250701153340_0047_W.JPG"
      }
    },
    {
      "type": "Feature",
      "geometry": {
        "type": "Point",
        "coordinates": [
          -0.5245949750017422,
          53.26809850630265
        ]
      },
      "properties": {
        "confidence": 0.5679511427879333,
        "image": "DJI_20250701153340_0047_W.JPG"
      }
    },
    {
      "type": "Feature",
      "geometry": {
        "type": "Point",
        "coordinates": [
          -0.52447606860289,
          53.268076102966226
        ]
      },
      "properties": {
        "confidence": 0.557705819606781,
        "image": "DJI_20250701153340_0047_W.JPG"
      }
    },
    {
      "type": "Feature",
      "geometry": {
        "type": "Point",
        "coordinates": [
          -0.5243641628802743,
          53.26810621064869
        ]
      },
      "properties": {
        "confidence": 0.5448513031005859,
        "image": "DJI_20250701153340_0047_W.JPG"
      }
    },
    {
      "type": "Feature",
      "geometry": {
        "type": "Point",
        "coordinates": [
          -0.5243732723445224,
          53.26814705920335
        ]
      },
      "properties": {
        "confidence": 0.5438551306724548,
        "image": "DJI_20250701153340_0047_W.JPG"
      }
    },
    {
      "type": "Feature",
      "geometry": {
        "type": "Point",
        "coordinates": [
          -0.5244443140831415,
          53.26809975275616
        ]
      },
      "properties": {
        "confidence": 0.5077507495880127,
        "image": "DJI_20250701153340_0047_W.JPG"
      }
    },
    {
      "type": "Feature",
      "geometry": {
        "type": "Point",
        "coordinates": [
          -0.5244074285658576,
          53.268121878463894
        ]
      },
      "properties": {
        "confidence": 0.5061359405517578,
        "image": "DJI_20250701153340_0047_W.JPG"
      }
    },
    {
      "type": "Feature",
      "geometry": {
        "type": "Point",
        "coordinates": [
          -0.5244571205353773,
          53.26815168894406
        ]
      },
      "properties": {
        "confidence": 0.50225430727005,
        "image": "DJI_20250701153340_0047_W.JPG"
      }
    },
    {
      "type": "Feature",
      "geometry": {
        "type": "Point",
        "coordinates": [
          -0.5242662610826355,
          53.26804967583276
        ]
      },
      "properties": {
        "confidence": 0.5009011030197144,
        "image": "DJI_20250701153340_0047_W.JPG"
      }
    },
    {
      "type": "Feature",
      "geometry": {
        "type": "Point",
        "coordinates": [
          -0.5245134933242223,
          53.26806207802362
        ]
      },
      "properties": {
        "confidence": 0.9439595341682434,
        "image": "DJI_20250701153230_0021_W.JPG"
      }
    },
    {
      "type": "Feature",
      "geometry": {
        "type": "Point",
        "coordinates": [
          -0.5245278460727769,
          53.268127624484904
        ]
      },
      "properties": {
        "confidence": 0.9188634157180786,
        "image": "DJI_20250701153230_0021_W.JPG"
      }
    },
    {
      "type": "Feature",
      "geometry": {
        "type": "Point",
        "coordinates": [
          -0.5244713685311193,
          53.26806789836518
        ]
      },
      "properties": {
        "confidence": 0.9163894653320312,
        "image": "DJI_20250701153230_0021_W.JPG"
      }
    },
    {
      "type": "Feature",
      "geometry": {
        "type": "Point",
        "coordinates": [
          -0.5244886212143774,
          53.26814376016679
        ]
      },
      "properties": {
        "confidence": 0.8782060742378235,
        "image": "DJI_20250701153230_0021_W.JPG"
      }
    },
    {
      "type": "Feature",
      "geometry": {
        "type": "Point",
        "coordinates": [
          -0.5245665959213671,
          53.26812391321881
        ]
      },
      "properties": {
        "confidence": 0.8445395827293396,
        "image": "DJI_20250701153230_0021_W.JPG"
      }
    },
    {
      "type": "Feature",
      "geometry": {
        "type": "Point",
        "coordinates": [
          -0.524518640877864,
          53.26808786735797
        ]
      },
      "properties": {
        "confidence": 0.8207893967628479,
        "image": "DJI_20250701153230_0021_W.JPG"
      }
    },
    {
      "type": "Feature",
      "geometry": {
        "type": "Point",
        "coordinates": [
          -0.5245891904817107,
          53.26805028077064
        ]
      },
      "properties": {
        "confidence": 0.7968192100524902,
        "image": "DJI_20250701153230_0021_W.JPG"
      }
    },
    {
      "type": "Feature",
      "geometry": {
        "type": "Point",
        "coordinates": [
          -0.5245202229175046,
          53.26810200691563
        ]
      },
      "properties": {
        "confidence": 0.7722718119621277,
        "image": "DJI_20250701153230_0021_W.JPG"
      }
    },
    {
      "type": "Feature",
      "geometry": {
        "type": "Point",
        "coordinates": [
          -0.5244828979815226,
          53.268119289123376
        ]
      },
      "properties": {
        "confidence": 0.7602424621582031,
        "image": "DJI_20250701153230_0021_W.JPG"
      }
    },
    {
      "type": "Feature",
      "geometry": {
        "type": "Point",
        "coordinates": [
          -0.5244835829472795,
          53.26811102607861
        ]
      },
      "properties": {
        "confidence": 0.7538846731185913,
        "image": "DJI_20250701153230_0021_W.JPG"
      }
    },
    {
      "type": "Feature",
      "geometry": {
        "type": "Point",
        "coordinates": [
          -0.5244696332183747,
          53.26806143953308
        ]
      },
      "properties": {
        "confidence": 0.7074310779571533,
        "image": "DJI_20250701153230_0021_W.JPG"
      }
    },
    {
      "type": "Feature",
      "geometry": {
        "type": "Point",
        "coordinates": [
          -0.5244760734997285,
          53.268080628118874
        ]
      },
      "properties": {
        "confidence": 0.6902742385864258,
        "image": "DJI_20250701153230_0021_W.JPG"
      }
    },
    {
      "type": "Feature",
      "geometry": {
        "type": "Point",
        "coordinates": [
          -0.5243327549019108,
          53.26813505854509
        ]
      },
      "properties": {
        "confidence": 0.6680074334144592,
        "image": "DJI_20250701153230_0021_W.JPG"
      }
    },
    {
      "type": "Feature",
      "geometry": {
        "type": "Point",
        "coordinates": [
          -0.524612099738126,
          53.26814661274875
        ]
      },
      "properties": {
        "confidence": 0.6195677518844604,
        "image": "DJI_20250701153230_0021_W.JPG"
      }
    },
    {
      "type": "Feature",
      "geometry": {
        "type": "Point",
        "coordinates": [
          -0.5245279417537536,
          53.268142651224586
        ]
      },
      "properties": {
        "confidence": 0.5447947382926941,
        "image": "DJI_20250701153230_0021_W.JPG"
      }
    },
    {
      "type": "Feature",
      "geometry": {
        "type": "Point",
        "coordinates": [
          -0.5244816575500351,
          53.268095116081774
        ]
      },
      "properties": {
        "confidence": 0.9857206344604492,
        "image": "DJI_20250701153321_0040_W.JPG"
      }
    },
    {
      "type": "Feature",
      "geometry": {
        "type": "Point",
        "coordinates": [
          -0.5244117216147424,
          53.26811872849126
        ]
      },
      "properties": {
        "confidence": 0.9804193377494812,
        "image": "DJI_20250701153321_0040_W.JPG"
      }
    },
    {
      "type": "Feature",
      "geometry": {
        "type": "Point",
        "coordinates": [
          -0.5243863313656218,
          53.26803912519595
        ]
      },
      "properties": {
        "confidence": 0.976891815662384,
        "image": "DJI_20250701153321_0040_W.JPG"
      }
    },
    {
      "type": "Feature",
      "geometry": {
        "type": "Point",
        "coordinates": [
          -0.5244580460350955,
          53.268023032458615
        ]
      },
      "properties": {
        "confidence": 0.9467384219169617,
        "image": "DJI_20250701153321_0040_W.JPG"
      }
    },
    {
      "type": "Feature",
      "geometry": {
        "type": "Point",
        "coordinates": [
          -0.5244973289114766,
          53.2681452203021
        ]
      },
      "properties": {
        "confidence": 0.9308990836143494,
        "image": "DJI_20250701153321_0040_W.JPG"
      }
    },
    {
      "type": "Feature",
      "geometry": {
        "type": "Point",
        "coordinates": [
          -0.5244179609669506,
          53.268152862553684
        ]
      },
      "properties": {
        "confidence": 0.9254973530769348,
        "image": "DJI_20250701153321_0040_W.JPG"
      }
    },
    {
      "type": "Feature",
      "geometry": {
        "type": "Point",
        "coordinates": [
          -0.5244591635242473,
          53.26814797348375
        ]
      },
      "properties": {
        "confidence": 0.9183555841445923,
        "image": "DJI_20250701153321_0040_W.JPG"
      }
    },
    {
      "type": "Feature",
      "geometry": {
        "type": "Point",
        "coordinates": [
          -0.5244618902556285,
          53.26803314182675
        ]
      },
      "properties": {
        "confidence": 0.820113480091095,
        "image": "DJI_20250701153321_0040_W.JPG"
      }
    },
    {
      "type": "Feature",
      "geometry": {
        "type": "Point",
        "coordinates": [
          -0.5244365007641564,
          53.2680642918909
        ]
      },
      "properties": {
        "confidence": 0.7598665952682495,
        "image": "DJI_20250701153321_0040_W.JPG"
      }
    },
    {
      "type": "Feature",
      "geometry": {
        "type": "Point",
        "coordinates": [
          -0.5244914175328892,
          53.26811114299995
        ]
      },
      "properties": {
        "confidence": 0.7242599725723267,
        "image": "DJI_20250701153321_0040_W.JPG"
      }
    },
    {
      "type": "Feature",
      "geometry": {
        "type": "Point",
        "coordinates": [
          -0.5243810572327378,
          53.26817025775771
        ]
      },
      "properties": {
        "confidence": 0.717797577381134,
        "image": "DJI_20250701153321_0040_W.JPG"
      }
    },
    {
      "type": "Feature",
      "geometry": {
        "type": "Point",
        "coordinates": [
          -0.5245010587402267,
          53.26815788552966
        ]
      },
      "properties": {
        "confidence": 0.7163397073745728,
        "image": "DJI_20250701153321_0040_W.JPG"
      }
    },
    {
      "type": "Feature",
      "geometry": {
        "type": "Point",
        "coordinates": [
          -0.5243373589345578,
          53.26816149320268
        ]
      },
      "properties": {
        "confidence": 0.6896257400512695,
        "image": "DJI_20250701153321_0040_W.JPG"
      }
    },
    {
      "type": "Feature",
      "geometry": {
        "type": "Point",
        "coordinates": [
          -0.5244695421115279,
          53.26805713186095
        ]
      },
      "properties": {
        "confidence": 0.6672790050506592,
        "image": "DJI_20250701153321_0040_W.JPG"
      }
    },
    {
      "type": "Feature",
      "geometry": {
        "type": "Point",
        "coordinates": [
          -0.5243972172262708,
          53.26806839695532
        ]
      },
      "properties": {
        "confidence": 0.6340447068214417,
        "image": "DJI_20250701153321_0040_W.JPG"
      }
    },
    {
      "type": "Feature",
      "geometry": {
        "type": "Point",
        "coordinates": [
          -0.5244205259033883,
          53.268023922640495
        ]
      },
      "properties": {
        "confidence": 0.6214673519134521,
        "image": "DJI_20250701153321_0040_W.JPG"
      }
    },
    {
      "type": "Feature",
      "geometry": {
        "type": "Point",
        "coordinates": [
          -0.5244382505140347,
          53.26807172069171
        ]
      },
      "properties": {
        "confidence": 0.5864893198013306,
        "image": "DJI_20250701153321_0040_W.JPG"
      }
    },
    {
      "type": "Feature",
      "geometry": {
        "type": "Point",
        "coordinates": [
          -0.5244493728853881,
          53.26811047745619
        ]
      },
      "properties": {
        "confidence": 0.5829533934593201,
        "image": "DJI_20250701153321_0040_W.JPG"
      }
    },
    {
      "type": "Feature",
      "geometry": {
        "type": "Point",
        "coordinates": [
          -0.5243578421623315,
          53.26807270081795
        ]
      },
      "properties": {
        "confidence": 0.5624698400497437,
        "image": "DJI_20250701153321_0040_W.JPG"
      }
    },
    {
      "type": "Feature",
      "geometry": {
        "type": "Point",
        "coordinates": [
          -0.5243328647590821,
          53.26813525935331
        ]
      },
      "properties": {
        "confidence": 0.5521858334541321,
        "image": "DJI_20250701153321_0040_W.JPG"
      }
    },
    {
      "type": "Feature",
      "geometry": {
        "type": "Point",
        "coordinates": [
          -0.5244911521641569,
          53.26812002601674
        ]
      },
      "properties": {
        "confidence": 0.5503975749015808,
        "image": "DJI_20250701153321_0040_W.JPG"
      }
    },
    {
      "type": "Feature",
      "geometry": {
        "type": "Point",
        "coordinates": [
          -0.5244923007514233,
          53.268100275833795
        ]
      },
      "properties": {
        "confidence": 0.960781455039978,
        "image": "DJI_20250701153313_0037_W.JPG"
      }
    },
    {
      "type": "Feature",
      "geometry": {
        "type": "Point",
        "coordinates": [
          -0.5245947415647737,
          53.26803629003822
        ]
      },
      "properties": {
        "confidence": 0.9091733694076538,
        "image": "DJI_20250701153313_0037_W.JPG"
      }
    },
    {
      "type": "Feature",
      "geometry": {
        "type": "Point",
        "coordinates": [
          -0.524453931696737,
          53.26810325695269
        ]
      },
      "properties": {
        "confidence": 0.9055806398391724,
        "image": "DJI_20250701153313_0037_W.JPG"
      }
    },
    {
      "type": "Feature",
      "geometry": {
        "type": "Point",
        "coordinates": [
          -0.52453343186201,
          53.26809380716072
        ]
      },
      "properties": {
        "confidence": 0.8886598944664001,
        "image": "DJI_20250701153313_0037_W.JPG"
      }
    },
    {
      "type": "Feature",
      "geometry": {
        "type": "Point",
        "coordinates": [
          -0.5244851657145481,
          53.26807345079343
        ]
      },
      "properties": {
        "confidence": 0.8764412999153137,
        "image": "DJI_20250701153313_0037_W.JPG"
      }
    },
    {
      "type": "Feature",
      "geometry": {
        "type": "Point",
        "coordinates": [
          -0.5244996075720191,
          53.26811737443484
        ]
      },
      "properties": {
        "confidence": 0.8637300729751587,
        "image": "DJI_20250701153313_0037_W.JPG"
      }
    },
    {
      "type": "Feature",
      "geometry": {
        "type": "Point",
        "coordinates": [
          -0.5243900673414054,
          53.26817597849579
        ]
      },
      "properties": {
        "confidence": 0.855804979801178,
        "image": "DJI_20250701153313_0037_W.JPG"
      }
    },
    {
      "type": "Feature",
      "geometry": {
        "type": "Point",
        "coordinates": [
          -0.5243768259342227,
          53.26812445788253
        ]
      },
      "properties": {
        "confidence": 0.848393440246582,
        "image": "DJI_20250701153313_0037_W.JPG"
      }
    },
    {
      "type": "Feature",
      "geometry": {
        "type": "Point",
        "coordinates": [
          -0.5245009519624797,
          53.268124431403685
        ]
      },
      "properties": {
        "confidence": 0.8466583490371704,
        "image": "DJI_20250701153313_0037_W.JPG"
      }
    },
    {
      "type": "Feature",
      "geometry": {
        "type": "Point",
        "coordinates": [
          -0.5244501507860878,
          53.268089950621814
        ]
      },
      "properties": {
        "confidence": 0.8369763493537903,
        "image": "DJI_20250701153313_0037_W.JPG"
      }
    },
    {
      "type": "Feature",
      "geometry": {
        "type": "Point",
        "coordinates": [
          -0.5244141373307312,
          53.26812246531836
        ]
      },
      "properties": {
        "confidence": 0.7845912575721741,
        "image": "DJI_20250701153313_0037_W.JPG"
      }
    },
    {
      "type": "Feature",
      "geometry": {
        "type": "Point",
        "coordinates": [
          -0.5245046797958184,
          53.26813664157016
        ]
      },
      "properties": {
        "confidence": 0.7765385508537292,
        "image": "DJI_20250701153313_0037_W.JPG"
      }
    },
    {
      "type": "Feature",
      "geometry": {
        "type": "Point",
        "coordinates": [
          -0.5245378277806237,
          53.268107071584026
        ]
      },
      "properties": {
        "confidence": 0.7444317936897278,
        "image": "DJI_20250701153313_0037_W.JPG"
      }
    },
    {
      "type": "Feature",
      "geometry": {
        "type": "Point",
        "coordinates": [
          -0.5243042659542817,
          53.2681360009159
        ]
      },
      "properties": {
        "confidence": 0.7400047779083252,
        "image": "DJI_20250701153313_0037_W.JPG"
      }
    },
    {
      "type": "Feature",
      "geometry": {
        "type": "Point",
        "coordinates": [
          -0.5245994105158195,
          53.26804935255983
        ]
      },
      "properties": {
        "confidence": 0.7099357843399048,
        "image": "DJI_20250701153313_0037_W.JPG"
      }
    },
    {
      "type": "Feature",
      "geometry": {
        "type": "Point",
        "coordinates": [
          -0.5243779821011418,
          53.26813134438035
        ]
      },
      "properties": {
        "confidence": 0.7073365449905396,
        "image": "DJI_20250701153313_0037_W.JPG"
      }
    },
    {
      "type": "Feature",
      "geometry": {
        "type": "Point",
        "coordinates": [
          -0.5245862159484967,
          53.26812888601156
        ]
      },
      "properties": {
        "confidence": 0.7019729614257812,
        "image": "DJI_20250701153313_0037_W.JPG"
      }
    },
    {
      "type": "Feature",
      "geometry": {
        "type": "Point",
        "coordinates": [
          -0.5244984010677597,
          53.26811104125766
        ]
      },
      "properties": {
        "confidence": 0.6874944567680359,
        "image": "DJI_20250701153313_0037_W.JPG"
      }
    },
    {
      "type": "Feature",
      "geometry": {
        "type": "Point",
        "coordinates": [
          -0.524464399514108,
          53.26814103600099
        ]
      },
      "properties": {
        "confidence": 0.6816301345825195,
        "image": "DJI_20250701153313_0037_W.JPG"
      }
    },
    {
      "type": "Feature",
      "geometry": {
        "type": "Point",
        "coordinates": [
          -0.5242655576640329,
          53.26814047152573
        ]
      },
      "properties": {
        "confidence": 0.6319487690925598,
        "image": "DJI_20250701153313_0037_W.JPG"
      }
    },
    {
      "type": "Feature",
      "geometry": {
        "type": "Point",
        "coordinates": [
          -0.5244275595374991,
          53.26815940151109
        ]
      },
      "properties": {
        "confidence": 0.6044833064079285,
        "image": "DJI_20250701153313_0037_W.JPG"
      }
    },
    {
      "type": "Feature",
      "geometry": {
        "type": "Point",
        "coordinates": [
          -0.5245860868562369,
          53.26814374185397
        ]
      },
      "properties": {
        "confidence": 0.6004263758659363,
        "image": "DJI_20250701153313_0037_W.JPG"
      }
    },
    {
      "type": "Feature",
      "geometry": {
        "type": "Point",
        "coordinates": [
          -0.5244382805950364,
          53.26805135064906
        ]
      },
      "properties": {
        "confidence": 0.5981565117835999,
        "image": "DJI_20250701153313_0037_W.JPG"
      }
    },
    {
      "type": "Feature",
      "geometry": {
        "type": "Point",
        "coordinates": [
          -0.5243877418817471,
          53.26816458925377
        ]
      },
      "properties": {
        "confidence": 0.5871278643608093,
        "image": "DJI_20250701153313_0037_W.JPG"
      }
    },
    {
      "type": "Feature",
      "geometry": {
        "type": "Point",
        "coordinates": [
          -0.5245800094775395,
          53.26811592825887
        ]
      },
      "properties": {
        "confidence": 0.5775008201599121,
        "image": "DJI_20250701153313_0037_W.JPG"
      }
    },
    {
      "type": "Feature",
      "geometry": {
        "type": "Point",
        "coordinates": [
          -0.5246179335858895,
          53.26807136907148
        ]
      },
      "properties": {
        "confidence": 0.5702987909317017,
        "image": "DJI_20250701153313_0037_W.JPG"
      }
    },
    {
      "type": "Feature",
      "geometry": {
        "type": "Point",
        "coordinates": [
          -0.5245398016748539,
          53.26811252763421
        ]
      },
      "properties": {
        "confidence": 0.5479002594947815,
        "image": "DJI_20250701153313_0037_W.JPG"
      }
    },
    {
      "type": "Feature",
      "geometry": {
        "type": "Point",
        "coordinates": [
          -0.5245458494879106,
          53.26813282807259
        ]
      },
      "properties": {
        "confidence": 0.544795572757721,
        "image": "DJI_20250701153313_0037_W.JPG"
      }
    },
    {
      "type": "Feature",
      "geometry": {
        "type": "Point",
        "coordinates": [
          -0.5244088976550901,
          53.268094961234645
        ]
      },
      "properties": {
        "confidence": 0.5410597920417786,
        "image": "DJI_20250701153313_0037_W.JPG"
      }
    },
    {
      "type": "Feature",
      "geometry": {
        "type": "Point",
        "coordinates": [
          -0.5245192679428805,
          53.26804234940881
        ]
      },
      "properties": {
        "confidence": 0.5260223150253296,
        "image": "DJI_20250701153313_0037_W.JPG"
      }
    },
    {
      "type": "Feature",
      "geometry": {
        "type": "Point",
        "coordinates": [
          -0.5245851818019887,
          53.268123457573985
        ]
      },
      "properties": {
        "confidence": 0.5036707520484924,
        "image": "DJI_20250701153313_0037_W.JPG"
      }
    },
    {
      "type": "Feature",
      "geometry": {
        "type": "Point",
        "coordinates": [
          -0.5243364422378615,
          53.2681283094696
        ]
      },
      "properties": {
        "confidence": 0.5000593662261963,
        "image": "DJI_20250701153313_0037_W.JPG"
      }
    },
    {
      "type": "Feature",
      "geometry": {
        "type": "Point",
        "coordinates": [
          -0.5246052173413658,
          53.26815689565182
        ]
      },
      "properties": {
        "confidence": 0.8964067101478577,
        "image": "DJI_20250701153225_0019_W.JPG"
      }
    },
    {
      "type": "Feature",
      "geometry": {
        "type": "Point",
        "coordinates": [
          -0.5245923683936294,
          53.268111466137384
        ]
      },
      "properties": {
        "confidence": 0.8452907800674438,
        "image": "DJI_20250701153225_0019_W.JPG"
      }
    },
    {
      "type": "Feature",
      "geometry": {
        "type": "Point",
        "coordinates": [
          -0.524249238679231,
          53.26815090385428
        ]
      },
      "properties": {
        "confidence": 0.8019618391990662,
        "image": "DJI_20250701153225_0019_W.JPG"
      }
    },
    {
      "type": "Feature",
      "geometry": {
        "type": "Point",
        "coordinates": [
          -0.524316413013043,
          53.268104652959764
        ]
      },
      "properties": {
        "confidence": 0.7984867691993713,
        "image": "DJI_20250701153225_0019_W.JPG"
      }
    },
    {
      "type": "Feature",
      "geometry": {
        "type": "Point",
        "coordinates": [
          -0.5243069476768561,
          53.26805713074324
        ]
      },
      "properties": {
        "confidence": 0.7597226500511169,
        "image": "DJI_20250701153225_0019_W.JPG"
      }
    },
    {
      "type": "Feature",
      "geometry": {
        "type": "Point",
        "coordinates": [
          -0.5242813697307128,
          53.26812169239099
        ]
      },
      "properties": {
        "confidence": 0.7143776416778564,
        "image": "DJI_20250701153225_0019_W.JPG"
      }
    },
    {
      "type": "Feature",
      "geometry": {
        "type": "Point",
        "coordinates": [
          -0.5243931089522929,
          53.26809730624356
        ]
      },
      "properties": {
        "confidence": 0.6931617856025696,
        "image": "DJI_20250701153225_0019_W.JPG"
      }
    },
    {
      "type": "Feature",
      "geometry": {
        "type": "Point",
        "coordinates": [
          -0.5245048507183739,
          53.2680715315843
        ]
      },
      "properties": {
        "confidence": 0.6776460409164429,
        "image": "DJI_20250701153225_0019_W.JPG"
      }
    },
    {
      "type": "Feature",
      "geometry": {
        "type": "Point",
        "coordinates": [
          -0.5243309690782829,
          53.268168290143755
        ]
      },
      "properties": {
        "confidence": 0.6655241847038269,
        "image": "DJI_20250701153225_0019_W.JPG"
      }
    },
    {
      "type": "Feature",
      "geometry": {
        "type": "Point",
        "coordinates": [
          -0.5243460342226213,
          53.26806456532764
        ]
      },
      "properties": {
        "confidence": 0.649785041809082,
        "image": "DJI_20250701153225_0019_W.JPG"
      }
    },
    {
      "type": "Feature",
      "geometry": {
        "type": "Point",
        "coordinates": [
          -0.524342231883653,
          53.26804114653232
        ]
      },
      "properties": {
        "confidence": 0.6433106660842896,
        "image": "DJI_20250701153225_0019_W.JPG"
      }
    },
    {
      "type": "Feature",
      "geometry": {
        "type": "Point",
        "coordinates": [
          -0.52437064110573,
          53.268165458883736
        ]
      },
      "properties": {
        "confidence": 0.6423324346542358,
        "image": "DJI_20250701153225_0019_W.JPG"
      }
    },
    {
      "type": "Feature",
      "geometry": {
        "type": "Point",
        "coordinates": [
          -0.5243504605010151,
          53.268078819823145
        ]
      },
      "properties": {
        "confidence": 0.5960366725921631,
        "image": "DJI_20250701153225_0019_W.JPG"
      }
    },
    {
      "type": "Feature",
      "geometry": {
        "type": "Point",
        "coordinates": [
          -0.5245932307130208,
          53.2681047455697
        ]
      },
      "properties": {
        "confidence": 0.5837365388870239,
        "image": "DJI_20250701153225_0019_W.JPG"
      }
    },
    {
      "type": "Feature",
      "geometry": {
        "type": "Point",
        "coordinates": [
          -0.5243881463189761,
          53.26807755335075
        ]
      },
      "properties": {
        "confidence": 0.5775947570800781,
        "image": "DJI_20250701153225_0019_W.JPG"
      }
    },
    {
      "type": "Feature",
      "geometry": {
        "type": "Point",
        "coordinates": [
          -0.5242834112274274,
          53.26813413304315
        ]
      },
      "properties": {
        "confidence": 0.5623366832733154,
        "image": "DJI_20250701153225_0019_W.JPG"
      }
    },
    {
      "type": "Feature",
      "geometry": {
        "type": "Point",
        "coordinates": [
          -0.5242798946319223,
          53.26810939973315
        ]
      },
      "properties": {
        "confidence": 0.5415281653404236,
        "image": "DJI_20250701153225_0019_W.JPG"
      }
    },
    {
      "type": "Feature",
      "geometry": {
        "type": "Point",
        "coordinates": [
          -0.5242781363341698,
          53.268097033078156
        ]
      },
      "properties": {
        "confidence": 0.5251870155334473,
        "image": "DJI_20250701153225_0019_W.JPG"
      }
    },
    {
      "type": "Feature",
      "geometry": {
        "type": "Point",
        "coordinates": [
          -0.5243435877924607,
          53.26805221732409
        ]
      },
      "properties": {
        "confidence": 0.5131872296333313,
        "image": "DJI_20250701153225_0019_W.JPG"
      }
    },
    {
      "type": "Feature",
      "geometry": {
        "type": "Point",
        "coordinates": [
          -0.5245876647263839,
          53.26813075313829
        ]
      },
      "properties": {
        "confidence": 0.9461848139762878,
        "image": "DJI_20250701153310_0036_W.JPG"
      }
    },
    {
      "type": "Feature",
      "geometry": {
        "type": "Point",
        "coordinates": [
          -0.5243927993585068,
          53.26817765439934
        ]
      },
      "properties": {
        "confidence": 0.943787693977356,
        "image": "DJI_20250701153310_0036_W.JPG"
      }
    },
    {
      "type": "Feature",
      "geometry": {
        "type": "Point",
        "coordinates": [
          -0.5245394980638554,
          53.26810838299014
        ]
      },
      "properties": {
        "confidence": 0.930180013179779,
        "image": "DJI_20250701153310_0036_W.JPG"
      }
    },
    {
      "type": "Feature",
      "geometry": {
        "type": "Point",
        "coordinates": [
          -0.5244858322155506,
          53.26807594341478
        ]
      },
      "properties": {
        "confidence": 0.9202096462249756,
        "image": "DJI_20250701153310_0036_W.JPG"
      }
    },
    {
      "type": "Feature",
      "geometry": {
        "type": "Point",
        "coordinates": [
          -0.5245317005011036,
          53.26808216264507
        ]
      },
      "properties": {
        "confidence": 0.9139222502708435,
        "image": "DJI_20250701153310_0036_W.JPG"
      }
    },
    {
      "type": "Feature",
      "geometry": {
        "type": "Point",
        "coordinates": [
          -0.5245437056075569,
          53.26812229666131
        ]
      },
      "properties": {
        "confidence": 0.8941378593444824,
        "image": "DJI_20250701153310_0036_W.JPG"
      }
    },
    {
      "type": "Feature",
      "geometry": {
        "type": "Point",
        "coordinates": [
          -0.524597278996079,
          53.2680373832701
        ]
      },
      "properties": {
        "confidence": 0.8832500576972961,
        "image": "DJI_20250701153310_0036_W.JPG"
      }
    },
    {
      "type": "Feature",
      "geometry": {
        "type": "Point",
        "coordinates": [
          -0.5244690384815782,
          53.268155327276986
        ]
      },
      "properties": {
        "confidence": 0.8633934259414673,
        "image": "DJI_20250701153310_0036_W.JPG"
      }
    },
    {
      "type": "Feature",
      "geometry": {
        "type": "Point",
        "coordinates": [
          -0.5246039601730321,
          53.26804957092309
        ]
      },
      "properties": {
        "confidence": 0.8568840622901917,
        "image": "DJI_20250701153310_0036_W.JPG"
      }
    },
    {
      "type": "Feature",
      "geometry": {
        "type": "Point",
        "coordinates": [
          -0.5244596095899817,
          53.268123812787366
        ]
      },
      "properties": {
        "confidence": 0.849036693572998,
        "image": "DJI_20250701153310_0036_W.JPG"
      }
    },
    {
      "type": "Feature",
      "geometry": {
        "type": "Point",
        "coordinates": [
          -0.5244422108401804,
          53.26806517353962
        ]
      },
      "properties": {
        "confidence": 0.8247838616371155,
        "image": "DJI_20250701153310_0036_W.JPG"
      }
    },
    {
      "type": "Feature",
      "geometry": {
        "type": "Point",
        "coordinates": [
          -0.5245930914209025,
          53.26802520892995
        ]
      },
      "properties": {
        "confidence": 0.8234838247299194,
        "image": "DJI_20250701153310_0036_W.JPG"
      }
    },
    {
      "type": "Feature",
      "geometry": {
        "type": "Point",
        "coordinates": [
          -0.5245348652594807,
          53.26809550606578
        ]
      },
      "properties": {
        "confidence": 0.8101477026939392,
        "image": "DJI_20250701153310_0036_W.JPG"
      }
    },
    {
      "type": "Feature",
      "geometry": {
        "type": "Point",
        "coordinates": [
          -0.5245016679808652,
          53.26811902294136
        ]
      },
      "properties": {
        "confidence": 0.8050148487091064,
        "image": "DJI_20250701153310_0036_W.JPG"
      }
    },
    {
      "type": "Feature",
      "geometry": {
        "type": "Point",
        "coordinates": [
          -0.524451819670346,
          53.26809191176961
        ]
      },
      "properties": {
        "confidence": 0.7723145484924316,
        "image": "DJI_20250701153310_0036_W.JPG"
      }
    },
    {
      "type": "Feature",
      "geometry": {
        "type": "Point",
        "coordinates": [
          -0.5244402094739449,
          53.26805303345853
        ]
      },
      "properties": {
        "confidence": 0.7520840167999268,
        "image": "DJI_20250701153310_0036_W.JPG"
      }
    },
    {
      "type": "Feature",
      "geometry": {
        "type": "Point",
        "coordinates": [
          -0.5243806667977868,
          53.26813276506969
        ]
      },
      "properties": {
        "confidence": 0.7436899542808533,
        "image": "DJI_20250701153310_0036_W.JPG"
      }
    },
    {
      "type": "Feature",
      "geometry": {
        "type": "Point",
        "coordinates": [
          -0.5243783159365089,
          53.268126145724885
        ]
      },
      "properties": {
        "confidence": 0.7398553490638733,
        "image": "DJI_20250701153310_0036_W.JPG"
      }
    },
    {
      "type": "Feature",
      "geometry": {
        "type": "Point",
        "coordinates": [
          -0.5245542399290329,
          53.26816124828417
        ]
      },
      "properties": {
        "confidence": 0.7327523231506348,
        "image": "DJI_20250701153310_0036_W.JPG"
      }
    },
    {
      "type": "Feature",
      "geometry": {
        "type": "Point",
        "coordinates": [
          -0.5245421549484792,
          53.26811415694386
        ]
      },
      "properties": {
        "confidence": 0.7324387431144714,
        "image": "DJI_20250701153310_0036_W.JPG"
      }
    },
    {
      "type": "Feature",
      "geometry": {
        "type": "Point",
        "coordinates": [
          -0.5245392141741911,
          53.26810198926013
        ]
      },
      "properties": {
        "confidence": 0.7242118716239929,
        "image": "DJI_20250701153310_0036_W.JPG"
      }
    },
    {
      "type": "Feature",
      "geometry": {
        "type": "Point",
        "coordinates": [
          -0.5245170992112683,
          53.2680316697712
        ]
      },
      "properties": {
        "confidence": 0.7176205515861511,
        "image": "DJI_20250701153310_0036_W.JPG"
      }
    },
    {
      "type": "Feature",
      "geometry": {
        "type": "Point",
        "coordinates": [
          -0.5244772013994279,
          53.26817529288221
        ]
      },
      "properties": {
        "confidence": 0.7105188965797424,
        "image": "DJI_20250701153310_0036_W.JPG"
      }
    },
    {
      "type": "Feature",
      "geometry": {
        "type": "Point",
        "coordinates": [
          -0.5243653128859176,
          53.26808159055781
        ]
      },
      "properties": {
        "confidence": 0.6854077577590942,
        "image": "DJI_20250701153310_0036_W.JPG"
      }
    },
    {
      "type": "Feature",
      "geometry": {
        "type": "Point",
        "coordinates": [
          -0.5244289622840718,
          53.2681607149761
        ]
      },
      "properties": {
        "confidence": 0.6842908263206482,
        "image": "DJI_20250701153310_0036_W.JPG"
      }
    },
    {
      "type": "Feature",
      "geometry": {
        "type": "Point",
        "coordinates": [
          -0.5245473645447885,
          53.26813496510044
        ]
      },
      "properties": {
        "confidence": 0.6836686134338379,
        "image": "DJI_20250701153310_0036_W.JPG"
      }
    },
    {
      "type": "Feature",
      "geometry": {
        "type": "Point",
        "coordinates": [
          -0.524334681440063,
          53.268117758742996
        ]
      },
      "properties": {
        "confidence": 0.6179965734481812,
        "image": "DJI_20250701153310_0036_W.JPG"
      }
    },
    {
      "type": "Feature",
      "geometry": {
        "type": "Point",
        "coordinates": [
          -0.5244098646567344,
          53.26809724426344
        ]
      },
      "properties": {
        "confidence": 0.6135377883911133,
        "image": "DJI_20250701153310_0036_W.JPG"
      }
    },
    {
      "type": "Feature",
      "geometry": {
        "type": "Point",
        "coordinates": [
          -0.524493714556539,
          53.26810179152152
        ]
      },
      "properties": {
        "confidence": 0.612034797668457,
        "image": "DJI_20250701153310_0036_W.JPG"
      }
    },
    {
      "type": "Feature",
      "geometry": {
        "type": "Point",
        "coordinates": [
          -0.5245206375416827,
          53.26804370512119
        ]
      },
      "properties": {
        "confidence": 0.6113238334655762,
        "image": "DJI_20250701153310_0036_W.JPG"
      }
    },
    {
      "type": "Feature",
      "geometry": {
        "type": "Point",
        "coordinates": [
          -0.5244934858901571,
          53.26808751510816
        ]
      },
      "properties": {
        "confidence": 0.6105034947395325,
        "image": "DJI_20250701153310_0036_W.JPG"
      }
    },
    {
      "type": "Feature",
      "geometry": {
        "type": "Point",
        "coordinates": [
          -0.5245870745915304,
          53.268145635038145
        ]
      },
      "properties": {
        "confidence": 0.5952203869819641,
        "image": "DJI_20250701153310_0036_W.JPG"
      }
    },
    {
      "type": "Feature",
      "geometry": {
        "type": "Point",
        "coordinates": [
          -0.5243206572024356,
          53.268178172740136
        ]
      },
      "properties": {
        "confidence": 0.5908591747283936,
        "image": "DJI_20250701153310_0036_W.JPG"
      }
    },
    {
      "type": "Feature",
      "geometry": {
        "type": "Point",
        "coordinates": [
          -0.5245133911409674,
          53.26816421501427
        ]
      },
      "properties": {
        "confidence": 0.5601774454116821,
        "image": "DJI_20250701153310_0036_W.JPG"
      }
    },
    {
      "type": "Feature",
      "geometry": {
        "type": "Point",
        "coordinates": [
          -0.5243749140729671,
          53.26811400946049
        ]
      },
      "properties": {
        "confidence": 0.5582131147384644,
        "image": "DJI_20250701153310_0036_W.JPG"
      }
    },
    {
      "type": "Feature",
      "geometry": {
        "type": "Point",
        "coordinates": [
          -0.5244755694583298,
          53.26803596551823
        ]
      },
      "properties": {
        "confidence": 0.5558968782424927,
        "image": "DJI_20250701153310_0036_W.JPG"
      }
    },
    {
      "type": "Feature",
      "geometry": {
        "type": "Point",
        "coordinates": [
          -0.5246186648401393,
          53.26810060644479
        ]
      },
      "properties": {
        "confidence": 0.5507980585098267,
        "image": "DJI_20250701153310_0036_W.JPG"
      }
    },
    {
      "type": "Feature",
      "geometry": {
        "type": "Point",
        "coordinates": [
          -0.5244203680537661,
          53.26812786099643
        ]
      },
      "properties": {
        "confidence": 0.5250593423843384,
        "image": "DJI_20250701153310_0036_W.JPG"
      }
    },
    {
      "type": "Feature",
      "geometry": {
        "type": "Point",
        "coordinates": [
          -0.5245024487883636,
          53.26812639057952
        ]
      },
      "properties": {
        "confidence": 0.5244399905204773,
        "image": "DJI_20250701153310_0036_W.JPG"
      }
    },
    {
      "type": "Feature",
      "geometry": {
        "type": "Point",
        "coordinates": [
          -0.524389875813764,
          53.26816557715691
        ]
      },
      "properties": {
        "confidence": 0.5190789699554443,
        "image": "DJI_20250701153310_0036_W.JPG"
      }
    },
    {
      "type": "Feature",
      "geometry": {
        "type": "Point",
        "coordinates": [
          -0.5243995012612216,
          53.26805837260878
        ]
      },
      "properties": {
        "confidence": 0.5176735520362854,
        "image": "DJI_20250701153310_0036_W.JPG"
      }
    },
    {
      "type": "Feature",
      "geometry": {
        "type": "Point",
        "coordinates": [
          -0.5245327873319479,
          53.26808868489215
        ]
      },
      "properties": {
        "confidence": 0.5147092342376709,
        "image": "DJI_20250701153310_0036_W.JPG"
      }
    },
    {
      "type": "Feature",
      "geometry": {
        "type": "Point",
        "coordinates": [
          -0.5243062274123869,
          53.26813838717628
        ]
      },
      "properties": {
        "confidence": 0.5096209645271301,
        "image": "DJI_20250701153310_0036_W.JPG"
      }
    },
    {
      "type": "Feature",
      "geometry": {
        "type": "Point",
        "coordinates": [
          -0.5246245566406746,
          53.26806942220988
        ]
      },
      "properties": {
        "confidence": 0.5082919597625732,
        "image": "DJI_20250701153310_0036_W.JPG"
      }
    },
    {
      "type": "Feature",
      "geometry": {
        "type": "Point",
        "coordinates": [
          -0.5243708788247187,
          53.268101000202364
        ]
      },
      "properties": {
        "confidence": 0.5024596452713013,
        "image": "DJI_20250701153310_0036_W.JPG"
      }
    },
    {
      "type": "Feature",
      "geometry": {
        "type": "Point",
        "coordinates": [
          -0.5245807840042773,
          53.26802982166124
        ]
      },
      "properties": {
        "confidence": 0.9455764889717102,
        "image": "DJI_20250701153238_0024_W.JPG"
      }
    },
    {
      "type": "Feature",
      "geometry": {
        "type": "Point",
        "coordinates": [
          -0.5246095789784335,
          53.2681461700408
        ]
      },
      "properties": {
        "confidence": 0.9329578876495361,
        "image": "DJI_20250701153238_0024_W.JPG"
      }
    },
    {
      "type": "Feature",
      "geometry": {
        "type": "Point",
        "coordinates": [
          -0.5245996621517985,
          53.268099522720185
        ]
      },
      "properties": {
        "confidence": 0.924813449382782,
        "image": "DJI_20250701153238_0024_W.JPG"
      }
    },
    {
      "type": "Feature",
      "geometry": {
        "type": "Point",
        "coordinates": [
          -0.5245703444598638,
          53.26814953451391
        ]
      },
      "properties": {
        "confidence": 0.9024990797042847,
        "image": "DJI_20250701153238_0024_W.JPG"
      }
    },
    {
      "type": "Feature",
      "geometry": {
        "type": "Point",
        "coordinates": [
          -0.5245181816803648,
          53.268100534942974
        ]
      },
      "properties": {
        "confidence": 0.8851999640464783,
        "image": "DJI_20250701153238_0024_W.JPG"
      }
    },
    {
      "type": "Feature",
      "geometry": {
        "type": "Point",
        "coordinates": [
          -0.5245128722947535,
          53.26808820770079
        ]
      },
      "properties": {
        "confidence": 0.8807392716407776,
        "image": "DJI_20250701153238_0024_W.JPG"
      }
    },
    {
      "type": "Feature",
      "geometry": {
        "type": "Point",
        "coordinates": [
          -0.5245857644474294,
          53.26804208651608
        ]
      },
      "properties": {
        "confidence": 0.8780692219734192,
        "image": "DJI_20250701153238_0024_W.JPG"
      }
    },
    {
      "type": "Feature",
      "geometry": {
        "type": "Point",
        "coordinates": [
          -0.5245493050332257,
          53.268073763414876
        ]
      },
      "properties": {
        "confidence": 0.8741522431373596,
        "image": "DJI_20250701153238_0024_W.JPG"
      }
    },
    {
      "type": "Feature",
      "geometry": {
        "type": "Point",
        "coordinates": [
          -0.5245667581633076,
          53.26813659071818
        ]
      },
      "properties": {
        "confidence": 0.8722488284111023,
        "image": "DJI_20250701153238_0024_W.JPG"
      }
    },
    {
      "type": "Feature",
      "geometry": {
        "type": "Point",
        "coordinates": [
          -0.5245867921863098,
          53.26804862764505
        ]
      },
      "properties": {
        "confidence": 0.8654061555862427,
        "image": "DJI_20250701153238_0024_W.JPG"
      }
    },
    {
      "type": "Feature",
      "geometry": {
        "type": "Point",
        "coordinates": [
          -0.5245772268554414,
          53.26801761234996
        ]
      },
      "properties": {
        "confidence": 0.8643282055854797,
        "image": "DJI_20250701153238_0024_W.JPG"
      }
    },
    {
      "type": "Feature",
      "geometry": {
        "type": "Point",
        "coordinates": [
          -0.5245305759905352,
          53.26815202588167
        ]
      },
      "properties": {
        "confidence": 0.8608326315879822,
        "image": "DJI_20250701153238_0024_W.JPG"
      }
    },
    {
      "type": "Feature",
      "geometry": {
        "type": "Point",
        "coordinates": [
          -0.5244794245402368,
          53.2681101217646
        ]
      },
      "properties": {
        "confidence": 0.8408440947532654,
        "image": "DJI_20250701153238_0024_W.JPG"
      }
    },
    {
      "type": "Feature",
      "geometry": {
        "type": "Point",
        "coordinates": [
          -0.5245060560686972,
          53.26805629876904
        ]
      },
      "properties": {
        "confidence": 0.8403398990631104,
        "image": "DJI_20250701153238_0024_W.JPG"
      }
    },
    {
      "type": "Feature",
      "geometry": {
        "type": "Point",
        "coordinates": [
          -0.5245566752913599,
          53.26810414799284
        ]
      },
      "properties": {
        "confidence": 0.8261169791221619,
        "image": "DJI_20250701153238_0024_W.JPG"
      }
    },
    {
      "type": "Feature",
      "geometry": {
        "type": "Point",
        "coordinates": [
          -0.5245864941146942,
          53.26805611795425
        ]
      },
      "properties": {
        "confidence": 0.808307945728302,
        "image": "DJI_20250701153238_0024_W.JPG"
      }
    },
    {
      "type": "Feature",
      "geometry": {
        "type": "Point",
        "coordinates": [
          -0.5245362009117168,
          53.268021323137276
        ]
      },
      "properties": {
        "confidence": 0.8041120767593384,
        "image": "DJI_20250701153238_0024_W.JPG"
      }
    },
    {
      "type": "Feature",
      "geometry": {
        "type": "Point",
        "coordinates": [
          -0.5242433414110974,
          53.26812391994138
        ]
      },
      "properties": {
        "confidence": 0.8001775145530701,
        "image": "DJI_20250701153238_0024_W.JPG"
      }
    },
    {
      "type": "Feature",
      "geometry": {
        "type": "Point",
        "coordinates": [
          -0.5245530515295472,
          53.2680984866543
        ]
      },
      "properties": {
        "confidence": 0.7980354428291321,
        "image": "DJI_20250701153238_0024_W.JPG"
      }
    },
    {
      "type": "Feature",
      "geometry": {
        "type": "Point",
        "coordinates": [
          -0.5245495563477909,
          53.268085903177685
        ]
      },
      "properties": {
        "confidence": 0.7979570627212524,
        "image": "DJI_20250701153238_0024_W.JPG"
      }
    },
    {
      "type": "Feature",
      "geometry": {
        "type": "Point",
        "coordinates": [
          -0.5244898890299291,
          53.26815460032675
        ]
      },
      "properties": {
        "confidence": 0.7796967029571533,
        "image": "DJI_20250701153238_0024_W.JPG"
      }
    },
    {
      "type": "Feature",
      "geometry": {
        "type": "Point",
        "coordinates": [
          -0.5245339619246887,
          53.26815798515198
        ]
      },
      "properties": {
        "confidence": 0.7652822732925415,
        "image": "DJI_20250701153238_0024_W.JPG"
      }
    },
    {
      "type": "Feature",
      "geometry": {
        "type": "Point",
        "coordinates": [
          -0.5244742528010833,
          53.268094004327935
        ]
      },
      "properties": {
        "confidence": 0.7520200610160828,
        "image": "DJI_20250701153238_0024_W.JPG"
      }
    },
    {
      "type": "Feature",
      "geometry": {
        "type": "Point",
        "coordinates": [
          -0.5244659924505266,
          53.26805328842651
        ]
      },
      "properties": {
        "confidence": 0.7329309582710266,
        "image": "DJI_20250701153238_0024_W.JPG"
      }
    },
    {
      "type": "Feature",
      "geometry": {
        "type": "Point",
        "coordinates": [
          -0.5244874034542502,
          53.26814229409192
        ]
      },
      "properties": {
        "confidence": 0.7127198576927185,
        "image": "DJI_20250701153238_0024_W.JPG"
      }
    },
    {
      "type": "Feature",
      "geometry": {
        "type": "Point",
        "coordinates": [
          -0.5244006018334224,
          53.26812535959002
        ]
      },
      "properties": {
        "confidence": 0.7076349258422852,
        "image": "DJI_20250701153238_0024_W.JPG"
      }
    },
    {
      "type": "Feature",
      "geometry": {
        "type": "Point",
        "coordinates": [
          -0.524526465035014,
          53.268125861365775
        ]
      },
      "properties": {
        "confidence": 0.674074649810791,
        "image": "DJI_20250701153238_0024_W.JPG"
      }
    },
    {
      "type": "Feature",
      "geometry": {
        "type": "Point",
        "coordinates": [
          -0.5244401052758875,
          53.26811377032327
        ]
      },
      "properties": {
        "confidence": 0.6722409725189209,
        "image": "DJI_20250701153238_0024_W.JPG"
      }
    },
    {
      "type": "Feature",
      "geometry": {
        "type": "Point",
        "coordinates": [
          -0.5245693750164241,
          53.26814446235384
        ]
      },
      "properties": {
        "confidence": 0.6635751724243164,
        "image": "DJI_20250701153238_0024_W.JPG"
      }
    },
    {
      "type": "Feature",
      "geometry": {
        "type": "Point",
        "coordinates": [
          -0.5245344807454356,
          53.26800894767134
        ]
      },
      "properties": {
        "confidence": 0.6352063417434692,
        "image": "DJI_20250701153238_0024_W.JPG"
      }
    },
    {
      "type": "Feature",
      "geometry": {
        "type": "Point",
        "coordinates": [
          -0.5243983768641026,
          53.2681128455032
        ]
      },
      "properties": {
        "confidence": 0.610145092010498,
        "image": "DJI_20250701153238_0024_W.JPG"
      }
    },
    {
      "type": "Feature",
      "geometry": {
        "type": "Point",
        "coordinates": [
          -0.5245108332266727,
          53.26807457111795
        ]
      },
      "properties": {
        "confidence": 0.5907185673713684,
        "image": "DJI_20250701153238_0024_W.JPG"
      }
    },
    {
      "type": "Feature",
      "geometry": {
        "type": "Point",
        "coordinates": [
          -0.5245056570670148,
          53.268049147930284
        ]
      },
      "properties": {
        "confidence": 0.5860604047775269,
        "image": "DJI_20250701153238_0024_W.JPG"
      }
    },
    {
      "type": "Feature",
      "geometry": {
        "type": "Point",
        "coordinates": [
          -0.5245648584648077,
          53.268125982152924
        ]
      },
      "properties": {
        "confidence": 0.5860004425048828,
        "image": "DJI_20250701153238_0024_W.JPG"
      }
    },
    {
      "type": "Feature",
      "geometry": {
        "type": "Point",
        "coordinates": [
          -0.5245633641370105,
          53.2681231688311
        ]
      },
      "properties": {
        "confidence": 0.5607157945632935,
        "image": "DJI_20250701153238_0024_W.JPG"
      }
    },
    {
      "type": "Feature",
      "geometry": {
        "type": "Point",
        "coordinates": [
          -0.5246071654104936,
          53.26813229091107
        ]
      },
      "properties": {
        "confidence": 0.5570604205131531,
        "image": "DJI_20250701153238_0024_W.JPG"
      }
    },
    {
      "type": "Feature",
      "geometry": {
        "type": "Point",
        "coordinates": [
          -0.5243247682329877,
          53.268115264942274
        ]
      },
      "properties": {
        "confidence": 0.5554815530776978,
        "image": "DJI_20250701153238_0024_W.JPG"
      }
    },
    {
      "type": "Feature",
      "geometry": {
        "type": "Point",
        "coordinates": [
          -0.5245400981633046,
          53.268143240554075
        ]
      },
      "properties": {
        "confidence": 0.5482006669044495,
        "image": "DJI_20250701153238_0024_W.JPG"
      }
    },
    {
      "type": "Feature",
      "geometry": {
        "type": "Point",
        "coordinates": [
          -0.5245207128134438,
          53.26811302133736
        ]
      },
      "properties": {
        "confidence": 0.5479185581207275,
        "image": "DJI_20250701153238_0024_W.JPG"
      }
    },
    {
      "type": "Feature",
      "geometry": {
        "type": "Point",
        "coordinates": [
          -0.5243235482238481,
          53.26810920190464
        ]
      },
      "properties": {
        "confidence": 0.5363168716430664,
        "image": "DJI_20250701153238_0024_W.JPG"
      }
    },
    {
      "type": "Feature",
      "geometry": {
        "type": "Point",
        "coordinates": [
          -0.5242261647735816,
          53.26803370201753
        ]
      },
      "properties": {
        "confidence": 0.5342172384262085,
        "image": "DJI_20250701153238_0024_W.JPG"
      }
    },
    {
      "type": "Feature",
      "geometry": {
        "type": "Point",
        "coordinates": [
          -0.5244184025695687,
          53.26803289937172
        ]
      },
      "properties": {
        "confidence": 0.5335834622383118,
        "image": "DJI_20250701153238_0024_W.JPG"
      }
    },
    {
      "type": "Feature",
      "geometry": {
        "type": "Point",
        "coordinates": [
          -0.5242371521991156,
          53.26808458308776
        ]
      },
      "properties": {
        "confidence": 0.5305769443511963,
        "image": "DJI_20250701153238_0024_W.JPG"
      }
    },
    {
      "type": "Feature",
      "geometry": {
        "type": "Point",
        "coordinates": [
          -0.5245769772639994,
          53.26801229079923
        ]
      },
      "properties": {
        "confidence": 0.5279958248138428,
        "image": "DJI_20250701153238_0024_W.JPG"
      }
    },
    {
      "type": "Feature",
      "geometry": {
        "type": "Point",
        "coordinates": [
          -0.524586436282693,
          53.268127875961284
        ]
      },
      "properties": {
        "confidence": 0.971883237361908,
        "image": "DJI_20250701153316_0038_W.JPG"
      }
    },
    {
      "type": "Feature",
      "geometry": {
        "type": "Point",
        "coordinates": [
          -0.5245261473394423,
          53.26806803452305
        ]
      },
      "properties": {
        "confidence": 0.9379391670227051,
        "image": "DJI_20250701153316_0038_W.JPG"
      }
    },
    {
      "type": "Feature",
      "geometry": {
        "type": "Point",
        "coordinates": [
          -0.5245535906975771,
          53.26815814932576
        ]
      },
      "properties": {
        "confidence": 0.9243659377098083,
        "image": "DJI_20250701153316_0038_W.JPG"
      }
    },
    {
      "type": "Feature",
      "geometry": {
        "type": "Point",
        "coordinates": [
          -0.5245452469842595,
          53.26813233179096
        ]
      },
      "properties": {
        "confidence": 0.8872236013412476,
        "image": "DJI_20250701153316_0038_W.JPG"
      }
    },
    {
      "type": "Feature",
      "geometry": {
        "type": "Point",
        "coordinates": [
          -0.5245048765148418,
          53.26813618211426
        ]
      },
      "properties": {
        "confidence": 0.8065323829650879,
        "image": "DJI_20250701153316_0038_W.JPG"
      }
    },
    {
      "type": "Feature",
      "geometry": {
        "type": "Point",
        "coordinates": [
          -0.5245030101826702,
          53.268123116245036
        ]
      },
      "properties": {
        "confidence": 0.7512062788009644,
        "image": "DJI_20250701153316_0038_W.JPG"
      }
    },
    {
      "type": "Feature",
      "geometry": {
        "type": "Point",
        "coordinates": [
          -0.5243907468439526,
          53.26817620874008
        ]
      },
      "properties": {
        "confidence": 0.7504314184188843,
        "image": "DJI_20250701153316_0038_W.JPG"
      }
    },
    {
      "type": "Feature",
      "geometry": {
        "type": "Point",
        "coordinates": [
          -0.5244674827492827,
          53.26815320588115
        ]
      },
      "properties": {
        "confidence": 0.736778199672699,
        "image": "DJI_20250701153316_0038_W.JPG"
      }
    },
    {
      "type": "Feature",
      "geometry": {
        "type": "Point",
        "coordinates": [
          -0.5245040467295352,
          53.26813019184529
        ]
      },
      "properties": {
        "confidence": 0.705811619758606,
        "image": "DJI_20250701153316_0038_W.JPG"
      }
    },
    {
      "type": "Feature",
      "geometry": {
        "type": "Point",
        "coordinates": [
          -0.5244279524476194,
          53.2681590145581
        ]
      },
      "properties": {
        "confidence": 0.6834591031074524,
        "image": "DJI_20250701153316_0038_W.JPG"
      }
    },
    {
      "type": "Feature",
      "geometry": {
        "type": "Point",
        "coordinates": [
          -0.5244244615789374,
          53.268144776730146
        ]
      },
      "properties": {
        "confidence": 0.660905659198761,
        "image": "DJI_20250701153316_0038_W.JPG"
      }
    },
    {
      "type": "Feature",
      "geometry": {
        "type": "Point",
        "coordinates": [
          -0.5246060749274076,
          53.26806423727048
        ]
      },
      "properties": {
        "confidence": 0.6488251686096191,
        "image": "DJI_20250701153316_0038_W.JPG"
      }
    },
    {
      "type": "Feature",
      "geometry": {
        "type": "Point",
        "coordinates": [
          -0.5243782706385386,
          53.26813033352345
        ]
      },
      "properties": {
        "confidence": 0.5654686689376831,
        "image": "DJI_20250701153316_0038_W.JPG"
      }
    },
    {
      "type": "Feature",
      "geometry": {
        "type": "Point",
        "coordinates": [
          -0.5244483858435381,
          53.26809055755707
        ]
      },
      "properties": {
        "confidence": 0.5529175996780396,
        "image": "DJI_20250701153316_0038_W.JPG"
      }
    },
    {
      "type": "Feature",
      "geometry": {
        "type": "Point",
        "coordinates": [
          -0.5243759038369071,
          53.268124447989024
        ]
      },
      "properties": {
        "confidence": 0.5347574949264526,
        "image": "DJI_20250701153316_0038_W.JPG"
      }
    },
    {
      "type": "Feature",
      "geometry": {
        "type": "Point",
        "coordinates": [
          -0.5245534088125027,
          53.2681454876465
        ]
      },
      "properties": {
        "confidence": 0.9692325592041016,
        "image": "DJI_20250701153256_0031_W.JPG"
      }
    },
    {
      "type": "Feature",
      "geometry": {
        "type": "Point",
        "coordinates": [
          -0.5244498582181177,
          53.26808040084793
        ]
      },
      "properties": {
        "confidence": 0.9414166808128357,
        "image": "DJI_20250701153256_0031_W.JPG"
      }
    },
    {
      "type": "Feature",
      "geometry": {
        "type": "Point",
        "coordinates": [
          -0.5245994773168454,
          53.268033536351574
        ]
      },
      "properties": {
        "confidence": 0.9408600926399231,
        "image": "DJI_20250701153256_0031_W.JPG"
      }
    },
    {
      "type": "Feature",
      "geometry": {
        "type": "Point",
        "coordinates": [
          -0.524588781609515,
          53.26812848900595
        ]
      },
      "properties": {
        "confidence": 0.9353886842727661,
        "image": "DJI_20250701153256_0031_W.JPG"
      }
    },
    {
      "type": "Feature",
      "geometry": {
        "type": "Point",
        "coordinates": [
          -0.5245837977046511,
          53.26811557408285
        ]
      },
      "properties": {
        "confidence": 0.9215930104255676,
        "image": "DJI_20250701153256_0031_W.JPG"
      }
    },
    {
      "type": "Feature",
      "geometry": {
        "type": "Point",
        "coordinates": [
          -0.5246261056104505,
          53.26812402637123
        ]
      },
      "properties": {
        "confidence": 0.8839861750602722,
        "image": "DJI_20250701153256_0031_W.JPG"
      }
    },
    {
      "type": "Feature",
      "geometry": {
        "type": "Point",
        "coordinates": [
          -0.5244904474421861,
          53.26807746365679
        ]
      },
      "properties": {
        "confidence": 0.8672272562980652,
        "image": "DJI_20250701153256_0031_W.JPG"
      }
    },
    {
      "type": "Feature",
      "geometry": {
        "type": "Point",
        "coordinates": [
          -0.5244125730464798,
          53.26809064195024
        ]
      },
      "properties": {
        "confidence": 0.8217263221740723,
        "image": "DJI_20250701153256_0031_W.JPG"
      }
    },
    {
      "type": "Feature",
      "geometry": {
        "type": "Point",
        "coordinates": [
          -0.5244806600442615,
          53.26818612573352
        ]
      },
      "properties": {
        "confidence": 0.8176282048225403,
        "image": "DJI_20250701153256_0031_W.JPG"
      }
    },
    {
      "type": "Feature",
      "geometry": {
        "type": "Point",
        "coordinates": [
          -0.5246061418245811,
          53.26804526441303
        ]
      },
      "properties": {
        "confidence": 0.7865753173828125,
        "image": "DJI_20250701153256_0031_W.JPG"
      }
    },
    {
      "type": "Feature",
      "geometry": {
        "type": "Point",
        "coordinates": [
          -0.5243422269319564,
          53.26813754009581
        ]
      },
      "properties": {
        "confidence": 0.7671518921852112,
        "image": "DJI_20250701153256_0031_W.JPG"
      }
    },
    {
      "type": "Feature",
      "geometry": {
        "type": "Point",
        "coordinates": [
          -0.5245903048706786,
          53.26814134403433
        ]
      },
      "properties": {
        "confidence": 0.7292782664299011,
        "image": "DJI_20250701153256_0031_W.JPG"
      }
    },
    {
      "type": "Feature",
      "geometry": {
        "type": "Point",
        "coordinates": [
          -0.5245491511642694,
          53.26813955455487
        ]
      },
      "properties": {
        "confidence": 0.7274562120437622,
        "image": "DJI_20250701153256_0031_W.JPG"
      }
    },
    {
      "type": "Feature",
      "geometry": {
        "type": "Point",
        "coordinates": [
          -0.5246245309026353,
          53.26810678814141
        ]
      },
      "properties": {
        "confidence": 0.6972419023513794,
        "image": "DJI_20250701153256_0031_W.JPG"
      }
    },
    {
      "type": "Feature",
      "geometry": {
        "type": "Point",
        "coordinates": [
          -0.5244665657160651,
          53.26813314717192
        ]
      },
      "properties": {
        "confidence": 0.6480884552001953,
        "image": "DJI_20250701153256_0031_W.JPG"
      }
    },
    {
      "type": "Feature",
      "geometry": {
        "type": "Point",
        "coordinates": [
          -0.5244761713747127,
          53.26816545036842
        ]
      },
      "properties": {
        "confidence": 0.6426379084587097,
        "image": "DJI_20250701153256_0031_W.JPG"
      }
    },
    {
      "type": "Feature",
      "geometry": {
        "type": "Point",
        "coordinates": [
          -0.5245446894571022,
          53.26811925504991
        ]
      },
      "properties": {
        "confidence": 0.639482319355011,
        "image": "DJI_20250701153256_0031_W.JPG"
      }
    },
    {
      "type": "Feature",
      "geometry": {
        "type": "Point",
        "coordinates": [
          -0.5245591578032949,
          53.26817116286867
        ]
      },
      "properties": {
        "confidence": 0.6178484559059143,
        "image": "DJI_20250701153256_0031_W.JPG"
      }
    },
    {
      "type": "Feature",
      "geometry": {
        "type": "Point",
        "coordinates": [
          -0.524382334288502,
          53.26813417020693
        ]
      },
      "properties": {
        "confidence": 0.5991477966308594,
        "image": "DJI_20250701153256_0031_W.JPG"
      }
    },
    {
      "type": "Feature",
      "geometry": {
        "type": "Point",
        "coordinates": [
          -0.5244806631861098,
          53.26804476565428
        ]
      },
      "properties": {
        "confidence": 0.5854558348655701,
        "image": "DJI_20250701153256_0031_W.JPG"
      }
    },
    {
      "type": "Feature",
      "geometry": {
        "type": "Point",
        "coordinates": [
          -0.524601032583315,
          53.2681704350023
        ]
      },
      "properties": {
        "confidence": 0.5560321807861328,
        "image": "DJI_20250701153256_0031_W.JPG"
      }
    },
    {
      "type": "Feature",
      "geometry": {
        "type": "Point",
        "coordinates": [
          -0.5245116604328212,
          53.268149024991025
        ]
      },
      "properties": {
        "confidence": 0.5509833097457886,
        "image": "DJI_20250701153256_0031_W.JPG"
      }
    },
    {
      "type": "Feature",
      "geometry": {
        "type": "Point",
        "coordinates": [
          -0.5245091927378625,
          53.26812981273115
        ]
      },
      "properties": {
        "confidence": 0.5508520007133484,
        "image": "DJI_20250701153256_0031_W.JPG"
      }
    },
    {
      "type": "Feature",
      "geometry": {
        "type": "Point",
        "coordinates": [
          -0.5243292395622831,
          53.26808637605298
        ]
      },
      "properties": {
        "confidence": 0.5199466347694397,
        "image": "DJI_20250701153256_0031_W.JPG"
      }
    },
    {
      "type": "Feature",
      "geometry": {
        "type": "Point",
        "coordinates": [
          -0.5244195890424117,
          53.26811722045961
        ]
      },
      "properties": {
        "confidence": 0.5184096693992615,
        "image": "DJI_20250701153256_0031_W.JPG"
      }
    },
    {
      "type": "Feature",
      "geometry": {
        "type": "Point",
        "coordinates": [
          -0.5245809775197203,
          53.268049045406016
        ]
      },
      "properties": {
        "confidence": 0.9926151037216187,
        "image": "DJI_20250701153249_0028_W.JPG"
      }
    },
    {
      "type": "Feature",
      "geometry": {
        "type": "Point",
        "coordinates": [
          -0.5245726272169048,
          53.26802345294116
        ]
      },
      "properties": {
        "confidence": 0.9752466082572937,
        "image": "DJI_20250701153249_0028_W.JPG"
      }
    },
    {
      "type": "Feature",
      "geometry": {
        "type": "Point",
        "coordinates": [
          -0.5242342861037284,
          53.26810509313491
        ]
      },
      "properties": {
        "confidence": 0.9529802799224854,
        "image": "DJI_20250701153249_0028_W.JPG"
      }
    },
    {
      "type": "Feature",
      "geometry": {
        "type": "Point",
        "coordinates": [
          -0.5245444330649012,
          53.26808035685048
        ]
      },
      "properties": {
        "confidence": 0.9508876204490662,
        "image": "DJI_20250701153249_0028_W.JPG"
      }
    },
    {
      "type": "Feature",
      "geometry": {
        "type": "Point",
        "coordinates": [
          -0.5245525556185718,
          53.26810504866526
        ]
      },
      "properties": {
        "confidence": 0.9502033591270447,
        "image": "DJI_20250701153249_0028_W.JPG"
      }
    },
    {
      "type": "Feature",
      "geometry": {
        "type": "Point",
        "coordinates": [
          -0.5245958267639613,
          53.26810776779119
        ]
      },
      "properties": {
        "confidence": 0.9442494511604309,
        "image": "DJI_20250701153249_0028_W.JPG"
      }
    },
    {
      "type": "Feature",
      "geometry": {
        "type": "Point",
        "coordinates": [
          -0.5242274663653079,
          53.268079362230544
        ]
      },
      "properties": {
        "confidence": 0.9432289004325867,
        "image": "DJI_20250701153249_0028_W.JPG"
      }
    },
    {
      "type": "Feature",
      "geometry": {
        "type": "Point",
        "coordinates": [
          -0.5244540248832364,
          53.268033627769086
        ]
      },
      "properties": {
        "confidence": 0.9386264681816101,
        "image": "DJI_20250701153249_0028_W.JPG"
      }
    },
    {
      "type": "Feature",
      "geometry": {
        "type": "Point",
        "coordinates": [
          -0.5243255744162589,
          53.268147873358565
        ]
      },
      "properties": {
        "confidence": 0.9247300028800964,
        "image": "DJI_20250701153249_0028_W.JPG"
      }
    },
    {
      "type": "Feature",
      "geometry": {
        "type": "Point",
        "coordinates": [
          -0.5242705734411712,
          53.26808762369646
        ]
      },
      "properties": {
        "confidence": 0.920090913772583,
        "image": "DJI_20250701153249_0028_W.JPG"
      }
    },
    {
      "type": "Feature",
      "geometry": {
        "type": "Point",
        "coordinates": [
          -0.5244898430123701,
          53.26801739839549
        ]
      },
      "properties": {
        "confidence": 0.9089908003807068,
        "image": "DJI_20250701153249_0028_W.JPG"
      }
    },
    {
      "type": "Feature",
      "geometry": {
        "type": "Point",
        "coordinates": [
          -0.5242250723023546,
          53.268067418273695
        ]
      },
      "properties": {
        "confidence": 0.902868390083313,
        "image": "DJI_20250701153249_0028_W.JPG"
      }
    },
    {
      "type": "Feature",
      "geometry": {
        "type": "Point",
        "coordinates": [
          -0.524278988921087,
          53.26814195326554
        ]
      },
      "properties": {
        "confidence": 0.8962021470069885,
        "image": "DJI_20250701153249_0028_W.JPG"
      }
    },
    {
      "type": "Feature",
      "geometry": {
        "type": "Point",
        "coordinates": [
          -0.524422321671566,
          53.26806984457314
        ]
      },
      "properties": {
        "confidence": 0.8829795122146606,
        "image": "DJI_20250701153249_0028_W.JPG"
      }
    },
    {
      "type": "Feature",
      "geometry": {
        "type": "Point",
        "coordinates": [
          -0.5245764734805191,
          53.26803618679648
        ]
      },
      "properties": {
        "confidence": 0.8689420819282532,
        "image": "DJI_20250701153249_0028_W.JPG"
      }
    },
    {
      "type": "Feature",
      "geometry": {
        "type": "Point",
        "coordinates": [
          -0.5245537817929248,
          53.2681117550077
        ]
      },
      "properties": {
        "confidence": 0.8611804246902466,
        "image": "DJI_20250701153249_0028_W.JPG"
      }
    },
    {
      "type": "Feature",
      "geometry": {
        "type": "Point",
        "coordinates": [
          -0.5245406651650212,
          53.26806669465717
        ]
      },
      "properties": {
        "confidence": 0.8546592593193054,
        "image": "DJI_20250701153249_0028_W.JPG"
      }
    },
    {
      "type": "Feature",
      "geometry": {
        "type": "Point",
        "coordinates": [
          -0.5245386328037666,
          53.26805370460943
        ]
      },
      "properties": {
        "confidence": 0.8242293000221252,
        "image": "DJI_20250701153249_0028_W.JPG"
      }
    },
    {
      "type": "Feature",
      "geometry": {
        "type": "Point",
        "coordinates": [
          -0.5245879339076275,
          53.26807531670043
        ]
      },
      "properties": {
        "confidence": 0.8006269335746765,
        "image": "DJI_20250701153249_0028_W.JPG"
      }
    },
    {
      "type": "Feature",
      "geometry": {
        "type": "Point",
        "coordinates": [
          -0.5243496054040376,
          53.26806831475775
        ]
      },
      "properties": {
        "confidence": 0.7899734377861023,
        "image": "DJI_20250701153249_0028_W.JPG"
      }
    },
    {
      "type": "Feature",
      "geometry": {
        "type": "Point",
        "coordinates": [
          -0.5245480807222469,
          53.26809292441974
        ]
      },
      "properties": {
        "confidence": 0.7840966582298279,
        "image": "DJI_20250701153249_0028_W.JPG"
      }
    },
    {
      "type": "Feature",
      "geometry": {
        "type": "Point",
        "coordinates": [
          -0.5245566168954071,
          53.268117394572656
        ]
      },
      "properties": {
        "confidence": 0.7784188389778137,
        "image": "DJI_20250701153249_0028_W.JPG"
      }
    },
    {
      "type": "Feature",
      "geometry": {
        "type": "Point",
        "coordinates": [
          -0.5245954312742613,
          53.26811425231311
        ]
      },
      "properties": {
        "confidence": 0.7332968711853027,
        "image": "DJI_20250701153249_0028_W.JPG"
      }
    },
    {
      "type": "Feature",
      "geometry": {
        "type": "Point",
        "coordinates": [
          -0.5245104325091562,
          53.26809448719964
        ]
      },
      "properties": {
        "confidence": 0.7255738973617554,
        "image": "DJI_20250701153249_0028_W.JPG"
      }
    },
    {
      "type": "Feature",
      "geometry": {
        "type": "Point",
        "coordinates": [
          -0.524588528003596,
          53.268068998464585
        ]
      },
      "properties": {
        "confidence": 0.722335934638977,
        "image": "DJI_20250701153249_0028_W.JPG"
      }
    },
    {
      "type": "Feature",
      "geometry": {
        "type": "Point",
        "coordinates": [
          -0.5244676606890483,
          53.26808693240984
        ]
      },
      "properties": {
        "confidence": 0.7223201394081116,
        "image": "DJI_20250701153249_0028_W.JPG"
      }
    },
    {
      "type": "Feature",
      "geometry": {
        "type": "Point",
        "coordinates": [
          -0.5245157929302129,
          53.26810763684946
        ]
      },
      "properties": {
        "confidence": 0.7199011445045471,
        "image": "DJI_20250701153249_0028_W.JPG"
      }
    },
    {
      "type": "Feature",
      "geometry": {
        "type": "Point",
        "coordinates": [
          -0.524570164829208,
          53.26801123878928
        ]
      },
      "properties": {
        "confidence": 0.7152233719825745,
        "image": "DJI_20250701153249_0028_W.JPG"
      }
    },
    {
      "type": "Feature",
      "geometry": {
        "type": "Point",
        "coordinates": [
          -0.5244613510636412,
          53.26806631436567
        ]
      },
      "properties": {
        "confidence": 0.7015665173530579,
        "image": "DJI_20250701153249_0028_W.JPG"
      }
    },
    {
      "type": "Feature",
      "geometry": {
        "type": "Point",
        "coordinates": [
          -0.5243245576359061,
          53.26815128182626
        ]
      },
      "properties": {
        "confidence": 0.6916210055351257,
        "image": "DJI_20250701153249_0028_W.JPG"
      }
    },
    {
      "type": "Feature",
      "geometry": {
        "type": "Point",
        "coordinates": [
          -0.5244516927770647,
          53.26802130970825
        ]
      },
      "properties": {
        "confidence": 0.6783208250999451,
        "image": "DJI_20250701153249_0028_W.JPG"
      }
    },
    {
      "type": "Feature",
      "geometry": {
        "type": "Point",
        "coordinates": [
          -0.5243128951568553,
          53.268098351448145
        ]
      },
      "properties": {
        "confidence": 0.6770055294036865,
        "image": "DJI_20250701153249_0028_W.JPG"
      }
    },
    {
      "type": "Feature",
      "geometry": {
        "type": "Point",
        "coordinates": [
          -0.5245993850444861,
          53.26812679219447
        ]
      },
      "properties": {
        "confidence": 0.6740242838859558,
        "image": "DJI_20250701153249_0028_W.JPG"
      }
    },
    {
      "type": "Feature",
      "geometry": {
        "type": "Point",
        "coordinates": [
          -0.5242812374950138,
          53.26813474838222
        ]
      },
      "properties": {
        "confidence": 0.6469380855560303,
        "image": "DJI_20250701153249_0028_W.JPG"
      }
    },
    {
      "type": "Feature",
      "geometry": {
        "type": "Point",
        "coordinates": [
          -0.5242400601442746,
          53.26811802112286
        ]
      },
      "properties": {
        "confidence": 0.6362206339836121,
        "image": "DJI_20250701153249_0028_W.JPG"
      }
    },
    {
      "type": "Feature",
      "geometry": {
        "type": "Point",
        "coordinates": [
          -0.5244607371150463,
          53.26805955264742
        ]
      },
      "properties": {
        "confidence": 0.6337818503379822,
        "image": "DJI_20250701153249_0028_W.JPG"
      }
    },
    {
      "type": "Feature",
      "geometry": {
        "type": "Point",
        "coordinates": [
          -0.5246015476872657,
          53.268139678333256
        ]
      },
      "properties": {
        "confidence": 0.571268618106842,
        "image": "DJI_20250701153249_0028_W.JPG"
      }
    },
    {
      "type": "Feature",
      "geometry": {
        "type": "Point",
        "coordinates": [
          -0.524418552048849,
          53.26804936528578
        ]
      },
      "properties": {
        "confidence": 0.5406069159507751,
        "image": "DJI_20250701153249_0028_W.JPG"
      }
    },
    {
      "type": "Feature",
      "geometry": {
        "type": "Point",
        "coordinates": [
          -0.5245935291945318,
          53.26810115835641
        ]
      },
      "properties": {
        "confidence": 0.5307244062423706,
        "image": "DJI_20250701153249_0028_W.JPG"
      }
    },
    {
      "type": "Feature",
      "geometry": {
        "type": "Point",
        "coordinates": [
          -0.524506757431771,
          53.268088002360415
        ]
      },
      "properties": {
        "confidence": 0.5282796025276184,
        "image": "DJI_20250701153249_0028_W.JPG"
      }
    },
    {
      "type": "Feature",
      "geometry": {
        "type": "Point",
        "coordinates": [
          -0.5244739757083211,
          53.268112524716045
        ]
      },
      "properties": {
        "confidence": 0.5148888826370239,
        "image": "DJI_20250701153249_0028_W.JPG"
      }
    },
    {
      "type": "Feature",
      "geometry": {
        "type": "Point",
        "coordinates": [
          -0.5242668765629676,
          53.2680767188292
        ]
      },
      "properties": {
        "confidence": 0.5069944858551025,
        "image": "DJI_20250701153249_0028_W.JPG"
      }
    },
    {
      "type": "Feature",
      "geometry": {
        "type": "Point",
        "coordinates": [
          -0.524515918566613,
          53.26811370573554
        ]
      },
      "properties": {
        "confidence": 0.5039438009262085,
        "image": "DJI_20250701153249_0028_W.JPG"
      }
    },
    {
      "type": "Feature",
      "geometry": {
        "type": "Point",
        "coordinates": [
          -0.5245717915800313,
          53.268041151698256
        ]
      },
      "properties": {
        "confidence": 0.9833108186721802,
        "image": "DJI_20250701153251_0029_W.JPG"
      }
    },
    {
      "type": "Feature",
      "geometry": {
        "type": "Point",
        "coordinates": [
          -0.5245677475330598,
          53.26802846805985
        ]
      },
      "properties": {
        "confidence": 0.9759254455566406,
        "image": "DJI_20250701153251_0029_W.JPG"
      }
    },
    {
      "type": "Feature",
      "geometry": {
        "type": "Point",
        "coordinates": [
          -0.5245763938061718,
          53.26805463400442
        ]
      },
      "properties": {
        "confidence": 0.9734095335006714,
        "image": "DJI_20250701153251_0029_W.JPG"
      }
    },
    {
      "type": "Feature",
      "geometry": {
        "type": "Point",
        "coordinates": [
          -0.524456834743021,
          53.26806508966916
        ]
      },
      "properties": {
        "confidence": 0.8959236145019531,
        "image": "DJI_20250701153251_0029_W.JPG"
      }
    },
    {
      "type": "Feature",
      "geometry": {
        "type": "Point",
        "coordinates": [
          -0.5243768641989781,
          53.26807398072938
        ]
      },
      "properties": {
        "confidence": 0.8844718933105469,
        "image": "DJI_20250701153251_0029_W.JPG"
      }
    },
    {
      "type": "Feature",
      "geometry": {
        "type": "Point",
        "coordinates": [
          -0.5245030466303069,
          53.26808747869035
        ]
      },
      "properties": {
        "confidence": 0.881829559803009,
        "image": "DJI_20250701153251_0029_W.JPG"
      }
    },
    {
      "type": "Feature",
      "geometry": {
        "type": "Point",
        "coordinates": [
          -0.5245104155561859,
          53.26811431814436
        ]
      },
      "properties": {
        "confidence": 0.8401588201522827,
        "image": "DJI_20250701153251_0029_W.JPG"
      }
    },
    {
      "type": "Feature",
      "geometry": {
        "type": "Point",
        "coordinates": [
          -0.5244106004225253,
          53.268043805456365
        ]
      },
      "properties": {
        "confidence": 0.8271608352661133,
        "image": "DJI_20250701153251_0029_W.JPG"
      }
    },
    {
      "type": "Feature",
      "geometry": {
        "type": "Point",
        "coordinates": [
          -0.524536313519348,
          53.268072245393235
        ]
      },
      "properties": {
        "confidence": 0.8064330816268921,
        "image": "DJI_20250701153251_0029_W.JPG"
      }
    },
    {
      "type": "Feature",
      "geometry": {
        "type": "Point",
        "coordinates": [
          -0.5244565769831537,
          53.268072754996524
        ]
      },
      "properties": {
        "confidence": 0.785447895526886,
        "image": "DJI_20250701153251_0029_W.JPG"
      }
    },
    {
      "type": "Feature",
      "geometry": {
        "type": "Point",
        "coordinates": [
          -0.5244963981913011,
          53.26806098799712
        ]
      },
      "properties": {
        "confidence": 0.7693997621536255,
        "image": "DJI_20250701153251_0029_W.JPG"
      }
    },
    {
      "type": "Feature",
      "geometry": {
        "type": "Point",
        "coordinates": [
          -0.5243883884497014,
          53.268128139657044
        ]
      },
      "properties": {
        "confidence": 0.7614415884017944,
        "image": "DJI_20250701153251_0029_W.JPG"
      }
    },
    {
      "type": "Feature",
      "geometry": {
        "type": "Point",
        "coordinates": [
          -0.5244719948558809,
          53.268124375157406
        ]
      },
      "properties": {
        "confidence": 0.74952632188797,
        "image": "DJI_20250701153251_0029_W.JPG"
      }
    },
    {
      "type": "Feature",
      "geometry": {
        "type": "Point",
        "coordinates": [
          -0.5243272904254026,
          53.26817881415278
        ]
      },
      "properties": {
        "confidence": 0.6961489915847778,
        "image": "DJI_20250701153251_0029_W.JPG"
      }
    },
    {
      "type": "Feature",
      "geometry": {
        "type": "Point",
        "coordinates": [
          -0.5243715630444528,
          53.26804714397743
        ]
      },
      "properties": {
        "confidence": 0.6451756954193115,
        "image": "DJI_20250701153251_0029_W.JPG"
      }
    },
    {
      "type": "Feature",
      "geometry": {
        "type": "Point",
        "coordinates": [
          -0.5245839949770024,
          53.268081351002174
        ]
      },
      "properties": {
        "confidence": 0.6400593519210815,
        "image": "DJI_20250701153251_0029_W.JPG"
      }
    },
    {
      "type": "Feature",
      "geometry": {
        "type": "Point",
        "coordinates": [
          -0.5243040316681264,
          53.268079593883954
        ]
      },
      "properties": {
        "confidence": 0.6223260760307312,
        "image": "DJI_20250701153251_0029_W.JPG"
      }
    },
    {
      "type": "Feature",
      "geometry": {
        "type": "Point",
        "coordinates": [
          -0.5244495749014841,
          53.26803916423581
        ]
      },
      "properties": {
        "confidence": 0.6076502203941345,
        "image": "DJI_20250701153251_0029_W.JPG"
      }
    },
    {
      "type": "Feature",
      "geometry": {
        "type": "Point",
        "coordinates": [
          -0.5242401066691392,
          53.26815131116217
        ]
      },
      "properties": {
        "confidence": 0.5972433686256409,
        "image": "DJI_20250701153251_0029_W.JPG"
      }
    },
    {
      "type": "Feature",
      "geometry": {
        "type": "Point",
        "coordinates": [
          -0.5242434693763326,
          53.268164232609756
        ]
      },
      "properties": {
        "confidence": 0.594903826713562,
        "image": "DJI_20250701153251_0029_W.JPG"
      }
    },
    {
      "type": "Feature",
      "geometry": {
        "type": "Point",
        "coordinates": [
          -0.5244739979652238,
          53.26813133416062
        ]
      },
      "properties": {
        "confidence": 0.5818514227867126,
        "image": "DJI_20250701153251_0029_W.JPG"
      }
    },
    {
      "type": "Feature",
      "geometry": {
        "type": "Point",
        "coordinates": [
          -0.5244172220278063,
          53.268076018082745
        ]
      },
      "properties": {
        "confidence": 0.5239378213882446,
        "image": "DJI_20250701153251_0029_W.JPG"
      }
    },
    {
      "type": "Feature",
      "geometry": {
        "type": "Point",
        "coordinates": [
          -0.5245596981153275,
          53.26811407650206
        ]
      },
      "properties": {
        "confidence": 0.9842670559883118,
        "image": "DJI_20250701153343_0048_W.JPG"
      }
    },
    {
      "type": "Feature",
      "geometry": {
        "type": "Point",
        "coordinates": [
          -0.5244554944804013,
          53.26815024329415
        ]
      },
      "properties": {
        "confidence": 0.9834482669830322,
        "image": "DJI_20250701153343_0048_W.JPG"
      }
    },
    {
      "type": "Feature",
      "geometry": {
        "type": "Point",
        "coordinates": [
          -0.5243987924492766,
          53.268090494906275
        ]
      },
      "properties": {
        "confidence": 0.9794855117797852,
        "image": "DJI_20250701153343_0048_W.JPG"
      }
    },
    {
      "type": "Feature",
      "geometry": {
        "type": "Point",
        "coordinates": [
          -0.5244497447773809,
          53.268126070847735
        ]
      },
      "properties": {
        "confidence": 0.9775951504707336,
        "image": "DJI_20250701153343_0048_W.JPG"
      }
    },
    {
      "type": "Feature",
      "geometry": {
        "type": "Point",
        "coordinates": [
          -0.5244255891673882,
          53.268035404068776
        ]
      },
      "properties": {
        "confidence": 0.9535961747169495,
        "image": "DJI_20250701153343_0048_W.JPG"
      }
    },
    {
      "type": "Feature",
      "geometry": {
        "type": "Point",
        "coordinates": [
          -0.5245251802277745,
          53.26811860196512
        ]
      },
      "properties": {
        "confidence": 0.9461604952812195,
        "image": "DJI_20250701153343_0048_W.JPG"
      }
    },
    {
      "type": "Feature",
      "geometry": {
        "type": "Point",
        "coordinates": [
          -0.524474345752419,
          53.26806418110096
        ]
      },
      "properties": {
        "confidence": 0.9387561678886414,
        "image": "DJI_20250701153343_0048_W.JPG"
      }
    },
    {
      "type": "Feature",
      "geometry": {
        "type": "Point",
        "coordinates": [
          -0.5243929155248086,
          53.268070397130494
        ]
      },
      "properties": {
        "confidence": 0.9376493692398071,
        "image": "DJI_20250701153343_0048_W.JPG"
      }
    },
    {
      "type": "Feature",
      "geometry": {
        "type": "Point",
        "coordinates": [
          -0.5244901811844898,
          53.26813499201126
        ]
      },
      "properties": {
        "confidence": 0.9323126673698425,
        "image": "DJI_20250701153343_0048_W.JPG"
      }
    },
    {
      "type": "Feature",
      "geometry": {
        "type": "Point",
        "coordinates": [
          -0.5243838300030441,
          53.26803870777512
        ]
      },
      "properties": {
        "confidence": 0.9041090607643127,
        "image": "DJI_20250701153343_0048_W.JPG"
      }
    },
    {
      "type": "Feature",
      "geometry": {
        "type": "Point",
        "coordinates": [
          -0.5245740861398679,
          53.26800962296204
        ]
      },
      "properties": {
        "confidence": 0.9014637470245361,
        "image": "DJI_20250701153343_0048_W.JPG"
      }
    },
    {
      "type": "Feature",
      "geometry": {
        "type": "Point",
        "coordinates": [
          -0.5245178178649856,
          53.26809200423211
        ]
      },
      "properties": {
        "confidence": 0.8931393027305603,
        "image": "DJI_20250701153343_0048_W.JPG"
      }
    },
    {
      "type": "Feature",
      "geometry": {
        "type": "Point",
        "coordinates": [
          -0.5243868424747739,
          53.268045056540394
        ]
      },
      "properties": {
        "confidence": 0.8925960659980774,
        "image": "DJI_20250701153343_0048_W.JPG"
      }
    },
    {
      "type": "Feature",
      "geometry": {
        "type": "Point",
        "coordinates": [
          -0.5244618844559419,
          53.26801916264069
        ]
      },
      "properties": {
        "confidence": 0.8882678747177124,
        "image": "DJI_20250701153343_0048_W.JPG"
      }
    },
    {
      "type": "Feature",
      "geometry": {
        "type": "Point",
        "coordinates": [
          -0.524272861141682,
          53.26807480583497
        ]
      },
      "properties": {
        "confidence": 0.8832462430000305,
        "image": "DJI_20250701153343_0048_W.JPG"
      }
    },
    {
      "type": "Feature",
      "geometry": {
        "type": "Point",
        "coordinates": [
          -0.5244106527221162,
          53.2681299413618
        ]
      },
      "properties": {
        "confidence": 0.8810115456581116,
        "image": "DJI_20250701153343_0048_W.JPG"
      }
    },
    {
      "type": "Feature",
      "geometry": {
        "type": "Point",
        "coordinates": [
          -0.5244848502445694,
          53.26810893170555
        ]
      },
      "properties": {
        "confidence": 0.8730073571205139,
        "image": "DJI_20250701153343_0048_W.JPG"
      }
    },
    {
      "type": "Feature",
      "geometry": {
        "type": "Point",
        "coordinates": [
          -0.5245924100747565,
          53.268097358981414
        ]
      },
      "properties": {
        "confidence": 0.8448101878166199,
        "image": "DJI_20250701153343_0048_W.JPG"
      }
    },
    {
      "type": "Feature",
      "geometry": {
        "type": "Point",
        "coordinates": [
          -0.5244746662422222,
          53.268069873201306
        ]
      },
      "properties": {
        "confidence": 0.8367827534675598,
        "image": "DJI_20250701153343_0048_W.JPG"
      }
    },
    {
      "type": "Feature",
      "geometry": {
        "type": "Point",
        "coordinates": [
          -0.5244779853387257,
          53.26808413111666
        ]
      },
      "properties": {
        "confidence": 0.8241016864776611,
        "image": "DJI_20250701153343_0048_W.JPG"
      }
    },
    {
      "type": "Feature",
      "geometry": {
        "type": "Point",
        "coordinates": [
          -0.5244646563498058,
          53.26803144369751
        ]
      },
      "properties": {
        "confidence": 0.8234542012214661,
        "image": "DJI_20250701153343_0048_W.JPG"
      }
    },
    {
      "type": "Feature",
      "geometry": {
        "type": "Point",
        "coordinates": [
          -0.5244393085803037,
          53.26808666803386
        ]
      },
      "properties": {
        "confidence": 0.8220953345298767,
        "image": "DJI_20250701153343_0048_W.JPG"
      }
    },
    {
      "type": "Feature",
      "geometry": {
        "type": "Point",
        "coordinates": [
          -0.5245279521216384,
          53.26813088302194
        ]
      },
      "properties": {
        "confidence": 0.8215286135673523,
        "image": "DJI_20250701153343_0048_W.JPG"
      }
    },
    {
      "type": "Feature",
      "geometry": {
        "type": "Point",
        "coordinates": [
          -0.5245887982185085,
          53.268072974866264
        ]
      },
      "properties": {
        "confidence": 0.8098370432853699,
        "image": "DJI_20250701153343_0048_W.JPG"
      }
    },
    {
      "type": "Feature",
      "geometry": {
        "type": "Point",
        "coordinates": [
          -0.5243070271550972,
          53.26804520420563
        ]
      },
      "properties": {
        "confidence": 0.7977902293205261,
        "image": "DJI_20250701153343_0048_W.JPG"
      }
    },
    {
      "type": "Feature",
      "geometry": {
        "type": "Point",
        "coordinates": [
          -0.5243186833397822,
          53.26809694941107
        ]
      },
      "properties": {
        "confidence": 0.790109395980835,
        "image": "DJI_20250701153343_0048_W.JPG"
      }
    },
    {
      "type": "Feature",
      "geometry": {
        "type": "Point",
        "coordinates": [
          -0.5243229822670548,
          53.26810907927592
        ]
      },
      "properties": {
        "confidence": 0.7862703800201416,
        "image": "DJI_20250701153343_0048_W.JPG"
      }
    },
    {
      "type": "Feature",
      "geometry": {
        "type": "Point",
        "coordinates": [
          -0.5244726543988054,
          53.268058070810945
        ]
      },
      "properties": {
        "confidence": 0.7813752293586731,
        "image": "DJI_20250701153343_0048_W.JPG"
      }
    },
    {
      "type": "Feature",
      "geometry": {
        "type": "Point",
        "coordinates": [
          -0.5243668788571441,
          53.26812596663444
        ]
      },
      "properties": {
        "confidence": 0.7740933895111084,
        "image": "DJI_20250701153343_0048_W.JPG"
      }
    },
    {
      "type": "Feature",
      "geometry": {
        "type": "Point",
        "coordinates": [
          -0.5242361609550575,
          53.26809071807263
        ]
      },
      "properties": {
        "confidence": 0.7695767879486084,
        "image": "DJI_20250701153343_0048_W.JPG"
      }
    },
    {
      "type": "Feature",
      "geometry": {
        "type": "Point",
        "coordinates": [
          -0.5243156060392367,
          53.26808469859264
        ]
      },
      "properties": {
        "confidence": 0.7483404874801636,
        "image": "DJI_20250701153343_0048_W.JPG"
      }
    },
    {
      "type": "Feature",
      "geometry": {
        "type": "Point",
        "coordinates": [
          -0.5244440089393898,
          53.268099681351586
        ]
      },
      "properties": {
        "confidence": 0.7464438080787659,
        "image": "DJI_20250701153343_0048_W.JPG"
      }
    },
    {
      "type": "Feature",
      "geometry": {
        "type": "Point",
        "coordinates": [
          -0.5245949263076332,
          53.268109849991035
        ]
      },
      "properties": {
        "confidence": 0.744799792766571,
        "image": "DJI_20250701153343_0048_W.JPG"
      }
    },
    {
      "type": "Feature",
      "geometry": {
        "type": "Point",
        "coordinates": [
          -0.5243877917182731,
          53.268051886546026
        ]
      },
      "properties": {
        "confidence": 0.729550838470459,
        "image": "DJI_20250701153343_0048_W.JPG"
      }
    },
    {
      "type": "Feature",
      "geometry": {
        "type": "Point",
        "coordinates": [
          -0.5242824626697703,
          53.268113460410774
        ]
      },
      "properties": {
        "confidence": 0.710311233997345,
        "image": "DJI_20250701153343_0048_W.JPG"
      }
    },
    {
      "type": "Feature",
      "geometry": {
        "type": "Point",
        "coordinates": [
          -0.5243800707368506,
          53.26802569359943
        ]
      },
      "properties": {
        "confidence": 0.7046010494232178,
        "image": "DJI_20250701153343_0048_W.JPG"
      }
    },
    {
      "type": "Feature",
      "geometry": {
        "type": "Point",
        "coordinates": [
          -0.5242705010784037,
          53.268061745443724
        ]
      },
      "properties": {
        "confidence": 0.6854602694511414,
        "image": "DJI_20250701153343_0048_W.JPG"
      }
    },
    {
      "type": "Feature",
      "geometry": {
        "type": "Point",
        "coordinates": [
          -0.5242319666245505,
          53.268065930029024
        ]
      },
      "properties": {
        "confidence": 0.6832852959632874,
        "image": "DJI_20250701153343_0048_W.JPG"
      }
    },
    {
      "type": "Feature",
      "geometry": {
        "type": "Point",
        "coordinates": [
          -0.5244112937017223,
          53.26814132556249
        ]
      },
      "properties": {
        "confidence": 0.672091007232666,
        "image": "DJI_20250701153343_0048_W.JPG"
      }
    },
    {
      "type": "Feature",
      "geometry": {
        "type": "Point",
        "coordinates": [
          -0.524546133841937,
          53.26807867619471
        ]
      },
      "properties": {
        "confidence": 0.662503182888031,
        "image": "DJI_20250701153343_0048_W.JPG"
      }
    },
    {
      "type": "Feature",
      "geometry": {
        "type": "Point",
        "coordinates": [
          -0.5243480957821595,
          53.26805470901201
        ]
      },
      "properties": {
        "confidence": 0.6468174457550049,
        "image": "DJI_20250701153343_0048_W.JPG"
      }
    },
    {
      "type": "Feature",
      "geometry": {
        "type": "Point",
        "coordinates": [
          -0.5243638998298954,
          53.26810613585638
        ]
      },
      "properties": {
        "confidence": 0.6213418841362,
        "image": "DJI_20250701153343_0048_W.JPG"
      }
    },
    {
      "type": "Feature",
      "geometry": {
        "type": "Point",
        "coordinates": [
          -0.524405345015924,
          53.268116434258424
        ]
      },
      "properties": {
        "confidence": 0.6123324632644653,
        "image": "DJI_20250701153343_0048_W.JPG"
      }
    },
    {
      "type": "Feature",
      "geometry": {
        "type": "Point",
        "coordinates": [
          -0.5244884250020602,
          53.2681229796681
        ]
      },
      "properties": {
        "confidence": 0.60809326171875,
        "image": "DJI_20250701153343_0048_W.JPG"
      }
    },
    {
      "type": "Feature",
      "geometry": {
        "type": "Point",
        "coordinates": [
          -0.5243913513926426,
          53.26806021216984
        ]
      },
      "properties": {
        "confidence": 0.5775142908096313,
        "image": "DJI_20250701153343_0048_W.JPG"
      }
    },
    {
      "type": "Feature",
      "geometry": {
        "type": "Point",
        "coordinates": [
          -0.5243532658681322,
          53.26807395357332
        ]
      },
      "properties": {
        "confidence": 0.5770607590675354,
        "image": "DJI_20250701153343_0048_W.JPG"
      }
    },
    {
      "type": "Feature",
      "geometry": {
        "type": "Point",
        "coordinates": [
          -0.5244470793074207,
          53.26811304069488
        ]
      },
      "properties": {
        "confidence": 0.562749445438385,
        "image": "DJI_20250701153343_0048_W.JPG"
      }
    },
    {
      "type": "Feature",
      "geometry": {
        "type": "Point",
        "coordinates": [
          -0.5244241522566697,
          53.26802114443749
        ]
      },
      "properties": {
        "confidence": 0.5409755110740662,
        "image": "DJI_20250701153343_0048_W.JPG"
      }
    },
    {
      "type": "Feature",
      "geometry": {
        "type": "Point",
        "coordinates": [
          -0.524433477935273,
          53.268067304234926
        ]
      },
      "properties": {
        "confidence": 0.5142874121665955,
        "image": "DJI_20250701153343_0048_W.JPG"
      }
    },
    {
      "type": "Feature",
      "geometry": {
        "type": "Point",
        "coordinates": [
          -0.524555652890901,
          53.268100077322806
        ]
      },
      "properties": {
        "confidence": 0.993830144405365,
        "image": "DJI_20250701153235_0023_W.JPG"
      }
    },
    {
      "type": "Feature",
      "geometry": {
        "type": "Point",
        "coordinates": [
          -0.5245293623643054,
          53.26815393796495
        ]
      },
      "properties": {
        "confidence": 0.946525514125824,
        "image": "DJI_20250701153235_0023_W.JPG"
      }
    },
    {
      "type": "Feature",
      "geometry": {
        "type": "Point",
        "coordinates": [
          -0.5245144601663404,
          53.268089435935835
        ]
      },
      "properties": {
        "confidence": 0.9086588025093079,
        "image": "DJI_20250701153235_0023_W.JPG"
      }
    },
    {
      "type": "Feature",
      "geometry": {
        "type": "Point",
        "coordinates": [
          -0.5246003832341896,
          53.26810118895295
        ]
      },
      "properties": {
        "confidence": 0.8903428316116333,
        "image": "DJI_20250701153235_0023_W.JPG"
      }
    },
    {
      "type": "Feature",
      "geometry": {
        "type": "Point",
        "coordinates": [
          -0.5245248170267816,
          53.26812791702016
        ]
      },
      "properties": {
        "confidence": 0.8897270560264587,
        "image": "DJI_20250701153235_0023_W.JPG"
      }
    },
    {
      "type": "Feature",
      "geometry": {
        "type": "Point",
        "coordinates": [
          -0.5245614159558722,
          53.26812534343988
        ]
      },
      "properties": {
        "confidence": 0.8752285838127136,
        "image": "DJI_20250701153235_0023_W.JPG"
      }
    },
    {
      "type": "Feature",
      "geometry": {
        "type": "Point",
        "coordinates": [
          -0.5245375695031638,
          53.26802361402369
        ]
      },
      "properties": {
        "confidence": 0.8721305727958679,
        "image": "DJI_20250701153235_0023_W.JPG"
      }
    },
    {
      "type": "Feature",
      "geometry": {
        "type": "Point",
        "coordinates": [
          -0.5245207013646924,
          53.26811659285973
        ]
      },
      "properties": {
        "confidence": 0.8697411417961121,
        "image": "DJI_20250701153235_0023_W.JPG"
      }
    },
    {
      "type": "Feature",
      "geometry": {
        "type": "Point",
        "coordinates": [
          -0.5245848151392157,
          53.26804457546723
        ]
      },
      "properties": {
        "confidence": 0.8554475903511047,
        "image": "DJI_20250701153235_0023_W.JPG"
      }
    },
    {
      "type": "Feature",
      "geometry": {
        "type": "Point",
        "coordinates": [
          -0.5242913510654569,
          53.26816091456627
        ]
      },
      "properties": {
        "confidence": 0.8424265384674072,
        "image": "DJI_20250701153235_0023_W.JPG"
      }
    },
    {
      "type": "Feature",
      "geometry": {
        "type": "Point",
        "coordinates": [
          -0.5245590098606231,
          53.268112114791364
        ]
      },
      "properties": {
        "confidence": 0.8404502868652344,
        "image": "DJI_20250701153235_0023_W.JPG"
      }
    },
    {
      "type": "Feature",
      "geometry": {
        "type": "Point",
        "coordinates": [
          -0.5245096969570209,
          53.26807678887882
        ]
      },
      "properties": {
        "confidence": 0.827117383480072,
        "image": "DJI_20250701153235_0023_W.JPG"
      }
    },
    {
      "type": "Feature",
      "geometry": {
        "type": "Point",
        "coordinates": [
          -0.524534993994065,
          53.26801095328543
        ]
      },
      "properties": {
        "confidence": 0.8183876276016235,
        "image": "DJI_20250701153235_0023_W.JPG"
      }
    },
    {
      "type": "Feature",
      "geometry": {
        "type": "Point",
        "coordinates": [
          -0.5244790057908723,
          53.26811262799709
        ]
      },
      "properties": {
        "confidence": 0.8132836818695068,
        "image": "DJI_20250701153235_0023_W.JPG"
      }
    },
    {
      "type": "Feature",
      "geometry": {
        "type": "Point",
        "coordinates": [
          -0.5244664004906423,
          53.268054733451606
        ]
      },
      "properties": {
        "confidence": 0.7764256000518799,
        "image": "DJI_20250701153235_0023_W.JPG"
      }
    },
    {
      "type": "Feature",
      "geometry": {
        "type": "Point",
        "coordinates": [
          -0.524610510464446,
          53.268147427022654
        ]
      },
      "properties": {
        "confidence": 0.7696872353553772,
        "image": "DJI_20250701153235_0023_W.JPG"
      }
    },
    {
      "type": "Feature",
      "geometry": {
        "type": "Point",
        "coordinates": [
          -0.5245991899973316,
          53.26810884890067
        ]
      },
      "properties": {
        "confidence": 0.7654742002487183,
        "image": "DJI_20250701153235_0023_W.JPG"
      }
    },
    {
      "type": "Feature",
      "geometry": {
        "type": "Point",
        "coordinates": [
          -0.5245473632980101,
          53.26807596070749
        ]
      },
      "properties": {
        "confidence": 0.7629205584526062,
        "image": "DJI_20250701153235_0023_W.JPG"
      }
    },
    {
      "type": "Feature",
      "geometry": {
        "type": "Point",
        "coordinates": [
          -0.5244392910553441,
          53.268116496477
        ]
      },
      "properties": {
        "confidence": 0.762303352355957,
        "image": "DJI_20250701153235_0023_W.JPG"
      }
    },
    {
      "type": "Feature",
      "geometry": {
        "type": "Point",
        "coordinates": [
          -0.5242336278383496,
          53.268073761519965
        ]
      },
      "properties": {
        "confidence": 0.7481838464736938,
        "image": "DJI_20250701153235_0023_W.JPG"
      }
    },
    {
      "type": "Feature",
      "geometry": {
        "type": "Point",
        "coordinates": [
          -0.5242935294781437,
          53.268173242830585
        ]
      },
      "properties": {
        "confidence": 0.7466070652008057,
        "image": "DJI_20250701153235_0023_W.JPG"
      }
    },
    {
      "type": "Feature",
      "geometry": {
        "type": "Point",
        "coordinates": [
          -0.524605270320846,
          53.268113088022865
        ]
      },
      "properties": {
        "confidence": 0.7382192015647888,
        "image": "DJI_20250701153235_0023_W.JPG"
      }
    },
    {
      "type": "Feature",
      "geometry": {
        "type": "Point",
        "coordinates": [
          -0.5244439193774595,
          53.26813541838507
        ]
      },
      "properties": {
        "confidence": 0.7270788550376892,
        "image": "DJI_20250701153235_0023_W.JPG"
      }
    },
    {
      "type": "Feature",
      "geometry": {
        "type": "Point",
        "coordinates": [
          -0.5244468856168699,
          53.268147767488486
        ]
      },
      "properties": {
        "confidence": 0.7208284735679626,
        "image": "DJI_20250701153235_0023_W.JPG"
      }
    },
    {
      "type": "Feature",
      "geometry": {
        "type": "Point",
        "coordinates": [
          -0.5244870429853222,
          53.26814441155937
        ]
      },
      "properties": {
        "confidence": 0.7198348641395569,
        "image": "DJI_20250701153235_0023_W.JPG"
      }
    },
    {
      "type": "Feature",
      "geometry": {
        "type": "Point",
        "coordinates": [
          -0.5244098766338777,
          53.26816419282837
        ]
      },
      "properties": {
        "confidence": 0.7125833630561829,
        "image": "DJI_20250701153235_0023_W.JPG"
      }
    },
    {
      "type": "Feature",
      "geometry": {
        "type": "Point",
        "coordinates": [
          -0.5245870209639257,
          53.26805082279717
        ]
      },
      "properties": {
        "confidence": 0.6691214442253113,
        "image": "DJI_20250701153235_0023_W.JPG"
      }
    },
    {
      "type": "Feature",
      "geometry": {
        "type": "Point",
        "coordinates": [
          -0.5242278740609122,
          53.268036153457324
        ]
      },
      "properties": {
        "confidence": 0.6687084436416626,
        "image": "DJI_20250701153235_0023_W.JPG"
      }
    },
    {
      "type": "Feature",
      "geometry": {
        "type": "Point",
        "coordinates": [
          -0.524499700944013,
          53.26802611824604
        ]
      },
      "properties": {
        "confidence": 0.6582474708557129,
        "image": "DJI_20250701153235_0023_W.JPG"
      }
    },
    {
      "type": "Feature",
      "geometry": {
        "type": "Point",
        "coordinates": [
          -0.5245410339480667,
          53.26803545757555
        ]
      },
      "properties": {
        "confidence": 0.6331502199172974,
        "image": "DJI_20250701153235_0023_W.JPG"
      }
    },
    {
      "type": "Feature",
      "geometry": {
        "type": "Point",
        "coordinates": [
          -0.5245327075756382,
          53.268160358531105
        ]
      },
      "properties": {
        "confidence": 0.6180492043495178,
        "image": "DJI_20250701153235_0023_W.JPG"
      }
    },
    {
      "type": "Feature",
      "geometry": {
        "type": "Point",
        "coordinates": [
          -0.524459367795611,
          53.268029397976605
        ]
      },
      "properties": {
        "confidence": 0.5973882675170898,
        "image": "DJI_20250701153235_0023_W.JPG"
      }
    },
    {
      "type": "Feature",
      "geometry": {
        "type": "Point",
        "coordinates": [
          -0.524439074382649,
          53.26811006922882
        ]
      },
      "properties": {
        "confidence": 0.5949493050575256,
        "image": "DJI_20250701153235_0023_W.JPG"
      }
    },
    {
      "type": "Feature",
      "geometry": {
        "type": "Point",
        "coordinates": [
          -0.5245810610730819,
          53.26803220552471
        ]
      },
      "properties": {
        "confidence": 0.5863678455352783,
        "image": "DJI_20250701153235_0023_W.JPG"
      }
    },
    {
      "type": "Feature",
      "geometry": {
        "type": "Point",
        "coordinates": [
          -0.5245867002607161,
          53.26805821962888
        ]
      },
      "properties": {
        "confidence": 0.5656588077545166,
        "image": "DJI_20250701153235_0023_W.JPG"
      }
    },
    {
      "type": "Feature",
      "geometry": {
        "type": "Point",
        "coordinates": [
          -0.5245500399161896,
          53.26808778342025
        ]
      },
      "properties": {
        "confidence": 0.5629165768623352,
        "image": "DJI_20250701153235_0023_W.JPG"
      }
    },
    {
      "type": "Feature",
      "geometry": {
        "type": "Point",
        "coordinates": [
          -0.5244580291122602,
          53.26801791473704
        ]
      },
      "properties": {
        "confidence": 0.5571380257606506,
        "image": "DJI_20250701153235_0023_W.JPG"
      }
    },
    {
      "type": "Feature",
      "geometry": {
        "type": "Point",
        "coordinates": [
          -0.5245572011323248,
          53.268106199935374
        ]
      },
      "properties": {
        "confidence": 0.5502247214317322,
        "image": "DJI_20250701153235_0023_W.JPG"
      }
    },
    {
      "type": "Feature",
      "geometry": {
        "type": "Point",
        "coordinates": [
          -0.5246072090672923,
          53.268134371451744
        ]
      },
      "properties": {
        "confidence": 0.5489888191223145,
        "image": "DJI_20250701153235_0023_W.JPG"
      }
    },
    {
      "type": "Feature",
      "geometry": {
        "type": "Point",
        "coordinates": [
          -0.5243876239591055,
          53.268068766101585
        ]
      },
      "properties": {
        "confidence": 0.5426159501075745,
        "image": "DJI_20250701153235_0023_W.JPG"
      }
    },
    {
      "type": "Feature",
      "geometry": {
        "type": "Point",
        "coordinates": [
          -0.5243303137000072,
          53.268142931052125
        ]
      },
      "properties": {
        "confidence": 0.5405341386795044,
        "image": "DJI_20250701153235_0023_W.JPG"
      }
    },
    {
      "type": "Feature",
      "geometry": {
        "type": "Point",
        "coordinates": [
          -0.5242887775039806,
          53.26813959645843
        ]
      },
      "properties": {
        "confidence": 0.5229650735855103,
        "image": "DJI_20250701153235_0023_W.JPG"
      }
    },
    {
      "type": "Feature",
      "geometry": {
        "type": "Point",
        "coordinates": [
          -0.5245316504151293,
          53.26811859943106
        ]
      },
      "properties": {
        "confidence": 0.9968516230583191,
        "image": "DJI_20250701153337_0046_W.JPG"
      }
    },
    {
      "type": "Feature",
      "geometry": {
        "type": "Point",
        "coordinates": [
          -0.5244944972718619,
          53.268134102277635
        ]
      },
      "properties": {
        "confidence": 0.9880716800689697,
        "image": "DJI_20250701153337_0046_W.JPG"
      }
    },
    {
      "type": "Feature",
      "geometry": {
        "type": "Point",
        "coordinates": [
          -0.5245279171582706,
          53.26810511244924
        ]
      },
      "properties": {
        "confidence": 0.9804756045341492,
        "image": "DJI_20250701153337_0046_W.JPG"
      }
    },
    {
      "type": "Feature",
      "geometry": {
        "type": "Point",
        "coordinates": [
          -0.5244536304634142,
          53.26812484615813
        ]
      },
      "properties": {
        "confidence": 0.976262092590332,
        "image": "DJI_20250701153337_0046_W.JPG"
      }
    },
    {
      "type": "Feature",
      "geometry": {
        "type": "Point",
        "coordinates": [
          -0.5244137036953797,
          53.268128060293385
        ]
      },
      "properties": {
        "confidence": 0.9680878520011902,
        "image": "DJI_20250701153337_0046_W.JPG"
      }
    },
    {
      "type": "Feature",
      "geometry": {
        "type": "Point",
        "coordinates": [
          -0.5244673503777274,
          53.26803092557896
        ]
      },
      "properties": {
        "confidence": 0.9625058174133301,
        "image": "DJI_20250701153337_0046_W.JPG"
      }
    },
    {
      "type": "Feature",
      "geometry": {
        "type": "Point",
        "coordinates": [
          -0.5244880650553733,
          53.268108596324126
        ]
      },
      "properties": {
        "confidence": 0.9574944376945496,
        "image": "DJI_20250701153337_0046_W.JPG"
      }
    },
    {
      "type": "Feature",
      "geometry": {
        "type": "Point",
        "coordinates": [
          -0.5243690852572477,
          53.26812453351323
        ]
      },
      "properties": {
        "confidence": 0.9505873322486877,
        "image": "DJI_20250701153337_0046_W.JPG"
      }
    },
    {
      "type": "Feature",
      "geometry": {
        "type": "Point",
        "coordinates": [
          -0.5246026555005082,
          53.268110830188895
        ]
      },
      "properties": {
        "confidence": 0.9412820935249329,
        "image": "DJI_20250701153337_0046_W.JPG"
      }
    },
    {
      "type": "Feature",
      "geometry": {
        "type": "Point",
        "coordinates": [
          -0.5243116219778166,
          53.26805872284179
        ]
      },
      "properties": {
        "confidence": 0.9339776635169983,
        "image": "DJI_20250701153337_0046_W.JPG"
      }
    },
    {
      "type": "Feature",
      "geometry": {
        "type": "Point",
        "coordinates": [
          -0.5243308190737663,
          53.26813488104948
        ]
      },
      "properties": {
        "confidence": 0.9268839955329895,
        "image": "DJI_20250701153337_0046_W.JPG"
      }
    },
    {
      "type": "Feature",
      "geometry": {
        "type": "Point",
        "coordinates": [
          -0.5243150531057047,
          53.26807168547296
        ]
      },
      "properties": {
        "confidence": 0.9249494671821594,
        "image": "DJI_20250701153337_0046_W.JPG"
      }
    },
    {
      "type": "Feature",
      "geometry": {
        "type": "Point",
        "coordinates": [
          -0.5245636720531726,
          53.268101572352386
        ]
      },
      "properties": {
        "confidence": 0.9234057068824768,
        "image": "DJI_20250701153337_0046_W.JPG"
      }
    },
    {
      "type": "Feature",
      "geometry": {
        "type": "Point",
        "coordinates": [
          -0.5245806847797913,
          53.26802238326989
        ]
      },
      "properties": {
        "confidence": 0.9203630685806274,
        "image": "DJI_20250701153337_0046_W.JPG"
      }
    },
    {
      "type": "Feature",
      "geometry": {
        "type": "Point",
        "coordinates": [
          -0.5245015621030925,
          53.26816019223777
        ]
      },
      "properties": {
        "confidence": 0.9197035431861877,
        "image": "DJI_20250701153337_0046_W.JPG"
      }
    },
    {
      "type": "Feature",
      "geometry": {
        "type": "Point",
        "coordinates": [
          -0.5243963038594228,
          53.26806973773445
        ]
      },
      "properties": {
        "confidence": 0.9195600152015686,
        "image": "DJI_20250701153337_0046_W.JPG"
      }
    },
    {
      "type": "Feature",
      "geometry": {
        "type": "Point",
        "coordinates": [
          -0.5245994269480744,
          53.26809803225554
        ]
      },
      "properties": {
        "confidence": 0.9133184552192688,
        "image": "DJI_20250701153337_0046_W.JPG"
      }
    },
    {
      "type": "Feature",
      "geometry": {
        "type": "Point",
        "coordinates": [
          -0.5243783900425935,
          53.26815871566246
        ]
      },
      "properties": {
        "confidence": 0.9133062958717346,
        "image": "DJI_20250701153337_0046_W.JPG"
      }
    },
    {
      "type": "Feature",
      "geometry": {
        "type": "Point",
        "coordinates": [
          -0.5244658772760884,
          53.268018230970426
        ]
      },
      "properties": {
        "confidence": 0.9098573327064514,
        "image": "DJI_20250701153337_0046_W.JPG"
      }
    },
    {
      "type": "Feature",
      "geometry": {
        "type": "Point",
        "coordinates": [
          -0.5244949289512923,
          53.2681220504732
        ]
      },
      "properties": {
        "confidence": 0.9070550203323364,
        "image": "DJI_20250701153337_0046_W.JPG"
      }
    },
    {
      "type": "Feature",
      "geometry": {
        "type": "Point",
        "coordinates": [
          -0.524387976657704,
          53.268037952984706
        ]
      },
      "properties": {
        "confidence": 0.9033300876617432,
        "image": "DJI_20250701153337_0046_W.JPG"
      }
    },
    {
      "type": "Feature",
      "geometry": {
        "type": "Point",
        "coordinates": [
          -0.5243747598076728,
          53.268145033725595
        ]
      },
      "properties": {
        "confidence": 0.9017303586006165,
        "image": "DJI_20250701153337_0046_W.JPG"
      }
    },
    {
      "type": "Feature",
      "geometry": {
        "type": "Point",
        "coordinates": [
          -0.5244512868779346,
          53.26811297675563
        ]
      },
      "properties": {
        "confidence": 0.8997719287872314,
        "image": "DJI_20250701153337_0046_W.JPG"
      }
    },
    {
      "type": "Feature",
      "geometry": {
        "type": "Point",
        "coordinates": [
          -0.5244273136509111,
          53.26803544388504
        ]
      },
      "properties": {
        "confidence": 0.880753219127655,
        "image": "DJI_20250701153337_0046_W.JPG"
      }
    },
    {
      "type": "Feature",
      "geometry": {
        "type": "Point",
        "coordinates": [
          -0.5245640106946402,
          53.26810846712949
        ]
      },
      "properties": {
        "confidence": 0.8155826926231384,
        "image": "DJI_20250701153337_0046_W.JPG"
      }
    },
    {
      "type": "Feature",
      "geometry": {
        "type": "Point",
        "coordinates": [
          -0.5243211617732657,
          53.268096022554715
        ]
      },
      "properties": {
        "confidence": 0.8091340065002441,
        "image": "DJI_20250701153337_0046_W.JPG"
      }
    },
    {
      "type": "Feature",
      "geometry": {
        "type": "Point",
        "coordinates": [
          -0.5244777102708327,
          53.26806324809097
        ]
      },
      "properties": {
        "confidence": 0.8062645196914673,
        "image": "DJI_20250701153337_0046_W.JPG"
      }
    },
    {
      "type": "Feature",
      "geometry": {
        "type": "Point",
        "coordinates": [
          -0.524390103794042,
          53.26805187612098
        ]
      },
      "properties": {
        "confidence": 0.8019317388534546,
        "image": "DJI_20250701153337_0046_W.JPG"
      }
    },
    {
      "type": "Feature",
      "geometry": {
        "type": "Point",
        "coordinates": [
          -0.5244140325410083,
          53.26814059106261
        ]
      },
      "properties": {
        "confidence": 0.8006551265716553,
        "image": "DJI_20250701153337_0046_W.JPG"
      }
    },
    {
      "type": "Feature",
      "geometry": {
        "type": "Point",
        "coordinates": [
          -0.5244781554026602,
          53.26806939330513
        ]
      },
      "properties": {
        "confidence": 0.7949446439743042,
        "image": "DJI_20250701153337_0046_W.JPG"
      }
    },
    {
      "type": "Feature",
      "geometry": {
        "type": "Point",
        "coordinates": [
          -0.524532945829693,
          53.268131219255004
        ]
      },
      "properties": {
        "confidence": 0.7701573967933655,
        "image": "DJI_20250701153337_0046_W.JPG"
      }
    },
    {
      "type": "Feature",
      "geometry": {
        "type": "Point",
        "coordinates": [
          -0.5243269613750124,
          53.2681209445016
        ]
      },
      "properties": {
        "confidence": 0.7674810290336609,
        "image": "DJI_20250701153337_0046_W.JPG"
      }
    },
    {
      "type": "Feature",
      "geometry": {
        "type": "Point",
        "coordinates": [
          -0.5243827495867767,
          53.268177868035146
        ]
      },
      "properties": {
        "confidence": 0.7621005773544312,
        "image": "DJI_20250701153337_0046_W.JPG"
      }
    },
    {
      "type": "Feature",
      "geometry": {
        "type": "Point",
        "coordinates": [
          -0.5242737811463484,
          53.268062099957845
        ]
      },
      "properties": {
        "confidence": 0.7589308619499207,
        "image": "DJI_20250701153337_0046_W.JPG"
      }
    },
    {
      "type": "Feature",
      "geometry": {
        "type": "Point",
        "coordinates": [
          -0.5243379122617978,
          53.268160506314935
        ]
      },
      "properties": {
        "confidence": 0.7588710784912109,
        "image": "DJI_20250701153337_0046_W.JPG"
      }
    },
    {
      "type": "Feature",
      "geometry": {
        "type": "Point",
        "coordinates": [
          -0.5244045459907392,
          53.268102916568225
        ]
      },
      "properties": {
        "confidence": 0.7482312321662903,
        "image": "DJI_20250701153337_0046_W.JPG"
      }
    },
    {
      "type": "Feature",
      "geometry": {
        "type": "Point",
        "coordinates": [
          -0.5243977902253227,
          53.26807624174296
        ]
      },
      "properties": {
        "confidence": 0.7367069721221924,
        "image": "DJI_20250701153337_0046_W.JPG"
      }
    },
    {
      "type": "Feature",
      "geometry": {
        "type": "Point",
        "coordinates": [
          -0.5242353505400528,
          53.26806618210948
        ]
      },
      "properties": {
        "confidence": 0.736139714717865,
        "image": "DJI_20250701153337_0046_W.JPG"
      }
    },
    {
      "type": "Feature",
      "geometry": {
        "type": "Point",
        "coordinates": [
          -0.5242374383048981,
          53.26807826159565
        ]
      },
      "properties": {
        "confidence": 0.7134088277816772,
        "image": "DJI_20250701153337_0046_W.JPG"
      }
    },
    {
      "type": "Feature",
      "geometry": {
        "type": "Point",
        "coordinates": [
          -0.5245882647207121,
          53.26804749845481
        ]
      },
      "properties": {
        "confidence": 0.7070007920265198,
        "image": "DJI_20250701153337_0046_W.JPG"
      }
    },
    {
      "type": "Feature",
      "geometry": {
        "type": "Point",
        "coordinates": [
          -0.5243423111774738,
          53.26818150233772
        ]
      },
      "properties": {
        "confidence": 0.6969384551048279,
        "image": "DJI_20250701153337_0046_W.JPG"
      }
    },
    {
      "type": "Feature",
      "geometry": {
        "type": "Point",
        "coordinates": [
          -0.5245772501834813,
          53.26800997524661
        ]
      },
      "properties": {
        "confidence": 0.6856268644332886,
        "image": "DJI_20250701153337_0046_W.JPG"
      }
    },
    {
      "type": "Feature",
      "geometry": {
        "type": "Point",
        "coordinates": [
          -0.524294401567179,
          53.268150772947635
        ]
      },
      "properties": {
        "confidence": 0.6712191104888916,
        "image": "DJI_20250701153337_0046_W.JPG"
      }
    },
    {
      "type": "Feature",
      "geometry": {
        "type": "Point",
        "coordinates": [
          -0.5243340759830011,
          53.268147214288156
        ]
      },
      "properties": {
        "confidence": 0.6667909622192383,
        "image": "DJI_20250701153337_0046_W.JPG"
      }
    },
    {
      "type": "Feature",
      "geometry": {
        "type": "Point",
        "coordinates": [
          -0.5245705343089488,
          53.26812749761472
        ]
      },
      "properties": {
        "confidence": 0.6546509861946106,
        "image": "DJI_20250701153337_0046_W.JPG"
      }
    },
    {
      "type": "Feature",
      "geometry": {
        "type": "Point",
        "coordinates": [
          -0.524449028972284,
          53.268103685437545
        ]
      },
      "properties": {
        "confidence": 0.6528534293174744,
        "image": "DJI_20250701153337_0046_W.JPG"
      }
    },
    {
      "type": "Feature",
      "geometry": {
        "type": "Point",
        "coordinates": [
          -0.5244072698387482,
          53.26811502545313
        ]
      },
      "properties": {
        "confidence": 0.6521576046943665,
        "image": "DJI_20250701153337_0046_W.JPG"
      }
    },
    {
      "type": "Feature",
      "geometry": {
        "type": "Point",
        "coordinates": [
          -0.5244316633992553,
          53.26806023224986
        ]
      },
      "properties": {
        "confidence": 0.6499843597412109,
        "image": "DJI_20250701153337_0046_W.JPG"
      }
    },
    {
      "type": "Feature",
      "geometry": {
        "type": "Point",
        "coordinates": [
          -0.524389459555182,
          53.26804501160111
        ]
      },
      "properties": {
        "confidence": 0.6418985724449158,
        "image": "DJI_20250701153337_0046_W.JPG"
      }
    },
    {
      "type": "Feature",
      "geometry": {
        "type": "Point",
        "coordinates": [
          -0.52423813925736,
          53.26808419672615
        ]
      },
      "properties": {
        "confidence": 0.6298842430114746,
        "image": "DJI_20250701153337_0046_W.JPG"
      }
    },
    {
      "type": "Feature",
      "geometry": {
        "type": "Point",
        "coordinates": [
          -0.5242691062089337,
          53.26804861383453
        ]
      },
      "properties": {
        "confidence": 0.6260721683502197,
        "image": "DJI_20250701153337_0046_W.JPG"
      }
    },
    {
      "type": "Feature",
      "geometry": {
        "type": "Point",
        "coordinates": [
          -0.524364732649908,
          53.26810427192476
        ]
      },
      "properties": {
        "confidence": 0.6200284361839294,
        "image": "DJI_20250701153337_0046_W.JPG"
      }
    },
    {
      "type": "Feature",
      "geometry": {
        "type": "Point",
        "coordinates": [
          -0.5244573429097419,
          53.2681416607873
        ]
      },
      "properties": {
        "confidence": 0.6138759255409241,
        "image": "DJI_20250701153337_0046_W.JPG"
      }
    },
    {
      "type": "Feature",
      "geometry": {
        "type": "Point",
        "coordinates": [
          -0.5242923954043144,
          53.26813785398532
        ]
      },
      "properties": {
        "confidence": 0.5882077813148499,
        "image": "DJI_20250701153337_0046_W.JPG"
      }
    },
    {
      "type": "Feature",
      "geometry": {
        "type": "Point",
        "coordinates": [
          -0.5246073520460164,
          53.26814934845194
        ]
      },
      "properties": {
        "confidence": 0.5664782524108887,
        "image": "DJI_20250701153337_0046_W.JPG"
      }
    },
    {
      "type": "Feature",
      "geometry": {
        "type": "Point",
        "coordinates": [
          -0.5245206034432496,
          53.26807812335698
        ]
      },
      "properties": {
        "confidence": 0.5578299760818481,
        "image": "DJI_20250701153337_0046_W.JPG"
      }
    },
    {
      "type": "Feature",
      "geometry": {
        "type": "Point",
        "coordinates": [
          -0.5242284848158547,
          53.26804081145504
        ]
      },
      "properties": {
        "confidence": 0.5387701988220215,
        "image": "DJI_20250701153337_0046_W.JPG"
      }
    },
    {
      "type": "Feature",
      "geometry": {
        "type": "Point",
        "coordinates": [
          -0.5245380341637477,
          53.26801348852024
        ]
      },
      "properties": {
        "confidence": 0.5378919839859009,
        "image": "DJI_20250701153337_0046_W.JPG"
      }
    },
    {
      "type": "Feature",
      "geometry": {
        "type": "Point",
        "coordinates": [
          -0.5243171078264748,
          53.26807683992479
        ]
      },
      "properties": {
        "confidence": 0.5369285345077515,
        "image": "DJI_20250701153337_0046_W.JPG"
      }
    },
    {
      "type": "Feature",
      "geometry": {
        "type": "Point",
        "coordinates": [
          -0.5243498765371798,
          53.268042094792314
        ]
      },
      "properties": {
        "confidence": 0.536480724811554,
        "image": "DJI_20250701153337_0046_W.JPG"
      }
    },
    {
      "type": "Feature",
      "geometry": {
        "type": "Point",
        "coordinates": [
          -0.5244622928381789,
          53.26816408029286
        ]
      },
      "properties": {
        "confidence": 0.5291649103164673,
        "image": "DJI_20250701153337_0046_W.JPG"
      }
    },
    {
      "type": "Feature",
      "geometry": {
        "type": "Point",
        "coordinates": [
          -0.5243289026685789,
          53.26812795773214
        ]
      },
      "properties": {
        "confidence": 0.528801679611206,
        "image": "DJI_20250701153337_0046_W.JPG"
      }
    },
    {
      "type": "Feature",
      "geometry": {
        "type": "Point",
        "coordinates": [
          -0.5243609177910686,
          53.268091624419085
        ]
      },
      "properties": {
        "confidence": 0.5252211093902588,
        "image": "DJI_20250701153337_0046_W.JPG"
      }
    },
    {
      "type": "Feature",
      "geometry": {
        "type": "Point",
        "coordinates": [
          -0.5244433001459625,
          53.26810000328835
        ]
      },
      "properties": {
        "confidence": 0.5216329097747803,
        "image": "DJI_20250701153337_0046_W.JPG"
      }
    },
    {
      "type": "Feature",
      "geometry": {
        "type": "Point",
        "coordinates": [
          -0.5242976729595273,
          53.2681648599232
        ]
      },
      "properties": {
        "confidence": 0.5098965764045715,
        "image": "DJI_20250701153337_0046_W.JPG"
      }
    },
    {
      "type": "Feature",
      "geometry": {
        "type": "Point",
        "coordinates": [
          -0.5245997160764078,
          53.2680369252694
        ]
      },
      "properties": {
        "confidence": 0.965519905090332,
        "image": "DJI_20250701153308_0035_W.JPG"
      }
    },
    {
      "type": "Feature",
      "geometry": {
        "type": "Point",
        "coordinates": [
          -0.5244364130063617,
          53.26804127212757
        ]
      },
      "properties": {
        "confidence": 0.9462618827819824,
        "image": "DJI_20250701153308_0035_W.JPG"
      }
    },
    {
      "type": "Feature",
      "geometry": {
        "type": "Point",
        "coordinates": [
          -0.5245015763328145,
          53.2681193018515
        ]
      },
      "properties": {
        "confidence": 0.9423254728317261,
        "image": "DJI_20250701153308_0035_W.JPG"
      }
    },
    {
      "type": "Feature",
      "geometry": {
        "type": "Point",
        "coordinates": [
          -0.5245397902288775,
          53.268109000690956
        ]
      },
      "properties": {
        "confidence": 0.9272892475128174,
        "image": "DJI_20250701153308_0035_W.JPG"
      }
    },
    {
      "type": "Feature",
      "geometry": {
        "type": "Point",
        "coordinates": [
          -0.5244994132023847,
          53.268112851646144
        ]
      },
      "properties": {
        "confidence": 0.9193033576011658,
        "image": "DJI_20250701153308_0035_W.JPG"
      }
    },
    {
      "type": "Feature",
      "geometry": {
        "type": "Point",
        "coordinates": [
          -0.5244861814049147,
          53.268076091956154
        ]
      },
      "properties": {
        "confidence": 0.9170593619346619,
        "image": "DJI_20250701153308_0035_W.JPG"
      }
    },
    {
      "type": "Feature",
      "geometry": {
        "type": "Point",
        "coordinates": [
          -0.5245320256008841,
          53.268082956100265
        ]
      },
      "properties": {
        "confidence": 0.9114706516265869,
        "image": "DJI_20250701153308_0035_W.JPG"
      }
    },
    {
      "type": "Feature",
      "geometry": {
        "type": "Point",
        "coordinates": [
          -0.5244760531262084,
          53.268036005252036
        ]
      },
      "properties": {
        "confidence": 0.907026469707489,
        "image": "DJI_20250701153308_0035_W.JPG"
      }
    },
    {
      "type": "Feature",
      "geometry": {
        "type": "Point",
        "coordinates": [
          -0.5245291676742818,
          53.26806958910135
        ]
      },
      "properties": {
        "confidence": 0.9063218832015991,
        "image": "DJI_20250701153308_0035_W.JPG"
      }
    },
    {
      "type": "Feature",
      "geometry": {
        "type": "Point",
        "coordinates": [
          -0.5245949631016138,
          53.26802423720244
        ]
      },
      "properties": {
        "confidence": 0.8925171494483948,
        "image": "DJI_20250701153308_0035_W.JPG"
      }
    },
    {
      "type": "Feature",
      "geometry": {
        "type": "Point",
        "coordinates": [
          -0.5245453290695854,
          53.268121726841166
        ]
      },
      "properties": {
        "confidence": 0.8883723020553589,
        "image": "DJI_20250701153308_0035_W.JPG"
      }
    },
    {
      "type": "Feature",
      "geometry": {
        "type": "Point",
        "coordinates": [
          -0.5244107621370132,
          53.268097083721784
        ]
      },
      "properties": {
        "confidence": 0.8627356886863708,
        "image": "DJI_20250701153308_0035_W.JPG"
      }
    },
    {
      "type": "Feature",
      "geometry": {
        "type": "Point",
        "coordinates": [
          -0.5243895395563362,
          53.26816551387418
        ]
      },
      "properties": {
        "confidence": 0.8510149717330933,
        "image": "DJI_20250701153308_0035_W.JPG"
      }
    },
    {
      "type": "Feature",
      "geometry": {
        "type": "Point",
        "coordinates": [
          -0.5244074774964765,
          53.26808392906662
        ]
      },
      "properties": {
        "confidence": 0.8125765323638916,
        "image": "DJI_20250701153308_0035_W.JPG"
      }
    },
    {
      "type": "Feature",
      "geometry": {
        "type": "Point",
        "coordinates": [
          -0.524440720664534,
          53.26805325747194
        ]
      },
      "properties": {
        "confidence": 0.7964444160461426,
        "image": "DJI_20250701153308_0035_W.JPG"
      }
    },
    {
      "type": "Feature",
      "geometry": {
        "type": "Point",
        "coordinates": [
          -0.5245133190277583,
          53.268164593283686
        ]
      },
      "properties": {
        "confidence": 0.7830684781074524,
        "image": "DJI_20250701153308_0035_W.JPG"
      }
    },
    {
      "type": "Feature",
      "geometry": {
        "type": "Point",
        "coordinates": [
          -0.5244544741330693,
          53.26810583419188
        ]
      },
      "properties": {
        "confidence": 0.7656077742576599,
        "image": "DJI_20250701153308_0035_W.JPG"
      }
    },
    {
      "type": "Feature",
      "geometry": {
        "type": "Point",
        "coordinates": [
          -0.5245223943375847,
          53.26804384349608
        ]
      },
      "properties": {
        "confidence": 0.7650801539421082,
        "image": "DJI_20250701153308_0035_W.JPG"
      }
    },
    {
      "type": "Feature",
      "geometry": {
        "type": "Point",
        "coordinates": [
          -0.5243579145233059,
          53.26804937014022
        ]
      },
      "properties": {
        "confidence": 0.7502762675285339,
        "image": "DJI_20250701153308_0035_W.JPG"
      }
    },
    {
      "type": "Feature",
      "geometry": {
        "type": "Point",
        "coordinates": [
          -0.5244687350011461,
          53.26815535243475
        ]
      },
      "properties": {
        "confidence": 0.7321352958679199,
        "image": "DJI_20250701153308_0035_W.JPG"
      }
    },
    {
      "type": "Feature",
      "geometry": {
        "type": "Point",
        "coordinates": [
          -0.5244471411241096,
          53.26807224625154
        ]
      },
      "properties": {
        "confidence": 0.7301471829414368,
        "image": "DJI_20250701153308_0035_W.JPG"
      }
    },
    {
      "type": "Feature",
      "geometry": {
        "type": "Point",
        "coordinates": [
          -0.5245181830447397,
          53.268172142313894
        ]
      },
      "properties": {
        "confidence": 0.7255565524101257,
        "image": "DJI_20250701153308_0035_W.JPG"
      }
    },
    {
      "type": "Feature",
      "geometry": {
        "type": "Point",
        "coordinates": [
          -0.5244598846986614,
          53.268123608919716
        ]
      },
      "properties": {
        "confidence": 0.7123239636421204,
        "image": "DJI_20250701153308_0035_W.JPG"
      }
    },
    {
      "type": "Feature",
      "geometry": {
        "type": "Point",
        "coordinates": [
          -0.5245796040477673,
          53.26810546301381
        ]
      },
      "properties": {
        "confidence": 0.7088930606842041,
        "image": "DJI_20250701153308_0035_W.JPG"
      }
    },
    {
      "type": "Feature",
      "geometry": {
        "type": "Point",
        "coordinates": [
          -0.5244431849733,
          53.26806619312562
        ]
      },
      "properties": {
        "confidence": 0.694308340549469,
        "image": "DJI_20250701153308_0035_W.JPG"
      }
    },
    {
      "type": "Feature",
      "geometry": {
        "type": "Point",
        "coordinates": [
          -0.5243928214573553,
          53.26817701931489
        ]
      },
      "properties": {
        "confidence": 0.6822802424430847,
        "image": "DJI_20250701153308_0035_W.JPG"
      }
    },
    {
      "type": "Feature",
      "geometry": {
        "type": "Point",
        "coordinates": [
          -0.5244584067760926,
          53.26811830325735
        ]
      },
      "properties": {
        "confidence": 0.6819868683815002,
        "image": "DJI_20250701153308_0035_W.JPG"
      }
    },
    {
      "type": "Feature",
      "geometry": {
        "type": "Point",
        "coordinates": [
          -0.524553061358866,
          53.26801518011203
        ]
      },
      "properties": {
        "confidence": 0.670239269733429,
        "image": "DJI_20250701153308_0035_W.JPG"
      }
    },
    {
      "type": "Feature",
      "geometry": {
        "type": "Point",
        "coordinates": [
          -0.5245067497466848,
          53.26813828397337
        ]
      },
      "properties": {
        "confidence": 0.6479285955429077,
        "image": "DJI_20250701153308_0035_W.JPG"
      }
    },
    {
      "type": "Feature",
      "geometry": {
        "type": "Point",
        "coordinates": [
          -0.524485742363151,
          53.2680688828349
        ]
      },
      "properties": {
        "confidence": 0.6449570655822754,
        "image": "DJI_20250701153308_0035_W.JPG"
      }
    },
    {
      "type": "Feature",
      "geometry": {
        "type": "Point",
        "coordinates": [
          -0.5243690168603802,
          53.26808966537064
        ]
      },
      "properties": {
        "confidence": 0.6345515251159668,
        "image": "DJI_20250701153308_0035_W.JPG"
      }
    },
    {
      "type": "Feature",
      "geometry": {
        "type": "Point",
        "coordinates": [
          -0.5245879491162923,
          53.26813128478558
        ]
      },
      "properties": {
        "confidence": 0.6344820857048035,
        "image": "DJI_20250701153308_0035_W.JPG"
      }
    },
    {
      "type": "Feature",
      "geometry": {
        "type": "Point",
        "coordinates": [
          -0.5244145927522247,
          53.26810983463978
        ]
      },
      "properties": {
        "confidence": 0.6259070038795471,
        "image": "DJI_20250701153308_0035_W.JPG"
      }
    },
    {
      "type": "Feature",
      "geometry": {
        "type": "Point",
        "coordinates": [
          -0.5243928706000723,
          53.268031777034196
        ]
      },
      "properties": {
        "confidence": 0.6226813793182373,
        "image": "DJI_20250701153308_0035_W.JPG"
      }
    },
    {
      "type": "Feature",
      "geometry": {
        "type": "Point",
        "coordinates": [
          -0.5245374402757526,
          53.26810320464976
        ]
      },
      "properties": {
        "confidence": 0.6118850708007812,
        "image": "DJI_20250701153308_0035_W.JPG"
      }
    },
    {
      "type": "Feature",
      "geometry": {
        "type": "Point",
        "coordinates": [
          -0.5244649733176484,
          53.26814296335322
        ]
      },
      "properties": {
        "confidence": 0.6058400273323059,
        "image": "DJI_20250701153308_0035_W.JPG"
      }
    },
    {
      "type": "Feature",
      "geometry": {
        "type": "Point",
        "coordinates": [
          -0.5243664587423552,
          53.26808195921283
        ]
      },
      "properties": {
        "confidence": 0.6021667718887329,
        "image": "DJI_20250701153308_0035_W.JPG"
      }
    },
    {
      "type": "Feature",
      "geometry": {
        "type": "Point",
        "coordinates": [
          -0.524553851150607,
          53.26816155646055
        ]
      },
      "properties": {
        "confidence": 0.590036928653717,
        "image": "DJI_20250701153308_0035_W.JPG"
      }
    },
    {
      "type": "Feature",
      "geometry": {
        "type": "Point",
        "coordinates": [
          -0.5245237839299298,
          53.26805767708319
        ]
      },
      "properties": {
        "confidence": 0.5807802677154541,
        "image": "DJI_20250701153308_0035_W.JPG"
      }
    },
    {
      "type": "Feature",
      "geometry": {
        "type": "Point",
        "coordinates": [
          -0.5243811476941251,
          53.268132089719174
        ]
      },
      "properties": {
        "confidence": 0.5551791787147522,
        "image": "DJI_20250701153308_0035_W.JPG"
      }
    },
    {
      "type": "Feature",
      "geometry": {
        "type": "Point",
        "coordinates": [
          -0.524603359868924,
          53.26805033035156
        ]
      },
      "properties": {
        "confidence": 0.5474814772605896,
        "image": "DJI_20250701153308_0035_W.JPG"
      }
    },
    {
      "type": "Feature",
      "geometry": {
        "type": "Point",
        "coordinates": [
          -0.5244937000886977,
          53.26808776686277
        ]
      },
      "properties": {
        "confidence": 0.5472891926765442,
        "image": "DJI_20250701153308_0035_W.JPG"
      }
    },
    {
      "type": "Feature",
      "geometry": {
        "type": "Point",
        "coordinates": [
          -0.5244066634395638,
          53.26807720366647
        ]
      },
      "properties": {
        "confidence": 0.5466826558113098,
        "image": "DJI_20250701153308_0035_W.JPG"
      }
    },
    {
      "type": "Feature",
      "geometry": {
        "type": "Point",
        "coordinates": [
          -0.5242527114446366,
          53.26808567826417
        ]
      },
      "properties": {
        "confidence": 0.5401765704154968,
        "image": "DJI_20250701153308_0035_W.JPG"
      }
    },
    {
      "type": "Feature",
      "geometry": {
        "type": "Point",
        "coordinates": [
          -0.5245173525122838,
          53.26803209144581
        ]
      },
      "properties": {
        "confidence": 0.5358773469924927,
        "image": "DJI_20250701153308_0035_W.JPG"
      }
    },
    {
      "type": "Feature",
      "geometry": {
        "type": "Point",
        "coordinates": [
          -0.5245427206225339,
          53.26811457391322
        ]
      },
      "properties": {
        "confidence": 0.5329597592353821,
        "image": "DJI_20250701153308_0035_W.JPG"
      }
    },
    {
      "type": "Feature",
      "geometry": {
        "type": "Point",
        "coordinates": [
          -0.5243754455385086,
          53.26811360179358
        ]
      },
      "properties": {
        "confidence": 0.5073539614677429,
        "image": "DJI_20250701153308_0035_W.JPG"
      }
    },
    {
      "type": "Feature",
      "geometry": {
        "type": "Point",
        "coordinates": [
          -0.524451729117924,
          53.26810918946013
        ]
      },
      "properties": {
        "confidence": 0.9785401821136475,
        "image": "DJI_20250701153329_0043_W.JPG"
      }
    },
    {
      "type": "Feature",
      "geometry": {
        "type": "Point",
        "coordinates": [
          -0.5244146511704966,
          53.26812506236016
        ]
      },
      "properties": {
        "confidence": 0.970655620098114,
        "image": "DJI_20250701153329_0043_W.JPG"
      }
    },
    {
      "type": "Feature",
      "geometry": {
        "type": "Point",
        "coordinates": [
          -0.5245784321310919,
          53.26802324884062
        ]
      },
      "properties": {
        "confidence": 0.9694701433181763,
        "image": "DJI_20250701153329_0043_W.JPG"
      }
    },
    {
      "type": "Feature",
      "geometry": {
        "type": "Point",
        "coordinates": [
          -0.5244627294616712,
          53.268146092327584
        ]
      },
      "properties": {
        "confidence": 0.9602139592170715,
        "image": "DJI_20250701153329_0043_W.JPG"
      }
    },
    {
      "type": "Feature",
      "geometry": {
        "type": "Point",
        "coordinates": [
          -0.5245328068892137,
          53.26811493521237
        ]
      },
      "properties": {
        "confidence": 0.9452672600746155,
        "image": "DJI_20250701153329_0043_W.JPG"
      }
    },
    {
      "type": "Feature",
      "geometry": {
        "type": "Point",
        "coordinates": [
          -0.5244072156752381,
          53.26810047054089
        ]
      },
      "properties": {
        "confidence": 0.9440430402755737,
        "image": "DJI_20250701153329_0043_W.JPG"
      }
    },
    {
      "type": "Feature",
      "geometry": {
        "type": "Point",
        "coordinates": [
          -0.524432005783681,
          53.2680458810506
        ]
      },
      "properties": {
        "confidence": 0.9402121901512146,
        "image": "DJI_20250701153329_0043_W.JPG"
      }
    },
    {
      "type": "Feature",
      "geometry": {
        "type": "Point",
        "coordinates": [
          -0.5244004519981265,
          53.268074333197184
        ]
      },
      "properties": {
        "confidence": 0.9340168237686157,
        "image": "DJI_20250701153329_0043_W.JPG"
      }
    },
    {
      "type": "Feature",
      "geometry": {
        "type": "Point",
        "coordinates": [
          -0.52436919889893,
          53.268115789328455
        ]
      },
      "properties": {
        "confidence": 0.9316872954368591,
        "image": "DJI_20250701153329_0043_W.JPG"
      }
    },
    {
      "type": "Feature",
      "geometry": {
        "type": "Point",
        "coordinates": [
          -0.5243305936013191,
          53.26811933432365
        ]
      },
      "properties": {
        "confidence": 0.9280831813812256,
        "image": "DJI_20250701153329_0043_W.JPG"
      }
    },
    {
      "type": "Feature",
      "geometry": {
        "type": "Point",
        "coordinates": [
          -0.5243793177745067,
          53.26815518285761
        ]
      },
      "properties": {
        "confidence": 0.9244779944419861,
        "image": "DJI_20250701153329_0043_W.JPG"
      }
    },
    {
      "type": "Feature",
      "geometry": {
        "type": "Point",
        "coordinates": [
          -0.5243333835420001,
          53.26813338597912
        ]
      },
      "properties": {
        "confidence": 0.9203338027000427,
        "image": "DJI_20250701153329_0043_W.JPG"
      }
    },
    {
      "type": "Feature",
      "geometry": {
        "type": "Point",
        "coordinates": [
          -0.5245014309075394,
          53.26814346219258
        ]
      },
      "properties": {
        "confidence": 0.9190226197242737,
        "image": "DJI_20250701153329_0043_W.JPG"
      }
    },
    {
      "type": "Feature",
      "geometry": {
        "type": "Point",
        "coordinates": [
          -0.5243911688617694,
          53.268035688863364
        ]
      },
      "properties": {
        "confidence": 0.9177187085151672,
        "image": "DJI_20250701153329_0043_W.JPG"
      }
    },
    {
      "type": "Feature",
      "geometry": {
        "type": "Point",
        "coordinates": [
          -0.5245044304982441,
          53.26815656871078
        ]
      },
      "properties": {
        "confidence": 0.9119160175323486,
        "image": "DJI_20250701153329_0043_W.JPG"
      }
    },
    {
      "type": "Feature",
      "geometry": {
        "type": "Point",
        "coordinates": [
          -0.524392913413207,
          53.26804993646077
        ]
      },
      "properties": {
        "confidence": 0.9118015766143799,
        "image": "DJI_20250701153329_0043_W.JPG"
      }
    },
    {
      "type": "Feature",
      "geometry": {
        "type": "Point",
        "coordinates": [
          -0.5244481428353973,
          53.26809623346825
        ]
      },
      "properties": {
        "confidence": 0.9113764762878418,
        "image": "DJI_20250701153329_0043_W.JPG"
      }
    },
    {
      "type": "Feature",
      "geometry": {
        "type": "Point",
        "coordinates": [
          -0.5243145363757449,
          53.26805621756073
        ]
      },
      "properties": {
        "confidence": 0.9087608456611633,
        "image": "DJI_20250701153329_0043_W.JPG"
      }
    },
    {
      "type": "Feature",
      "geometry": {
        "type": "Point",
        "coordinates": [
          -0.5245538551433745,
          53.2680763382221
        ]
      },
      "properties": {
        "confidence": 0.9085078239440918,
        "image": "DJI_20250701153329_0043_W.JPG"
      }
    },
    {
      "type": "Feature",
      "geometry": {
        "type": "Point",
        "coordinates": [
          -0.5245229568538516,
          53.2680895656388
        ]
      },
      "properties": {
        "confidence": 0.9067158699035645,
        "image": "DJI_20250701153329_0043_W.JPG"
      }
    },
    {
      "type": "Feature",
      "geometry": {
        "type": "Point",
        "coordinates": [
          -0.5244029679866701,
          53.26808739515883
        ]
      },
      "properties": {
        "confidence": 0.8956354856491089,
        "image": "DJI_20250701153329_0043_W.JPG"
      }
    },
    {
      "type": "Feature",
      "geometry": {
        "type": "Point",
        "coordinates": [
          -0.5244969770396496,
          53.26813077697627
        ]
      },
      "properties": {
        "confidence": 0.8808557987213135,
        "image": "DJI_20250701153329_0043_W.JPG"
      }
    },
    {
      "type": "Feature",
      "geometry": {
        "type": "Point",
        "coordinates": [
          -0.5243320276641201,
          53.268126217623866
        ]
      },
      "properties": {
        "confidence": 0.8798509240150452,
        "image": "DJI_20250701153329_0043_W.JPG"
      }
    },
    {
      "type": "Feature",
      "geometry": {
        "type": "Point",
        "coordinates": [
          -0.5244126583697479,
          53.26813829342293
        ]
      },
      "properties": {
        "confidence": 0.8758708834648132,
        "image": "DJI_20250701153329_0043_W.JPG"
      }
    },
    {
      "type": "Feature",
      "geometry": {
        "type": "Point",
        "coordinates": [
          -0.5244553223418543,
          53.26812103550893
        ]
      },
      "properties": {
        "confidence": 0.8637518882751465,
        "image": "DJI_20250701153329_0043_W.JPG"
      }
    },
    {
      "type": "Feature",
      "geometry": {
        "type": "Point",
        "coordinates": [
          -0.5243233075344993,
          53.26809528233736
        ]
      },
      "properties": {
        "confidence": 0.8621453642845154,
        "image": "DJI_20250701153329_0043_W.JPG"
      }
    },
    {
      "type": "Feature",
      "geometry": {
        "type": "Point",
        "coordinates": [
          -0.5244774933720927,
          53.26805357913987
        ]
      },
      "properties": {
        "confidence": 0.8593509793281555,
        "image": "DJI_20250701153329_0043_W.JPG"
      }
    },
    {
      "type": "Feature",
      "geometry": {
        "type": "Point",
        "coordinates": [
          -0.5245600674455094,
          53.26810105114969
        ]
      },
      "properties": {
        "confidence": 0.852374255657196,
        "image": "DJI_20250701153329_0043_W.JPG"
      }
    },
    {
      "type": "Feature",
      "geometry": {
        "type": "Point",
        "coordinates": [
          -0.524425544953881,
          53.268162715282024
        ]
      },
      "properties": {
        "confidence": 0.8509719967842102,
        "image": "DJI_20250701153329_0043_W.JPG"
      }
    },
    {
      "type": "Feature",
      "geometry": {
        "type": "Point",
        "coordinates": [
          -0.524352126300775,
          53.268039924217874
        ]
      },
      "properties": {
        "confidence": 0.8493751883506775,
        "image": "DJI_20250701153329_0043_W.JPG"
      }
    },
    {
      "type": "Feature",
      "geometry": {
        "type": "Point",
        "coordinates": [
          -0.5243545924798391,
          53.26805280623519
        ]
      },
      "properties": {
        "confidence": 0.8201760649681091,
        "image": "DJI_20250701153329_0043_W.JPG"
      }
    },
    {
      "type": "Feature",
      "geometry": {
        "type": "Point",
        "coordinates": [
          -0.5243720623341764,
          53.268122161354626
        ]
      },
      "properties": {
        "confidence": 0.8185611963272095,
        "image": "DJI_20250701153329_0043_W.JPG"
      }
    },
    {
      "type": "Feature",
      "geometry": {
        "type": "Point",
        "coordinates": [
          -0.5245723708085223,
          53.26812506856358
        ]
      },
      "properties": {
        "confidence": 0.8171515464782715,
        "image": "DJI_20250701153329_0043_W.JPG"
      }
    },
    {
      "type": "Feature",
      "geometry": {
        "type": "Point",
        "coordinates": [
          -0.5245377944470985,
          53.26801377643072
        ]
      },
      "properties": {
        "confidence": 0.7984837889671326,
        "image": "DJI_20250701153329_0043_W.JPG"
      }
    },
    {
      "type": "Feature",
      "geometry": {
        "type": "Point",
        "coordinates": [
          -0.5244121717184521,
          53.26811837500188
        ]
      },
      "properties": {
        "confidence": 0.7932406067848206,
        "image": "DJI_20250701153329_0043_W.JPG"
      }
    },
    {
      "type": "Feature",
      "geometry": {
        "type": "Point",
        "coordinates": [
          -0.5243360095616083,
          53.26814514291483
        ]
      },
      "properties": {
        "confidence": 0.7866513729095459,
        "image": "DJI_20250701153329_0043_W.JPG"
      }
    },
    {
      "type": "Feature",
      "geometry": {
        "type": "Point",
        "coordinates": [
          -0.5245866355927544,
          53.26804720999568
        ]
      },
      "properties": {
        "confidence": 0.7856890559196472,
        "image": "DJI_20250701153329_0043_W.JPG"
      }
    },
    {
      "type": "Feature",
      "geometry": {
        "type": "Point",
        "coordinates": [
          -0.5244670427621013,
          53.268030579978756
        ]
      },
      "properties": {
        "confidence": 0.7841296195983887,
        "image": "DJI_20250701153329_0043_W.JPG"
      }
    },
    {
      "type": "Feature",
      "geometry": {
        "type": "Point",
        "coordinates": [
          -0.5242512354767274,
          53.26812774619665
        ]
      },
      "properties": {
        "confidence": 0.7616609334945679,
        "image": "DJI_20250701153329_0043_W.JPG"
      }
    },
    {
      "type": "Feature",
      "geometry": {
        "type": "Point",
        "coordinates": [
          -0.5245565807819418,
          53.268088455046474
        ]
      },
      "properties": {
        "confidence": 0.7529978156089783,
        "image": "DJI_20250701153329_0043_W.JPG"
      }
    },
    {
      "type": "Feature",
      "geometry": {
        "type": "Point",
        "coordinates": [
          -0.5242791333774586,
          53.268073033879915
        ]
      },
      "properties": {
        "confidence": 0.7377995252609253,
        "image": "DJI_20250701153329_0043_W.JPG"
      }
    },
    {
      "type": "Feature",
      "geometry": {
        "type": "Point",
        "coordinates": [
          -0.5243756533070589,
          53.26814251192077
        ]
      },
      "properties": {
        "confidence": 0.7319959998130798,
        "image": "DJI_20250701153329_0043_W.JPG"
      }
    },
    {
      "type": "Feature",
      "geometry": {
        "type": "Point",
        "coordinates": [
          -0.5243377610544497,
          53.268158280569175
        ]
      },
      "properties": {
        "confidence": 0.7219139933586121,
        "image": "DJI_20250701153329_0043_W.JPG"
      }
    },
    {
      "type": "Feature",
      "geometry": {
        "type": "Point",
        "coordinates": [
          -0.524580190565337,
          53.26803527655189
        ]
      },
      "properties": {
        "confidence": 0.7159236669540405,
        "image": "DJI_20250701153329_0043_W.JPG"
      }
    },
    {
      "type": "Feature",
      "geometry": {
        "type": "Point",
        "coordinates": [
          -0.5244659028658216,
          53.268017381770264
        ]
      },
      "properties": {
        "confidence": 0.7111891508102417,
        "image": "DJI_20250701153329_0043_W.JPG"
      }
    },
    {
      "type": "Feature",
      "geometry": {
        "type": "Point",
        "coordinates": [
          -0.5243183717056693,
          53.26807007327427
        ]
      },
      "properties": {
        "confidence": 0.7097942233085632,
        "image": "DJI_20250701153329_0043_W.JPG"
      }
    },
    {
      "type": "Feature",
      "geometry": {
        "type": "Point",
        "coordinates": [
          -0.5245291707972074,
          53.26810179927616
        ]
      },
      "properties": {
        "confidence": 0.695689857006073,
        "image": "DJI_20250701153329_0043_W.JPG"
      }
    },
    {
      "type": "Feature",
      "geometry": {
        "type": "Point",
        "coordinates": [
          -0.5244717803844071,
          53.2680386152014
        ]
      },
      "properties": {
        "confidence": 0.6846467852592468,
        "image": "DJI_20250701153329_0043_W.JPG"
      }
    },
    {
      "type": "Feature",
      "geometry": {
        "type": "Point",
        "coordinates": [
          -0.5244042328282156,
          53.26808061439212
        ]
      },
      "properties": {
        "confidence": 0.6701372861862183,
        "image": "DJI_20250701153329_0043_W.JPG"
      }
    },
    {
      "type": "Feature",
      "geometry": {
        "type": "Point",
        "coordinates": [
          -0.5242947104715735,
          53.26813555111475
        ]
      },
      "properties": {
        "confidence": 0.6689828038215637,
        "image": "DJI_20250701153329_0043_W.JPG"
      }
    },
    {
      "type": "Feature",
      "geometry": {
        "type": "Point",
        "coordinates": [
          -0.5242765641087336,
          53.268060346945475
        ]
      },
      "properties": {
        "confidence": 0.6611685156822205,
        "image": "DJI_20250701153329_0043_W.JPG"
      }
    },
    {
      "type": "Feature",
      "geometry": {
        "type": "Point",
        "coordinates": [
          -0.5243489454354883,
          53.268027297837584
        ]
      },
      "properties": {
        "confidence": 0.6574258804321289,
        "image": "DJI_20250701153329_0043_W.JPG"
      }
    },
    {
      "type": "Feature",
      "geometry": {
        "type": "Point",
        "coordinates": [
          -0.5245394463209808,
          53.268026554196396
        ]
      },
      "properties": {
        "confidence": 0.6555836796760559,
        "image": "DJI_20250701153329_0043_W.JPG"
      }
    },
    {
      "type": "Feature",
      "geometry": {
        "type": "Point",
        "coordinates": [
          -0.524452355816947,
          53.26811485856563
        ]
      },
      "properties": {
        "confidence": 0.6505573391914368,
        "image": "DJI_20250701153329_0043_W.JPG"
      }
    },
    {
      "type": "Feature",
      "geometry": {
        "type": "Point",
        "coordinates": [
          -0.5245145696782992,
          53.26805018553006
        ]
      },
      "properties": {
        "confidence": 0.6435527205467224,
        "image": "DJI_20250701153329_0043_W.JPG"
      }
    },
    {
      "type": "Feature",
      "geometry": {
        "type": "Point",
        "coordinates": [
          -0.5242876589595171,
          53.26811064396336
        ]
      },
      "properties": {
        "confidence": 0.6304240226745605,
        "image": "DJI_20250701153329_0043_W.JPG"
      }
    },
    {
      "type": "Feature",
      "geometry": {
        "type": "Point",
        "coordinates": [
          -0.5244933340062397,
          53.26811875098313
        ]
      },
      "properties": {
        "confidence": 0.6233733296394348,
        "image": "DJI_20250701153329_0043_W.JPG"
      }
    },
    {
      "type": "Feature",
      "geometry": {
        "type": "Point",
        "coordinates": [
          -0.5243116080285576,
          53.268043935930564
        ]
      },
      "properties": {
        "confidence": 0.6149868965148926,
        "image": "DJI_20250701153329_0043_W.JPG"
      }
    },
    {
      "type": "Feature",
      "geometry": {
        "type": "Point",
        "coordinates": [
          -0.5242810863592661,
          53.26807838679425
        ]
      },
      "properties": {
        "confidence": 0.5961576104164124,
        "image": "DJI_20250701153329_0043_W.JPG"
      }
    },
    {
      "type": "Feature",
      "geometry": {
        "type": "Point",
        "coordinates": [
          -0.5243672412267668,
          53.26810304183986
        ]
      },
      "properties": {
        "confidence": 0.591055691242218,
        "image": "DJI_20250701153329_0043_W.JPG"
      }
    },
    {
      "type": "Feature",
      "geometry": {
        "type": "Point",
        "coordinates": [
          -0.524516314229737,
          53.26806443312746
        ]
      },
      "properties": {
        "confidence": 0.5895283818244934,
        "image": "DJI_20250701153329_0043_W.JPG"
      }
    },
    {
      "type": "Feature",
      "geometry": {
        "type": "Point",
        "coordinates": [
          -0.5242973793592576,
          53.26814859793786
        ]
      },
      "properties": {
        "confidence": 0.5674928426742554,
        "image": "DJI_20250701153329_0043_W.JPG"
      }
    },
    {
      "type": "Feature",
      "geometry": {
        "type": "Point",
        "coordinates": [
          -0.5243558354657796,
          53.26806580936081
        ]
      },
      "properties": {
        "confidence": 0.5585297346115112,
        "image": "DJI_20250701153329_0043_W.JPG"
      }
    },
    {
      "type": "Feature",
      "geometry": {
        "type": "Point",
        "coordinates": [
          -0.5242363979735748,
          53.26806506329695
        ]
      },
      "properties": {
        "confidence": 0.5552303791046143,
        "image": "DJI_20250701153329_0043_W.JPG"
      }
    },
    {
      "type": "Feature",
      "geometry": {
        "type": "Point",
        "coordinates": [
          -0.5242995611740787,
          53.26816215517595
        ]
      },
      "properties": {
        "confidence": 0.5498533248901367,
        "image": "DJI_20250701153329_0043_W.JPG"
      }
    },
    {
      "type": "Feature",
      "geometry": {
        "type": "Point",
        "coordinates": [
          -0.5244397221724805,
          53.26807035262063
        ]
      },
      "properties": {
        "confidence": 0.547029972076416,
        "image": "DJI_20250701153329_0043_W.JPG"
      }
    },
    {
      "type": "Feature",
      "geometry": {
        "type": "Point",
        "coordinates": [
          -0.5245732726793366,
          53.26813967690871
        ]
      },
      "properties": {
        "confidence": 0.5434994697570801,
        "image": "DJI_20250701153329_0043_W.JPG"
      }
    },
    {
      "type": "Feature",
      "geometry": {
        "type": "Point",
        "coordinates": [
          -0.5245669497363102,
          53.26811229423416
        ]
      },
      "properties": {
        "confidence": 0.5394203066825867,
        "image": "DJI_20250701153329_0043_W.JPG"
      }
    },
    {
      "type": "Feature",
      "geometry": {
        "type": "Point",
        "coordinates": [
          -0.524449281512023,
          53.26810148213094
        ]
      },
      "properties": {
        "confidence": 0.5342860817909241,
        "image": "DJI_20250701153329_0043_W.JPG"
      }
    },
    {
      "type": "Feature",
      "geometry": {
        "type": "Point",
        "coordinates": [
          -0.5244571734536548,
          53.268134533051935
        ]
      },
      "properties": {
        "confidence": 0.5318416953086853,
        "image": "DJI_20250701153329_0043_W.JPG"
      }
    },
    {
      "type": "Feature",
      "geometry": {
        "type": "Point",
        "coordinates": [
          -0.5243278714334536,
          53.26810666252774
        ]
      },
      "properties": {
        "confidence": 0.5214799642562866,
        "image": "DJI_20250701153329_0043_W.JPG"
      }
    },
    {
      "type": "Feature",
      "geometry": {
        "type": "Point",
        "coordinates": [
          -0.5245064339894524,
          53.26802760423457
        ]
      },
      "properties": {
        "confidence": 0.5058177709579468,
        "image": "DJI_20250701153329_0043_W.JPG"
      }
    },
    {
      "type": "Feature",
      "geometry": {
        "type": "Point",
        "coordinates": [
          -0.5244645030004098,
          53.26811090986624
        ]
      },
      "properties": {
        "confidence": 0.8951310515403748,
        "image": "DJI_20250701153137_0001_W.JPG"
      }
    },
    {
      "type": "Feature",
      "geometry": {
        "type": "Point",
        "coordinates": [
          -0.524311388771382,
          53.26814765694745
        ]
      },
      "properties": {
        "confidence": 0.8471595644950867,
        "image": "DJI_20250701153137_0001_W.JPG"
      }
    },
    {
      "type": "Feature",
      "geometry": {
        "type": "Point",
        "coordinates": [
          -0.5244326727284738,
          53.26814750795045
        ]
      },
      "properties": {
        "confidence": 0.7487826943397522,
        "image": "DJI_20250701153137_0001_W.JPG"
      }
    },
    {
      "type": "Feature",
      "geometry": {
        "type": "Point",
        "coordinates": [
          -0.5244133941709888,
          53.268064900307415
        ]
      },
      "properties": {
        "confidence": 0.7312943935394287,
        "image": "DJI_20250701153137_0001_W.JPG"
      }
    },
    {
      "type": "Feature",
      "geometry": {
        "type": "Point",
        "coordinates": [
          -0.52438425428841,
          53.268113962093025
        ]
      },
      "properties": {
        "confidence": 0.6784597635269165,
        "image": "DJI_20250701153137_0001_W.JPG"
      }
    },
    {
      "type": "Feature",
      "geometry": {
        "type": "Point",
        "coordinates": [
          -0.5243369561915067,
          53.26806560018175
        ]
      },
      "properties": {
        "confidence": 0.5966331362724304,
        "image": "DJI_20250701153137_0001_W.JPG"
      }
    },
    {
      "type": "Feature",
      "geometry": {
        "type": "Point",
        "coordinates": [
          -0.5246843834166417,
          53.26829481295193
        ]
      },
      "properties": {
        "confidence": 0.566550076007843,
        "image": "DJI_20250701153137_0001_W.JPG"
      }
    },
    {
      "type": "Feature",
      "geometry": {
        "type": "Point",
        "coordinates": [
          -0.5244131428087553,
          53.26805866618355
        ]
      },
      "properties": {
        "confidence": 0.555102527141571,
        "image": "DJI_20250701153137_0001_W.JPG"
      }
    },
    {
      "type": "Feature",
      "geometry": {
        "type": "Point",
        "coordinates": [
          -0.5243071325766334,
          53.268129992373865
        ]
      },
      "properties": {
        "confidence": 0.5445828437805176,
        "image": "DJI_20250701153137_0001_W.JPG"
      }
    },
    {
      "type": "Feature",
      "geometry": {
        "type": "Point",
        "coordinates": [
          -0.5243777887605002,
          53.26814284307939
        ]
      },
      "properties": {
        "confidence": 0.9802051186561584,
        "image": "DJI_20250701153323_0041_W.JPG"
      }
    },
    {
      "type": "Feature",
      "geometry": {
        "type": "Point",
        "coordinates": [
          -0.5245255112208324,
          53.26808987067483
        ]
      },
      "properties": {
        "confidence": 0.969226598739624,
        "image": "DJI_20250701153323_0041_W.JPG"
      }
    },
    {
      "type": "Feature",
      "geometry": {
        "type": "Point",
        "coordinates": [
          -0.5244622255828192,
          53.26814647181591
        ]
      },
      "properties": {
        "confidence": 0.9560505151748657,
        "image": "DJI_20250701153323_0041_W.JPG"
      }
    },
    {
      "type": "Feature",
      "geometry": {
        "type": "Point",
        "coordinates": [
          -0.5243947164696324,
          53.268051490334194
        ]
      },
      "properties": {
        "confidence": 0.9482880234718323,
        "image": "DJI_20250701153323_0041_W.JPG"
      }
    },
    {
      "type": "Feature",
      "geometry": {
        "type": "Point",
        "coordinates": [
          -0.524466547051619,
          53.26816033958677
        ]
      },
      "properties": {
        "confidence": 0.9359380602836609,
        "image": "DJI_20250701153323_0041_W.JPG"
      }
    },
    {
      "type": "Feature",
      "geometry": {
        "type": "Point",
        "coordinates": [
          -0.5243695398021948,
          53.268103048188216
        ]
      },
      "properties": {
        "confidence": 0.9323979616165161,
        "image": "DJI_20250701153323_0041_W.JPG"
      }
    },
    {
      "type": "Feature",
      "geometry": {
        "type": "Point",
        "coordinates": [
          -0.524300992667264,
          53.26816248344354
        ]
      },
      "properties": {
        "confidence": 0.931230366230011,
        "image": "DJI_20250701153323_0041_W.JPG"
      }
    },
    {
      "type": "Feature",
      "geometry": {
        "type": "Point",
        "coordinates": [
          -0.5243989437036696,
          53.26806224249815
        ]
      },
      "properties": {
        "confidence": 0.9254580140113831,
        "image": "DJI_20250701153323_0041_W.JPG"
      }
    },
    {
      "type": "Feature",
      "geometry": {
        "type": "Point",
        "coordinates": [
          -0.5244594459507079,
          53.268133410201344
        ]
      },
      "properties": {
        "confidence": 0.9225058555603027,
        "image": "DJI_20250701153323_0041_W.JPG"
      }
    },
    {
      "type": "Feature",
      "geometry": {
        "type": "Point",
        "coordinates": [
          -0.5243828104715722,
          53.26815477722321
        ]
      },
      "properties": {
        "confidence": 0.9142153859138489,
        "image": "DJI_20250701153323_0041_W.JPG"
      }
    },
    {
      "type": "Feature",
      "geometry": {
        "type": "Point",
        "coordinates": [
          -0.5242984732182602,
          53.26814906506291
        ]
      },
      "properties": {
        "confidence": 0.8914117217063904,
        "image": "DJI_20250701153323_0041_W.JPG"
      }
    },
    {
      "type": "Feature",
      "geometry": {
        "type": "Point",
        "coordinates": [
          -0.5243266189759475,
          53.26809473388739
        ]
      },
      "properties": {
        "confidence": 0.8867412805557251,
        "image": "DJI_20250701153323_0041_W.JPG"
      }
    },
    {
      "type": "Feature",
      "geometry": {
        "type": "Point",
        "coordinates": [
          -0.5244454450597154,
          53.268083818142536
        ]
      },
      "properties": {
        "confidence": 0.8814978003501892,
        "image": "DJI_20250701153323_0041_W.JPG"
      }
    },
    {
      "type": "Feature",
      "geometry": {
        "type": "Point",
        "coordinates": [
          -0.5245740983873695,
          53.26812545930994
        ]
      },
      "properties": {
        "confidence": 0.8752461671829224,
        "image": "DJI_20250701153323_0041_W.JPG"
      }
    },
    {
      "type": "Feature",
      "geometry": {
        "type": "Point",
        "coordinates": [
          -0.5243748335001682,
          53.268121585749256
        ]
      },
      "properties": {
        "confidence": 0.8724113702774048,
        "image": "DJI_20250701153323_0041_W.JPG"
      }
    },
    {
      "type": "Feature",
      "geometry": {
        "type": "Point",
        "coordinates": [
          -0.5244571802641593,
          53.26812061730553
        ]
      },
      "properties": {
        "confidence": 0.8626158833503723,
        "image": "DJI_20250701153323_0041_W.JPG"
      }
    },
    {
      "type": "Feature",
      "geometry": {
        "type": "Point",
        "coordinates": [
          -0.5244028111855922,
          53.26807543485194
        ]
      },
      "properties": {
        "confidence": 0.8500293493270874,
        "image": "DJI_20250701153323_0041_W.JPG"
      }
    },
    {
      "type": "Feature",
      "geometry": {
        "type": "Point",
        "coordinates": [
          -0.5244843121073306,
          53.26808114243537
        ]
      },
      "properties": {
        "confidence": 0.8400569558143616,
        "image": "DJI_20250701153323_0041_W.JPG"
      }
    },
    {
      "type": "Feature",
      "geometry": {
        "type": "Point",
        "coordinates": [
          -0.5242908784712536,
          53.26810999552105
        ]
      },
      "properties": {
        "confidence": 0.8357565402984619,
        "image": "DJI_20250701153323_0041_W.JPG"
      }
    },
    {
      "type": "Feature",
      "geometry": {
        "type": "Point",
        "coordinates": [
          -0.5243295185254303,
          53.26810698210535
        ]
      },
      "properties": {
        "confidence": 0.8323788046836853,
        "image": "DJI_20250701153323_0041_W.JPG"
      }
    },
    {
      "type": "Feature",
      "geometry": {
        "type": "Point",
        "coordinates": [
          -0.5244644093869365,
          53.26802276995469
        ]
      },
      "properties": {
        "confidence": 0.8228984475135803,
        "image": "DJI_20250701153323_0041_W.JPG"
      }
    },
    {
      "type": "Feature",
      "geometry": {
        "type": "Point",
        "coordinates": [
          -0.5244080299596572,
          53.26810105151828
        ]
      },
      "properties": {
        "confidence": 0.8218525052070618,
        "image": "DJI_20250701153323_0041_W.JPG"
      }
    },
    {
      "type": "Feature",
      "geometry": {
        "type": "Point",
        "coordinates": [
          -0.5244063445980094,
          53.26808713839205
        ]
      },
      "properties": {
        "confidence": 0.8158524632453918,
        "image": "DJI_20250701153323_0041_W.JPG"
      }
    },
    {
      "type": "Feature",
      "geometry": {
        "type": "Point",
        "coordinates": [
          -0.5244573142070378,
          53.268148339116635
        ]
      },
      "properties": {
        "confidence": 0.7907865643501282,
        "image": "DJI_20250701153323_0041_W.JPG"
      }
    },
    {
      "type": "Feature",
      "geometry": {
        "type": "Point",
        "coordinates": [
          -0.5243715185366191,
          53.268115910073796
        ]
      },
      "properties": {
        "confidence": 0.7886115908622742,
        "image": "DJI_20250701153323_0041_W.JPG"
      }
    },
    {
      "type": "Feature",
      "geometry": {
        "type": "Point",
        "coordinates": [
          -0.5244546993879662,
          53.26811444688447
        ]
      },
      "properties": {
        "confidence": 0.7824910879135132,
        "image": "DJI_20250701153323_0041_W.JPG"
      }
    },
    {
      "type": "Feature",
      "geometry": {
        "type": "Point",
        "coordinates": [
          -0.5243340049050644,
          53.26812630218828
        ]
      },
      "properties": {
        "confidence": 0.7817559242248535,
        "image": "DJI_20250701153323_0041_W.JPG"
      }
    },
    {
      "type": "Feature",
      "geometry": {
        "type": "Point",
        "coordinates": [
          -0.5244171290569493,
          53.268137896036656
        ]
      },
      "properties": {
        "confidence": 0.7746710181236267,
        "image": "DJI_20250701153323_0041_W.JPG"
      }
    },
    {
      "type": "Feature",
      "geometry": {
        "type": "Point",
        "coordinates": [
          -0.5244672018603523,
          53.26803386706751
        ]
      },
      "properties": {
        "confidence": 0.7568904161453247,
        "image": "DJI_20250701153323_0041_W.JPG"
      }
    },
    {
      "type": "Feature",
      "geometry": {
        "type": "Point",
        "coordinates": [
          -0.5243408469092758,
          53.268157805119564
        ]
      },
      "properties": {
        "confidence": 0.7367245554924011,
        "image": "DJI_20250701153323_0041_W.JPG"
      }
    },
    {
      "type": "Feature",
      "geometry": {
        "type": "Point",
        "coordinates": [
          -0.5244257912565053,
          53.26816268482573
        ]
      },
      "properties": {
        "confidence": 0.7223562598228455,
        "image": "DJI_20250701153323_0041_W.JPG"
      }
    },
    {
      "type": "Feature",
      "geometry": {
        "type": "Point",
        "coordinates": [
          -0.5245047930776043,
          53.268156244055696
        ]
      },
      "properties": {
        "confidence": 0.710970401763916,
        "image": "DJI_20250701153323_0041_W.JPG"
      }
    },
    {
      "type": "Feature",
      "geometry": {
        "type": "Point",
        "coordinates": [
          -0.5242963542181,
          53.268135746546776
        ]
      },
      "properties": {
        "confidence": 0.7077112793922424,
        "image": "DJI_20250701153323_0041_W.JPG"
      }
    },
    {
      "type": "Feature",
      "geometry": {
        "type": "Point",
        "coordinates": [
          -0.524510583094129,
          53.268041874534525
        ]
      },
      "properties": {
        "confidence": 0.6836612820625305,
        "image": "DJI_20250701153323_0041_W.JPG"
      }
    },
    {
      "type": "Feature",
      "geometry": {
        "type": "Point",
        "coordinates": [
          -0.5244745855677565,
          53.268043860343965
        ]
      },
      "properties": {
        "confidence": 0.6762323379516602,
        "image": "DJI_20250701153323_0041_W.JPG"
      }
    },
    {
      "type": "Feature",
      "geometry": {
        "type": "Point",
        "coordinates": [
          -0.5243359686253687,
          53.26813269501602
        ]
      },
      "properties": {
        "confidence": 0.6550126075744629,
        "image": "DJI_20250701153323_0041_W.JPG"
      }
    },
    {
      "type": "Feature",
      "geometry": {
        "type": "Point",
        "coordinates": [
          -0.5243565967816707,
          53.26805379021778
        ]
      },
      "properties": {
        "confidence": 0.6337268352508545,
        "image": "DJI_20250701153323_0041_W.JPG"
      }
    },
    {
      "type": "Feature",
      "geometry": {
        "type": "Point",
        "coordinates": [
          -0.5244481647331409,
          53.268097286455415
        ]
      },
      "properties": {
        "confidence": 0.6265144348144531,
        "image": "DJI_20250701153323_0041_W.JPG"
      }
    },
    {
      "type": "Feature",
      "geometry": {
        "type": "Point",
        "coordinates": [
          -0.5244767977162715,
          53.268056077687206
        ]
      },
      "properties": {
        "confidence": 0.6222191452980042,
        "image": "DJI_20250701153323_0041_W.JPG"
      }
    },
    {
      "type": "Feature",
      "geometry": {
        "type": "Point",
        "coordinates": [
          -0.5244297096146727,
          53.26803660452412
        ]
      },
      "properties": {
        "confidence": 0.6168632507324219,
        "image": "DJI_20250701153323_0041_W.JPG"
      }
    },
    {
      "type": "Feature",
      "geometry": {
        "type": "Point",
        "coordinates": [
          -0.5243319876467267,
          53.26811933380797
        ]
      },
      "properties": {
        "confidence": 0.6071755290031433,
        "image": "DJI_20250701153323_0041_W.JPG"
      }
    },
    {
      "type": "Feature",
      "geometry": {
        "type": "Point",
        "coordinates": [
          -0.5244428924210425,
          53.2680710942365
        ]
      },
      "properties": {
        "confidence": 0.6046971678733826,
        "image": "DJI_20250701153323_0041_W.JPG"
      }
    },
    {
      "type": "Feature",
      "geometry": {
        "type": "Point",
        "coordinates": [
          -0.5245357752157626,
          53.26811505892188
        ]
      },
      "properties": {
        "confidence": 0.5675597190856934,
        "image": "DJI_20250701153323_0041_W.JPG"
      }
    },
    {
      "type": "Feature",
      "geometry": {
        "type": "Point",
        "coordinates": [
          -0.5245229650028117,
          53.268076164517915
        ]
      },
      "properties": {
        "confidence": 0.5506770014762878,
        "image": "DJI_20250701153323_0041_W.JPG"
      }
    },
    {
      "type": "Feature",
      "geometry": {
        "type": "Point",
        "coordinates": [
          -0.5243769942345682,
          53.268128519634686
        ]
      },
      "properties": {
        "confidence": 0.5130971670150757,
        "image": "DJI_20250701153323_0041_W.JPG"
      }
    },
    {
      "type": "Feature",
      "geometry": {
        "type": "Point",
        "coordinates": [
          -0.5244159447995598,
          53.26812621613094
        ]
      },
      "properties": {
        "confidence": 0.512945294380188,
        "image": "DJI_20250701153323_0041_W.JPG"
      }
    },
    {
      "type": "Feature",
      "geometry": {
        "type": "Point",
        "coordinates": [
          -0.5242953596391093,
          53.26815069692747
        ]
      },
      "properties": {
        "confidence": 0.9730264544487,
        "image": "DJI_20250701153220_0017_W.JPG"
      }
    },
    {
      "type": "Feature",
      "geometry": {
        "type": "Point",
        "coordinates": [
          -0.5246118534443949,
          53.26814576841918
        ]
      },
      "properties": {
        "confidence": 0.9479666352272034,
        "image": "DJI_20250701153220_0017_W.JPG"
      }
    },
    {
      "type": "Feature",
      "geometry": {
        "type": "Point",
        "coordinates": [
          -0.5242537979107211,
          53.268143587990494
        ]
      },
      "properties": {
        "confidence": 0.8979376554489136,
        "image": "DJI_20250701153220_0017_W.JPG"
      }
    },
    {
      "type": "Feature",
      "geometry": {
        "type": "Point",
        "coordinates": [
          -0.524341062513905,
          53.26817198165805
        ]
      },
      "properties": {
        "confidence": 0.8882107734680176,
        "image": "DJI_20250701153220_0017_W.JPG"
      }
    },
    {
      "type": "Feature",
      "geometry": {
        "type": "Point",
        "coordinates": [
          -0.5245746894823271,
          53.268150518535016
        ]
      },
      "properties": {
        "confidence": 0.8838381767272949,
        "image": "DJI_20250701153220_0017_W.JPG"
      }
    },
    {
      "type": "Feature",
      "geometry": {
        "type": "Point",
        "coordinates": [
          -0.5243009456267863,
          53.268176786875
        ]
      },
      "properties": {
        "confidence": 0.8488831520080566,
        "image": "DJI_20250701153220_0017_W.JPG"
      }
    },
    {
      "type": "Feature",
      "geometry": {
        "type": "Point",
        "coordinates": [
          -0.5243378199021802,
          53.26815901896122
        ]
      },
      "properties": {
        "confidence": 0.7943416237831116,
        "image": "DJI_20250701153220_0017_W.JPG"
      }
    },
    {
      "type": "Feature",
      "geometry": {
        "type": "Point",
        "coordinates": [
          -0.5242896365345265,
          53.26811295443879
        ]
      },
      "properties": {
        "confidence": 0.7888099551200867,
        "image": "DJI_20250701153220_0017_W.JPG"
      }
    },
    {
      "type": "Feature",
      "geometry": {
        "type": "Point",
        "coordinates": [
          -0.5243812194786838,
          53.26816873447346
        ]
      },
      "properties": {
        "confidence": 0.7822723984718323,
        "image": "DJI_20250701153220_0017_W.JPG"
      }
    },
    {
      "type": "Feature",
      "geometry": {
        "type": "Point",
        "coordinates": [
          -0.5244247427936176,
          53.268176235829614
        ]
      },
      "properties": {
        "confidence": 0.7727935910224915,
        "image": "DJI_20250701153220_0017_W.JPG"
      }
    },
    {
      "type": "Feature",
      "geometry": {
        "type": "Point",
        "coordinates": [
          -0.5242589627324212,
          53.2681540074235
        ]
      },
      "properties": {
        "confidence": 0.7688958048820496,
        "image": "DJI_20250701153220_0017_W.JPG"
      }
    },
    {
      "type": "Feature",
      "geometry": {
        "type": "Point",
        "coordinates": [
          -0.5242487356792195,
          53.268092199801835
        ]
      },
      "properties": {
        "confidence": 0.742277979850769,
        "image": "DJI_20250701153220_0017_W.JPG"
      }
    },
    {
      "type": "Feature",
      "geometry": {
        "type": "Point",
        "coordinates": [
          -0.5243294405701198,
          53.26812057286524
        ]
      },
      "properties": {
        "confidence": 0.7092081904411316,
        "image": "DJI_20250701153220_0017_W.JPG"
      }
    },
    {
      "type": "Feature",
      "geometry": {
        "type": "Point",
        "coordinates": [
          -0.5244100244980662,
          53.268125628452516
        ]
      },
      "properties": {
        "confidence": 0.6424508094787598,
        "image": "DJI_20250701153220_0017_W.JPG"
      }
    },
    {
      "type": "Feature",
      "geometry": {
        "type": "Point",
        "coordinates": [
          -0.5243444682406303,
          53.268185665881795
        ]
      },
      "properties": {
        "confidence": 0.6142343878746033,
        "image": "DJI_20250701153220_0017_W.JPG"
      }
    },
    {
      "type": "Feature",
      "geometry": {
        "type": "Point",
        "coordinates": [
          -0.5246098573889086,
          53.26813279676254
        ]
      },
      "properties": {
        "confidence": 0.6120955348014832,
        "image": "DJI_20250701153220_0017_W.JPG"
      }
    },
    {
      "type": "Feature",
      "geometry": {
        "type": "Point",
        "coordinates": [
          -0.5243143904069644,
          53.26805952260973
        ]
      },
      "properties": {
        "confidence": 0.5995659232139587,
        "image": "DJI_20250701153220_0017_W.JPG"
      }
    },
    {
      "type": "Feature",
      "geometry": {
        "type": "Point",
        "coordinates": [
          -0.5245611706544545,
          53.268112120672114
        ]
      },
      "properties": {
        "confidence": 0.5933408737182617,
        "image": "DJI_20250701153220_0017_W.JPG"
      }
    },
    {
      "type": "Feature",
      "geometry": {
        "type": "Point",
        "coordinates": [
          -0.5243191629229088,
          53.26807787197077
        ]
      },
      "properties": {
        "confidence": 0.5848934650421143,
        "image": "DJI_20250701153220_0017_W.JPG"
      }
    },
    {
      "type": "Feature",
      "geometry": {
        "type": "Point",
        "coordinates": [
          -0.5243834201290106,
          53.26818123038811
        ]
      },
      "properties": {
        "confidence": 0.5420448184013367,
        "image": "DJI_20250701153220_0017_W.JPG"
      }
    },
    {
      "type": "Feature",
      "geometry": {
        "type": "Point",
        "coordinates": [
          -0.5245784636199833,
          53.26816307089305
        ]
      },
      "properties": {
        "confidence": 0.5157644152641296,
        "image": "DJI_20250701153220_0017_W.JPG"
      }
    },
    {
      "type": "Feature",
      "geometry": {
        "type": "Point",
        "coordinates": [
          -0.524616455104466,
          53.26815852938064
        ]
      },
      "properties": {
        "confidence": 0.5132014751434326,
        "image": "DJI_20250701153220_0017_W.JPG"
      }
    },
    {
      "type": "Feature",
      "geometry": {
        "type": "Point",
        "coordinates": [
          -0.5245588167332699,
          53.268099637151295
        ]
      },
      "properties": {
        "confidence": 0.5072178244590759,
        "image": "DJI_20250701153220_0017_W.JPG"
      }
    },
    {
      "type": "Feature",
      "geometry": {
        "type": "Point",
        "coordinates": [
          -0.524255777082282,
          53.26814958120308
        ]
      },
      "properties": {
        "confidence": 0.502450168132782,
        "image": "DJI_20250701153220_0017_W.JPG"
      }
    },
    {
      "type": "Feature",
      "geometry": {
        "type": "Point",
        "coordinates": [
          -0.5242955664393094,
          53.26805599494291
        ]
      },
      "properties": {
        "confidence": 0.9354986548423767,
        "image": "DJI_20250701153158_0009_W.JPG"
      }
    },
    {
      "type": "Feature",
      "geometry": {
        "type": "Point",
        "coordinates": [
          -0.5243660485077727,
          53.26803537493685
        ]
      },
      "properties": {
        "confidence": 0.7805884480476379,
        "image": "DJI_20250701153158_0009_W.JPG"
      }
    },
    {
      "type": "Feature",
      "geometry": {
        "type": "Point",
        "coordinates": [
          -0.5245843998480456,
          53.268114505634166
        ]
      },
      "properties": {
        "confidence": 0.7384473085403442,
        "image": "DJI_20250701153158_0009_W.JPG"
      }
    },
    {
      "type": "Feature",
      "geometry": {
        "type": "Point",
        "coordinates": [
          -0.5245720477958281,
          53.268067982885896
        ]
      },
      "properties": {
        "confidence": 0.7290027141571045,
        "image": "DJI_20250701153158_0009_W.JPG"
      }
    },
    {
      "type": "Feature",
      "geometry": {
        "type": "Point",
        "coordinates": [
          -0.5242999766233281,
          53.268083106789575
        ]
      },
      "properties": {
        "confidence": 0.7246866822242737,
        "image": "DJI_20250701153158_0009_W.JPG"
      }
    },
    {
      "type": "Feature",
      "geometry": {
        "type": "Point",
        "coordinates": [
          -0.5243733594639017,
          53.26806193041813
        ]
      },
      "properties": {
        "confidence": 0.7226371765136719,
        "image": "DJI_20250701153158_0009_W.JPG"
      }
    },
    {
      "type": "Feature",
      "geometry": {
        "type": "Point",
        "coordinates": [
          -0.5242578537599307,
          53.268059579844575
        ]
      },
      "properties": {
        "confidence": 0.6581674814224243,
        "image": "DJI_20250701153158_0009_W.JPG"
      }
    },
    {
      "type": "Feature",
      "geometry": {
        "type": "Point",
        "coordinates": [
          -0.5244421879863259,
          53.26816808110935
        ]
      },
      "properties": {
        "confidence": 0.6100561022758484,
        "image": "DJI_20250701153158_0009_W.JPG"
      }
    },
    {
      "type": "Feature",
      "geometry": {
        "type": "Point",
        "coordinates": [
          -0.5244012665732911,
          53.268164721349
        ]
      },
      "properties": {
        "confidence": 0.6067174673080444,
        "image": "DJI_20250701153158_0009_W.JPG"
      }
    },
    {
      "type": "Feature",
      "geometry": {
        "type": "Point",
        "coordinates": [
          -0.524466648074997,
          53.2681062841503
        ]
      },
      "properties": {
        "confidence": 0.5677960515022278,
        "image": "DJI_20250701153158_0009_W.JPG"
      }
    },
    {
      "type": "Feature",
      "geometry": {
        "type": "Point",
        "coordinates": [
          -0.5243280106807429,
          53.2680398611281
        ]
      },
      "properties": {
        "confidence": 0.5220575332641602,
        "image": "DJI_20250701153158_0009_W.JPG"
      }
    },
    {
      "type": "Feature",
      "geometry": {
        "type": "Point",
        "coordinates": [
          -0.5245767584603795,
          53.268081555745724
        ]
      },
      "properties": {
        "confidence": 0.5002716779708862,
        "image": "DJI_20250701153158_0009_W.JPG"
      }
    },
    {
      "type": "Feature",
      "geometry": {
        "type": "Point",
        "coordinates": [
          -0.5245573034966031,
          53.26809814909696
        ]
      },
      "properties": {
        "confidence": 0.976264238357544,
        "image": "DJI_20250701153233_0022_W.JPG"
      }
    },
    {
      "type": "Feature",
      "geometry": {
        "type": "Point",
        "coordinates": [
          -0.5245705887405063,
          53.268149448365634
        ]
      },
      "properties": {
        "confidence": 0.9373983144760132,
        "image": "DJI_20250701153233_0022_W.JPG"
      }
    },
    {
      "type": "Feature",
      "geometry": {
        "type": "Point",
        "coordinates": [
          -0.5245569700281991,
          53.268104258312334
        ]
      },
      "properties": {
        "confidence": 0.9252168536186218,
        "image": "DJI_20250701153233_0022_W.JPG"
      }
    },
    {
      "type": "Feature",
      "geometry": {
        "type": "Point",
        "coordinates": [
          -0.5245789269477981,
          53.26801900770787
        ]
      },
      "properties": {
        "confidence": 0.9190335273742676,
        "image": "DJI_20250701153233_0022_W.JPG"
      }
    },
    {
      "type": "Feature",
      "geometry": {
        "type": "Point",
        "coordinates": [
          -0.5243936325722764,
          53.268086610513535
        ]
      },
      "properties": {
        "confidence": 0.9062511920928955,
        "image": "DJI_20250701153233_0022_W.JPG"
      }
    },
    {
      "type": "Feature",
      "geometry": {
        "type": "Point",
        "coordinates": [
          -0.5245252239627778,
          53.26812665638935
        ]
      },
      "properties": {
        "confidence": 0.9010418653488159,
        "image": "DJI_20250701153233_0022_W.JPG"
      }
    },
    {
      "type": "Feature",
      "geometry": {
        "type": "Point",
        "coordinates": [
          -0.5244786021628176,
          53.26810508339272
        ]
      },
      "properties": {
        "confidence": 0.895484447479248,
        "image": "DJI_20250701153233_0022_W.JPG"
      }
    },
    {
      "type": "Feature",
      "geometry": {
        "type": "Point",
        "coordinates": [
          -0.5243707363710054,
          53.26812110308476
        ]
      },
      "properties": {
        "confidence": 0.8870064616203308,
        "image": "DJI_20250701153233_0022_W.JPG"
      }
    },
    {
      "type": "Feature",
      "geometry": {
        "type": "Point",
        "coordinates": [
          -0.5245141009433394,
          53.2680882407234
        ]
      },
      "properties": {
        "confidence": 0.8563641905784607,
        "image": "DJI_20250701153233_0022_W.JPG"
      }
    },
    {
      "type": "Feature",
      "geometry": {
        "type": "Point",
        "coordinates": [
          -0.524519737243972,
          53.268100625883356
        ]
      },
      "properties": {
        "confidence": 0.8524588942527771,
        "image": "DJI_20250701153233_0022_W.JPG"
      }
    },
    {
      "type": "Feature",
      "geometry": {
        "type": "Point",
        "coordinates": [
          -0.5245208410140578,
          53.26811489471907
        ]
      },
      "properties": {
        "confidence": 0.8510593175888062,
        "image": "DJI_20250701153233_0022_W.JPG"
      }
    },
    {
      "type": "Feature",
      "geometry": {
        "type": "Point",
        "coordinates": [
          -0.5244286086049945,
          53.268063367645844
        ]
      },
      "properties": {
        "confidence": 0.8406426906585693,
        "image": "DJI_20250701153233_0022_W.JPG"
      }
    },
    {
      "type": "Feature",
      "geometry": {
        "type": "Point",
        "coordinates": [
          -0.5245592671532154,
          53.26811086644634
        ]
      },
      "properties": {
        "confidence": 0.8351320028305054,
        "image": "DJI_20250701153233_0022_W.JPG"
      }
    },
    {
      "type": "Feature",
      "geometry": {
        "type": "Point",
        "coordinates": [
          -0.5244877686409698,
          53.268142570744764
        ]
      },
      "properties": {
        "confidence": 0.8238142728805542,
        "image": "DJI_20250701153233_0022_W.JPG"
      }
    },
    {
      "type": "Feature",
      "geometry": {
        "type": "Point",
        "coordinates": [
          -0.5245270372889672,
          53.2681418742215
        ]
      },
      "properties": {
        "confidence": 0.793986439704895,
        "image": "DJI_20250701153233_0022_W.JPG"
      }
    },
    {
      "type": "Feature",
      "geometry": {
        "type": "Point",
        "coordinates": [
          -0.524460136253777,
          53.268027725935596
        ]
      },
      "properties": {
        "confidence": 0.7868385910987854,
        "image": "DJI_20250701153233_0022_W.JPG"
      }
    },
    {
      "type": "Feature",
      "geometry": {
        "type": "Point",
        "coordinates": [
          -0.5244826753875503,
          53.26811871521478
        ]
      },
      "properties": {
        "confidence": 0.7766550779342651,
        "image": "DJI_20250701153233_0022_W.JPG"
      }
    },
    {
      "type": "Feature",
      "geometry": {
        "type": "Point",
        "coordinates": [
          -0.5245641838606955,
          53.268123500906995
        ]
      },
      "properties": {
        "confidence": 0.7730914354324341,
        "image": "DJI_20250701153233_0022_W.JPG"
      }
    },
    {
      "type": "Feature",
      "geometry": {
        "type": "Point",
        "coordinates": [
          -0.5245819781960287,
          53.268031074043755
        ]
      },
      "properties": {
        "confidence": 0.7707633376121521,
        "image": "DJI_20250701153233_0022_W.JPG"
      }
    },
    {
      "type": "Feature",
      "geometry": {
        "type": "Point",
        "coordinates": [
          -0.5245661766545472,
          53.26813695247587
        ]
      },
      "properties": {
        "confidence": 0.746863603591919,
        "image": "DJI_20250701153233_0022_W.JPG"
      }
    },
    {
      "type": "Feature",
      "geometry": {
        "type": "Point",
        "coordinates": [
          -0.5244815442027287,
          53.26811052791198
        ]
      },
      "properties": {
        "confidence": 0.7312175631523132,
        "image": "DJI_20250701153233_0022_W.JPG"
      }
    },
    {
      "type": "Feature",
      "geometry": {
        "type": "Point",
        "coordinates": [
          -0.5242940765917857,
          53.26817077452292
        ]
      },
      "properties": {
        "confidence": 0.720227062702179,
        "image": "DJI_20250701153233_0022_W.JPG"
      }
    },
    {
      "type": "Feature",
      "geometry": {
        "type": "Point",
        "coordinates": [
          -0.5246097863805649,
          53.26814599505898
        ]
      },
      "properties": {
        "confidence": 0.6841261982917786,
        "image": "DJI_20250701153233_0022_W.JPG"
      }
    },
    {
      "type": "Feature",
      "geometry": {
        "type": "Point",
        "coordinates": [
          -0.5242707218406236,
          53.268043753123926
        ]
      },
      "properties": {
        "confidence": 0.6838586926460266,
        "image": "DJI_20250701153233_0022_W.JPG"
      }
    },
    {
      "type": "Feature",
      "geometry": {
        "type": "Point",
        "coordinates": [
          -0.5244674137535744,
          53.26805341025231
        ]
      },
      "properties": {
        "confidence": 0.6468323469161987,
        "image": "DJI_20250701153233_0022_W.JPG"
      }
    },
    {
      "type": "Feature",
      "geometry": {
        "type": "Point",
        "coordinates": [
          -0.5243751210422289,
          53.26813968050744
        ]
      },
      "properties": {
        "confidence": 0.6358497738838196,
        "image": "DJI_20250701153233_0022_W.JPG"
      }
    },
    {
      "type": "Feature",
      "geometry": {
        "type": "Point",
        "coordinates": [
          -0.524440363580556,
          53.26811480532678
        ]
      },
      "properties": {
        "confidence": 0.6160184741020203,
        "image": "DJI_20250701153233_0022_W.JPG"
      }
    },
    {
      "type": "Feature",
      "geometry": {
        "type": "Point",
        "coordinates": [
          -0.524584817917635,
          53.26805715975603
        ]
      },
      "properties": {
        "confidence": 0.6042550802230835,
        "image": "DJI_20250701153233_0022_W.JPG"
      }
    },
    {
      "type": "Feature",
      "geometry": {
        "type": "Point",
        "coordinates": [
          -0.5243886230602559,
          53.26806680011135
        ]
      },
      "properties": {
        "confidence": 0.598286509513855,
        "image": "DJI_20250701153233_0022_W.JPG"
      }
    },
    {
      "type": "Feature",
      "geometry": {
        "type": "Point",
        "coordinates": [
          -0.5246075494778424,
          53.2681321971422
        ]
      },
      "properties": {
        "confidence": 0.570778489112854,
        "image": "DJI_20250701153233_0022_W.JPG"
      }
    },
    {
      "type": "Feature",
      "geometry": {
        "type": "Point",
        "coordinates": [
          -0.5243342636260997,
          53.26815452097814
        ]
      },
      "properties": {
        "confidence": 0.5559951066970825,
        "image": "DJI_20250701153233_0022_W.JPG"
      }
    },
    {
      "type": "Feature",
      "geometry": {
        "type": "Point",
        "coordinates": [
          -0.524607133793078,
          53.268130360781946
        ]
      },
      "properties": {
        "confidence": 0.9359987378120422,
        "image": "DJI_20250701153223_0018_W.JPG"
      }
    },
    {
      "type": "Feature",
      "geometry": {
        "type": "Point",
        "coordinates": [
          -0.5246112943531169,
          53.26815772986038
        ]
      },
      "properties": {
        "confidence": 0.9248915314674377,
        "image": "DJI_20250701153223_0018_W.JPG"
      }
    },
    {
      "type": "Feature",
      "geometry": {
        "type": "Point",
        "coordinates": [
          -0.524571442115989,
          53.26814902618909
        ]
      },
      "properties": {
        "confidence": 0.8972094058990479,
        "image": "DJI_20250701153223_0018_W.JPG"
      }
    },
    {
      "type": "Feature",
      "geometry": {
        "type": "Point",
        "coordinates": [
          -0.5243402249590948,
          53.26818414440901
        ]
      },
      "properties": {
        "confidence": 0.8956528902053833,
        "image": "DJI_20250701153223_0018_W.JPG"
      }
    },
    {
      "type": "Feature",
      "geometry": {
        "type": "Point",
        "coordinates": [
          -0.5243744831929195,
          53.26815431088082
        ]
      },
      "properties": {
        "confidence": 0.8514330387115479,
        "image": "DJI_20250701153223_0018_W.JPG"
      }
    },
    {
      "type": "Feature",
      "geometry": {
        "type": "Point",
        "coordinates": [
          -0.5242924554750228,
          53.2681493845746
        ]
      },
      "properties": {
        "confidence": 0.8254057168960571,
        "image": "DJI_20250701153223_0018_W.JPG"
      }
    },
    {
      "type": "Feature",
      "geometry": {
        "type": "Point",
        "coordinates": [
          -0.5243346759212218,
          53.26815752978674
        ]
      },
      "properties": {
        "confidence": 0.8040412068367004,
        "image": "DJI_20250701153223_0018_W.JPG"
      }
    },
    {
      "type": "Feature",
      "geometry": {
        "type": "Point",
        "coordinates": [
          -0.5246219765635497,
          53.2681456737803
        ]
      },
      "properties": {
        "confidence": 0.7709401249885559,
        "image": "DJI_20250701153223_0018_W.JPG"
      }
    },
    {
      "type": "Feature",
      "geometry": {
        "type": "Point",
        "coordinates": [
          -0.5243695430729571,
          53.2681345275277
        ]
      },
      "properties": {
        "confidence": 0.7650625705718994,
        "image": "DJI_20250701153223_0018_W.JPG"
      }
    },
    {
      "type": "Feature",
      "geometry": {
        "type": "Point",
        "coordinates": [
          -0.5242880041413308,
          53.268111764117386
        ]
      },
      "properties": {
        "confidence": 0.7408161163330078,
        "image": "DJI_20250701153223_0018_W.JPG"
      }
    },
    {
      "type": "Feature",
      "geometry": {
        "type": "Point",
        "coordinates": [
          -0.5244004870689071,
          53.268098998889656
        ]
      },
      "properties": {
        "confidence": 0.7284478545188904,
        "image": "DJI_20250701153223_0018_W.JPG"
      }
    },
    {
      "type": "Feature",
      "geometry": {
        "type": "Point",
        "coordinates": [
          -0.5243766505591981,
          53.26816734619733
        ]
      },
      "properties": {
        "confidence": 0.6902791261672974,
        "image": "DJI_20250701153223_0018_W.JPG"
      }
    },
    {
      "type": "Feature",
      "geometry": {
        "type": "Point",
        "coordinates": [
          -0.5243191967756786,
          53.268089058988124
        ]
      },
      "properties": {
        "confidence": 0.6599010229110718,
        "image": "DJI_20250701153223_0018_W.JPG"
      }
    },
    {
      "type": "Feature",
      "geometry": {
        "type": "Point",
        "coordinates": [
          -0.5243800329311231,
          53.26817954934492
        ]
      },
      "properties": {
        "confidence": 0.6275104880332947,
        "image": "DJI_20250701153223_0018_W.JPG"
      }
    },
    {
      "type": "Feature",
      "geometry": {
        "type": "Point",
        "coordinates": [
          -0.5245608848529557,
          53.2681161195158
        ]
      },
      "properties": {
        "confidence": 0.6270201802253723,
        "image": "DJI_20250701153223_0018_W.JPG"
      }
    },
    {
      "type": "Feature",
      "geometry": {
        "type": "Point",
        "coordinates": [
          -0.5243371494972829,
          53.26817054034244
        ]
      },
      "properties": {
        "confidence": 0.5671796798706055,
        "image": "DJI_20250701153223_0018_W.JPG"
      }
    },
    {
      "type": "Feature",
      "geometry": {
        "type": "Point",
        "coordinates": [
          -0.5242465716878766,
          53.268099518621895
        ]
      },
      "properties": {
        "confidence": 0.5641009211540222,
        "image": "DJI_20250701153223_0018_W.JPG"
      }
    },
    {
      "type": "Feature",
      "geometry": {
        "type": "Point",
        "coordinates": [
          -0.5245203654262022,
          53.268114809003116
        ]
      },
      "properties": {
        "confidence": 0.5468065142631531,
        "image": "DJI_20250701153223_0018_W.JPG"
      }
    },
    {
      "type": "Feature",
      "geometry": {
        "type": "Point",
        "coordinates": [
          -0.5244459859207028,
          53.26810302591824
        ]
      },
      "properties": {
        "confidence": 0.544582188129425,
        "image": "DJI_20250701153223_0018_W.JPG"
      }
    },
    {
      "type": "Feature",
      "geometry": {
        "type": "Point",
        "coordinates": [
          -0.5244064343195631,
          53.26812530609123
        ]
      },
      "properties": {
        "confidence": 0.502604067325592,
        "image": "DJI_20250701153223_0018_W.JPG"
      }
    },
    {
      "type": "Feature",
      "geometry": {
        "type": "Point",
        "coordinates": [
          -0.5245513307914845,
          53.268139689796406
        ]
      },
      "properties": {
        "confidence": 0.9863547682762146,
        "image": "DJI_20250701153302_0033_W.JPG"
      }
    },
    {
      "type": "Feature",
      "geometry": {
        "type": "Point",
        "coordinates": [
          -0.5244629811599453,
          53.268127197710996
        ]
      },
      "properties": {
        "confidence": 0.9735238552093506,
        "image": "DJI_20250701153302_0033_W.JPG"
      }
    },
    {
      "type": "Feature",
      "geometry": {
        "type": "Point",
        "coordinates": [
          -0.5245297360476621,
          53.268068028249566
        ]
      },
      "properties": {
        "confidence": 0.9355651140213013,
        "image": "DJI_20250701153302_0033_W.JPG"
      }
    },
    {
      "type": "Feature",
      "geometry": {
        "type": "Point",
        "coordinates": [
          -0.5246343261165209,
          53.268158412040286
        ]
      },
      "properties": {
        "confidence": 0.9330422878265381,
        "image": "DJI_20250701153302_0033_W.JPG"
      }
    },
    {
      "type": "Feature",
      "geometry": {
        "type": "Point",
        "coordinates": [
          -0.5244487156957505,
          53.26807602353702
        ]
      },
      "properties": {
        "confidence": 0.9202649593353271,
        "image": "DJI_20250701153302_0033_W.JPG"
      }
    },
    {
      "type": "Feature",
      "geometry": {
        "type": "Point",
        "coordinates": [
          -0.5243803951472986,
          53.26812860956921
        ]
      },
      "properties": {
        "confidence": 0.9147632718086243,
        "image": "DJI_20250701153302_0033_W.JPG"
      }
    },
    {
      "type": "Feature",
      "geometry": {
        "type": "Point",
        "coordinates": [
          -0.5244733369800769,
          53.26815948440095
        ]
      },
      "properties": {
        "confidence": 0.9064037203788757,
        "image": "DJI_20250701153302_0033_W.JPG"
      }
    },
    {
      "type": "Feature",
      "geometry": {
        "type": "Point",
        "coordinates": [
          -0.5245473114607172,
          53.268126766739194
        ]
      },
      "properties": {
        "confidence": 0.9057351350784302,
        "image": "DJI_20250701153302_0033_W.JPG"
      }
    },
    {
      "type": "Feature",
      "geometry": {
        "type": "Point",
        "coordinates": [
          -0.5245989492892329,
          53.2680283033926
        ]
      },
      "properties": {
        "confidence": 0.900755763053894,
        "image": "DJI_20250701153302_0033_W.JPG"
      }
    },
    {
      "type": "Feature",
      "geometry": {
        "type": "Point",
        "coordinates": [
          -0.5244790496509386,
          53.268039864433284
        ]
      },
      "properties": {
        "confidence": 0.8988560438156128,
        "image": "DJI_20250701153302_0033_W.JPG"
      }
    },
    {
      "type": "Feature",
      "geometry": {
        "type": "Point",
        "coordinates": [
          -0.5245196661922878,
          53.26817703931753
        ]
      },
      "properties": {
        "confidence": 0.8772287964820862,
        "image": "DJI_20250701153302_0033_W.JPG"
      }
    },
    {
      "type": "Feature",
      "geometry": {
        "type": "Point",
        "coordinates": [
          -0.524586360358941,
          53.26812245626494
        ]
      },
      "properties": {
        "confidence": 0.8476955890655518,
        "image": "DJI_20250701153302_0033_W.JPG"
      }
    },
    {
      "type": "Feature",
      "geometry": {
        "type": "Point",
        "coordinates": [
          -0.5244133378890627,
          53.268099604332356
        ]
      },
      "properties": {
        "confidence": 0.8373590111732483,
        "image": "DJI_20250701153302_0033_W.JPG"
      }
    },
    {
      "type": "Feature",
      "geometry": {
        "type": "Point",
        "coordinates": [
          -0.5245808897379646,
          53.26811009032816
        ]
      },
      "properties": {
        "confidence": 0.8129299879074097,
        "image": "DJI_20250701153302_0033_W.JPG"
      }
    },
    {
      "type": "Feature",
      "geometry": {
        "type": "Point",
        "coordinates": [
          -0.52452067914107,
          53.26803601963119
        ]
      },
      "properties": {
        "confidence": 0.8065956234931946,
        "image": "DJI_20250701153302_0033_W.JPG"
      }
    },
    {
      "type": "Feature",
      "geometry": {
        "type": "Point",
        "coordinates": [
          -0.524382558559289,
          53.26813506062127
        ]
      },
      "properties": {
        "confidence": 0.7718542814254761,
        "image": "DJI_20250701153302_0033_W.JPG"
      }
    },
    {
      "type": "Feature",
      "geometry": {
        "type": "Point",
        "coordinates": [
          -0.5245044396682985,
          53.268123272914465
        ]
      },
      "properties": {
        "confidence": 0.7715431451797485,
        "image": "DJI_20250701153302_0033_W.JPG"
      }
    },
    {
      "type": "Feature",
      "geometry": {
        "type": "Point",
        "coordinates": [
          -0.5244324617276815,
          53.26816483578024
        ]
      },
      "properties": {
        "confidence": 0.758526086807251,
        "image": "DJI_20250701153302_0033_W.JPG"
      }
    },
    {
      "type": "Feature",
      "geometry": {
        "type": "Point",
        "coordinates": [
          -0.5244612975928836,
          53.26812163041575
        ]
      },
      "properties": {
        "confidence": 0.755361020565033,
        "image": "DJI_20250701153302_0033_W.JPG"
      }
    },
    {
      "type": "Feature",
      "geometry": {
        "type": "Point",
        "coordinates": [
          -0.5245572859412116,
          53.26816604446649
        ]
      },
      "properties": {
        "confidence": 0.7226914167404175,
        "image": "DJI_20250701153302_0033_W.JPG"
      }
    },
    {
      "type": "Feature",
      "geometry": {
        "type": "Point",
        "coordinates": [
          -0.5245443951809279,
          53.26811963382539
        ]
      },
      "properties": {
        "confidence": 0.7115468382835388,
        "image": "DJI_20250701153302_0033_W.JPG"
      }
    },
    {
      "type": "Feature",
      "geometry": {
        "type": "Point",
        "coordinates": [
          -0.5244162134228342,
          53.26811306355692
        ]
      },
      "properties": {
        "confidence": 0.7080320715904236,
        "image": "DJI_20250701153302_0033_W.JPG"
      }
    },
    {
      "type": "Feature",
      "geometry": {
        "type": "Point",
        "coordinates": [
          -0.5245599237183822,
          53.2681700804135
        ]
      },
      "properties": {
        "confidence": 0.7057511210441589,
        "image": "DJI_20250701153302_0033_W.JPG"
      }
    },
    {
      "type": "Feature",
      "geometry": {
        "type": "Point",
        "coordinates": [
          -0.5244196853379238,
          53.26812556568883
        ]
      },
      "properties": {
        "confidence": 0.7034921050071716,
        "image": "DJI_20250701153302_0033_W.JPG"
      }
    },
    {
      "type": "Feature",
      "geometry": {
        "type": "Point",
        "coordinates": [
          -0.5245901756075241,
          53.2681359431012
        ]
      },
      "properties": {
        "confidence": 0.6860893964767456,
        "image": "DJI_20250701153302_0033_W.JPG"
      }
    },
    {
      "type": "Feature",
      "geometry": {
        "type": "Point",
        "coordinates": [
          -0.5246285607755965,
          53.2681126156064
        ]
      },
      "properties": {
        "confidence": 0.6859419345855713,
        "image": "DJI_20250701153302_0033_W.JPG"
      }
    },
    {
      "type": "Feature",
      "geometry": {
        "type": "Point",
        "coordinates": [
          -0.5246255988440516,
          53.268119140971585
        ]
      },
      "properties": {
        "confidence": 0.6730684638023376,
        "image": "DJI_20250701153302_0033_W.JPG"
      }
    },
    {
      "type": "Feature",
      "geometry": {
        "type": "Point",
        "coordinates": [
          -0.5243409008744893,
          53.268132217228626
        ]
      },
      "properties": {
        "confidence": 0.6549211740493774,
        "image": "DJI_20250701153302_0033_W.JPG"
      }
    },
    {
      "type": "Feature",
      "geometry": {
        "type": "Point",
        "coordinates": [
          -0.5245686104283069,
          53.268071794464554
        ]
      },
      "properties": {
        "confidence": 0.6165223121643066,
        "image": "DJI_20250701153302_0033_W.JPG"
      }
    },
    {
      "type": "Feature",
      "geometry": {
        "type": "Point",
        "coordinates": [
          -0.5244071097164653,
          53.268073451557356
        ]
      },
      "properties": {
        "confidence": 0.6111042499542236,
        "image": "DJI_20250701153302_0033_W.JPG"
      }
    },
    {
      "type": "Feature",
      "geometry": {
        "type": "Point",
        "coordinates": [
          -0.5244767056676104,
          53.268027560378506
        ]
      },
      "properties": {
        "confidence": 0.6110353469848633,
        "image": "DJI_20250701153302_0033_W.JPG"
      }
    },
    {
      "type": "Feature",
      "geometry": {
        "type": "Point",
        "coordinates": [
          -0.5244504695734353,
          53.2680827774317
        ]
      },
      "properties": {
        "confidence": 0.6068241000175476,
        "image": "DJI_20250701153302_0033_W.JPG"
      }
    },
    {
      "type": "Feature",
      "geometry": {
        "type": "Point",
        "coordinates": [
          -0.5244384315561792,
          53.268045748161974
        ]
      },
      "properties": {
        "confidence": 0.60481196641922,
        "image": "DJI_20250701153302_0033_W.JPG"
      }
    },
    {
      "type": "Feature",
      "geometry": {
        "type": "Point",
        "coordinates": [
          -0.5245484489820382,
          53.268132737824594
        ]
      },
      "properties": {
        "confidence": 0.5945658087730408,
        "image": "DJI_20250701153302_0033_W.JPG"
      }
    },
    {
      "type": "Feature",
      "geometry": {
        "type": "Point",
        "coordinates": [
          -0.5244896908233744,
          53.26807937166736
        ]
      },
      "properties": {
        "confidence": 0.5937303900718689,
        "image": "DJI_20250701153302_0033_W.JPG"
      }
    },
    {
      "type": "Feature",
      "geometry": {
        "type": "Point",
        "coordinates": [
          -0.5244450837583794,
          53.26807003913441
        ]
      },
      "properties": {
        "confidence": 0.5936205387115479,
        "image": "DJI_20250701153302_0033_W.JPG"
      }
    },
    {
      "type": "Feature",
      "geometry": {
        "type": "Point",
        "coordinates": [
          -0.524410548531149,
          53.26808659746275
        ]
      },
      "properties": {
        "confidence": 0.5917768478393555,
        "image": "DJI_20250701153302_0033_W.JPG"
      }
    },
    {
      "type": "Feature",
      "geometry": {
        "type": "Point",
        "coordinates": [
          -0.5245166465014693,
          53.26816936357779
        ]
      },
      "properties": {
        "confidence": 0.5831763744354248,
        "image": "DJI_20250701153302_0033_W.JPG"
      }
    },
    {
      "type": "Feature",
      "geometry": {
        "type": "Point",
        "coordinates": [
          -0.5243206512699725,
          53.26805780630446
        ]
      },
      "properties": {
        "confidence": 0.5524500608444214,
        "image": "DJI_20250701153302_0033_W.JPG"
      }
    },
    {
      "type": "Feature",
      "geometry": {
        "type": "Point",
        "coordinates": [
          -0.5243950570204386,
          53.26818186457597
        ]
      },
      "properties": {
        "confidence": 0.5507328510284424,
        "image": "DJI_20250701153302_0033_W.JPG"
      }
    },
    {
      "type": "Feature",
      "geometry": {
        "type": "Point",
        "coordinates": [
          -0.5245562057886267,
          53.26801976032752
        ]
      },
      "properties": {
        "confidence": 0.5248855948448181,
        "image": "DJI_20250701153302_0033_W.JPG"
      }
    },
    {
      "type": "Feature",
      "geometry": {
        "type": "Point",
        "coordinates": [
          -0.5244802911957421,
          53.26818045555842
        ]
      },
      "properties": {
        "confidence": 0.5142845511436462,
        "image": "DJI_20250701153302_0033_W.JPG"
      }
    },
    {
      "type": "Feature",
      "geometry": {
        "type": "Point",
        "coordinates": [
          -0.5245346874476291,
          53.26808666145576
        ]
      },
      "properties": {
        "confidence": 0.5137237906455994,
        "image": "DJI_20250701153302_0033_W.JPG"
      }
    },
    {
      "type": "Feature",
      "geometry": {
        "type": "Point",
        "coordinates": [
          -0.5244076853268114,
          53.2680805606774
        ]
      },
      "properties": {
        "confidence": 0.5108455419540405,
        "image": "DJI_20250701153302_0033_W.JPG"
      }
    },
    {
      "type": "Feature",
      "geometry": {
        "type": "Point",
        "coordinates": [
          -0.5243664213110827,
          53.26807814868661
        ]
      },
      "properties": {
        "confidence": 0.5019962191581726,
        "image": "DJI_20250701153302_0033_W.JPG"
      }
    },
    {
      "type": "Feature",
      "geometry": {
        "type": "Point",
        "coordinates": [
          -0.5245308630445573,
          53.26811480758801
        ]
      },
      "properties": {
        "confidence": 0.9876276254653931,
        "image": "DJI_20250701153331_0044_W.JPG"
      }
    },
    {
      "type": "Feature",
      "geometry": {
        "type": "Point",
        "coordinates": [
          -0.5243882409236544,
          53.26803508238572
        ]
      },
      "properties": {
        "confidence": 0.9814651608467102,
        "image": "DJI_20250701153331_0044_W.JPG"
      }
    },
    {
      "type": "Feature",
      "geometry": {
        "type": "Point",
        "coordinates": [
          -0.5244867454458596,
          53.268105135686525
        ]
      },
      "properties": {
        "confidence": 0.9635152220726013,
        "image": "DJI_20250701153331_0044_W.JPG"
      }
    },
    {
      "type": "Feature",
      "geometry": {
        "type": "Point",
        "coordinates": [
          -0.5245651861678805,
          53.26811177872812
        ]
      },
      "properties": {
        "confidence": 0.9524648189544678,
        "image": "DJI_20250701153331_0044_W.JPG"
      }
    },
    {
      "type": "Feature",
      "geometry": {
        "type": "Point",
        "coordinates": [
          -0.5243770562126483,
          53.2681551601912
        ]
      },
      "properties": {
        "confidence": 0.9351329207420349,
        "image": "DJI_20250701153331_0044_W.JPG"
      }
    },
    {
      "type": "Feature",
      "geometry": {
        "type": "Point",
        "coordinates": [
          -0.5244658232907231,
          53.26802841700544
        ]
      },
      "properties": {
        "confidence": 0.9287300109863281,
        "image": "DJI_20250701153331_0044_W.JPG"
      }
    },
    {
      "type": "Feature",
      "geometry": {
        "type": "Point",
        "coordinates": [
          -0.5244936833321641,
          53.26811885822548
        ]
      },
      "properties": {
        "confidence": 0.9270111322402954,
        "image": "DJI_20250701153331_0044_W.JPG"
      }
    },
    {
      "type": "Feature",
      "geometry": {
        "type": "Point",
        "coordinates": [
          -0.5244395007925122,
          53.26807055684113
        ]
      },
      "properties": {
        "confidence": 0.9203155636787415,
        "image": "DJI_20250701153331_0044_W.JPG"
      }
    },
    {
      "type": "Feature",
      "geometry": {
        "type": "Point",
        "coordinates": [
          -0.5245265936732737,
          53.26810165215428
        ]
      },
      "properties": {
        "confidence": 0.914194643497467,
        "image": "DJI_20250701153331_0044_W.JPG"
      }
    },
    {
      "type": "Feature",
      "geometry": {
        "type": "Point",
        "coordinates": [
          -0.5244459323834895,
          53.268096060286105
        ]
      },
      "properties": {
        "confidence": 0.9064013957977295,
        "image": "DJI_20250701153331_0044_W.JPG"
      }
    },
    {
      "type": "Feature",
      "geometry": {
        "type": "Point",
        "coordinates": [
          -0.5245594815658928,
          53.268100243289865
        ]
      },
      "properties": {
        "confidence": 0.897016167640686,
        "image": "DJI_20250701153331_0044_W.JPG"
      }
    },
    {
      "type": "Feature",
      "geometry": {
        "type": "Point",
        "coordinates": [
          -0.5244627275469257,
          53.26816127206637
        ]
      },
      "properties": {
        "confidence": 0.8913887143135071,
        "image": "DJI_20250701153331_0044_W.JPG"
      }
    },
    {
      "type": "Feature",
      "geometry": {
        "type": "Point",
        "coordinates": [
          -0.5243113288374885,
          53.26805664507068
        ]
      },
      "properties": {
        "confidence": 0.8882768750190735,
        "image": "DJI_20250701153331_0044_W.JPG"
      }
    },
    {
      "type": "Feature",
      "geometry": {
        "type": "Point",
        "coordinates": [
          -0.5244634052752731,
          53.26801627905719
        ]
      },
      "properties": {
        "confidence": 0.8750885128974915,
        "image": "DJI_20250701153331_0044_W.JPG"
      }
    },
    {
      "type": "Feature",
      "geometry": {
        "type": "Point",
        "coordinates": [
          -0.524521713166642,
          53.26808855722908
        ]
      },
      "properties": {
        "confidence": 0.8730223178863525,
        "image": "DJI_20250701153331_0044_W.JPG"
      }
    },
    {
      "type": "Feature",
      "geometry": {
        "type": "Point",
        "coordinates": [
          -0.5245812805370467,
          53.268032688196726
        ]
      },
      "properties": {
        "confidence": 0.8704167008399963,
        "image": "DJI_20250701153331_0044_W.JPG"
      }
    },
    {
      "type": "Feature",
      "geometry": {
        "type": "Point",
        "coordinates": [
          -0.5246134968400025,
          53.268146806236935
        ]
      },
      "properties": {
        "confidence": 0.8692410588264465,
        "image": "DJI_20250701153331_0044_W.JPG"
      }
    },
    {
      "type": "Feature",
      "geometry": {
        "type": "Point",
        "coordinates": [
          -0.5244838407248554,
          53.268093507768654
        ]
      },
      "properties": {
        "confidence": 0.8636842966079712,
        "image": "DJI_20250701153331_0044_W.JPG"
      }
    },
    {
      "type": "Feature",
      "geometry": {
        "type": "Point",
        "coordinates": [
          -0.5243313065449269,
          53.26813789094132
        ]
      },
      "properties": {
        "confidence": 0.8456496000289917,
        "image": "DJI_20250701153331_0044_W.JPG"
      }
    },
    {
      "type": "Feature",
      "geometry": {
        "type": "Point",
        "coordinates": [
          -0.5243269225387359,
          53.26811865054792
        ]
      },
      "properties": {
        "confidence": 0.8456391096115112,
        "image": "DJI_20250701153331_0044_W.JPG"
      }
    },
    {
      "type": "Feature",
      "geometry": {
        "type": "Point",
        "coordinates": [
          -0.5243670016759477,
          53.268114867048304
        ]
      },
      "properties": {
        "confidence": 0.8432103395462036,
        "image": "DJI_20250701153331_0044_W.JPG"
      }
    },
    {
      "type": "Feature",
      "geometry": {
        "type": "Point",
        "coordinates": [
          -0.5244041512061964,
          53.26809936572645
        ]
      },
      "properties": {
        "confidence": 0.8121662139892578,
        "image": "DJI_20250701153331_0044_W.JPG"
      }
    },
    {
      "type": "Feature",
      "geometry": {
        "type": "Point",
        "coordinates": [
          -0.5244139672875632,
          53.26813709616562
        ]
      },
      "properties": {
        "confidence": 0.8061909079551697,
        "image": "DJI_20250701153331_0044_W.JPG"
      }
    },
    {
      "type": "Feature",
      "geometry": {
        "type": "Point",
        "coordinates": [
          -0.5244119578517067,
          53.26812473302724
        ]
      },
      "properties": {
        "confidence": 0.8022262454032898,
        "image": "DJI_20250701153331_0044_W.JPG"
      }
    },
    {
      "type": "Feature",
      "geometry": {
        "type": "Point",
        "coordinates": [
          -0.5243246607752075,
          53.2681059429192
        ]
      },
      "properties": {
        "confidence": 0.7959548830986023,
        "image": "DJI_20250701153331_0044_W.JPG"
      }
    },
    {
      "type": "Feature",
      "geometry": {
        "type": "Point",
        "coordinates": [
          -0.524610524397291,
          53.26813379949927
        ]
      },
      "properties": {
        "confidence": 0.7935962080955505,
        "image": "DJI_20250701153331_0044_W.JPG"
      }
    },
    {
      "type": "Feature",
      "geometry": {
        "type": "Point",
        "coordinates": [
          -0.524320100317955,
          53.26809457130413
        ]
      },
      "properties": {
        "confidence": 0.7928827404975891,
        "image": "DJI_20250701153331_0044_W.JPG"
      }
    },
    {
      "type": "Feature",
      "geometry": {
        "type": "Point",
        "coordinates": [
          -0.5245732039452976,
          53.26812373171712
        ]
      },
      "properties": {
        "confidence": 0.7925634384155273,
        "image": "DJI_20250701153331_0044_W.JPG"
      }
    },
    {
      "type": "Feature",
      "geometry": {
        "type": "Point",
        "coordinates": [
          -0.5243486913277454,
          53.2680396447704
        ]
      },
      "properties": {
        "confidence": 0.783089280128479,
        "image": "DJI_20250701153331_0044_W.JPG"
      }
    },
    {
      "type": "Feature",
      "geometry": {
        "type": "Point",
        "coordinates": [
          -0.5243574581213931,
          53.26807018200162
        ]
      },
      "properties": {
        "confidence": 0.7778440713882446,
        "image": "DJI_20250701153331_0044_W.JPG"
      }
    },
    {
      "type": "Feature",
      "geometry": {
        "type": "Point",
        "coordinates": [
          -0.5243971784509288,
          53.26806680350087
        ]
      },
      "properties": {
        "confidence": 0.7703120112419128,
        "image": "DJI_20250701153331_0044_W.JPG"
      }
    },
    {
      "type": "Feature",
      "geometry": {
        "type": "Point",
        "coordinates": [
          -0.5243306056606304,
          53.26813195639454
        ]
      },
      "properties": {
        "confidence": 0.76730877161026,
        "image": "DJI_20250701153331_0044_W.JPG"
      }
    },
    {
      "type": "Feature",
      "geometry": {
        "type": "Point",
        "coordinates": [
          -0.5244535064792186,
          53.26813419744098
        ]
      },
      "properties": {
        "confidence": 0.7665188312530518,
        "image": "DJI_20250701153331_0044_W.JPG"
      }
    },
    {
      "type": "Feature",
      "geometry": {
        "type": "Point",
        "coordinates": [
          -0.5244067434233577,
          53.268112133005275
        ]
      },
      "properties": {
        "confidence": 0.7459710836410522,
        "image": "DJI_20250701153331_0044_W.JPG"
      }
    },
    {
      "type": "Feature",
      "geometry": {
        "type": "Point",
        "coordinates": [
          -0.5245708806437591,
          53.26801099528161
        ]
      },
      "properties": {
        "confidence": 0.7420288920402527,
        "image": "DJI_20250701153331_0044_W.JPG"
      }
    },
    {
      "type": "Feature",
      "geometry": {
        "type": "Point",
        "coordinates": [
          -0.524520936405735,
          53.268074409413614
        ]
      },
      "properties": {
        "confidence": 0.7396858930587769,
        "image": "DJI_20250701153331_0044_W.JPG"
      }
    },
    {
      "type": "Feature",
      "geometry": {
        "type": "Point",
        "coordinates": [
          -0.5243376518550401,
          53.26815684477765
        ]
      },
      "properties": {
        "confidence": 0.7393308281898499,
        "image": "DJI_20250701153331_0044_W.JPG"
      }
    },
    {
      "type": "Feature",
      "geometry": {
        "type": "Point",
        "coordinates": [
          -0.5242964465228829,
          53.26816166346513
        ]
      },
      "properties": {
        "confidence": 0.7370692491531372,
        "image": "DJI_20250701153331_0044_W.JPG"
      }
    },
    {
      "type": "Feature",
      "geometry": {
        "type": "Point",
        "coordinates": [
          -0.5243201384668847,
          53.26808847121733
        ]
      },
      "properties": {
        "confidence": 0.7353924512863159,
        "image": "DJI_20250701153331_0044_W.JPG"
      }
    },
    {
      "type": "Feature",
      "geometry": {
        "type": "Point",
        "coordinates": [
          -0.524397438933504,
          53.26807398244011
        ]
      },
      "properties": {
        "confidence": 0.7103404402732849,
        "image": "DJI_20250701153331_0044_W.JPG"
      }
    },
    {
      "type": "Feature",
      "geometry": {
        "type": "Point",
        "coordinates": [
          -0.5244519837489164,
          53.26812132427224
        ]
      },
      "properties": {
        "confidence": 0.7093119025230408,
        "image": "DJI_20250701153331_0044_W.JPG"
      }
    },
    {
      "type": "Feature",
      "geometry": {
        "type": "Point",
        "coordinates": [
          -0.5242857541367743,
          53.268109425593025
        ]
      },
      "properties": {
        "confidence": 0.6956307291984558,
        "image": "DJI_20250701153331_0044_W.JPG"
      }
    },
    {
      "type": "Feature",
      "geometry": {
        "type": "Point",
        "coordinates": [
          -0.5243325618564849,
          53.268144694277524
        ]
      },
      "properties": {
        "confidence": 0.6870784163475037,
        "image": "DJI_20250701153331_0044_W.JPG"
      }
    },
    {
      "type": "Feature",
      "geometry": {
        "type": "Point",
        "coordinates": [
          -0.5244882067812566,
          53.268111549150994
        ]
      },
      "properties": {
        "confidence": 0.6858840584754944,
        "image": "DJI_20250701153331_0044_W.JPG"
      }
    },
    {
      "type": "Feature",
      "geometry": {
        "type": "Point",
        "coordinates": [
          -0.5242479547128807,
          53.26812711573242
        ]
      },
      "properties": {
        "confidence": 0.681951105594635,
        "image": "DJI_20250701153331_0044_W.JPG"
      }
    },
    {
      "type": "Feature",
      "geometry": {
        "type": "Point",
        "coordinates": [
          -0.5245421780008837,
          53.268148879627056
        ]
      },
      "properties": {
        "confidence": 0.6767873764038086,
        "image": "DJI_20250701153331_0044_W.JPG"
      }
    },
    {
      "type": "Feature",
      "geometry": {
        "type": "Point",
        "coordinates": [
          -0.524339498102806,
          53.26817088670319
        ]
      },
      "properties": {
        "confidence": 0.676474392414093,
        "image": "DJI_20250701153331_0044_W.JPG"
      }
    },
    {
      "type": "Feature",
      "geometry": {
        "type": "Point",
        "coordinates": [
          -0.5244260162590743,
          53.26804565933982
        ]
      },
      "properties": {
        "confidence": 0.6754939556121826,
        "image": "DJI_20250701153331_0044_W.JPG"
      }
    },
    {
      "type": "Feature",
      "geometry": {
        "type": "Point",
        "coordinates": [
          -0.5243283804060485,
          53.26812561856573
        ]
      },
      "properties": {
        "confidence": 0.6697497963905334,
        "image": "DJI_20250701153331_0044_W.JPG"
      }
    },
    {
      "type": "Feature",
      "geometry": {
        "type": "Point",
        "coordinates": [
          -0.5244484984959578,
          53.26810079410499
        ]
      },
      "properties": {
        "confidence": 0.6611791253089905,
        "image": "DJI_20250701153331_0044_W.JPG"
      }
    },
    {
      "type": "Feature",
      "geometry": {
        "type": "Point",
        "coordinates": [
          -0.5244577793185868,
          53.26814679832137
        ]
      },
      "properties": {
        "confidence": 0.6577575206756592,
        "image": "DJI_20250701153331_0044_W.JPG"
      }
    },
    {
      "type": "Feature",
      "geometry": {
        "type": "Point",
        "coordinates": [
          -0.5243452072935209,
          53.26802705815872
        ]
      },
      "properties": {
        "confidence": 0.6535869836807251,
        "image": "DJI_20250701153331_0044_W.JPG"
      }
    },
    {
      "type": "Feature",
      "geometry": {
        "type": "Point",
        "coordinates": [
          -0.5243941493001308,
          53.26805472606116
        ]
      },
      "properties": {
        "confidence": 0.6373575329780579,
        "image": "DJI_20250701153331_0044_W.JPG"
      }
    },
    {
      "type": "Feature",
      "geometry": {
        "type": "Point",
        "coordinates": [
          -0.5245316720488412,
          53.26810752275886
        ]
      },
      "properties": {
        "confidence": 0.6321309804916382,
        "image": "DJI_20250701153331_0044_W.JPG"
      }
    },
    {
      "type": "Feature",
      "geometry": {
        "type": "Point",
        "coordinates": [
          -0.5243739061001411,
          53.26814207867629
        ]
      },
      "properties": {
        "confidence": 0.6293780207633972,
        "image": "DJI_20250701153331_0044_W.JPG"
      }
    },
    {
      "type": "Feature",
      "geometry": {
        "type": "Point",
        "coordinates": [
          -0.5246020782623895,
          53.26810895735597
        ]
      },
      "properties": {
        "confidence": 0.6277849078178406,
        "image": "DJI_20250701153331_0044_W.JPG"
      }
    },
    {
      "type": "Feature",
      "geometry": {
        "type": "Point",
        "coordinates": [
          -0.5244213833032695,
          53.268163887667605
        ]
      },
      "properties": {
        "confidence": 0.6247535347938538,
        "image": "DJI_20250701153331_0044_W.JPG"
      }
    },
    {
      "type": "Feature",
      "geometry": {
        "type": "Point",
        "coordinates": [
          -0.524534521280493,
          53.26812802353027
        ]
      },
      "properties": {
        "confidence": 0.6137722730636597,
        "image": "DJI_20250701153331_0044_W.JPG"
      }
    },
    {
      "type": "Feature",
      "geometry": {
        "type": "Point",
        "coordinates": [
          -0.5245768728636312,
          53.26802130145454
        ]
      },
      "properties": {
        "confidence": 0.6109030842781067,
        "image": "DJI_20250701153331_0044_W.JPG"
      }
    },
    {
      "type": "Feature",
      "geometry": {
        "type": "Point",
        "coordinates": [
          -0.5244224163712085,
          53.268019044212906
        ]
      },
      "properties": {
        "confidence": 0.6007713079452515,
        "image": "DJI_20250701153331_0044_W.JPG"
      }
    },
    {
      "type": "Feature",
      "geometry": {
        "type": "Point",
        "coordinates": [
          -0.524233814192127,
          53.268064689270766
        ]
      },
      "properties": {
        "confidence": 0.593488335609436,
        "image": "DJI_20250701153331_0044_W.JPG"
      }
    },
    {
      "type": "Feature",
      "geometry": {
        "type": "Point",
        "coordinates": [
          -0.5243692483484039,
          53.26812184933483
        ]
      },
      "properties": {
        "confidence": 0.5911434888839722,
        "image": "DJI_20250701153331_0044_W.JPG"
      }
    },
    {
      "type": "Feature",
      "geometry": {
        "type": "Point",
        "coordinates": [
          -0.5243892983662766,
          53.26804911004255
        ]
      },
      "properties": {
        "confidence": 0.5806052088737488,
        "image": "DJI_20250701153331_0044_W.JPG"
      }
    },
    {
      "type": "Feature",
      "geometry": {
        "type": "Point",
        "coordinates": [
          -0.5243453588586238,
          53.268019099476014
        ]
      },
      "properties": {
        "confidence": 0.5576382279396057,
        "image": "DJI_20250701153331_0044_W.JPG"
      }
    },
    {
      "type": "Feature",
      "geometry": {
        "type": "Point",
        "coordinates": [
          -0.5245847611031866,
          53.268045829361746
        ]
      },
      "properties": {
        "confidence": 0.5314828753471375,
        "image": "DJI_20250701153331_0044_W.JPG"
      }
    },
    {
      "type": "Feature",
      "geometry": {
        "type": "Point",
        "coordinates": [
          -0.5244296316592616,
          53.268057586366645
        ]
      },
      "properties": {
        "confidence": 0.5304410457611084,
        "image": "DJI_20250701153331_0044_W.JPG"
      }
    },
    {
      "type": "Feature",
      "geometry": {
        "type": "Point",
        "coordinates": [
          -0.5244019045337402,
          53.26809238343992
        ]
      },
      "properties": {
        "confidence": 0.5286363363265991,
        "image": "DJI_20250701153331_0044_W.JPG"
      }
    },
    {
      "type": "Feature",
      "geometry": {
        "type": "Point",
        "coordinates": [
          -0.5242377502510606,
          53.26808231138552
        ]
      },
      "properties": {
        "confidence": 0.5263038277626038,
        "image": "DJI_20250701153331_0044_W.JPG"
      }
    },
    {
      "type": "Feature",
      "geometry": {
        "type": "Point",
        "coordinates": [
          -0.5243518165542939,
          53.268052636380936
        ]
      },
      "properties": {
        "confidence": 0.5077775716781616,
        "image": "DJI_20250701153331_0044_W.JPG"
      }
    },
    {
      "type": "Feature",
      "geometry": {
        "type": "Point",
        "coordinates": [
          -0.5245108971482247,
          53.26806422683298
        ]
      },
      "properties": {
        "confidence": 0.5024538040161133,
        "image": "DJI_20250701153331_0044_W.JPG"
      }
    },
    {
      "type": "Feature",
      "geometry": {
        "type": "Point",
        "coordinates": [
          -0.5243569975205318,
          53.26807872549193
        ]
      },
      "properties": {
        "confidence": 0.5009393692016602,
        "image": "DJI_20250701153331_0044_W.JPG"
      }
    },
    {
      "type": "Feature",
      "geometry": {
        "type": "Point",
        "coordinates": [
          -0.5243393149905222,
          53.26815989924598
        ]
      },
      "properties": {
        "confidence": 0.9802466630935669,
        "image": "DJI_20250701153218_0016_W.JPG"
      }
    },
    {
      "type": "Feature",
      "geometry": {
        "type": "Point",
        "coordinates": [
          -0.5243817594969209,
          53.26816976633804
        ]
      },
      "properties": {
        "confidence": 0.9215306639671326,
        "image": "DJI_20250701153218_0016_W.JPG"
      }
    },
    {
      "type": "Feature",
      "geometry": {
        "type": "Point",
        "coordinates": [
          -0.5246097501725511,
          53.26813372042915
        ]
      },
      "properties": {
        "confidence": 0.9038312435150146,
        "image": "DJI_20250701153218_0016_W.JPG"
      }
    },
    {
      "type": "Feature",
      "geometry": {
        "type": "Point",
        "coordinates": [
          -0.5242468988215742,
          53.26809307984706
        ]
      },
      "properties": {
        "confidence": 0.8992586731910706,
        "image": "DJI_20250701153218_0016_W.JPG"
      }
    },
    {
      "type": "Feature",
      "geometry": {
        "type": "Point",
        "coordinates": [
          -0.5246066276659371,
          53.26811370302408
        ]
      },
      "properties": {
        "confidence": 0.878886878490448,
        "image": "DJI_20250701153218_0016_W.JPG"
      }
    },
    {
      "type": "Feature",
      "geometry": {
        "type": "Point",
        "coordinates": [
          -0.5242796626962873,
          53.26807667263368
        ]
      },
      "properties": {
        "confidence": 0.8726950883865356,
        "image": "DJI_20250701153218_0016_W.JPG"
      }
    },
    {
      "type": "Feature",
      "geometry": {
        "type": "Point",
        "coordinates": [
          -0.5245862243808496,
          53.26804344518815
        ]
      },
      "properties": {
        "confidence": 0.8492799997329712,
        "image": "DJI_20250701153218_0016_W.JPG"
      }
    },
    {
      "type": "Feature",
      "geometry": {
        "type": "Point",
        "coordinates": [
          -0.5243034075752829,
          53.2681775695624
        ]
      },
      "properties": {
        "confidence": 0.815726637840271,
        "image": "DJI_20250701153218_0016_W.JPG"
      }
    },
    {
      "type": "Feature",
      "geometry": {
        "type": "Point",
        "coordinates": [
          -0.5244251645458355,
          53.26817698762647
        ]
      },
      "properties": {
        "confidence": 0.8141390681266785,
        "image": "DJI_20250701153218_0016_W.JPG"
      }
    },
    {
      "type": "Feature",
      "geometry": {
        "type": "Point",
        "coordinates": [
          -0.5243447504013822,
          53.26818670026794
        ]
      },
      "properties": {
        "confidence": 0.8044926524162292,
        "image": "DJI_20250701153218_0016_W.JPG"
      }
    },
    {
      "type": "Feature",
      "geometry": {
        "type": "Point",
        "coordinates": [
          -0.5243416756504801,
          53.268173099331
        ]
      },
      "properties": {
        "confidence": 0.8024510145187378,
        "image": "DJI_20250701153218_0016_W.JPG"
      }
    },
    {
      "type": "Feature",
      "geometry": {
        "type": "Point",
        "coordinates": [
          -0.5245558745520027,
          53.2680884569611
        ]
      },
      "properties": {
        "confidence": 0.7692757248878479,
        "image": "DJI_20250701153218_0016_W.JPG"
      }
    },
    {
      "type": "Feature",
      "geometry": {
        "type": "Point",
        "coordinates": [
          -0.5245937416769447,
          53.26806980270699
        ]
      },
      "properties": {
        "confidence": 0.7679184675216675,
        "image": "DJI_20250701153218_0016_W.JPG"
      }
    },
    {
      "type": "Feature",
      "geometry": {
        "type": "Point",
        "coordinates": [
          -0.5245916632925539,
          53.26806336700226
        ]
      },
      "properties": {
        "confidence": 0.7629988789558411,
        "image": "DJI_20250701153218_0016_W.JPG"
      }
    },
    {
      "type": "Feature",
      "geometry": {
        "type": "Point",
        "coordinates": [
          -0.5242962778685429,
          53.26815154757816
        ]
      },
      "properties": {
        "confidence": 0.715248703956604,
        "image": "DJI_20250701153218_0016_W.JPG"
      }
    },
    {
      "type": "Feature",
      "geometry": {
        "type": "Point",
        "coordinates": [
          -0.5245459972961185,
          53.268047523515676
        ]
      },
      "properties": {
        "confidence": 0.7125853896141052,
        "image": "DJI_20250701153218_0016_W.JPG"
      }
    },
    {
      "type": "Feature",
      "geometry": {
        "type": "Point",
        "coordinates": [
          -0.5244087270355277,
          53.26811393006641
        ]
      },
      "properties": {
        "confidence": 0.7059080600738525,
        "image": "DJI_20250701153218_0016_W.JPG"
      }
    },
    {
      "type": "Feature",
      "geometry": {
        "type": "Point",
        "coordinates": [
          -0.5246135193519775,
          53.268146256304
        ]
      },
      "properties": {
        "confidence": 0.6997681856155396,
        "image": "DJI_20250701153218_0016_W.JPG"
      }
    },
    {
      "type": "Feature",
      "geometry": {
        "type": "Point",
        "coordinates": [
          -0.5245756795913131,
          53.268151242214856
        ]
      },
      "properties": {
        "confidence": 0.6748644709587097,
        "image": "DJI_20250701153218_0016_W.JPG"
      }
    },
    {
      "type": "Feature",
      "geometry": {
        "type": "Point",
        "coordinates": [
          -0.5242608879200492,
          53.2681549596065
        ]
      },
      "properties": {
        "confidence": 0.6384705305099487,
        "image": "DJI_20250701153218_0016_W.JPG"
      }
    },
    {
      "type": "Feature",
      "geometry": {
        "type": "Point",
        "coordinates": [
          -0.5244662974156818,
          53.268177605442865
        ]
      },
      "properties": {
        "confidence": 0.6196725964546204,
        "image": "DJI_20250701153218_0016_W.JPG"
      }
    },
    {
      "type": "Feature",
      "geometry": {
        "type": "Point",
        "coordinates": [
          -0.5245626580947339,
          53.26811294771403
        ]
      },
      "properties": {
        "confidence": 0.6094411015510559,
        "image": "DJI_20250701153218_0016_W.JPG"
      }
    },
    {
      "type": "Feature",
      "geometry": {
        "type": "Point",
        "coordinates": [
          -0.5246170329487911,
          53.268159730035826
        ]
      },
      "properties": {
        "confidence": 0.6014713048934937,
        "image": "DJI_20250701153218_0016_W.JPG"
      }
    },
    {
      "type": "Feature",
      "geometry": {
        "type": "Point",
        "coordinates": [
          -0.524604252973756,
          53.268108025031474
        ]
      },
      "properties": {
        "confidence": 0.5876491069793701,
        "image": "DJI_20250701153218_0016_W.JPG"
      }
    },
    {
      "type": "Feature",
      "geometry": {
        "type": "Point",
        "coordinates": [
          -0.5242490354930558,
          53.268105289135356
        ]
      },
      "properties": {
        "confidence": 0.5875210762023926,
        "image": "DJI_20250701153218_0016_W.JPG"
      }
    },
    {
      "type": "Feature",
      "geometry": {
        "type": "Point",
        "coordinates": [
          -0.5243722796616019,
          53.268129901384214
        ]
      },
      "properties": {
        "confidence": 0.5626784563064575,
        "image": "DJI_20250701153218_0016_W.JPG"
      }
    },
    {
      "type": "Feature",
      "geometry": {
        "type": "Point",
        "coordinates": [
          -0.5242395303651203,
          53.26805497026111
        ]
      },
      "properties": {
        "confidence": 0.5406877994537354,
        "image": "DJI_20250701153218_0016_W.JPG"
      }
    },
    {
      "type": "Feature",
      "geometry": {
        "type": "Point",
        "coordinates": [
          -0.5242447727103169,
          53.26810022241317
        ]
      },
      "properties": {
        "confidence": 0.5303388833999634,
        "image": "DJI_20250701153218_0016_W.JPG"
      }
    },
    {
      "type": "Feature",
      "geometry": {
        "type": "Point",
        "coordinates": [
          -0.5245316047299212,
          53.26807110373184
        ]
      },
      "properties": {
        "confidence": 0.9086414575576782,
        "image": "DJI_20250701153259_0032_W.JPG"
      }
    },
    {
      "type": "Feature",
      "geometry": {
        "type": "Point",
        "coordinates": [
          -0.5245828949016692,
          53.2681130648629
        ]
      },
      "properties": {
        "confidence": 0.905017077922821,
        "image": "DJI_20250701153259_0032_W.JPG"
      }
    },
    {
      "type": "Feature",
      "geometry": {
        "type": "Point",
        "coordinates": [
          -0.5245672664981244,
          53.26805391876517
        ]
      },
      "properties": {
        "confidence": 0.9022141695022583,
        "image": "DJI_20250701153259_0032_W.JPG"
      }
    },
    {
      "type": "Feature",
      "geometry": {
        "type": "Point",
        "coordinates": [
          -0.5246339672919895,
          53.26814734261832
        ]
      },
      "properties": {
        "confidence": 0.897876501083374,
        "image": "DJI_20250701153259_0032_W.JPG"
      }
    },
    {
      "type": "Feature",
      "geometry": {
        "type": "Point",
        "coordinates": [
          -0.5245530457146004,
          53.26814277575524
        ]
      },
      "properties": {
        "confidence": 0.8626415133476257,
        "image": "DJI_20250701153259_0032_W.JPG"
      }
    },
    {
      "type": "Feature",
      "geometry": {
        "type": "Point",
        "coordinates": [
          -0.5245488726396664,
          53.268129863174565
        ]
      },
      "properties": {
        "confidence": 0.8596920967102051,
        "image": "DJI_20250701153259_0032_W.JPG"
      }
    },
    {
      "type": "Feature",
      "geometry": {
        "type": "Point",
        "coordinates": [
          -0.5245868797597635,
          53.268125806978134
        ]
      },
      "properties": {
        "confidence": 0.8414977192878723,
        "image": "DJI_20250701153259_0032_W.JPG"
      }
    },
    {
      "type": "Feature",
      "geometry": {
        "type": "Point",
        "coordinates": [
          -0.5244116644157387,
          53.268088991083296
        ]
      },
      "properties": {
        "confidence": 0.831616997718811,
        "image": "DJI_20250701153259_0032_W.JPG"
      }
    },
    {
      "type": "Feature",
      "geometry": {
        "type": "Point",
        "coordinates": [
          -0.5244400603695004,
          53.268048381765844
        ]
      },
      "properties": {
        "confidence": 0.8293842673301697,
        "image": "DJI_20250701153259_0032_W.JPG"
      }
    },
    {
      "type": "Feature",
      "geometry": {
        "type": "Point",
        "coordinates": [
          -0.5245113645433255,
          53.26814634914435
        ]
      },
      "properties": {
        "confidence": 0.7963765859603882,
        "image": "DJI_20250701153259_0032_W.JPG"
      }
    },
    {
      "type": "Feature",
      "geometry": {
        "type": "Point",
        "coordinates": [
          -0.5245220348835901,
          53.26803885513014
        ]
      },
      "properties": {
        "confidence": 0.7945778369903564,
        "image": "DJI_20250701153259_0032_W.JPG"
      }
    },
    {
      "type": "Feature",
      "geometry": {
        "type": "Point",
        "coordinates": [
          -0.524409074235786,
          53.26808275240286
        ]
      },
      "properties": {
        "confidence": 0.7858074903488159,
        "image": "DJI_20250701153259_0032_W.JPG"
      }
    },
    {
      "type": "Feature",
      "geometry": {
        "type": "Point",
        "coordinates": [
          -0.5244810376390282,
          53.26804274849703
        ]
      },
      "properties": {
        "confidence": 0.7707593441009521,
        "image": "DJI_20250701153259_0032_W.JPG"
      }
    },
    {
      "type": "Feature",
      "geometry": {
        "type": "Point",
        "coordinates": [
          -0.5245589663905226,
          53.26816894948334
        ]
      },
      "properties": {
        "confidence": 0.7684632539749146,
        "image": "DJI_20250701153259_0032_W.JPG"
      }
    },
    {
      "type": "Feature",
      "geometry": {
        "type": "Point",
        "coordinates": [
          -0.5244437867001729,
          53.268059766816215
        ]
      },
      "properties": {
        "confidence": 0.7539843320846558,
        "image": "DJI_20250701153259_0032_W.JPG"
      }
    },
    {
      "type": "Feature",
      "geometry": {
        "type": "Point",
        "coordinates": [
          -0.5244506850964786,
          53.26807799241431
        ]
      },
      "properties": {
        "confidence": 0.7522907257080078,
        "image": "DJI_20250701153259_0032_W.JPG"
      }
    },
    {
      "type": "Feature",
      "geometry": {
        "type": "Point",
        "coordinates": [
          -0.5243968913111223,
          53.268184759116274
        ]
      },
      "properties": {
        "confidence": 0.7417522668838501,
        "image": "DJI_20250701153259_0032_W.JPG"
      }
    },
    {
      "type": "Feature",
      "geometry": {
        "type": "Point",
        "coordinates": [
          -0.5243830485146871,
          53.26813089842427
        ]
      },
      "properties": {
        "confidence": 0.7341127991676331,
        "image": "DJI_20250701153259_0032_W.JPG"
      }
    },
    {
      "type": "Feature",
      "geometry": {
        "type": "Point",
        "coordinates": [
          -0.5242952834301804,
          53.26806915291758
        ]
      },
      "properties": {
        "confidence": 0.7274636030197144,
        "image": "DJI_20250701153259_0032_W.JPG"
      }
    },
    {
      "type": "Feature",
      "geometry": {
        "type": "Point",
        "coordinates": [
          -0.5244153417807994,
          53.26810175415163
        ]
      },
      "properties": {
        "confidence": 0.7003722786903381,
        "image": "DJI_20250701153259_0032_W.JPG"
      }
    },
    {
      "type": "Feature",
      "geometry": {
        "type": "Point",
        "coordinates": [
          -0.5244469338850374,
          53.26807219943023
        ]
      },
      "properties": {
        "confidence": 0.6961661577224731,
        "image": "DJI_20250701153259_0032_W.JPG"
      }
    },
    {
      "type": "Feature",
      "geometry": {
        "type": "Point",
        "coordinates": [
          -0.5246272620182582,
          53.268121955517444
        ]
      },
      "properties": {
        "confidence": 0.6797283887863159,
        "image": "DJI_20250701153259_0032_W.JPG"
      }
    },
    {
      "type": "Feature",
      "geometry": {
        "type": "Point",
        "coordinates": [
          -0.5245455358680259,
          53.26811643537965
        ]
      },
      "properties": {
        "confidence": 0.6715391874313354,
        "image": "DJI_20250701153259_0032_W.JPG"
      }
    },
    {
      "type": "Feature",
      "geometry": {
        "type": "Point",
        "coordinates": [
          -0.5244636275547094,
          53.26812467446838
        ]
      },
      "properties": {
        "confidence": 0.6366519927978516,
        "image": "DJI_20250701153259_0032_W.JPG"
      }
    },
    {
      "type": "Feature",
      "geometry": {
        "type": "Point",
        "coordinates": [
          -0.5244186109817304,
          53.26811564477805
        ]
      },
      "properties": {
        "confidence": 0.6313286423683167,
        "image": "DJI_20250701153259_0032_W.JPG"
      }
    },
    {
      "type": "Feature",
      "geometry": {
        "type": "Point",
        "coordinates": [
          -0.5245573408056008,
          53.268157146348315
        ]
      },
      "properties": {
        "confidence": 0.6287174820899963,
        "image": "DJI_20250701153259_0032_W.JPG"
      }
    },
    {
      "type": "Feature",
      "geometry": {
        "type": "Point",
        "coordinates": [
          -0.5246279694558037,
          53.26811585871346
        ]
      },
      "properties": {
        "confidence": 0.6059678196907043,
        "image": "DJI_20250701153259_0032_W.JPG"
      }
    },
    {
      "type": "Feature",
      "geometry": {
        "type": "Point",
        "coordinates": [
          -0.5245633443050047,
          53.26804804578664
        ]
      },
      "properties": {
        "confidence": 0.5966203808784485,
        "image": "DJI_20250701153259_0032_W.JPG"
      }
    },
    {
      "type": "Feature",
      "geometry": {
        "type": "Point",
        "coordinates": [
          -0.5246319390226831,
          53.26813996590325
        ]
      },
      "properties": {
        "confidence": 0.5912264585494995,
        "image": "DJI_20250701153259_0032_W.JPG"
      }
    },
    {
      "type": "Feature",
      "geometry": {
        "type": "Point",
        "coordinates": [
          -0.5245396543462458,
          53.26810354757002
        ]
      },
      "properties": {
        "confidence": 0.5898056626319885,
        "image": "DJI_20250701153259_0032_W.JPG"
      }
    },
    {
      "type": "Feature",
      "geometry": {
        "type": "Point",
        "coordinates": [
          -0.5246155804666861,
          53.26808352727665
        ]
      },
      "properties": {
        "confidence": 0.5854876041412354,
        "image": "DJI_20250701153259_0032_W.JPG"
      }
    },
    {
      "type": "Feature",
      "geometry": {
        "type": "Point",
        "coordinates": [
          -0.5244344842133342,
          53.26816790078597
        ]
      },
      "properties": {
        "confidence": 0.5707405209541321,
        "image": "DJI_20250701153259_0032_W.JPG"
      }
    },
    {
      "type": "Feature",
      "geometry": {
        "type": "Point",
        "coordinates": [
          -0.5245969921157174,
          53.26816580847336
        ]
      },
      "properties": {
        "confidence": 0.5595540404319763,
        "image": "DJI_20250701153259_0032_W.JPG"
      }
    },
    {
      "type": "Feature",
      "geometry": {
        "type": "Point",
        "coordinates": [
          -0.5245485285104476,
          53.268138684584834
        ]
      },
      "properties": {
        "confidence": 0.5544174909591675,
        "image": "DJI_20250701153259_0032_W.JPG"
      }
    },
    {
      "type": "Feature",
      "geometry": {
        "type": "Point",
        "coordinates": [
          -0.5242590575854684,
          53.268096457318045
        ]
      },
      "properties": {
        "confidence": 0.5208109021186829,
        "image": "DJI_20250701153259_0032_W.JPG"
      }
    },
    {
      "type": "Feature",
      "geometry": {
        "type": "Point",
        "coordinates": [
          -0.5244656186138202,
          53.268130220810534
        ]
      },
      "properties": {
        "confidence": 0.5062755942344666,
        "image": "DJI_20250701153259_0032_W.JPG"
      }
    },
    {
      "type": "Feature",
      "geometry": {
        "type": "Point",
        "coordinates": [
          -0.5244917980814359,
          53.26808206431258
        ]
      },
      "properties": {
        "confidence": 0.501198410987854,
        "image": "DJI_20250701153259_0032_W.JPG"
      }
    },
    {
      "type": "Feature",
      "geometry": {
        "type": "Point",
        "coordinates": [
          -0.5245999598210558,
          53.26810135416595
        ]
      },
      "properties": {
        "confidence": 0.9937944412231445,
        "image": "DJI_20250701153255_0030_W.JPG"
      }
    },
    {
      "type": "Feature",
      "geometry": {
        "type": "Point",
        "coordinates": [
          -0.5245684836637466,
          53.26813139620389
        ]
      },
      "properties": {
        "confidence": 0.9934231638908386,
        "image": "DJI_20250701153255_0030_W.JPG"
      }
    },
    {
      "type": "Feature",
      "geometry": {
        "type": "Point",
        "coordinates": [
          -0.5246066179334365,
          53.268127367732966
        ]
      },
      "properties": {
        "confidence": 0.9886871576309204,
        "image": "DJI_20250701153255_0030_W.JPG"
      }
    },
    {
      "type": "Feature",
      "geometry": {
        "type": "Point",
        "coordinates": [
          -0.5245125034430488,
          53.26806994271888
        ]
      },
      "properties": {
        "confidence": 0.9840874075889587,
        "image": "DJI_20250701153255_0030_W.JPG"
      }
    },
    {
      "type": "Feature",
      "geometry": {
        "type": "Point",
        "coordinates": [
          -0.5245336749538165,
          53.268148994850705
        ]
      },
      "properties": {
        "confidence": 0.983959972858429,
        "image": "DJI_20250701153255_0030_W.JPG"
      }
    },
    {
      "type": "Feature",
      "geometry": {
        "type": "Point",
        "coordinates": [
          -0.5245214158711611,
          53.26809630338956
        ]
      },
      "properties": {
        "confidence": 0.9837002158164978,
        "image": "DJI_20250701153255_0030_W.JPG"
      }
    },
    {
      "type": "Feature",
      "geometry": {
        "type": "Point",
        "coordinates": [
          -0.5246142002654653,
          53.26816605539906
        ]
      },
      "properties": {
        "confidence": 0.9779822826385498,
        "image": "DJI_20250701153255_0030_W.JPG"
      }
    },
    {
      "type": "Feature",
      "geometry": {
        "type": "Point",
        "coordinates": [
          -0.5245286341096195,
          53.26812901998821
        ]
      },
      "properties": {
        "confidence": 0.9775816798210144,
        "image": "DJI_20250701153255_0030_W.JPG"
      }
    },
    {
      "type": "Feature",
      "geometry": {
        "type": "Point",
        "coordinates": [
          -0.5244620821773599,
          53.26803385735218
        ]
      },
      "properties": {
        "confidence": 0.9767390489578247,
        "image": "DJI_20250701153255_0030_W.JPG"
      }
    },
    {
      "type": "Feature",
      "geometry": {
        "type": "Point",
        "coordinates": [
          -0.5245141697193593,
          53.26807616441444
        ]
      },
      "properties": {
        "confidence": 0.9671719074249268,
        "image": "DJI_20250701153255_0030_W.JPG"
      }
    },
    {
      "type": "Feature",
      "geometry": {
        "type": "Point",
        "coordinates": [
          -0.5245901231732955,
          53.268062319396186
        ]
      },
      "properties": {
        "confidence": 0.9670767188072205,
        "image": "DJI_20250701153255_0030_W.JPG"
      }
    },
    {
      "type": "Feature",
      "geometry": {
        "type": "Point",
        "coordinates": [
          -0.5245983845100378,
          53.268088554752815
        ]
      },
      "properties": {
        "confidence": 0.9666833877563477,
        "image": "DJI_20250701153255_0030_W.JPG"
      }
    },
    {
      "type": "Feature",
      "geometry": {
        "type": "Point",
        "coordinates": [
          -0.5245505817117511,
          53.26806685804168
        ]
      },
      "properties": {
        "confidence": 0.9551820158958435,
        "image": "DJI_20250701153255_0030_W.JPG"
      }
    },
    {
      "type": "Feature",
      "geometry": {
        "type": "Point",
        "coordinates": [
          -0.5244651661929164,
          53.268045949180454
        ]
      },
      "properties": {
        "confidence": 0.9347460269927979,
        "image": "DJI_20250701153255_0030_W.JPG"
      }
    },
    {
      "type": "Feature",
      "geometry": {
        "type": "Point",
        "coordinates": [
          -0.5244000995940858,
          53.268107361910566
        ]
      },
      "properties": {
        "confidence": 0.930425226688385,
        "image": "DJI_20250701153255_0030_W.JPG"
      }
    },
    {
      "type": "Feature",
      "geometry": {
        "type": "Point",
        "coordinates": [
          -0.5245226901405575,
          53.2681091316412
        ]
      },
      "properties": {
        "confidence": 0.9278489351272583,
        "image": "DJI_20250701153255_0030_W.JPG"
      }
    },
    {
      "type": "Feature",
      "geometry": {
        "type": "Point",
        "coordinates": [
          -0.5246099434931965,
          53.26814093790885
        ]
      },
      "properties": {
        "confidence": 0.9222184419631958,
        "image": "DJI_20250701153255_0030_W.JPG"
      }
    },
    {
      "type": "Feature",
      "geometry": {
        "type": "Point",
        "coordinates": [
          -0.5244254217060039,
          53.268050882646534
        ]
      },
      "properties": {
        "confidence": 0.9182084202766418,
        "image": "DJI_20250701153255_0030_W.JPG"
      }
    },
    {
      "type": "Feature",
      "geometry": {
        "type": "Point",
        "coordinates": [
          -0.5244894986988111,
          53.26813276899252
        ]
      },
      "properties": {
        "confidence": 0.91469806432724,
        "image": "DJI_20250701153255_0030_W.JPG"
      }
    },
    {
      "type": "Feature",
      "geometry": {
        "type": "Point",
        "coordinates": [
          -0.5245581919571234,
          53.268092968084254
        ]
      },
      "properties": {
        "confidence": 0.8981205821037292,
        "image": "DJI_20250701153255_0030_W.JPG"
      }
    },
    {
      "type": "Feature",
      "geometry": {
        "type": "Point",
        "coordinates": [
          -0.5245746377091377,
          53.26815783342998
        ]
      },
      "properties": {
        "confidence": 0.8923860192298889,
        "image": "DJI_20250701153255_0030_W.JPG"
      }
    },
    {
      "type": "Feature",
      "geometry": {
        "type": "Point",
        "coordinates": [
          -0.5246129819970566,
          53.2681522833537
        ]
      },
      "properties": {
        "confidence": 0.8809890747070312,
        "image": "DJI_20250701153255_0030_W.JPG"
      }
    },
    {
      "type": "Feature",
      "geometry": {
        "type": "Point",
        "coordinates": [
          -0.5245030039632188,
          53.2681866548755
        ]
      },
      "properties": {
        "confidence": 0.8621076345443726,
        "image": "DJI_20250701153255_0030_W.JPG"
      }
    },
    {
      "type": "Feature",
      "geometry": {
        "type": "Point",
        "coordinates": [
          -0.5245650530948722,
          53.268118586830674
        ]
      },
      "properties": {
        "confidence": 0.8612964749336243,
        "image": "DJI_20250701153255_0030_W.JPG"
      }
    },
    {
      "type": "Feature",
      "geometry": {
        "type": "Point",
        "coordinates": [
          -0.524471967833247,
          53.268073075112994
        ]
      },
      "properties": {
        "confidence": 0.8410241007804871,
        "image": "DJI_20250701153255_0030_W.JPG"
      }
    },
    {
      "type": "Feature",
      "geometry": {
        "type": "Point",
        "coordinates": [
          -0.524403925724405,
          53.268121071819756
        ]
      },
      "properties": {
        "confidence": 0.8198944926261902,
        "image": "DJI_20250701153255_0030_W.JPG"
      }
    },
    {
      "type": "Feature",
      "geometry": {
        "type": "Point",
        "coordinates": [
          -0.5245519469464399,
          53.268073108575734
        ]
      },
      "properties": {
        "confidence": 0.7721489667892456,
        "image": "DJI_20250701153255_0030_W.JPG"
      }
    },
    {
      "type": "Feature",
      "geometry": {
        "type": "Point",
        "coordinates": [
          -0.5245930356313581,
          53.268069735513585
        ]
      },
      "properties": {
        "confidence": 0.7714098691940308,
        "image": "DJI_20250701153255_0030_W.JPG"
      }
    },
    {
      "type": "Feature",
      "geometry": {
        "type": "Point",
        "coordinates": [
          -0.5246035864224373,
          53.268114895503345
        ]
      },
      "properties": {
        "confidence": 0.766477644443512,
        "image": "DJI_20250701153255_0030_W.JPG"
      }
    },
    {
      "type": "Feature",
      "geometry": {
        "type": "Point",
        "coordinates": [
          -0.524607556022606,
          53.268121647293626
        ]
      },
      "properties": {
        "confidence": 0.7268855571746826,
        "image": "DJI_20250701153255_0030_W.JPG"
      }
    },
    {
      "type": "Feature",
      "geometry": {
        "type": "Point",
        "coordinates": [
          -0.5245399340083222,
          53.26817467127412
        ]
      },
      "properties": {
        "confidence": 0.7097153067588806,
        "image": "DJI_20250701153255_0030_W.JPG"
      }
    },
    {
      "type": "Feature",
      "geometry": {
        "type": "Point",
        "coordinates": [
          -0.5243918907619007,
          53.2680807461526
        ]
      },
      "properties": {
        "confidence": 0.6997624039649963,
        "image": "DJI_20250701153255_0030_W.JPG"
      }
    },
    {
      "type": "Feature",
      "geometry": {
        "type": "Point",
        "coordinates": [
          -0.5243818300811395,
          53.26804145131551
        ]
      },
      "properties": {
        "confidence": 0.6597146391868591,
        "image": "DJI_20250701153255_0030_W.JPG"
      }
    },
    {
      "type": "Feature",
      "geometry": {
        "type": "Point",
        "coordinates": [
          -0.5245821138700479,
          53.268035872210014
        ]
      },
      "properties": {
        "confidence": 0.6470038890838623,
        "image": "DJI_20250701153255_0030_W.JPG"
      }
    },
    {
      "type": "Feature",
      "geometry": {
        "type": "Point",
        "coordinates": [
          -0.5245795664932592,
          53.26817162539549
        ]
      },
      "properties": {
        "confidence": 0.6104514598846436,
        "image": "DJI_20250701153255_0030_W.JPG"
      }
    },
    {
      "type": "Feature",
      "geometry": {
        "type": "Point",
        "coordinates": [
          -0.5245852433973007,
          53.26804871042172
        ]
      },
      "properties": {
        "confidence": 0.606446385383606,
        "image": "DJI_20250701153255_0030_W.JPG"
      }
    },
    {
      "type": "Feature",
      "geometry": {
        "type": "Point",
        "coordinates": [
          -0.5245706050570201,
          53.268145081733756
        ]
      },
      "properties": {
        "confidence": 0.5967115759849548,
        "image": "DJI_20250701153255_0030_W.JPG"
      }
    },
    {
      "type": "Feature",
      "geometry": {
        "type": "Point",
        "coordinates": [
          -0.5242808168347207,
          53.268081626895565
        ]
      },
      "properties": {
        "confidence": 0.5839031934738159,
        "image": "DJI_20250701153255_0030_W.JPG"
      }
    },
    {
      "type": "Feature",
      "geometry": {
        "type": "Point",
        "coordinates": [
          -0.5245002094541888,
          53.26803095566603
        ]
      },
      "properties": {
        "confidence": 0.5458352565765381,
        "image": "DJI_20250701153255_0030_W.JPG"
      }
    },
    {
      "type": "Feature",
      "geometry": {
        "type": "Point",
        "coordinates": [
          -0.5244174904862308,
          53.26817345051663
        ]
      },
      "properties": {
        "confidence": 0.5224793553352356,
        "image": "DJI_20250701153255_0030_W.JPG"
      }
    },
    {
      "type": "Feature",
      "geometry": {
        "type": "Point",
        "coordinates": [
          -0.5245533611892554,
          53.268079542100836
        ]
      },
      "properties": {
        "confidence": 0.5052535533905029,
        "image": "DJI_20250701153255_0030_W.JPG"
      }
    },
    {
      "type": "Feature",
      "geometry": {
        "type": "Point",
        "coordinates": [
          -0.5243700862624969,
          53.26811714863112
        ]
      },
      "properties": {
        "confidence": 0.962863564491272,
        "image": "DJI_20250701153326_0042_W.JPG"
      }
    },
    {
      "type": "Feature",
      "geometry": {
        "type": "Point",
        "coordinates": [
          -0.5244145018809105,
          53.26813917964696
        ]
      },
      "properties": {
        "confidence": 0.9610552191734314,
        "image": "DJI_20250701153326_0042_W.JPG"
      }
    },
    {
      "type": "Feature",
      "geometry": {
        "type": "Point",
        "coordinates": [
          -0.5244393104209547,
          53.268072222782315
        ]
      },
      "properties": {
        "confidence": 0.9561810493469238,
        "image": "DJI_20250701153326_0042_W.JPG"
      }
    },
    {
      "type": "Feature",
      "geometry": {
        "type": "Point",
        "coordinates": [
          -0.5245727864558163,
          53.268126095322565
        ]
      },
      "properties": {
        "confidence": 0.941105842590332,
        "image": "DJI_20250701153326_0042_W.JPG"
      }
    },
    {
      "type": "Feature",
      "geometry": {
        "type": "Point",
        "coordinates": [
          -0.5242974726973334,
          53.26815039706394
        ]
      },
      "properties": {
        "confidence": 0.9290127754211426,
        "image": "DJI_20250701153326_0042_W.JPG"
      }
    },
    {
      "type": "Feature",
      "geometry": {
        "type": "Point",
        "coordinates": [
          -0.5244239185143073,
          53.26816412146261
        ]
      },
      "properties": {
        "confidence": 0.9241757988929749,
        "image": "DJI_20250701153326_0042_W.JPG"
      }
    },
    {
      "type": "Feature",
      "geometry": {
        "type": "Point",
        "coordinates": [
          -0.5243770752670097,
          53.26814353210615
        ]
      },
      "properties": {
        "confidence": 0.9189245700836182,
        "image": "DJI_20250701153326_0042_W.JPG"
      }
    },
    {
      "type": "Feature",
      "geometry": {
        "type": "Point",
        "coordinates": [
          -0.5243730020242395,
          53.26812314366534
        ]
      },
      "properties": {
        "confidence": 0.9173907041549683,
        "image": "DJI_20250701153326_0042_W.JPG"
      }
    },
    {
      "type": "Feature",
      "geometry": {
        "type": "Point",
        "coordinates": [
          -0.5245294477205633,
          53.26810284879225
        ]
      },
      "properties": {
        "confidence": 0.9171178340911865,
        "image": "DJI_20250701153326_0042_W.JPG"
      }
    },
    {
      "type": "Feature",
      "geometry": {
        "type": "Point",
        "coordinates": [
          -0.5243811189243612,
          53.26815643845263
        ]
      },
      "properties": {
        "confidence": 0.9137319922447205,
        "image": "DJI_20250701153326_0042_W.JPG"
      }
    },
    {
      "type": "Feature",
      "geometry": {
        "type": "Point",
        "coordinates": [
          -0.5244006430564182,
          53.26807549678803
        ]
      },
      "properties": {
        "confidence": 0.9043305516242981,
        "image": "DJI_20250701153326_0042_W.JPG"
      }
    },
    {
      "type": "Feature",
      "geometry": {
        "type": "Point",
        "coordinates": [
          -0.524330857294567,
          53.26812066305653
        ]
      },
      "properties": {
        "confidence": 0.899389922618866,
        "image": "DJI_20250701153326_0042_W.JPG"
      }
    },
    {
      "type": "Feature",
      "geometry": {
        "type": "Point",
        "coordinates": [
          -0.5244662914826087,
          53.2680324034953
        ]
      },
      "properties": {
        "confidence": 0.8992300033569336,
        "image": "DJI_20250701153326_0042_W.JPG"
      }
    },
    {
      "type": "Feature",
      "geometry": {
        "type": "Point",
        "coordinates": [
          -0.5243679763812916,
          53.26810442045246
        ]
      },
      "properties": {
        "confidence": 0.8983603715896606,
        "image": "DJI_20250701153326_0042_W.JPG"
      }
    },
    {
      "type": "Feature",
      "geometry": {
        "type": "Point",
        "coordinates": [
          -0.5244440187376531,
          53.26808469369014
        ]
      },
      "properties": {
        "confidence": 0.8684483170509338,
        "image": "DJI_20250701153326_0042_W.JPG"
      }
    },
    {
      "type": "Feature",
      "geometry": {
        "type": "Point",
        "coordinates": [
          -0.5244564160235088,
          53.2681215382079
        ]
      },
      "properties": {
        "confidence": 0.8665323853492737,
        "image": "DJI_20250701153326_0042_W.JPG"
      }
    },
    {
      "type": "Feature",
      "geometry": {
        "type": "Point",
        "coordinates": [
          -0.5244946711642315,
          53.268119044278016
        ]
      },
      "properties": {
        "confidence": 0.8646693825721741,
        "image": "DJI_20250701153326_0042_W.JPG"
      }
    },
    {
      "type": "Feature",
      "geometry": {
        "type": "Point",
        "coordinates": [
          -0.5244030551663497,
          53.268088749489245
        ]
      },
      "properties": {
        "confidence": 0.8620538711547852,
        "image": "DJI_20250701153326_0042_W.JPG"
      }
    },
    {
      "type": "Feature",
      "geometry": {
        "type": "Point",
        "coordinates": [
          -0.5245675449018882,
          53.268113399987406
        ]
      },
      "properties": {
        "confidence": 0.85935378074646,
        "image": "DJI_20250701153326_0042_W.JPG"
      }
    },
    {
      "type": "Feature",
      "geometry": {
        "type": "Point",
        "coordinates": [
          -0.5244608100620954,
          53.26814762416405
        ]
      },
      "properties": {
        "confidence": 0.8546679019927979,
        "image": "DJI_20250701153326_0042_W.JPG"
      }
    },
    {
      "type": "Feature",
      "geometry": {
        "type": "Point",
        "coordinates": [
          -0.5245045412348169,
          53.26815697068439
        ]
      },
      "properties": {
        "confidence": 0.8505013585090637,
        "image": "DJI_20250701153326_0042_W.JPG"
      }
    },
    {
      "type": "Feature",
      "geometry": {
        "type": "Point",
        "coordinates": [
          -0.5245010308146952,
          53.26814428876524
        ]
      },
      "properties": {
        "confidence": 0.8257855772972107,
        "image": "DJI_20250701153326_0042_W.JPG"
      }
    },
    {
      "type": "Feature",
      "geometry": {
        "type": "Point",
        "coordinates": [
          -0.5243911035807227,
          53.26803763005719
        ]
      },
      "properties": {
        "confidence": 0.8060581684112549,
        "image": "DJI_20250701153326_0042_W.JPG"
      }
    },
    {
      "type": "Feature",
      "geometry": {
        "type": "Point",
        "coordinates": [
          -0.524515521943241,
          53.268066155610285
        ]
      },
      "properties": {
        "confidence": 0.7870823740959167,
        "image": "DJI_20250701153326_0042_W.JPG"
      }
    },
    {
      "type": "Feature",
      "geometry": {
        "type": "Point",
        "coordinates": [
          -0.5244658669311464,
          53.26816135426952
        ]
      },
      "properties": {
        "confidence": 0.7840921878814697,
        "image": "DJI_20250701153326_0042_W.JPG"
      }
    },
    {
      "type": "Feature",
      "geometry": {
        "type": "Point",
        "coordinates": [
          -0.5243346450468184,
          53.268133779555534
        ]
      },
      "properties": {
        "confidence": 0.7771651744842529,
        "image": "DJI_20250701153326_0042_W.JPG"
      }
    },
    {
      "type": "Feature",
      "geometry": {
        "type": "Point",
        "coordinates": [
          -0.5244584228487605,
          53.26813446140552
        ]
      },
      "properties": {
        "confidence": 0.7586930394172668,
        "image": "DJI_20250701153326_0042_W.JPG"
      }
    },
    {
      "type": "Feature",
      "geometry": {
        "type": "Point",
        "coordinates": [
          -0.5243550046448313,
          53.26805358684082
        ]
      },
      "properties": {
        "confidence": 0.7497919201850891,
        "image": "DJI_20250701153326_0042_W.JPG"
      }
    },
    {
      "type": "Feature",
      "geometry": {
        "type": "Point",
        "coordinates": [
          -0.5243376222297103,
          53.268146237047354
        ]
      },
      "properties": {
        "confidence": 0.7452749013900757,
        "image": "DJI_20250701153326_0042_W.JPG"
      }
    },
    {
      "type": "Feature",
      "geometry": {
        "type": "Point",
        "coordinates": [
          -0.5245109213713183,
          53.26806088183514
        ]
      },
      "properties": {
        "confidence": 0.7374916672706604,
        "image": "DJI_20250701153326_0042_W.JPG"
      }
    },
    {
      "type": "Feature",
      "geometry": {
        "type": "Point",
        "coordinates": [
          -0.5244562052227797,
          53.268114536094174
        ]
      },
      "properties": {
        "confidence": 0.7176480293273926,
        "image": "DJI_20250701153326_0042_W.JPG"
      }
    },
    {
      "type": "Feature",
      "geometry": {
        "type": "Point",
        "coordinates": [
          -0.5242887044065052,
          53.26811134508578
        ]
      },
      "properties": {
        "confidence": 0.7135049700737,
        "image": "DJI_20250701153326_0042_W.JPG"
      }
    },
    {
      "type": "Feature",
      "geometry": {
        "type": "Point",
        "coordinates": [
          -0.5245235166106916,
          53.26809049895306
        ]
      },
      "properties": {
        "confidence": 0.7059711217880249,
        "image": "DJI_20250701153326_0042_W.JPG"
      }
    },
    {
      "type": "Feature",
      "geometry": {
        "type": "Point",
        "coordinates": [
          -0.5245788337471158,
          53.26803844852885
        ]
      },
      "properties": {
        "confidence": 0.7036163210868835,
        "image": "DJI_20250701153326_0042_W.JPG"
      }
    },
    {
      "type": "Feature",
      "geometry": {
        "type": "Point",
        "coordinates": [
          -0.5242371510136267,
          53.268066364409464
        ]
      },
      "properties": {
        "confidence": 0.6966916918754578,
        "image": "DJI_20250701153326_0042_W.JPG"
      }
    },
    {
      "type": "Feature",
      "geometry": {
        "type": "Point",
        "coordinates": [
          -0.5243247998728296,
          53.26809594309185
        ]
      },
      "properties": {
        "confidence": 0.6956684589385986,
        "image": "DJI_20250701153326_0042_W.JPG"
      }
    },
    {
      "type": "Feature",
      "geometry": {
        "type": "Point",
        "coordinates": [
          -0.5245853831927081,
          53.26804962825431
        ]
      },
      "properties": {
        "confidence": 0.6850687861442566,
        "image": "DJI_20250701153326_0042_W.JPG"
      }
    },
    {
      "type": "Feature",
      "geometry": {
        "type": "Point",
        "coordinates": [
          -0.5244978260928668,
          53.268131576578945
        ]
      },
      "properties": {
        "confidence": 0.6531997919082642,
        "image": "DJI_20250701153326_0042_W.JPG"
      }
    },
    {
      "type": "Feature",
      "geometry": {
        "type": "Point",
        "coordinates": [
          -0.5243285696676184,
          53.26810786006875
        ]
      },
      "properties": {
        "confidence": 0.6524444818496704,
        "image": "DJI_20250701153326_0042_W.JPG"
      }
    },
    {
      "type": "Feature",
      "geometry": {
        "type": "Point",
        "coordinates": [
          -0.524399461898049,
          53.268068960380106
        ]
      },
      "properties": {
        "confidence": 0.6494340300559998,
        "image": "DJI_20250701153326_0042_W.JPG"
      }
    },
    {
      "type": "Feature",
      "geometry": {
        "type": "Point",
        "coordinates": [
          -0.5243617661104077,
          53.26807971562136
        ]
      },
      "properties": {
        "confidence": 0.6461141705513,
        "image": "DJI_20250701153326_0042_W.JPG"
      }
    },
    {
      "type": "Feature",
      "geometry": {
        "type": "Point",
        "coordinates": [
          -0.5244527174489427,
          53.268110445848784
        ]
      },
      "properties": {
        "confidence": 0.6430114507675171,
        "image": "DJI_20250701153326_0042_W.JPG"
      }
    },
    {
      "type": "Feature",
      "geometry": {
        "type": "Point",
        "coordinates": [
          -0.5243404181972919,
          53.26815917451977
        ]
      },
      "properties": {
        "confidence": 0.6169247031211853,
        "image": "DJI_20250701153326_0042_W.JPG"
      }
    },
    {
      "type": "Feature",
      "geometry": {
        "type": "Point",
        "coordinates": [
          -0.5243327494359091,
          53.268127498700885
        ]
      },
      "properties": {
        "confidence": 0.60273677110672,
        "image": "DJI_20250701153326_0042_W.JPG"
      }
    },
    {
      "type": "Feature",
      "geometry": {
        "type": "Point",
        "coordinates": [
          -0.5245336442270615,
          53.26811574000515
        ]
      },
      "properties": {
        "confidence": 0.5985406041145325,
        "image": "DJI_20250701153326_0042_W.JPG"
      }
    },
    {
      "type": "Feature",
      "geometry": {
        "type": "Point",
        "coordinates": [
          -0.5243703201309399,
          53.268112320275506
        ]
      },
      "properties": {
        "confidence": 0.5978255271911621,
        "image": "DJI_20250701153326_0042_W.JPG"
      }
    },
    {
      "type": "Feature",
      "geometry": {
        "type": "Point",
        "coordinates": [
          -0.5242790086120961,
          53.26807404827823
        ]
      },
      "properties": {
        "confidence": 0.597658634185791,
        "image": "DJI_20250701153326_0042_W.JPG"
      }
    },
    {
      "type": "Feature",
      "geometry": {
        "type": "Point",
        "coordinates": [
          -0.5243022597830161,
          53.2681665564808
        ]
      },
      "properties": {
        "confidence": 0.5692995190620422,
        "image": "DJI_20250701153326_0042_W.JPG"
      }
    },
    {
      "type": "Feature",
      "geometry": {
        "type": "Point",
        "coordinates": [
          -0.524353552483839,
          53.26804153280293
        ]
      },
      "properties": {
        "confidence": 0.5670314431190491,
        "image": "DJI_20250701153326_0042_W.JPG"
      }
    },
    {
      "type": "Feature",
      "geometry": {
        "type": "Point",
        "coordinates": [
          -0.5245827151776764,
          53.26803658570562
        ]
      },
      "properties": {
        "confidence": 0.5646483302116394,
        "image": "DJI_20250701153326_0042_W.JPG"
      }
    },
    {
      "type": "Feature",
      "geometry": {
        "type": "Point",
        "coordinates": [
          -0.5244132013498096,
          53.26811916353413
        ]
      },
      "properties": {
        "confidence": 0.5605940222740173,
        "image": "DJI_20250701153326_0042_W.JPG"
      }
    },
    {
      "type": "Feature",
      "geometry": {
        "type": "Point",
        "coordinates": [
          -0.5243153599835206,
          53.26805843613177
        ]
      },
      "properties": {
        "confidence": 0.555341899394989,
        "image": "DJI_20250701153326_0042_W.JPG"
      }
    },
    {
      "type": "Feature",
      "geometry": {
        "type": "Point",
        "coordinates": [
          -0.5245202371990735,
          53.26807751693869
        ]
      },
      "properties": {
        "confidence": 0.5540853142738342,
        "image": "DJI_20250701153326_0042_W.JPG"
      }
    },
    {
      "type": "Feature",
      "geometry": {
        "type": "Point",
        "coordinates": [
          -0.5243987427566869,
          53.268061823781736
        ]
      },
      "properties": {
        "confidence": 0.5499916076660156,
        "image": "DJI_20250701153326_0042_W.JPG"
      }
    },
    {
      "type": "Feature",
      "geometry": {
        "type": "Point",
        "coordinates": [
          -0.5245010704774506,
          53.26803210189224
        ]
      },
      "properties": {
        "confidence": 0.5480989217758179,
        "image": "DJI_20250701153326_0042_W.JPG"
      }
    },
    {
      "type": "Feature",
      "geometry": {
        "type": "Point",
        "coordinates": [
          -0.5243587958666498,
          53.268066148550126
        ]
      },
      "properties": {
        "confidence": 0.5287826061248779,
        "image": "DJI_20250701153326_0042_W.JPG"
      }
    },
    {
      "type": "Feature",
      "geometry": {
        "type": "Point",
        "coordinates": [
          -0.5243465352112959,
          53.26817843653001
        ]
      },
      "properties": {
        "confidence": 0.5216824412345886,
        "image": "DJI_20250701153326_0042_W.JPG"
      }
    },
    {
      "type": "Feature",
      "geometry": {
        "type": "Point",
        "coordinates": [
          -0.5245354771975662,
          53.26810761146085
        ]
      },
      "properties": {
        "confidence": 0.5158014893531799,
        "image": "DJI_20250701153326_0042_W.JPG"
      }
    },
    {
      "type": "Feature",
      "geometry": {
        "type": "Point",
        "coordinates": [
          -0.5243806836328336,
          53.2681690489978
        ]
      },
      "properties": {
        "confidence": 0.5024474263191223,
        "image": "DJI_20250701153326_0042_W.JPG"
      }
    },
    {
      "type": "Feature",
      "geometry": {
        "type": "Point",
        "coordinates": [
          -0.5245395511899925,
          53.26814487921681
        ]
      },
      "properties": {
        "confidence": 0.9285647869110107,
        "image": "DJI_20250701153317_0039_W.JPG"
      }
    },
    {
      "type": "Feature",
      "geometry": {
        "type": "Point",
        "coordinates": [
          -0.5244545946967796,
          53.268144708755685
        ]
      },
      "properties": {
        "confidence": 0.8669742345809937,
        "image": "DJI_20250701153317_0039_W.JPG"
      }
    },
    {
      "type": "Feature",
      "geometry": {
        "type": "Point",
        "coordinates": [
          -0.5244568062004779,
          53.26815179425956
        ]
      },
      "properties": {
        "confidence": 0.8125047087669373,
        "image": "DJI_20250701153317_0039_W.JPG"
      }
    },
    {
      "type": "Feature",
      "geometry": {
        "type": "Point",
        "coordinates": [
          -0.5245013371139772,
          53.26816028790491
        ]
      },
      "properties": {
        "confidence": 0.7269237637519836,
        "image": "DJI_20250701153317_0039_W.JPG"
      }
    },
    {
      "type": "Feature",
      "geometry": {
        "type": "Point",
        "coordinates": [
          -0.5244900566967439,
          53.26812228897867
        ]
      },
      "properties": {
        "confidence": 0.6858614087104797,
        "image": "DJI_20250701153317_0039_W.JPG"
      }
    },
    {
      "type": "Feature",
      "geometry": {
        "type": "Point",
        "coordinates": [
          -0.5244951663009111,
          53.26813428379698
        ]
      },
      "properties": {
        "confidence": 0.6274036169052124,
        "image": "DJI_20250701153317_0039_W.JPG"
      }
    },
    {
      "type": "Feature",
      "geometry": {
        "type": "Point",
        "coordinates": [
          -0.5245731516912433,
          53.26812786783313
        ]
      },
      "properties": {
        "confidence": 0.5361512303352356,
        "image": "DJI_20250701153317_0039_W.JPG"
      }
    },
    {
      "type": "Feature",
      "geometry": {
        "type": "Point",
        "coordinates": [
          -0.5243061203757158,
          53.2680577333487
        ]
      },
      "properties": {
        "confidence": 0.5158793330192566,
        "image": "DJI_20250701153317_0039_W.JPG"
      }
    },
    {
      "type": "Feature",
      "geometry": {
        "type": "Point",
        "coordinates": [
          -0.5244012505146743,
          53.268095734615514
        ]
      },
      "properties": {
        "confidence": 0.9876673221588135,
        "image": "DJI_20250701153345_0049_W.JPG"
      }
    },
    {
      "type": "Feature",
      "geometry": {
        "type": "Point",
        "coordinates": [
          -0.5244270178181798,
          53.268041497826474
        ]
      },
      "properties": {
        "confidence": 0.979416012763977,
        "image": "DJI_20250701153345_0049_W.JPG"
      }
    },
    {
      "type": "Feature",
      "geometry": {
        "type": "Point",
        "coordinates": [
          -0.5243910691875886,
          53.2680566863615
        ]
      },
      "properties": {
        "confidence": 0.9768643975257874,
        "image": "DJI_20250701153345_0049_W.JPG"
      }
    },
    {
      "type": "Feature",
      "geometry": {
        "type": "Point",
        "coordinates": [
          -0.5244749652643057,
          53.26806342397818
        ]
      },
      "properties": {
        "confidence": 0.9719519019126892,
        "image": "DJI_20250701153345_0049_W.JPG"
      }
    },
    {
      "type": "Feature",
      "geometry": {
        "type": "Point",
        "coordinates": [
          -0.5245628274955129,
          53.268119054779326
        ]
      },
      "properties": {
        "confidence": 0.9711758494377136,
        "image": "DJI_20250701153345_0049_W.JPG"
      }
    },
    {
      "type": "Feature",
      "geometry": {
        "type": "Point",
        "coordinates": [
          -0.5244774062372466,
          53.26807564220888
        ]
      },
      "properties": {
        "confidence": 0.9677746891975403,
        "image": "DJI_20250701153345_0049_W.JPG"
      }
    },
    {
      "type": "Feature",
      "geometry": {
        "type": "Point",
        "coordinates": [
          -0.5244517846662745,
          53.26813097211664
        ]
      },
      "properties": {
        "confidence": 0.9674869179725647,
        "image": "DJI_20250701153345_0049_W.JPG"
      }
    },
    {
      "type": "Feature",
      "geometry": {
        "type": "Point",
        "coordinates": [
          -0.5243554802991968,
          53.26807940752125
        ]
      },
      "properties": {
        "confidence": 0.9527101516723633,
        "image": "DJI_20250701153345_0049_W.JPG"
      }
    },
    {
      "type": "Feature",
      "geometry": {
        "type": "Point",
        "coordinates": [
          -0.5243961384501649,
          53.2680755665379
        ]
      },
      "properties": {
        "confidence": 0.9446766972541809,
        "image": "DJI_20250701153345_0049_W.JPG"
      }
    },
    {
      "type": "Feature",
      "geometry": {
        "type": "Point",
        "coordinates": [
          -0.52448560640773,
          53.26811433284387
        ]
      },
      "properties": {
        "confidence": 0.9434226155281067,
        "image": "DJI_20250701153345_0049_W.JPG"
      }
    },
    {
      "type": "Feature",
      "geometry": {
        "type": "Point",
        "coordinates": [
          -0.5243210595186462,
          53.2681023822089
        ]
      },
      "properties": {
        "confidence": 0.9366419911384583,
        "image": "DJI_20250701153345_0049_W.JPG"
      }
    },
    {
      "type": "Feature",
      "geometry": {
        "type": "Point",
        "coordinates": [
          -0.5245838922093348,
          53.268052362204656
        ]
      },
      "properties": {
        "confidence": 0.9356621503829956,
        "image": "DJI_20250701153345_0049_W.JPG"
      }
    },
    {
      "type": "Feature",
      "geometry": {
        "type": "Point",
        "coordinates": [
          -0.5244660533369728,
          53.26803689454393
        ]
      },
      "properties": {
        "confidence": 0.9282185435295105,
        "image": "DJI_20250701153345_0049_W.JPG"
      }
    },
    {
      "type": "Feature",
      "geometry": {
        "type": "Point",
        "coordinates": [
          -0.5245902938567916,
          53.268077755747726
        ]
      },
      "properties": {
        "confidence": 0.9280468225479126,
        "image": "DJI_20250701153345_0049_W.JPG"
      }
    },
    {
      "type": "Feature",
      "geometry": {
        "type": "Point",
        "coordinates": [
          -0.5245195310797857,
          53.268097498788634
        ]
      },
      "properties": {
        "confidence": 0.9145910143852234,
        "image": "DJI_20250701153345_0049_W.JPG"
      }
    },
    {
      "type": "Feature",
      "geometry": {
        "type": "Point",
        "coordinates": [
          -0.524557769846749,
          53.2681064495569
        ]
      },
      "properties": {
        "confidence": 0.9090478420257568,
        "image": "DJI_20250701153345_0049_W.JPG"
      }
    },
    {
      "type": "Feature",
      "geometry": {
        "type": "Point",
        "coordinates": [
          -0.5243607022249999,
          53.26809827258243
        ]
      },
      "properties": {
        "confidence": 0.9056142568588257,
        "image": "DJI_20250701153345_0049_W.JPG"
      }
    },
    {
      "type": "Feature",
      "geometry": {
        "type": "Point",
        "coordinates": [
          -0.5244125999496013,
          53.26813503639743
        ]
      },
      "properties": {
        "confidence": 0.9025859832763672,
        "image": "DJI_20250701153345_0049_W.JPG"
      }
    },
    {
      "type": "Feature",
      "geometry": {
        "type": "Point",
        "coordinates": [
          -0.5243872363099863,
          53.268043406100276
        ]
      },
      "properties": {
        "confidence": 0.8716272711753845,
        "image": "DJI_20250701153345_0049_W.JPG"
      }
    },
    {
      "type": "Feature",
      "geometry": {
        "type": "Point",
        "coordinates": [
          -0.5242770217966374,
          53.26808551439741
        ]
      },
      "properties": {
        "confidence": 0.8583375215530396,
        "image": "DJI_20250701153345_0049_W.JPG"
      }
    },
    {
      "type": "Feature",
      "geometry": {
        "type": "Point",
        "coordinates": [
          -0.5244454859494179,
          53.268105383791095
        ]
      },
      "properties": {
        "confidence": 0.8049110770225525,
        "image": "DJI_20250701153345_0049_W.JPG"
      }
    },
    {
      "type": "Feature",
      "geometry": {
        "type": "Point",
        "coordinates": [
          -0.5243079080953458,
          53.26805033745203
        ]
      },
      "properties": {
        "confidence": 0.804081380367279,
        "image": "DJI_20250701153345_0049_W.JPG"
      }
    },
    {
      "type": "Feature",
      "geometry": {
        "type": "Point",
        "coordinates": [
          -0.5244759709217659,
          53.268069323624694
        ]
      },
      "properties": {
        "confidence": 0.8021665811538696,
        "image": "DJI_20250701153345_0049_W.JPG"
      }
    },
    {
      "type": "Feature",
      "geometry": {
        "type": "Point",
        "coordinates": [
          -0.5243141466835354,
          53.26807740846125
        ]
      },
      "properties": {
        "confidence": 0.7962794303894043,
        "image": "DJI_20250701153345_0049_W.JPG"
      }
    },
    {
      "type": "Feature",
      "geometry": {
        "type": "Point",
        "coordinates": [
          -0.5244626963846708,
          53.268024767004604
        ]
      },
      "properties": {
        "confidence": 0.7798382639884949,
        "image": "DJI_20250701153345_0049_W.JPG"
      }
    },
    {
      "type": "Feature",
      "geometry": {
        "type": "Point",
        "coordinates": [
          -0.5244797656805539,
          53.26808869917265
        ]
      },
      "properties": {
        "confidence": 0.7693853974342346,
        "image": "DJI_20250701153345_0049_W.JPG"
      }
    },
    {
      "type": "Feature",
      "geometry": {
        "type": "Point",
        "coordinates": [
          -0.5245380802217267,
          53.2680183184824
        ]
      },
      "properties": {
        "confidence": 0.7663944959640503,
        "image": "DJI_20250701153345_0049_W.JPG"
      }
    },
    {
      "type": "Feature",
      "geometry": {
        "type": "Point",
        "coordinates": [
          -0.5243988945367137,
          53.26808212353476
        ]
      },
      "properties": {
        "confidence": 0.7319561243057251,
        "image": "DJI_20250701153345_0049_W.JPG"
      }
    },
    {
      "type": "Feature",
      "geometry": {
        "type": "Point",
        "coordinates": [
          -0.524524917282628,
          53.26812262368857
        ]
      },
      "properties": {
        "confidence": 0.7110657095909119,
        "image": "DJI_20250701153345_0049_W.JPG"
      }
    },
    {
      "type": "Feature",
      "geometry": {
        "type": "Point",
        "coordinates": [
          -0.5242729679786756,
          53.268066902864135
        ]
      },
      "properties": {
        "confidence": 0.6890246868133545,
        "image": "DJI_20250701153345_0049_W.JPG"
      }
    },
    {
      "type": "Feature",
      "geometry": {
        "type": "Point",
        "coordinates": [
          -0.5244298421818612,
          53.268053401210615
        ]
      },
      "properties": {
        "confidence": 0.6418337225914001,
        "image": "DJI_20250701153345_0049_W.JPG"
      }
    },
    {
      "type": "Feature",
      "geometry": {
        "type": "Point",
        "coordinates": [
          -0.5242338578609425,
          53.2680712366458
        ]
      },
      "properties": {
        "confidence": 0.6222860217094421,
        "image": "DJI_20250701153345_0049_W.JPG"
      }
    },
    {
      "type": "Feature",
      "geometry": {
        "type": "Point",
        "coordinates": [
          -0.524517732556759,
          53.2680842016967
        ]
      },
      "properties": {
        "confidence": 0.5944337844848633,
        "image": "DJI_20250701153345_0049_W.JPG"
      }
    },
    {
      "type": "Feature",
      "geometry": {
        "type": "Point",
        "coordinates": [
          -0.5243935841505836,
          53.268065205440614
        ]
      },
      "properties": {
        "confidence": 0.584876537322998,
        "image": "DJI_20250701153345_0049_W.JPG"
      }
    },
    {
      "type": "Feature",
      "geometry": {
        "type": "Point",
        "coordinates": [
          -0.5245035355305259,
          53.26802044662268
        ]
      },
      "properties": {
        "confidence": 0.584134042263031,
        "image": "DJI_20250701153345_0049_W.JPG"
      }
    },
    {
      "type": "Feature",
      "geometry": {
        "type": "Point",
        "coordinates": [
          -0.5243128662788562,
          53.268062583339955
        ]
      },
      "properties": {
        "confidence": 0.5144439935684204,
        "image": "DJI_20250701153345_0049_W.JPG"
      }
    },
    {
      "type": "Feature",
      "geometry": {
        "type": "Point",
        "coordinates": [
          -0.5242758351442902,
          53.268080094149475
        ]
      },
      "properties": {
        "confidence": 0.506205141544342,
        "image": "DJI_20250701153345_0049_W.JPG"
      }
    },
    {
      "type": "Feature",
      "geometry": {
        "type": "Point",
        "coordinates": [
          -0.5244450465042432,
          53.26811059585681
        ]
      },
      "properties": {
        "confidence": 0.5044143795967102,
        "image": "DJI_20250701153345_0049_W.JPG"
      }
    },
    {
      "type": "Feature",
      "geometry": {
        "type": "Point",
        "coordinates": [
          -0.5243409171955082,
          53.268140808118176
        ]
      },
      "properties": {
        "confidence": 0.9801149964332581,
        "image": "DJI_20250701153204_0011_W.JPG"
      }
    },
    {
      "type": "Feature",
      "geometry": {
        "type": "Point",
        "coordinates": [
          -0.5243364042856936,
          53.26812831877401
        ]
      },
      "properties": {
        "confidence": 0.9678642153739929,
        "image": "DJI_20250701153204_0011_W.JPG"
      }
    },
    {
      "type": "Feature",
      "geometry": {
        "type": "Point",
        "coordinates": [
          -0.5244187311064751,
          53.268134241119874
        ]
      },
      "properties": {
        "confidence": 0.9059638381004333,
        "image": "DJI_20250701153204_0011_W.JPG"
      }
    },
    {
      "type": "Feature",
      "geometry": {
        "type": "Point",
        "coordinates": [
          -0.5242816613907815,
          53.26806804631526
        ]
      },
      "properties": {
        "confidence": 0.8853404521942139,
        "image": "DJI_20250701153204_0011_W.JPG"
      }
    },
    {
      "type": "Feature",
      "geometry": {
        "type": "Point",
        "coordinates": [
          -0.5242860519487024,
          53.26808107687567
        ]
      },
      "properties": {
        "confidence": 0.883260190486908,
        "image": "DJI_20250701153204_0011_W.JPG"
      }
    },
    {
      "type": "Feature",
      "geometry": {
        "type": "Point",
        "coordinates": [
          -0.5246146222868607,
          53.26812252588919
        ]
      },
      "properties": {
        "confidence": 0.8454537987709045,
        "image": "DJI_20250701153204_0011_W.JPG"
      }
    },
    {
      "type": "Feature",
      "geometry": {
        "type": "Point",
        "coordinates": [
          -0.524320379194544,
          53.2680645638175
        ]
      },
      "properties": {
        "confidence": 0.7548234462738037,
        "image": "DJI_20250701153204_0011_W.JPG"
      }
    },
    {
      "type": "Feature",
      "geometry": {
        "type": "Point",
        "coordinates": [
          -0.5242482440422801,
          53.26808536776332
        ]
      },
      "properties": {
        "confidence": 0.75154048204422,
        "image": "DJI_20250701153204_0011_W.JPG"
      }
    },
    {
      "type": "Feature",
      "geometry": {
        "type": "Point",
        "coordinates": [
          -0.524583977691206,
          53.268026083643704
        ]
      },
      "properties": {
        "confidence": 0.734459400177002,
        "image": "DJI_20250701153204_0011_W.JPG"
      }
    },
    {
      "type": "Feature",
      "geometry": {
        "type": "Point",
        "coordinates": [
          -0.5242886747436677,
          53.26809433189683
        ]
      },
      "properties": {
        "confidence": 0.7206727862358093,
        "image": "DJI_20250701153204_0011_W.JPG"
      }
    },
    {
      "type": "Feature",
      "geometry": {
        "type": "Point",
        "coordinates": [
          -0.5245841891506821,
          53.268160479716066
        ]
      },
      "properties": {
        "confidence": 0.6782575845718384,
        "image": "DJI_20250701153204_0011_W.JPG"
      }
    },
    {
      "type": "Feature",
      "geometry": {
        "type": "Point",
        "coordinates": [
          -0.5246273579871328,
          53.26816837933906
        ]
      },
      "properties": {
        "confidence": 0.6642143130302429,
        "image": "DJI_20250701153204_0011_W.JPG"
      }
    },
    {
      "type": "Feature",
      "geometry": {
        "type": "Point",
        "coordinates": [
          -0.5245638817721393,
          53.2680956436695
        ]
      },
      "properties": {
        "confidence": 0.6451148390769958,
        "image": "DJI_20250701153204_0011_W.JPG"
      }
    },
    {
      "type": "Feature",
      "geometry": {
        "type": "Point",
        "coordinates": [
          -0.524298074630774,
          53.26813146525186
        ]
      },
      "properties": {
        "confidence": 0.6386373043060303,
        "image": "DJI_20250701153204_0011_W.JPG"
      }
    },
    {
      "type": "Feature",
      "geometry": {
        "type": "Point",
        "coordinates": [
          -0.5245705266669852,
          53.26812079723673
        ]
      },
      "properties": {
        "confidence": 0.621139645576477,
        "image": "DJI_20250701153204_0011_W.JPG"
      }
    },
    {
      "type": "Feature",
      "geometry": {
        "type": "Point",
        "coordinates": [
          -0.5245923080798988,
          53.26804999572948
        ]
      },
      "properties": {
        "confidence": 0.6147852540016174,
        "image": "DJI_20250701153204_0011_W.JPG"
      }
    },
    {
      "type": "Feature",
      "geometry": {
        "type": "Point",
        "coordinates": [
          -0.5242911330004155,
          53.26810555287658
        ]
      },
      "properties": {
        "confidence": 0.5857607126235962,
        "image": "DJI_20250701153204_0011_W.JPG"
      }
    },
    {
      "type": "Feature",
      "geometry": {
        "type": "Point",
        "coordinates": [
          -0.52452812288046,
          53.26811020392797
        ]
      },
      "properties": {
        "confidence": 0.5754467844963074,
        "image": "DJI_20250701153204_0011_W.JPG"
      }
    },
    {
      "type": "Feature",
      "geometry": {
        "type": "Point",
        "coordinates": [
          -0.5243235124902461,
          53.2680769416025
        ]
      },
      "properties": {
        "confidence": 0.5720472931861877,
        "image": "DJI_20250701153204_0011_W.JPG"
      }
    },
    {
      "type": "Feature",
      "geometry": {
        "type": "Point",
        "coordinates": [
          -0.5245572903113777,
          53.2680750870059
        ]
      },
      "properties": {
        "confidence": 0.5573080778121948,
        "image": "DJI_20250701153204_0011_W.JPG"
      }
    },
    {
      "type": "Feature",
      "geometry": {
        "type": "Point",
        "coordinates": [
          -0.5242455396793856,
          53.26807247355299
        ]
      },
      "properties": {
        "confidence": 0.5199002027511597,
        "image": "DJI_20250701153204_0011_W.JPG"
      }
    },
    {
      "type": "Feature",
      "geometry": {
        "type": "Point",
        "coordinates": [
          -0.5246108367396818,
          53.26813613061706
        ]
      },
      "properties": {
        "confidence": 0.9864656329154968,
        "image": "DJI_20250701153334_0045_W.JPG"
      }
    },
    {
      "type": "Feature",
      "geometry": {
        "type": "Point",
        "coordinates": [
          -0.5244138305769425,
          53.268127735489
        ]
      },
      "properties": {
        "confidence": 0.9829207062721252,
        "image": "DJI_20250701153334_0045_W.JPG"
      }
    },
    {
      "type": "Feature",
      "geometry": {
        "type": "Point",
        "coordinates": [
          -0.5245302196238567,
          53.26810466348847
        ]
      },
      "properties": {
        "confidence": 0.9719672203063965,
        "image": "DJI_20250701153334_0045_W.JPG"
      }
    },
    {
      "type": "Feature",
      "geometry": {
        "type": "Point",
        "coordinates": [
          -0.5244790243702614,
          53.268069451820644
        ]
      },
      "properties": {
        "confidence": 0.9700212478637695,
        "image": "DJI_20250701153334_0045_W.JPG"
      }
    },
    {
      "type": "Feature",
      "geometry": {
        "type": "Point",
        "coordinates": [
          -0.5245804658349125,
          53.26802300781305
        ]
      },
      "properties": {
        "confidence": 0.9692027568817139,
        "image": "DJI_20250701153334_0045_W.JPG"
      }
    },
    {
      "type": "Feature",
      "geometry": {
        "type": "Point",
        "coordinates": [
          -0.5244586411190507,
          53.2681500908787
        ]
      },
      "properties": {
        "confidence": 0.9575111865997314,
        "image": "DJI_20250701153334_0045_W.JPG"
      }
    },
    {
      "type": "Feature",
      "geometry": {
        "type": "Point",
        "coordinates": [
          -0.524477174291494,
          53.26805596179519
        ]
      },
      "properties": {
        "confidence": 0.9441569447517395,
        "image": "DJI_20250701153334_0045_W.JPG"
      }
    },
    {
      "type": "Feature",
      "geometry": {
        "type": "Point",
        "coordinates": [
          -0.5243134411338727,
          53.26805886937132
        ]
      },
      "properties": {
        "confidence": 0.9371920228004456,
        "image": "DJI_20250701153334_0045_W.JPG"
      }
    },
    {
      "type": "Feature",
      "geometry": {
        "type": "Point",
        "coordinates": [
          -0.5243287571578418,
          53.26812100722863
        ]
      },
      "properties": {
        "confidence": 0.92524653673172,
        "image": "DJI_20250701153334_0045_W.JPG"
      }
    },
    {
      "type": "Feature",
      "geometry": {
        "type": "Point",
        "coordinates": [
          -0.5243913443503428,
          53.2680521724196
        ]
      },
      "properties": {
        "confidence": 0.9177671074867249,
        "image": "DJI_20250701153334_0045_W.JPG"
      }
    },
    {
      "type": "Feature",
      "geometry": {
        "type": "Point",
        "coordinates": [
          -0.5244297255083513,
          53.26804846468482
        ]
      },
      "properties": {
        "confidence": 0.917742133140564,
        "image": "DJI_20250701153334_0045_W.JPG"
      }
    },
    {
      "type": "Feature",
      "geometry": {
        "type": "Point",
        "coordinates": [
          -0.524398317254702,
          53.268076795932615
        ]
      },
      "properties": {
        "confidence": 0.9127874374389648,
        "image": "DJI_20250701153334_0045_W.JPG"
      }
    },
    {
      "type": "Feature",
      "geometry": {
        "type": "Point",
        "coordinates": [
          -0.52452075374526,
          53.268092019890425
        ]
      },
      "properties": {
        "confidence": 0.9127635359764099,
        "image": "DJI_20250701153334_0045_W.JPG"
      }
    },
    {
      "type": "Feature",
      "geometry": {
        "type": "Point",
        "coordinates": [
          -0.5244962598482972,
          53.26813398645464
        ]
      },
      "properties": {
        "confidence": 0.912757158279419,
        "image": "DJI_20250701153334_0045_W.JPG"
      }
    },
    {
      "type": "Feature",
      "geometry": {
        "type": "Point",
        "coordinates": [
          -0.5243973956840833,
          53.26806949625745
        ]
      },
      "properties": {
        "confidence": 0.9126644134521484,
        "image": "DJI_20250701153334_0045_W.JPG"
      }
    },
    {
      "type": "Feature",
      "geometry": {
        "type": "Point",
        "coordinates": [
          -0.5243786911350286,
          53.26815846866501
        ]
      },
      "properties": {
        "confidence": 0.8968334794044495,
        "image": "DJI_20250701153334_0045_W.JPG"
      }
    },
    {
      "type": "Feature",
      "geometry": {
        "type": "Point",
        "coordinates": [
          -0.5246048837503337,
          53.26811122134919
        ]
      },
      "properties": {
        "confidence": 0.8922038674354553,
        "image": "DJI_20250701153334_0045_W.JPG"
      }
    },
    {
      "type": "Feature",
      "geometry": {
        "type": "Point",
        "coordinates": [
          -0.5243890890805829,
          53.268038352966144
        ]
      },
      "properties": {
        "confidence": 0.8905074596405029,
        "image": "DJI_20250701153334_0045_W.JPG"
      }
    },
    {
      "type": "Feature",
      "geometry": {
        "type": "Point",
        "coordinates": [
          -0.5245844373537562,
          53.26803508677007
        ]
      },
      "properties": {
        "confidence": 0.8823602795600891,
        "image": "DJI_20250701153334_0045_W.JPG"
      }
    },
    {
      "type": "Feature",
      "geometry": {
        "type": "Point",
        "coordinates": [
          -0.5243314708690419,
          53.268134781291764
        ]
      },
      "properties": {
        "confidence": 0.8801876306533813,
        "image": "DJI_20250701153334_0045_W.JPG"
      }
    },
    {
      "type": "Feature",
      "geometry": {
        "type": "Point",
        "coordinates": [
          -0.5244082562474404,
          53.26811553806688
        ]
      },
      "properties": {
        "confidence": 0.8765280842781067,
        "image": "DJI_20250701153334_0045_W.JPG"
      }
    },
    {
      "type": "Feature",
      "geometry": {
        "type": "Point",
        "coordinates": [
          -0.5244652915633341,
          53.26801870552131
        ]
      },
      "properties": {
        "confidence": 0.8709715008735657,
        "image": "DJI_20250701153334_0045_W.JPG"
      }
    },
    {
      "type": "Feature",
      "geometry": {
        "type": "Point",
        "coordinates": [
          -0.524531689402473,
          53.26811791400797
        ]
      },
      "properties": {
        "confidence": 0.8689547777175903,
        "image": "DJI_20250701153334_0045_W.JPG"
      }
    },
    {
      "type": "Feature",
      "geometry": {
        "type": "Point",
        "coordinates": [
          -0.5245645992631099,
          53.26810181387685
        ]
      },
      "properties": {
        "confidence": 0.8657193779945374,
        "image": "DJI_20250701153334_0045_W.JPG"
      }
    },
    {
      "type": "Feature",
      "geometry": {
        "type": "Point",
        "coordinates": [
          -0.5242491376922879,
          53.26812944467679
        ]
      },
      "properties": {
        "confidence": 0.8630630970001221,
        "image": "DJI_20250701153334_0045_W.JPG"
      }
    },
    {
      "type": "Feature",
      "geometry": {
        "type": "Point",
        "coordinates": [
          -0.5243496382258805,
          53.26804216661168
        ]
      },
      "properties": {
        "confidence": 0.8574016690254211,
        "image": "DJI_20250701153334_0045_W.JPG"
      }
    },
    {
      "type": "Feature",
      "geometry": {
        "type": "Point",
        "coordinates": [
          -0.5244405650709637,
          53.2680734444517
        ]
      },
      "properties": {
        "confidence": 0.8536295294761658,
        "image": "DJI_20250701153334_0045_W.JPG"
      }
    },
    {
      "type": "Feature",
      "geometry": {
        "type": "Point",
        "coordinates": [
          -0.5243973093862908,
          53.268062945360356
        ]
      },
      "properties": {
        "confidence": 0.8505196571350098,
        "image": "DJI_20250701153334_0045_W.JPG"
      }
    },
    {
      "type": "Feature",
      "geometry": {
        "type": "Point",
        "coordinates": [
          -0.5244881744030913,
          53.26810817968339
        ]
      },
      "properties": {
        "confidence": 0.8463860750198364,
        "image": "DJI_20250701153334_0045_W.JPG"
      }
    },
    {
      "type": "Feature",
      "geometry": {
        "type": "Point",
        "coordinates": [
          -0.524491751746724,
          53.26812223778421
        ]
      },
      "properties": {
        "confidence": 0.8437409400939941,
        "image": "DJI_20250701153334_0045_W.JPG"
      }
    },
    {
      "type": "Feature",
      "geometry": {
        "type": "Point",
        "coordinates": [
          -0.5243093949425047,
          53.268046520648134
        ]
      },
      "properties": {
        "confidence": 0.8356948494911194,
        "image": "DJI_20250701153334_0045_W.JPG"
      }
    },
    {
      "type": "Feature",
      "geometry": {
        "type": "Point",
        "coordinates": [
          -0.5243757997191736,
          53.268144619809924
        ]
      },
      "properties": {
        "confidence": 0.8157033324241638,
        "image": "DJI_20250701153334_0045_W.JPG"
      }
    },
    {
      "type": "Feature",
      "geometry": {
        "type": "Point",
        "coordinates": [
          -0.5242752376805191,
          53.268062651898056
        ]
      },
      "properties": {
        "confidence": 0.8145182132720947,
        "image": "DJI_20250701153334_0045_W.JPG"
      }
    },
    {
      "type": "Feature",
      "geometry": {
        "type": "Point",
        "coordinates": [
          -0.5245984260066274,
          53.26808562296508
        ]
      },
      "properties": {
        "confidence": 0.8118999600410461,
        "image": "DJI_20250701153334_0045_W.JPG"
      }
    },
    {
      "type": "Feature",
      "geometry": {
        "type": "Point",
        "coordinates": [
          -0.5243328827094722,
          53.268141016173786
        ]
      },
      "properties": {
        "confidence": 0.775359570980072,
        "image": "DJI_20250701153334_0045_W.JPG"
      }
    },
    {
      "type": "Feature",
      "geometry": {
        "type": "Point",
        "coordinates": [
          -0.5243590157450481,
          53.268081149110486
        ]
      },
      "properties": {
        "confidence": 0.7720245718955994,
        "image": "DJI_20250701153334_0045_W.JPG"
      }
    },
    {
      "type": "Feature",
      "geometry": {
        "type": "Point",
        "coordinates": [
          -0.5243620773185412,
          53.268092209523275
        ]
      },
      "properties": {
        "confidence": 0.758456289768219,
        "image": "DJI_20250701153334_0045_W.JPG"
      }
    },
    {
      "type": "Feature",
      "geometry": {
        "type": "Point",
        "coordinates": [
          -0.5244685736856349,
          53.26803112989503
        ]
      },
      "properties": {
        "confidence": 0.7551419734954834,
        "image": "DJI_20250701153334_0045_W.JPG"
      }
    },
    {
      "type": "Feature",
      "geometry": {
        "type": "Point",
        "coordinates": [
          -0.524521910161078,
          53.268078047418726
        ]
      },
      "properties": {
        "confidence": 0.7518137097358704,
        "image": "DJI_20250701153334_0045_W.JPG"
      }
    },
    {
      "type": "Feature",
      "geometry": {
        "type": "Point",
        "coordinates": [
          -0.5243395597830128,
          53.268160033400584
        ]
      },
      "properties": {
        "confidence": 0.7414200901985168,
        "image": "DJI_20250701153334_0045_W.JPG"
      }
    },
    {
      "type": "Feature",
      "geometry": {
        "type": "Point",
        "coordinates": [
          -0.5246132980737028,
          53.26814956012208
        ]
      },
      "properties": {
        "confidence": 0.7371423244476318,
        "image": "DJI_20250701153334_0045_W.JPG"
      }
    },
    {
      "type": "Feature",
      "geometry": {
        "type": "Point",
        "coordinates": [
          -0.5244543227687324,
          53.2681242806731
        ]
      },
      "properties": {
        "confidence": 0.7079691290855408,
        "image": "DJI_20250701153334_0045_W.JPG"
      }
    },
    {
      "type": "Feature",
      "geometry": {
        "type": "Point",
        "coordinates": [
          -0.524587716007292,
          53.26804806580623
        ]
      },
      "properties": {
        "confidence": 0.7048569321632385,
        "image": "DJI_20250701153334_0045_W.JPG"
      }
    },
    {
      "type": "Feature",
      "geometry": {
        "type": "Point",
        "coordinates": [
          -0.5245431820336736,
          53.26816056732234
        ]
      },
      "properties": {
        "confidence": 0.6942774653434753,
        "image": "DJI_20250701153334_0045_W.JPG"
      }
    },
    {
      "type": "Feature",
      "geometry": {
        "type": "Point",
        "coordinates": [
          -0.5243466617312065,
          53.268029711977746
        ]
      },
      "properties": {
        "confidence": 0.6908713579177856,
        "image": "DJI_20250701153334_0045_W.JPG"
      }
    },
    {
      "type": "Feature",
      "geometry": {
        "type": "Point",
        "coordinates": [
          -0.5242951493228271,
          53.26815103444113
        ]
      },
      "properties": {
        "confidence": 0.6900120973587036,
        "image": "DJI_20250701153334_0045_W.JPG"
      }
    },
    {
      "type": "Feature",
      "geometry": {
        "type": "Point",
        "coordinates": [
          -0.52431610506339,
          53.26807246359035
        ]
      },
      "properties": {
        "confidence": 0.6889970898628235,
        "image": "DJI_20250701153334_0045_W.JPG"
      }
    },
    {
      "type": "Feature",
      "geometry": {
        "type": "Point",
        "coordinates": [
          -0.5242354528385835,
          53.26806696054419
        ]
      },
      "properties": {
        "confidence": 0.6888530254364014,
        "image": "DJI_20250701153334_0045_W.JPG"
      }
    },
    {
      "type": "Feature",
      "geometry": {
        "type": "Point",
        "coordinates": [
          -0.524322317367447,
          53.26809660809146
        ]
      },
      "properties": {
        "confidence": 0.6881747245788574,
        "image": "DJI_20250701153334_0045_W.JPG"
      }
    },
    {
      "type": "Feature",
      "geometry": {
        "type": "Point",
        "coordinates": [
          -0.5245716931529113,
          53.26812744166258
        ]
      },
      "properties": {
        "confidence": 0.6858513355255127,
        "image": "DJI_20250701153334_0045_W.JPG"
      }
    },
    {
      "type": "Feature",
      "geometry": {
        "type": "Point",
        "coordinates": [
          -0.5243422202437652,
          53.268174182282046
        ]
      },
      "properties": {
        "confidence": 0.6823769807815552,
        "image": "DJI_20250701153334_0045_W.JPG"
      }
    },
    {
      "type": "Feature",
      "geometry": {
        "type": "Point",
        "coordinates": [
          -0.5243666317330322,
          53.26810469270025
        ]
      },
      "properties": {
        "confidence": 0.6703530550003052,
        "image": "DJI_20250701153334_0045_W.JPG"
      }
    },
    {
      "type": "Feature",
      "geometry": {
        "type": "Point",
        "coordinates": [
          -0.5244773069022042,
          53.26806324719884
        ]
      },
      "properties": {
        "confidence": 0.6466453671455383,
        "image": "DJI_20250701153334_0045_W.JPG"
      }
    },
    {
      "type": "Feature",
      "geometry": {
        "type": "Point",
        "coordinates": [
          -0.5244482638879753,
          53.268104093601
        ]
      },
      "properties": {
        "confidence": 0.6386311054229736,
        "image": "DJI_20250701153334_0045_W.JPG"
      }
    },
    {
      "type": "Feature",
      "geometry": {
        "type": "Point",
        "coordinates": [
          -0.5244500705131032,
          53.26811232189834
        ]
      },
      "properties": {
        "confidence": 0.6376393437385559,
        "image": "DJI_20250701153334_0045_W.JPG"
      }
    },
    {
      "type": "Feature",
      "geometry": {
        "type": "Point",
        "coordinates": [
          -0.5242866354360922,
          53.268112335980014
        ]
      },
      "properties": {
        "confidence": 0.634933590888977,
        "image": "DJI_20250701153334_0045_W.JPG"
      }
    },
    {
      "type": "Feature",
      "geometry": {
        "type": "Point",
        "coordinates": [
          -0.5244851909708872,
          53.268096834374326
        ]
      },
      "properties": {
        "confidence": 0.6178059577941895,
        "image": "DJI_20250701153334_0045_W.JPG"
      }
    },
    {
      "type": "Feature",
      "geometry": {
        "type": "Point",
        "coordinates": [
          -0.5243573301053622,
          53.26807392508586
        ]
      },
      "properties": {
        "confidence": 0.6144319772720337,
        "image": "DJI_20250701153334_0045_W.JPG"
      }
    },
    {
      "type": "Feature",
      "geometry": {
        "type": "Point",
        "coordinates": [
          -0.524330087388218,
          53.26812808166936
        ]
      },
      "properties": {
        "confidence": 0.6018230319023132,
        "image": "DJI_20250701153334_0045_W.JPG"
      }
    },
    {
      "type": "Feature",
      "geometry": {
        "type": "Point",
        "coordinates": [
          -0.5245142143914996,
          53.268067261065035
        ]
      },
      "properties": {
        "confidence": 0.5724458694458008,
        "image": "DJI_20250701153334_0045_W.JPG"
      }
    },
    {
      "type": "Feature",
      "geometry": {
        "type": "Point",
        "coordinates": [
          -0.5242931713210875,
          53.268137649467846
        ]
      },
      "properties": {
        "confidence": 0.5689699649810791,
        "image": "DJI_20250701153334_0045_W.JPG"
      }
    },
    {
      "type": "Feature",
      "geometry": {
        "type": "Point",
        "coordinates": [
          -0.5243638480370462,
          53.26809803932675
        ]
      },
      "properties": {
        "confidence": 0.5621949434280396,
        "image": "DJI_20250701153334_0045_W.JPG"
      }
    },
    {
      "type": "Feature",
      "geometry": {
        "type": "Point",
        "coordinates": [
          -0.5242987052443834,
          53.26816444795746
        ]
      },
      "properties": {
        "confidence": 0.5549489259719849,
        "image": "DJI_20250701153334_0045_W.JPG"
      }
    },
    {
      "type": "Feature",
      "geometry": {
        "type": "Point",
        "coordinates": [
          -0.5245680341992243,
          53.26811422312046
        ]
      },
      "properties": {
        "confidence": 0.5516802072525024,
        "image": "DJI_20250701153334_0045_W.JPG"
      }
    },
    {
      "type": "Feature",
      "geometry": {
        "type": "Point",
        "coordinates": [
          -0.5244325028762941,
          53.26806019994231
        ]
      },
      "properties": {
        "confidence": 0.5307602286338806,
        "image": "DJI_20250701153334_0045_W.JPG"
      }
    },
    {
      "type": "Feature",
      "geometry": {
        "type": "Point",
        "coordinates": [
          -0.5243358053442119,
          53.26814987306693
        ]
      },
      "properties": {
        "confidence": 0.5263185501098633,
        "image": "DJI_20250701153334_0045_W.JPG"
      }
    },
    {
      "type": "Feature",
      "geometry": {
        "type": "Point",
        "coordinates": [
          -0.5242708927990543,
          53.26804922411021
        ]
      },
      "properties": {
        "confidence": 0.5190069675445557,
        "image": "DJI_20250701153334_0045_W.JPG"
      }
    },
    {
      "type": "Feature",
      "geometry": {
        "type": "Point",
        "coordinates": [
          -0.5243531229436776,
          53.26805475569941
        ]
      },
      "properties": {
        "confidence": 0.5162352919578552,
        "image": "DJI_20250701153334_0045_W.JPG"
      }
    },
    {
      "type": "Feature",
      "geometry": {
        "type": "Point",
        "coordinates": [
          -0.5244542423776515,
          53.26813306535005
        ]
      },
      "properties": {
        "confidence": 0.5104498863220215,
        "image": "DJI_20250701153334_0045_W.JPG"
      }
    },
    {
      "type": "Feature",
      "geometry": {
        "type": "Point",
        "coordinates": [
          -0.5242779085475663,
          53.26807513679221
        ]
      },
      "properties": {
        "confidence": 0.5078118443489075,
        "image": "DJI_20250701153334_0045_W.JPG"
      }
    },
    {
      "type": "Feature",
      "geometry": {
        "type": "Point",
        "coordinates": [
          -0.524318868556273,
          53.2680864174976
        ]
      },
      "properties": {
        "confidence": 0.5022703409194946,
        "image": "DJI_20250701153334_0045_W.JPG"
      }
    },
    {
      "type": "Feature",
      "geometry": {
        "type": "Point",
        "coordinates": [
          -0.5243260365091118,
          53.26810834249037
        ]
      },
      "properties": {
        "confidence": 0.5020365715026855,
        "image": "DJI_20250701153334_0045_W.JPG"
      }
    },
    {
      "type": "Feature",
      "geometry": {
        "type": "Point",
        "coordinates": [
          -0.5245349182743261,
          53.26813071320002
        ]
      },
      "properties": {
        "confidence": 0.501506507396698,
        "image": "DJI_20250701153334_0045_W.JPG"
      }
    },
    {
      "type": "Feature",
      "geometry": {
        "type": "Point",
        "coordinates": [
          -0.5242466556708928,
          53.268092876267254
        ]
      },
      "properties": {
        "confidence": 0.9468618631362915,
        "image": "DJI_20250701153215_0015_W.JPG"
      }
    },
    {
      "type": "Feature",
      "geometry": {
        "type": "Point",
        "coordinates": [
          -0.5243478575352885,
          53.268186861087045
        ]
      },
      "properties": {
        "confidence": 0.9275346994400024,
        "image": "DJI_20250701153215_0015_W.JPG"
      }
    },
    {
      "type": "Feature",
      "geometry": {
        "type": "Point",
        "coordinates": [
          -0.5243339971619444,
          53.2681345132104
        ]
      },
      "properties": {
        "confidence": 0.874056339263916,
        "image": "DJI_20250701153215_0015_W.JPG"
      }
    },
    {
      "type": "Feature",
      "geometry": {
        "type": "Point",
        "coordinates": [
          -0.5243042419224362,
          53.268178006699486
        ]
      },
      "properties": {
        "confidence": 0.8655033111572266,
        "image": "DJI_20250701153215_0015_W.JPG"
      }
    },
    {
      "type": "Feature",
      "geometry": {
        "type": "Point",
        "coordinates": [
          -0.5242804585960543,
          53.26807556052001
        ]
      },
      "properties": {
        "confidence": 0.845928430557251,
        "image": "DJI_20250701153215_0015_W.JPG"
      }
    },
    {
      "type": "Feature",
      "geometry": {
        "type": "Point",
        "coordinates": [
          -0.5245579369893589,
          53.268088891009356
        ]
      },
      "properties": {
        "confidence": 0.8400536179542542,
        "image": "DJI_20250701153215_0015_W.JPG"
      }
    },
    {
      "type": "Feature",
      "geometry": {
        "type": "Point",
        "coordinates": [
          -0.5244077857697478,
          53.26810103259673
        ]
      },
      "properties": {
        "confidence": 0.8220552206039429,
        "image": "DJI_20250701153215_0015_W.JPG"
      }
    },
    {
      "type": "Feature",
      "geometry": {
        "type": "Point",
        "coordinates": [
          -0.5242781795376286,
          53.26806272156885
        ]
      },
      "properties": {
        "confidence": 0.8198961019515991,
        "image": "DJI_20250701153215_0015_W.JPG"
      }
    },
    {
      "type": "Feature",
      "geometry": {
        "type": "Point",
        "coordinates": [
          -0.5243398408372879,
          53.26816036229828
        ]
      },
      "properties": {
        "confidence": 0.8109254837036133,
        "image": "DJI_20250701153215_0015_W.JPG"
      }
    },
    {
      "type": "Feature",
      "geometry": {
        "type": "Point",
        "coordinates": [
          -0.5245691630327937,
          53.26812476014428
        ]
      },
      "properties": {
        "confidence": 0.810184895992279,
        "image": "DJI_20250701153215_0015_W.JPG"
      }
    },
    {
      "type": "Feature",
      "geometry": {
        "type": "Point",
        "coordinates": [
          -0.524620101661305,
          53.268159802561556
        ]
      },
      "properties": {
        "confidence": 0.7935270667076111,
        "image": "DJI_20250701153215_0015_W.JPG"
      }
    },
    {
      "type": "Feature",
      "geometry": {
        "type": "Point",
        "coordinates": [
          -0.5245776389088357,
          53.26815122180281
        ]
      },
      "properties": {
        "confidence": 0.7928878664970398,
        "image": "DJI_20250701153215_0015_W.JPG"
      }
    },
    {
      "type": "Feature",
      "geometry": {
        "type": "Point",
        "coordinates": [
          -0.5243806360685979,
          53.26815743035
        ]
      },
      "properties": {
        "confidence": 0.7925125360488892,
        "image": "DJI_20250701153215_0015_W.JPG"
      }
    },
    {
      "type": "Feature",
      "geometry": {
        "type": "Point",
        "coordinates": [
          -0.5242543915411376,
          53.268129853042645
        ]
      },
      "properties": {
        "confidence": 0.7904687523841858,
        "image": "DJI_20250701153215_0015_W.JPG"
      }
    },
    {
      "type": "Feature",
      "geometry": {
        "type": "Point",
        "coordinates": [
          -0.5242444784186576,
          53.26808048764863
        ]
      },
      "properties": {
        "confidence": 0.7623326182365417,
        "image": "DJI_20250701153215_0015_W.JPG"
      }
    },
    {
      "type": "Feature",
      "geometry": {
        "type": "Point",
        "coordinates": [
          -0.5243078683231909,
          53.268189911284615
        ]
      },
      "properties": {
        "confidence": 0.7409219145774841,
        "image": "DJI_20250701153215_0015_W.JPG"
      }
    },
    {
      "type": "Feature",
      "geometry": {
        "type": "Point",
        "coordinates": [
          -0.5242828598219089,
          53.268088939870225
        ]
      },
      "properties": {
        "confidence": 0.7020013928413391,
        "image": "DJI_20250701153215_0015_W.JPG"
      }
    },
    {
      "type": "Feature",
      "geometry": {
        "type": "Point",
        "coordinates": [
          -0.5246121769389374,
          53.26813302119652
        ]
      },
      "properties": {
        "confidence": 0.6895837783813477,
        "image": "DJI_20250701153215_0015_W.JPG"
      }
    },
    {
      "type": "Feature",
      "geometry": {
        "type": "Point",
        "coordinates": [
          -0.5243622175784023,
          53.268079404571026
        ]
      },
      "properties": {
        "confidence": 0.621648371219635,
        "image": "DJI_20250701153215_0015_W.JPG"
      }
    },
    {
      "type": "Feature",
      "geometry": {
        "type": "Point",
        "coordinates": [
          -0.5245808283912496,
          53.26801917236032
        ]
      },
      "properties": {
        "confidence": 0.6128944158554077,
        "image": "DJI_20250701153215_0015_W.JPG"
      }
    },
    {
      "type": "Feature",
      "geometry": {
        "type": "Point",
        "coordinates": [
          -0.5245951893652341,
          53.268070287488634
        ]
      },
      "properties": {
        "confidence": 0.6008093357086182,
        "image": "DJI_20250701153215_0015_W.JPG"
      }
    },
    {
      "type": "Feature",
      "geometry": {
        "type": "Point",
        "coordinates": [
          -0.5245878256270987,
          53.2680439193259
        ]
      },
      "properties": {
        "confidence": 0.5871787071228027,
        "image": "DJI_20250701153215_0015_W.JPG"
      }
    },
    {
      "type": "Feature",
      "geometry": {
        "type": "Point",
        "coordinates": [
          -0.5242922898756534,
          53.268125137659105
        ]
      },
      "properties": {
        "confidence": 0.5599201917648315,
        "image": "DJI_20250701153215_0015_W.JPG"
      }
    },
    {
      "type": "Feature",
      "geometry": {
        "type": "Point",
        "coordinates": [
          -0.524401551030145,
          53.26808172675188
        ]
      },
      "properties": {
        "confidence": 0.5572648644447327,
        "image": "DJI_20250701153215_0015_W.JPG"
      }
    },
    {
      "type": "Feature",
      "geometry": {
        "type": "Point",
        "coordinates": [
          -0.5243522476017861,
          53.26804150789523
        ]
      },
      "properties": {
        "confidence": 0.5499085187911987,
        "image": "DJI_20250701153215_0015_W.JPG"
      }
    },
    {
      "type": "Feature",
      "geometry": {
        "type": "Point",
        "coordinates": [
          -0.5245991666241321,
          53.26811186879703
        ]
      },
      "properties": {
        "confidence": 0.9776604175567627,
        "image": "DJI_20250701153247_0027_W.JPG"
      }
    },
    {
      "type": "Feature",
      "geometry": {
        "type": "Point",
        "coordinates": [
          -0.5245972663527209,
          53.26809878729563
        ]
      },
      "properties": {
        "confidence": 0.9692539572715759,
        "image": "DJI_20250701153247_0027_W.JPG"
      }
    },
    {
      "type": "Feature",
      "geometry": {
        "type": "Point",
        "coordinates": [
          -0.5245130872783079,
          53.26809185938276
        ]
      },
      "properties": {
        "confidence": 0.968903660774231,
        "image": "DJI_20250701153247_0027_W.JPG"
      }
    },
    {
      "type": "Feature",
      "geometry": {
        "type": "Point",
        "coordinates": [
          -0.524463943369209,
          53.268057096527485
        ]
      },
      "properties": {
        "confidence": 0.958792507648468,
        "image": "DJI_20250701153247_0027_W.JPG"
      }
    },
    {
      "type": "Feature",
      "geometry": {
        "type": "Point",
        "coordinates": [
          -0.5242848081772624,
          53.26813855378542
        ]
      },
      "properties": {
        "confidence": 0.9577524662017822,
        "image": "DJI_20250701153247_0027_W.JPG"
      }
    },
    {
      "type": "Feature",
      "geometry": {
        "type": "Point",
        "coordinates": [
          -0.5245806628331969,
          53.26803374606659
        ]
      },
      "properties": {
        "confidence": 0.9521055817604065,
        "image": "DJI_20250701153247_0027_W.JPG"
      }
    },
    {
      "type": "Feature",
      "geometry": {
        "type": "Point",
        "coordinates": [
          -0.524576673677228,
          53.26802168184094
        ]
      },
      "properties": {
        "confidence": 0.9513794779777527,
        "image": "DJI_20250701153247_0027_W.JPG"
      }
    },
    {
      "type": "Feature",
      "geometry": {
        "type": "Point",
        "coordinates": [
          -0.5242411370268865,
          53.268115536889304
        ]
      },
      "properties": {
        "confidence": 0.9405462741851807,
        "image": "DJI_20250701153247_0027_W.JPG"
      }
    },
    {
      "type": "Feature",
      "geometry": {
        "type": "Point",
        "coordinates": [
          -0.5242310473022695,
          53.268076873436456
        ]
      },
      "properties": {
        "confidence": 0.9364976286888123,
        "image": "DJI_20250701153247_0027_W.JPG"
      }
    },
    {
      "type": "Feature",
      "geometry": {
        "type": "Point",
        "coordinates": [
          -0.524557374713104,
          53.26810865403243
        ]
      },
      "properties": {
        "confidence": 0.9351696968078613,
        "image": "DJI_20250701153247_0027_W.JPG"
      }
    },
    {
      "type": "Feature",
      "geometry": {
        "type": "Point",
        "coordinates": [
          -0.5245477126597609,
          53.268077867110286
        ]
      },
      "properties": {
        "confidence": 0.9288802742958069,
        "image": "DJI_20250701153247_0027_W.JPG"
      }
    },
    {
      "type": "Feature",
      "geometry": {
        "type": "Point",
        "coordinates": [
          -0.5245602362354078,
          53.26811502189835
        ]
      },
      "properties": {
        "confidence": 0.9187650680541992,
        "image": "DJI_20250701153247_0027_W.JPG"
      }
    },
    {
      "type": "Feature",
      "geometry": {
        "type": "Point",
        "coordinates": [
          -0.5246102648273651,
          53.26815080918252
        ]
      },
      "properties": {
        "confidence": 0.89825838804245,
        "image": "DJI_20250701153247_0027_W.JPG"
      }
    },
    {
      "type": "Feature",
      "geometry": {
        "type": "Point",
        "coordinates": [
          -0.5245928739999396,
          53.26808574712807
        ]
      },
      "properties": {
        "confidence": 0.8819258809089661,
        "image": "DJI_20250701153247_0027_W.JPG"
      }
    },
    {
      "type": "Feature",
      "geometry": {
        "type": "Point",
        "coordinates": [
          -0.5245629301766284,
          53.268128767911314
        ]
      },
      "properties": {
        "confidence": 0.8745484352111816,
        "image": "DJI_20250701153247_0027_W.JPG"
      }
    },
    {
      "type": "Feature",
      "geometry": {
        "type": "Point",
        "coordinates": [
          -0.5242558537468439,
          53.26817992044292
        ]
      },
      "properties": {
        "confidence": 0.8574526906013489,
        "image": "DJI_20250701153247_0027_W.JPG"
      }
    },
    {
      "type": "Feature",
      "geometry": {
        "type": "Point",
        "coordinates": [
          -0.5245974373762022,
          53.2681050303675
        ]
      },
      "properties": {
        "confidence": 0.8294578194618225,
        "image": "DJI_20250701153247_0027_W.JPG"
      }
    },
    {
      "type": "Feature",
      "geometry": {
        "type": "Point",
        "coordinates": [
          -0.5242733324499891,
          53.268085749904564
        ]
      },
      "properties": {
        "confidence": 0.8219054937362671,
        "image": "DJI_20250701153247_0027_W.JPG"
      }
    },
    {
      "type": "Feature",
      "geometry": {
        "type": "Point",
        "coordinates": [
          -0.5245839393029588,
          53.26804670309095
        ]
      },
      "properties": {
        "confidence": 0.8206658363342285,
        "image": "DJI_20250701153247_0027_W.JPG"
      }
    },
    {
      "type": "Feature",
      "geometry": {
        "type": "Point",
        "coordinates": [
          -0.5245839427453568,
          53.268060324309864
        ]
      },
      "properties": {
        "confidence": 0.8105436563491821,
        "image": "DJI_20250701153247_0027_W.JPG"
      }
    },
    {
      "type": "Feature",
      "geometry": {
        "type": "Point",
        "coordinates": [
          -0.5242483505590442,
          53.268155196792485
        ]
      },
      "properties": {
        "confidence": 0.7881544232368469,
        "image": "DJI_20250701153247_0027_W.JPG"
      }
    },
    {
      "type": "Feature",
      "geometry": {
        "type": "Point",
        "coordinates": [
          -0.5244633625618665,
          53.26806469612554
        ]
      },
      "properties": {
        "confidence": 0.7707145810127258,
        "image": "DJI_20250701153247_0027_W.JPG"
      }
    },
    {
      "type": "Feature",
      "geometry": {
        "type": "Point",
        "coordinates": [
          -0.5243190760935683,
          53.26810830323173
        ]
      },
      "properties": {
        "confidence": 0.7669005393981934,
        "image": "DJI_20250701153247_0027_W.JPG"
      }
    },
    {
      "type": "Feature",
      "geometry": {
        "type": "Point",
        "coordinates": [
          -0.524585600291102,
          53.26805327158247
        ]
      },
      "properties": {
        "confidence": 0.7418186068534851,
        "image": "DJI_20250701153247_0027_W.JPG"
      }
    },
    {
      "type": "Feature",
      "geometry": {
        "type": "Point",
        "coordinates": [
          -0.5245323013661498,
          53.26802063325804
        ]
      },
      "properties": {
        "confidence": 0.7114017009735107,
        "image": "DJI_20250701153247_0027_W.JPG"
      }
    },
    {
      "type": "Feature",
      "geometry": {
        "type": "Point",
        "coordinates": [
          -0.5243995168207851,
          53.26813075544334
        ]
      },
      "properties": {
        "confidence": 0.6978856325149536,
        "image": "DJI_20250701153247_0027_W.JPG"
      }
    },
    {
      "type": "Feature",
      "geometry": {
        "type": "Point",
        "coordinates": [
          -0.5244798197575113,
          53.26811493257352
        ]
      },
      "properties": {
        "confidence": 0.6934627890586853,
        "image": "DJI_20250701153247_0027_W.JPG"
      }
    },
    {
      "type": "Feature",
      "geometry": {
        "type": "Point",
        "coordinates": [
          -0.5243134242282572,
          53.26808285990511
        ]
      },
      "properties": {
        "confidence": 0.6851751804351807,
        "image": "DJI_20250701153247_0027_W.JPG"
      }
    },
    {
      "type": "Feature",
      "geometry": {
        "type": "Point",
        "coordinates": [
          -0.5245734654672528,
          53.26800899475459
        ]
      },
      "properties": {
        "confidence": 0.669427216053009,
        "image": "DJI_20250701153247_0027_W.JPG"
      }
    },
    {
      "type": "Feature",
      "geometry": {
        "type": "Point",
        "coordinates": [
          -0.5244676621804,
          53.2680705657663
        ]
      },
      "properties": {
        "confidence": 0.6601094007492065,
        "image": "DJI_20250701153247_0027_W.JPG"
      }
    },
    {
      "type": "Feature",
      "geometry": {
        "type": "Point",
        "coordinates": [
          -0.5243209712013824,
          53.26810095290476
        ]
      },
      "properties": {
        "confidence": 0.6214569807052612,
        "image": "DJI_20250701153247_0027_W.JPG"
      }
    },
    {
      "type": "Feature",
      "geometry": {
        "type": "Point",
        "coordinates": [
          -0.5244575497025209,
          53.268031812334115
        ]
      },
      "properties": {
        "confidence": 0.6102294921875,
        "image": "DJI_20250701153247_0027_W.JPG"
      }
    },
    {
      "type": "Feature",
      "geometry": {
        "type": "Point",
        "coordinates": [
          -0.5242421034413761,
          53.268129255082194
        ]
      },
      "properties": {
        "confidence": 0.6047974824905396,
        "image": "DJI_20250701153247_0027_W.JPG"
      }
    },
    {
      "type": "Feature",
      "geometry": {
        "type": "Point",
        "coordinates": [
          -0.5242464211724629,
          53.26814138162561
        ]
      },
      "properties": {
        "confidence": 0.6014789342880249,
        "image": "DJI_20250701153247_0027_W.JPG"
      }
    },
    {
      "type": "Feature",
      "geometry": {
        "type": "Point",
        "coordinates": [
          -0.5244194193455137,
          53.26803627363313
        ]
      },
      "properties": {
        "confidence": 0.5741841197013855,
        "image": "DJI_20250701153247_0027_W.JPG"
      }
    },
    {
      "type": "Feature",
      "geometry": {
        "type": "Point",
        "coordinates": [
          -0.5243861926905329,
          53.26806569370588
        ]
      },
      "properties": {
        "confidence": 0.5708298087120056,
        "image": "DJI_20250701153247_0027_W.JPG"
      }
    },
    {
      "type": "Feature",
      "geometry": {
        "type": "Point",
        "coordinates": [
          -0.5246038356835991,
          53.26812414763755
        ]
      },
      "properties": {
        "confidence": 0.5681183934211731,
        "image": "DJI_20250701153247_0027_W.JPG"
      }
    },
    {
      "type": "Feature",
      "geometry": {
        "type": "Point",
        "coordinates": [
          -0.5245550010387539,
          53.26810297833963
        ]
      },
      "properties": {
        "confidence": 0.5604039430618286,
        "image": "DJI_20250701153247_0027_W.JPG"
      }
    },
    {
      "type": "Feature",
      "geometry": {
        "type": "Point",
        "coordinates": [
          -0.5245322705297808,
          53.26801308898312
        ]
      },
      "properties": {
        "confidence": 0.5482254028320312,
        "image": "DJI_20250701153247_0027_W.JPG"
      }
    },
    {
      "type": "Feature",
      "geometry": {
        "type": "Point",
        "coordinates": [
          -0.5244569245869648,
          53.268019443831264
        ]
      },
      "properties": {
        "confidence": 0.5431022644042969,
        "image": "DJI_20250701153247_0027_W.JPG"
      }
    },
    {
      "type": "Feature",
      "geometry": {
        "type": "Point",
        "coordinates": [
          -0.5245189923490133,
          53.268105314949295
        ]
      },
      "properties": {
        "confidence": 0.5386209487915039,
        "image": "DJI_20250701153247_0027_W.JPG"
      }
    },
    {
      "type": "Feature",
      "geometry": {
        "type": "Point",
        "coordinates": [
          -0.5242534619599403,
          53.268167987847455
        ]
      },
      "properties": {
        "confidence": 0.5356232523918152,
        "image": "DJI_20250701153247_0027_W.JPG"
      }
    },
    {
      "type": "Feature",
      "geometry": {
        "type": "Point",
        "coordinates": [
          -0.5245674135424586,
          53.26814216799621
        ]
      },
      "properties": {
        "confidence": 0.5339553356170654,
        "image": "DJI_20250701153247_0027_W.JPG"
      }
    },
    {
      "type": "Feature",
      "geometry": {
        "type": "Point",
        "coordinates": [
          -0.5246059872140648,
          53.268133893067386
        ]
      },
      "properties": {
        "confidence": 0.5334517955780029,
        "image": "DJI_20250701153247_0027_W.JPG"
      }
    },
    {
      "type": "Feature",
      "geometry": {
        "type": "Point",
        "coordinates": [
          -0.5245916763852887,
          53.26807297022088
        ]
      },
      "properties": {
        "confidence": 0.524344265460968,
        "image": "DJI_20250701153247_0027_W.JPG"
      }
    },
    {
      "type": "Feature",
      "geometry": {
        "type": "Point",
        "coordinates": [
          -0.5244414244444642,
          53.26812576841609
        ]
      },
      "properties": {
        "confidence": 0.5211622714996338,
        "image": "DJI_20250701153247_0027_W.JPG"
      }
    },
    {
      "type": "Feature",
      "geometry": {
        "type": "Point",
        "coordinates": [
          -0.5244941665935748,
          53.26801579918241
        ]
      },
      "properties": {
        "confidence": 0.5069593787193298,
        "image": "DJI_20250701153247_0027_W.JPG"
      }
    },
    {
      "type": "Feature",
      "geometry": {
        "type": "Point",
        "coordinates": [
          -0.524544582739019,
          53.268064252569005
        ]
      },
      "properties": {
        "confidence": 0.5022057890892029,
        "image": "DJI_20250701153247_0027_W.JPG"
      }
    },
    {
      "type": "Feature",
      "geometry": {
        "type": "Point",
        "coordinates": [
          -0.52437054346746,
          53.268038479194004
        ]
      },
      "properties": {
        "confidence": 0.942208468914032,
        "image": "DJI_20250701153140_0002_W.JPG"
      }
    },
    {
      "type": "Feature",
      "geometry": {
        "type": "Point",
        "coordinates": [
          -0.524386202946746,
          53.268116451725994
        ]
      },
      "properties": {
        "confidence": 0.9335066080093384,
        "image": "DJI_20250701153140_0002_W.JPG"
      }
    },
    {
      "type": "Feature",
      "geometry": {
        "type": "Point",
        "coordinates": [
          -0.5245877905215838,
          53.26812429200128
        ]
      },
      "properties": {
        "confidence": 0.8815441131591797,
        "image": "DJI_20250701153140_0002_W.JPG"
      }
    },
    {
      "type": "Feature",
      "geometry": {
        "type": "Point",
        "coordinates": [
          -0.5243146548534158,
          53.26814921205149
        ]
      },
      "properties": {
        "confidence": 0.8037044405937195,
        "image": "DJI_20250701153140_0002_W.JPG"
      }
    },
    {
      "type": "Feature",
      "geometry": {
        "type": "Point",
        "coordinates": [
          -0.5242996667880719,
          53.268050660967766
        ]
      },
      "properties": {
        "confidence": 0.7721889019012451,
        "image": "DJI_20250701153140_0002_W.JPG"
      }
    },
    {
      "type": "Feature",
      "geometry": {
        "type": "Point",
        "coordinates": [
          -0.5244325557732372,
          53.2681374866031
        ]
      },
      "properties": {
        "confidence": 0.7329829335212708,
        "image": "DJI_20250701153140_0002_W.JPG"
      }
    },
    {
      "type": "Feature",
      "geometry": {
        "type": "Point",
        "coordinates": [
          -0.5243735317373621,
          53.26805607373255
        ]
      },
      "properties": {
        "confidence": 0.7269837260246277,
        "image": "DJI_20250701153140_0002_W.JPG"
      }
    },
    {
      "type": "Feature",
      "geometry": {
        "type": "Point",
        "coordinates": [
          -0.5243002676876448,
          53.26808171228441
        ]
      },
      "properties": {
        "confidence": 0.6496843695640564,
        "image": "DJI_20250701153140_0002_W.JPG"
      }
    },
    {
      "type": "Feature",
      "geometry": {
        "type": "Point",
        "coordinates": [
          -0.5244158763765221,
          53.26806696365242
        ]
      },
      "properties": {
        "confidence": 0.6341089010238647,
        "image": "DJI_20250701153140_0002_W.JPG"
      }
    },
    {
      "type": "Feature",
      "geometry": {
        "type": "Point",
        "coordinates": [
          -0.5243556435690928,
          53.26815966670323
        ]
      },
      "properties": {
        "confidence": 0.6196149587631226,
        "image": "DJI_20250701153140_0002_W.JPG"
      }
    },
    {
      "type": "Feature",
      "geometry": {
        "type": "Point",
        "coordinates": [
          -0.524578882619261,
          53.26808861939055
        ]
      },
      "properties": {
        "confidence": 0.5661293268203735,
        "image": "DJI_20250701153140_0002_W.JPG"
      }
    },
    {
      "type": "Feature",
      "geometry": {
        "type": "Point",
        "coordinates": [
          -0.5243780016447819,
          53.26807722141941
        ]
      },
      "properties": {
        "confidence": 0.5464934706687927,
        "image": "DJI_20250701153140_0002_W.JPG"
      }
    },
    {
      "type": "Feature",
      "geometry": {
        "type": "Point",
        "coordinates": [
          -0.5245714928787396,
          53.26806054570514
        ]
      },
      "properties": {
        "confidence": 0.5188894867897034,
        "image": "DJI_20250701153140_0002_W.JPG"
      }
    },
    {
      "type": "Feature",
      "geometry": {
        "type": "Point",
        "coordinates": [
          -0.5245963150053616,
          53.26802741626896
        ]
      },
      "properties": {
        "confidence": 0.9759379029273987,
        "image": "DJI_20250701153305_0034_W.JPG"
      }
    },
    {
      "type": "Feature",
      "geometry": {
        "type": "Point",
        "coordinates": [
          -0.5246020035851978,
          53.26803930187356
        ]
      },
      "properties": {
        "confidence": 0.9687308073043823,
        "image": "DJI_20250701153305_0034_W.JPG"
      }
    },
    {
      "type": "Feature",
      "geometry": {
        "type": "Point",
        "coordinates": [
          -0.5244090851474295,
          53.268086336427245
        ]
      },
      "properties": {
        "confidence": 0.9148489832878113,
        "image": "DJI_20250701153305_0034_W.JPG"
      }
    },
    {
      "type": "Feature",
      "geometry": {
        "type": "Point",
        "coordinates": [
          -0.5245848938502037,
          53.2681210680988
        ]
      },
      "properties": {
        "confidence": 0.9128772616386414,
        "image": "DJI_20250701153305_0034_W.JPG"
      }
    },
    {
      "type": "Feature",
      "geometry": {
        "type": "Point",
        "coordinates": [
          -0.5244771524117329,
          53.26803919985258
        ]
      },
      "properties": {
        "confidence": 0.9060531854629517,
        "image": "DJI_20250701153305_0034_W.JPG"
      }
    },
    {
      "type": "Feature",
      "geometry": {
        "type": "Point",
        "coordinates": [
          -0.5245812186528025,
          53.2681083125687
        ]
      },
      "properties": {
        "confidence": 0.8908540606498718,
        "image": "DJI_20250701153305_0034_W.JPG"
      }
    },
    {
      "type": "Feature",
      "geometry": {
        "type": "Point",
        "coordinates": [
          -0.5245326712546466,
          53.268085517147625
        ]
      },
      "properties": {
        "confidence": 0.8822111487388611,
        "image": "DJI_20250701153305_0034_W.JPG"
      }
    },
    {
      "type": "Feature",
      "geometry": {
        "type": "Point",
        "coordinates": [
          -0.5244226931208065,
          53.268137341422616
        ]
      },
      "properties": {
        "confidence": 0.8516088724136353,
        "image": "DJI_20250701153305_0034_W.JPG"
      }
    },
    {
      "type": "Feature",
      "geometry": {
        "type": "Point",
        "coordinates": [
          -0.5244301640906229,
          53.26816348540571
        ]
      },
      "properties": {
        "confidence": 0.8500118255615234,
        "image": "DJI_20250701153305_0034_W.JPG"
      }
    },
    {
      "type": "Feature",
      "geometry": {
        "type": "Point",
        "coordinates": [
          -0.5245263633701946,
          53.268060576188155
        ]
      },
      "properties": {
        "confidence": 0.8424068093299866,
        "image": "DJI_20250701153305_0034_W.JPG"
      }
    },
    {
      "type": "Feature",
      "geometry": {
        "type": "Point",
        "coordinates": [
          -0.5244068382560668,
          53.26808026132595
        ]
      },
      "properties": {
        "confidence": 0.8391216993331909,
        "image": "DJI_20250701153305_0034_W.JPG"
      }
    },
    {
      "type": "Feature",
      "geometry": {
        "type": "Point",
        "coordinates": [
          -0.5245028850655129,
          53.268121985153904
        ]
      },
      "properties": {
        "confidence": 0.8355231285095215,
        "image": "DJI_20250701153305_0034_W.JPG"
      }
    },
    {
      "type": "Feature",
      "geometry": {
        "type": "Point",
        "coordinates": [
          -0.5244609052959682,
          53.268126311184005
        ]
      },
      "properties": {
        "confidence": 0.8163390159606934,
        "image": "DJI_20250701153305_0034_W.JPG"
      }
    },
    {
      "type": "Feature",
      "geometry": {
        "type": "Point",
        "coordinates": [
          -0.5245189785253883,
          53.26803488429284
        ]
      },
      "properties": {
        "confidence": 0.8145520687103271,
        "image": "DJI_20250701153305_0034_W.JPG"
      }
    },
    {
      "type": "Feature",
      "geometry": {
        "type": "Point",
        "coordinates": [
          -0.5244470589108204,
          53.268075688799584
        ]
      },
      "properties": {
        "confidence": 0.8140475153923035,
        "image": "DJI_20250701153305_0034_W.JPG"
      }
    },
    {
      "type": "Feature",
      "geometry": {
        "type": "Point",
        "coordinates": [
          -0.5245281492938892,
          53.268066682700535
        ]
      },
      "properties": {
        "confidence": 0.7867301106452942,
        "image": "DJI_20250701153305_0034_W.JPG"
      }
    },
    {
      "type": "Feature",
      "geometry": {
        "type": "Point",
        "coordinates": [
          -0.5245498677267428,
          53.2681382010341
        ]
      },
      "properties": {
        "confidence": 0.7775433659553528,
        "image": "DJI_20250701153305_0034_W.JPG"
      }
    },
    {
      "type": "Feature",
      "geometry": {
        "type": "Point",
        "coordinates": [
          -0.5244700257585918,
          53.2681586625674
        ]
      },
      "properties": {
        "confidence": 0.7710549235343933,
        "image": "DJI_20250701153305_0034_W.JPG"
      }
    },
    {
      "type": "Feature",
      "geometry": {
        "type": "Point",
        "coordinates": [
          -0.5244146777965694,
          53.268112425219556
        ]
      },
      "properties": {
        "confidence": 0.7708981037139893,
        "image": "DJI_20250701153305_0034_W.JPG"
      }
    },
    {
      "type": "Feature",
      "geometry": {
        "type": "Point",
        "coordinates": [
          -0.5244752521849961,
          53.26802595700793
        ]
      },
      "properties": {
        "confidence": 0.7593672871589661,
        "image": "DJI_20250701153305_0034_W.JPG"
      }
    },
    {
      "type": "Feature",
      "geometry": {
        "type": "Point",
        "coordinates": [
          -0.5243648992084979,
          53.268078264781785
        ]
      },
      "properties": {
        "confidence": 0.7459682822227478,
        "image": "DJI_20250701153305_0034_W.JPG"
      }
    },
    {
      "type": "Feature",
      "geometry": {
        "type": "Point",
        "coordinates": [
          -0.5245043319656822,
          53.268129580228624
        ]
      },
      "properties": {
        "confidence": 0.7459506392478943,
        "image": "DJI_20250701153305_0034_W.JPG"
      }
    },
    {
      "type": "Feature",
      "geometry": {
        "type": "Point",
        "coordinates": [
          -0.5245740624140806,
          53.26809689333793
        ]
      },
      "properties": {
        "confidence": 0.7203748822212219,
        "image": "DJI_20250701153305_0034_W.JPG"
      }
    },
    {
      "type": "Feature",
      "geometry": {
        "type": "Point",
        "coordinates": [
          -0.5245833291132778,
          53.26811448855791
        ]
      },
      "properties": {
        "confidence": 0.7111185193061829,
        "image": "DJI_20250701153305_0034_W.JPG"
      }
    },
    {
      "type": "Feature",
      "geometry": {
        "type": "Point",
        "coordinates": [
          -0.5244114463418343,
          53.268099547860814
        ]
      },
      "properties": {
        "confidence": 0.6929994821548462,
        "image": "DJI_20250701153305_0034_W.JPG"
      }
    },
    {
      "type": "Feature",
      "geometry": {
        "type": "Point",
        "coordinates": [
          -0.5245966057042303,
          53.268161302934615
        ]
      },
      "properties": {
        "confidence": 0.6801654696464539,
        "image": "DJI_20250701153305_0034_W.JPG"
      }
    },
    {
      "type": "Feature",
      "geometry": {
        "type": "Point",
        "coordinates": [
          -0.5243673169807519,
          53.26808441983028
        ]
      },
      "properties": {
        "confidence": 0.673786997795105,
        "image": "DJI_20250701153305_0034_W.JPG"
      }
    },
    {
      "type": "Feature",
      "geometry": {
        "type": "Point",
        "coordinates": [
          -0.5245396654009218,
          53.26811242635261
        ]
      },
      "properties": {
        "confidence": 0.6734491586685181,
        "image": "DJI_20250701153305_0034_W.JPG"
      }
    },
    {
      "type": "Feature",
      "geometry": {
        "type": "Point",
        "coordinates": [
          -0.5244993984175748,
          53.268068550240436
        ]
      },
      "properties": {
        "confidence": 0.6027512550354004,
        "image": "DJI_20250701153305_0034_W.JPG"
      }
    },
    {
      "type": "Feature",
      "geometry": {
        "type": "Point",
        "coordinates": [
          -0.5244181648880771,
          53.26812501038491
        ]
      },
      "properties": {
        "confidence": 0.5937647223472595,
        "image": "DJI_20250701153305_0034_W.JPG"
      }
    },
    {
      "type": "Feature",
      "geometry": {
        "type": "Point",
        "coordinates": [
          -0.5244367966952207,
          53.26804469749523
        ]
      },
      "properties": {
        "confidence": 0.5734187960624695,
        "image": "DJI_20250701153305_0034_W.JPG"
      }
    },
    {
      "type": "Feature",
      "geometry": {
        "type": "Point",
        "coordinates": [
          -0.5244412215779379,
          53.268056486027604
        ]
      },
      "properties": {
        "confidence": 0.5659580230712891,
        "image": "DJI_20250701153305_0034_W.JPG"
      }
    },
    {
      "type": "Feature",
      "geometry": {
        "type": "Point",
        "coordinates": [
          -0.5243792051921851,
          53.26812803152676
        ]
      },
      "properties": {
        "confidence": 0.5637907385826111,
        "image": "DJI_20250701153305_0034_W.JPG"
      }
    },
    {
      "type": "Feature",
      "geometry": {
        "type": "Point",
        "coordinates": [
          -0.5245542630238793,
          53.26801910762089
        ]
      },
      "properties": {
        "confidence": 0.5600679516792297,
        "image": "DJI_20250701153305_0034_W.JPG"
      }
    },
    {
      "type": "Feature",
      "geometry": {
        "type": "Point",
        "coordinates": [
          -0.5244047953264708,
          53.26807362277859
        ]
      },
      "properties": {
        "confidence": 0.5266271233558655,
        "image": "DJI_20250701153305_0034_W.JPG"
      }
    },
    {
      "type": "Feature",
      "geometry": {
        "type": "Point",
        "coordinates": [
          -0.5243424958461945,
          53.26818822120465
        ]
      },
      "properties": {
        "confidence": 0.9900796413421631,
        "image": "DJI_20250701153202_0010_W.JPG"
      }
    },
    {
      "type": "Feature",
      "geometry": {
        "type": "Point",
        "coordinates": [
          -0.5243325853799041,
          53.268162979409894
        ]
      },
      "properties": {
        "confidence": 0.9871597290039062,
        "image": "DJI_20250701153202_0010_W.JPG"
      }
    },
    {
      "type": "Feature",
      "geometry": {
        "type": "Point",
        "coordinates": [
          -0.5243297141203378,
          53.26815106262887
        ]
      },
      "properties": {
        "confidence": 0.9863842129707336,
        "image": "DJI_20250701153202_0010_W.JPG"
      }
    },
    {
      "type": "Feature",
      "geometry": {
        "type": "Point",
        "coordinates": [
          -0.5243222049391647,
          53.26812460500137
        ]
      },
      "properties": {
        "confidence": 0.9852882027626038,
        "image": "DJI_20250701153202_0010_W.JPG"
      }
    },
    {
      "type": "Feature",
      "geometry": {
        "type": "Point",
        "coordinates": [
          -0.5243690501545318,
          53.2681480818381
        ]
      },
      "properties": {
        "confidence": 0.9852060675621033,
        "image": "DJI_20250701153202_0010_W.JPG"
      }
    },
    {
      "type": "Feature",
      "geometry": {
        "type": "Point",
        "coordinates": [
          -0.5243467255200829,
          53.268069345117645
        ]
      },
      "properties": {
        "confidence": 0.9831305742263794,
        "image": "DJI_20250701153202_0010_W.JPG"
      }
    },
    {
      "type": "Feature",
      "geometry": {
        "type": "Point",
        "coordinates": [
          -0.5243144364204733,
          53.26810024908354
        ]
      },
      "properties": {
        "confidence": 0.9790974259376526,
        "image": "DJI_20250701153202_0010_W.JPG"
      }
    },
    {
      "type": "Feature",
      "geometry": {
        "type": "Point",
        "coordinates": [
          -0.5243614250253186,
          53.26812126068945
        ]
      },
      "properties": {
        "confidence": 0.9736277461051941,
        "image": "DJI_20250701153202_0010_W.JPG"
      }
    },
    {
      "type": "Feature",
      "geometry": {
        "type": "Point",
        "coordinates": [
          -0.5243094154854476,
          53.268072848264175
        ]
      },
      "properties": {
        "confidence": 0.9686329960823059,
        "image": "DJI_20250701153202_0010_W.JPG"
      }
    },
    {
      "type": "Feature",
      "geometry": {
        "type": "Point",
        "coordinates": [
          -0.5243367595093502,
          53.26817606617171
        ]
      },
      "properties": {
        "confidence": 0.9569956064224243,
        "image": "DJI_20250701153202_0010_W.JPG"
      }
    },
    {
      "type": "Feature",
      "geometry": {
        "type": "Point",
        "coordinates": [
          -0.5243263790686108,
          53.26813769176319
        ]
      },
      "properties": {
        "confidence": 0.9554705619812012,
        "image": "DJI_20250701153202_0010_W.JPG"
      }
    },
    {
      "type": "Feature",
      "geometry": {
        "type": "Point",
        "coordinates": [
          -0.5243727513446713,
          53.2681606574326
        ]
      },
      "properties": {
        "confidence": 0.9436384439468384,
        "image": "DJI_20250701153202_0010_W.JPG"
      }
    },
    {
      "type": "Feature",
      "geometry": {
        "type": "Point",
        "coordinates": [
          -0.5243750062754529,
          53.26817452827715
        ]
      },
      "properties": {
        "confidence": 0.9321789741516113,
        "image": "DJI_20250701153202_0010_W.JPG"
      }
    },
    {
      "type": "Feature",
      "geometry": {
        "type": "Point",
        "coordinates": [
          -0.524340856360192,
          53.26804317131947
        ]
      },
      "properties": {
        "confidence": 0.9209172129631042,
        "image": "DJI_20250701153202_0010_W.JPG"
      }
    },
    {
      "type": "Feature",
      "geometry": {
        "type": "Point",
        "coordinates": [
          -0.5243895018613259,
          53.26807812199877
        ]
      },
      "properties": {
        "confidence": 0.9167163372039795,
        "image": "DJI_20250701153202_0010_W.JPG"
      }
    },
    {
      "type": "Feature",
      "geometry": {
        "type": "Point",
        "coordinates": [
          -0.5243183786538391,
          53.26811260880304
        ]
      },
      "properties": {
        "confidence": 0.9064598679542542,
        "image": "DJI_20250701153202_0010_W.JPG"
      }
    },
    {
      "type": "Feature",
      "geometry": {
        "type": "Point",
        "coordinates": [
          -0.5243790156299847,
          53.26818612683989
        ]
      },
      "properties": {
        "confidence": 0.9016271233558655,
        "image": "DJI_20250701153202_0010_W.JPG"
      }
    },
    {
      "type": "Feature",
      "geometry": {
        "type": "Point",
        "coordinates": [
          -0.5243126544289984,
          53.26808688940631
        ]
      },
      "properties": {
        "confidence": 0.8839724659919739,
        "image": "DJI_20250701153202_0010_W.JPG"
      }
    },
    {
      "type": "Feature",
      "geometry": {
        "type": "Point",
        "coordinates": [
          -0.524306341316811,
          53.26806029532111
        ]
      },
      "properties": {
        "confidence": 0.855981171131134,
        "image": "DJI_20250701153202_0010_W.JPG"
      }
    },
    {
      "type": "Feature",
      "geometry": {
        "type": "Point",
        "coordinates": [
          -0.5245837808103223,
          53.268073664233206
        ]
      },
      "properties": {
        "confidence": 0.8342419266700745,
        "image": "DJI_20250701153202_0010_W.JPG"
      }
    },
    {
      "type": "Feature",
      "geometry": {
        "type": "Point",
        "coordinates": [
          -0.524399564990527,
          53.26811841635639
        ]
      },
      "properties": {
        "confidence": 0.7935452461242676,
        "image": "DJI_20250701153202_0010_W.JPG"
      }
    },
    {
      "type": "Feature",
      "geometry": {
        "type": "Point",
        "coordinates": [
          -0.5243644030857791,
          53.268134483908966
        ]
      },
      "properties": {
        "confidence": 0.7740352153778076,
        "image": "DJI_20250701153202_0010_W.JPG"
      }
    },
    {
      "type": "Feature",
      "geometry": {
        "type": "Point",
        "coordinates": [
          -0.5243021671873649,
          53.268047208559295
        ]
      },
      "properties": {
        "confidence": 0.765465259552002,
        "image": "DJI_20250701153202_0010_W.JPG"
      }
    },
    {
      "type": "Feature",
      "geometry": {
        "type": "Point",
        "coordinates": [
          -0.524404929132957,
          53.26813814884239
        ]
      },
      "properties": {
        "confidence": 0.6851850152015686,
        "image": "DJI_20250701153202_0010_W.JPG"
      }
    },
    {
      "type": "Feature",
      "geometry": {
        "type": "Point",
        "coordinates": [
          -0.5243543308094321,
          53.26809513246868
        ]
      },
      "properties": {
        "confidence": 0.6516938805580139,
        "image": "DJI_20250701153202_0010_W.JPG"
      }
    },
    {
      "type": "Feature",
      "geometry": {
        "type": "Point",
        "coordinates": [
          -0.5243397673748073,
          53.26786292673777
        ]
      },
      "properties": {
        "confidence": 0.5806207656860352,
        "image": "DJI_20250701153202_0010_W.JPG"
      }
    },
    {
      "type": "Feature",
      "geometry": {
        "type": "Point",
        "coordinates": [
          -0.524580894284465,
          53.26806024219589
        ]
      },
      "properties": {
        "confidence": 0.575135350227356,
        "image": "DJI_20250701153202_0010_W.JPG"
      }
    },
    {
      "type": "Feature",
      "geometry": {
        "type": "Point",
        "coordinates": [
          -0.5244027169730477,
          53.26813218485765
        ]
      },
      "properties": {
        "confidence": 0.5586919784545898,
        "image": "DJI_20250701153202_0010_W.JPG"
      }
    },
    {
      "type": "Feature",
      "geometry": {
        "type": "Point",
        "coordinates": [
          -0.5245823207671021,
          53.268067143503735
        ]
      },
      "properties": {
        "confidence": 0.5560849905014038,
        "image": "DJI_20250701153202_0010_W.JPG"
      }
    },
    {
      "type": "Feature",
      "geometry": {
        "type": "Point",
        "coordinates": [
          -0.5245962696380776,
          53.26811330509703
        ]
      },
      "properties": {
        "confidence": 0.5510085225105286,
        "image": "DJI_20250701153202_0010_W.JPG"
      }
    },
    {
      "type": "Feature",
      "geometry": {
        "type": "Point",
        "coordinates": [
          -0.5245968036425486,
          53.26811983728949
        ]
      },
      "properties": {
        "confidence": 0.5217004418373108,
        "image": "DJI_20250701153202_0010_W.JPG"
      }
    },
    {
      "type": "Feature",
      "geometry": {
        "type": "Point",
        "coordinates": [
          -0.5243989093673881,
          53.26816858031879
        ]
      },
      "properties": {
        "confidence": 0.9894885420799255,
        "image": "DJI_20250701153148_0005_W.JPG"
      }
    },
    {
      "type": "Feature",
      "geometry": {
        "type": "Point",
        "coordinates": [
          -0.5243901384361889,
          53.26812958184404
        ]
      },
      "properties": {
        "confidence": 0.9831281900405884,
        "image": "DJI_20250701153148_0005_W.JPG"
      }
    },
    {
      "type": "Feature",
      "geometry": {
        "type": "Point",
        "coordinates": [
          -0.524344640538279,
          53.26810690806353
        ]
      },
      "properties": {
        "confidence": 0.9773334264755249,
        "image": "DJI_20250701153148_0005_W.JPG"
      }
    },
    {
      "type": "Feature",
      "geometry": {
        "type": "Point",
        "coordinates": [
          -0.5243192661040881,
          53.26816256088542
        ]
      },
      "properties": {
        "confidence": 0.956213653087616,
        "image": "DJI_20250701153148_0005_W.JPG"
      }
    },
    {
      "type": "Feature",
      "geometry": {
        "type": "Point",
        "coordinates": [
          -0.5243102068417325,
          53.2681379430098
        ]
      },
      "properties": {
        "confidence": 0.9289019703865051,
        "image": "DJI_20250701153148_0005_W.JPG"
      }
    },
    {
      "type": "Feature",
      "geometry": {
        "type": "Point",
        "coordinates": [
          -0.5243815207094565,
          53.2680905701656
        ]
      },
      "properties": {
        "confidence": 0.916118323802948,
        "image": "DJI_20250701153148_0005_W.JPG"
      }
    },
    {
      "type": "Feature",
      "geometry": {
        "type": "Point",
        "coordinates": [
          -0.5243689667537282,
          53.26803781804734
        ]
      },
      "properties": {
        "confidence": 0.8936304450035095,
        "image": "DJI_20250701153148_0005_W.JPG"
      }
    },
    {
      "type": "Feature",
      "geometry": {
        "type": "Point",
        "coordinates": [
          -0.5243420168315844,
          53.268093422602156
        ]
      },
      "properties": {
        "confidence": 0.7977793216705322,
        "image": "DJI_20250701153148_0005_W.JPG"
      }
    },
    {
      "type": "Feature",
      "geometry": {
        "type": "Point",
        "coordinates": [
          -0.5243603887282646,
          53.2681722682568
        ]
      },
      "properties": {
        "confidence": 0.7847685217857361,
        "image": "DJI_20250701153148_0005_W.JPG"
      }
    },
    {
      "type": "Feature",
      "geometry": {
        "type": "Point",
        "coordinates": [
          -0.5243733383835979,
          53.26806504849622
        ]
      },
      "properties": {
        "confidence": 0.7836843132972717,
        "image": "DJI_20250701153148_0005_W.JPG"
      }
    },
    {
      "type": "Feature",
      "geometry": {
        "type": "Point",
        "coordinates": [
          -0.5243574780283224,
          53.26816018789005
        ]
      },
      "properties": {
        "confidence": 0.7662235498428345,
        "image": "DJI_20250701153148_0005_W.JPG"
      }
    },
    {
      "type": "Feature",
      "geometry": {
        "type": "Point",
        "coordinates": [
          -0.5243155253698643,
          53.26814963181352
        ]
      },
      "properties": {
        "confidence": 0.7521030902862549,
        "image": "DJI_20250701153148_0005_W.JPG"
      }
    },
    {
      "type": "Feature",
      "geometry": {
        "type": "Point",
        "coordinates": [
          -0.5243074093619071,
          53.26812373633249
        ]
      },
      "properties": {
        "confidence": 0.7401955723762512,
        "image": "DJI_20250701153148_0005_W.JPG"
      }
    },
    {
      "type": "Feature",
      "geometry": {
        "type": "Point",
        "coordinates": [
          -0.5244362068616616,
          53.26815137823818
        ]
      },
      "properties": {
        "confidence": 0.7341282367706299,
        "image": "DJI_20250701153148_0005_W.JPG"
      }
    },
    {
      "type": "Feature",
      "geometry": {
        "type": "Point",
        "coordinates": [
          -0.5245720661140321,
          53.268060344698306
        ]
      },
      "properties": {
        "confidence": 0.7178999185562134,
        "image": "DJI_20250701153148_0005_W.JPG"
      }
    },
    {
      "type": "Feature",
      "geometry": {
        "type": "Point",
        "coordinates": [
          -0.5243778462931343,
          53.268077267282045
        ]
      },
      "properties": {
        "confidence": 0.7177044153213501,
        "image": "DJI_20250701153148_0005_W.JPG"
      }
    },
    {
      "type": "Feature",
      "geometry": {
        "type": "Point",
        "coordinates": [
          -0.5242942852484782,
          53.26804719912685
        ]
      },
      "properties": {
        "confidence": 0.6482327580451965,
        "image": "DJI_20250701153148_0005_W.JPG"
      }
    },
    {
      "type": "Feature",
      "geometry": {
        "type": "Point",
        "coordinates": [
          -0.5243545696343354,
          53.268146818988036
        ]
      },
      "properties": {
        "confidence": 0.6374830603599548,
        "image": "DJI_20250701153148_0005_W.JPG"
      }
    },
    {
      "type": "Feature",
      "geometry": {
        "type": "Point",
        "coordinates": [
          -0.5245182821656788,
          53.268143476488376
        ]
      },
      "properties": {
        "confidence": 0.5962056517601013,
        "image": "DJI_20250701153148_0005_W.JPG"
      }
    },
    {
      "type": "Feature",
      "geometry": {
        "type": "Point",
        "coordinates": [
          -0.5243269202908396,
          53.26803076696861
        ]
      },
      "properties": {
        "confidence": 0.5884393453598022,
        "image": "DJI_20250701153148_0005_W.JPG"
      }
    },
    {
      "type": "Feature",
      "geometry": {
        "type": "Point",
        "coordinates": [
          -0.5244754754453425,
          53.26813327008997
        ]
      },
      "properties": {
        "confidence": 0.5472099781036377,
        "image": "DJI_20250701153148_0005_W.JPG"
      }
    },
    {
      "type": "Feature",
      "geometry": {
        "type": "Point",
        "coordinates": [
          -0.5245433584467092,
          53.26807100896361
        ]
      },
      "properties": {
        "confidence": 0.5378532409667969,
        "image": "DJI_20250701153148_0005_W.JPG"
      }
    },
    {
      "type": "Feature",
      "geometry": {
        "type": "Point",
        "coordinates": [
          -0.524470178638852,
          53.26812167143824
        ]
      },
      "properties": {
        "confidence": 0.5150694251060486,
        "image": "DJI_20250701153148_0005_W.JPG"
      }
    },
    {
      "type": "Feature",
      "geometry": {
        "type": "Point",
        "coordinates": [
          -0.524511153840691,
          53.268091928660965
        ]
      },
      "properties": {
        "confidence": 0.9721596240997314,
        "image": "DJI_20250701153241_0025_W.JPG"
      }
    },
    {
      "type": "Feature",
      "geometry": {
        "type": "Point",
        "coordinates": [
          -0.5245616753498374,
          53.26812811698198
        ]
      },
      "properties": {
        "confidence": 0.968380331993103,
        "image": "DJI_20250701153241_0025_W.JPG"
      }
    },
    {
      "type": "Feature",
      "geometry": {
        "type": "Point",
        "coordinates": [
          -0.5246050970625219,
          53.26813746811457
        ]
      },
      "properties": {
        "confidence": 0.9557197093963623,
        "image": "DJI_20250701153241_0025_W.JPG"
      }
    },
    {
      "type": "Feature",
      "geometry": {
        "type": "Point",
        "coordinates": [
          -0.5245984696209882,
          53.268111879178555
        ]
      },
      "properties": {
        "confidence": 0.9522343873977661,
        "image": "DJI_20250701153241_0025_W.JPG"
      }
    },
    {
      "type": "Feature",
      "geometry": {
        "type": "Point",
        "coordinates": [
          -0.5246079949323911,
          53.26815140674777
        ]
      },
      "properties": {
        "confidence": 0.9478368163108826,
        "image": "DJI_20250701153241_0025_W.JPG"
      }
    },
    {
      "type": "Feature",
      "geometry": {
        "type": "Point",
        "coordinates": [
          -0.5244757283415881,
          53.26810924142339
        ]
      },
      "properties": {
        "confidence": 0.9343221783638,
        "image": "DJI_20250701153241_0025_W.JPG"
      }
    },
    {
      "type": "Feature",
      "geometry": {
        "type": "Point",
        "coordinates": [
          -0.5244965358101514,
          53.26802916308139
        ]
      },
      "properties": {
        "confidence": 0.9148017168045044,
        "image": "DJI_20250701153241_0025_W.JPG"
      }
    },
    {
      "type": "Feature",
      "geometry": {
        "type": "Point",
        "coordinates": [
          -0.5245750209755689,
          53.26802224853751
        ]
      },
      "properties": {
        "confidence": 0.902987539768219,
        "image": "DJI_20250701153241_0025_W.JPG"
      }
    },
    {
      "type": "Feature",
      "geometry": {
        "type": "Point",
        "coordinates": [
          -0.5245450171712286,
          53.26807835348898
        ]
      },
      "properties": {
        "confidence": 0.902592122554779,
        "image": "DJI_20250701153241_0025_W.JPG"
      }
    },
    {
      "type": "Feature",
      "geometry": {
        "type": "Point",
        "coordinates": [
          -0.5245585622618577,
          53.26811456666573
        ]
      },
      "properties": {
        "confidence": 0.900160551071167,
        "image": "DJI_20250701153241_0025_W.JPG"
      }
    },
    {
      "type": "Feature",
      "geometry": {
        "type": "Point",
        "coordinates": [
          -0.5245165813855992,
          53.26810471635922
        ]
      },
      "properties": {
        "confidence": 0.887192964553833,
        "image": "DJI_20250701153241_0025_W.JPG"
      }
    },
    {
      "type": "Feature",
      "geometry": {
        "type": "Point",
        "coordinates": [
          -0.5244776861511521,
          53.268114504885034
        ]
      },
      "properties": {
        "confidence": 0.8857191801071167,
        "image": "DJI_20250701153241_0025_W.JPG"
      }
    },
    {
      "type": "Feature",
      "geometry": {
        "type": "Point",
        "coordinates": [
          -0.5245728854426196,
          53.26801008520367
        ]
      },
      "properties": {
        "confidence": 0.8617822527885437,
        "image": "DJI_20250701153241_0025_W.JPG"
      }
    },
    {
      "type": "Feature",
      "geometry": {
        "type": "Point",
        "coordinates": [
          -0.5245851446235908,
          53.26805360727585
        ]
      },
      "properties": {
        "confidence": 0.8581686615943909,
        "image": "DJI_20250701153241_0025_W.JPG"
      }
    },
    {
      "type": "Feature",
      "geometry": {
        "type": "Point",
        "coordinates": [
          -0.5245042310181598,
          53.268060833684316
        ]
      },
      "properties": {
        "confidence": 0.8287829756736755,
        "image": "DJI_20250701153241_0025_W.JPG"
      }
    },
    {
      "type": "Feature",
      "geometry": {
        "type": "Point",
        "coordinates": [
          -0.5245843347433883,
          53.26806031983873
        ]
      },
      "properties": {
        "confidence": 0.8070625066757202,
        "image": "DJI_20250701153241_0025_W.JPG"
      }
    },
    {
      "type": "Feature",
      "geometry": {
        "type": "Point",
        "coordinates": [
          -0.5245842464819928,
          53.26804695699061
        ]
      },
      "properties": {
        "confidence": 0.7915946245193481,
        "image": "DJI_20250701153241_0025_W.JPG"
      }
    },
    {
      "type": "Feature",
      "geometry": {
        "type": "Point",
        "coordinates": [
          -0.524390638531254,
          53.26809065718193
        ]
      },
      "properties": {
        "confidence": 0.7763217687606812,
        "image": "DJI_20250701153241_0025_W.JPG"
      }
    },
    {
      "type": "Feature",
      "geometry": {
        "type": "Point",
        "coordinates": [
          -0.5243971765107981,
          53.26812270909386
        ]
      },
      "properties": {
        "confidence": 0.7714982628822327,
        "image": "DJI_20250701153241_0025_W.JPG"
      }
    },
    {
      "type": "Feature",
      "geometry": {
        "type": "Point",
        "coordinates": [
          -0.5245916598065179,
          53.268085569037105
        ]
      },
      "properties": {
        "confidence": 0.7655044794082642,
        "image": "DJI_20250701153241_0025_W.JPG"
      }
    },
    {
      "type": "Feature",
      "geometry": {
        "type": "Point",
        "coordinates": [
          -0.5245536234944648,
          53.26810247245868
        ]
      },
      "properties": {
        "confidence": 0.7342572808265686,
        "image": "DJI_20250701153241_0025_W.JPG"
      }
    },
    {
      "type": "Feature",
      "geometry": {
        "type": "Point",
        "coordinates": [
          -0.5244355109033516,
          53.268113801209765
        ]
      },
      "properties": {
        "confidence": 0.7271348834037781,
        "image": "DJI_20250701153241_0025_W.JPG"
      }
    },
    {
      "type": "Feature",
      "geometry": {
        "type": "Point",
        "coordinates": [
          -0.5245331768790127,
          53.26801293913508
        ]
      },
      "properties": {
        "confidence": 0.7204300761222839,
        "image": "DJI_20250701153241_0025_W.JPG"
      }
    },
    {
      "type": "Feature",
      "geometry": {
        "type": "Point",
        "coordinates": [
          -0.5242531620075063,
          53.26818405459794
        ]
      },
      "properties": {
        "confidence": 0.6633687615394592,
        "image": "DJI_20250701153241_0025_W.JPG"
      }
    },
    {
      "type": "Feature",
      "geometry": {
        "type": "Point",
        "coordinates": [
          -0.5245783201110121,
          53.26803467547424
        ]
      },
      "properties": {
        "confidence": 0.6627975106239319,
        "image": "DJI_20250701153241_0025_W.JPG"
      }
    },
    {
      "type": "Feature",
      "geometry": {
        "type": "Point",
        "coordinates": [
          -0.5244553957092212,
          53.2680201588532
        ]
      },
      "properties": {
        "confidence": 0.6576066017150879,
        "image": "DJI_20250701153241_0025_W.JPG"
      }
    },
    {
      "type": "Feature",
      "geometry": {
        "type": "Point",
        "coordinates": [
          -0.5245370175086899,
          53.268038042436686
        ]
      },
      "properties": {
        "confidence": 0.6557894945144653,
        "image": "DJI_20250701153241_0025_W.JPG"
      }
    },
    {
      "type": "Feature",
      "geometry": {
        "type": "Point",
        "coordinates": [
          -0.5245160323167414,
          53.2681112209065
        ]
      },
      "properties": {
        "confidence": 0.6498939990997314,
        "image": "DJI_20250701153241_0025_W.JPG"
      }
    },
    {
      "type": "Feature",
      "geometry": {
        "type": "Point",
        "coordinates": [
          -0.5245483783224931,
          53.268090405965864
        ]
      },
      "properties": {
        "confidence": 0.6339114308357239,
        "image": "DJI_20250701153241_0025_W.JPG"
      }
    },
    {
      "type": "Feature",
      "geometry": {
        "type": "Point",
        "coordinates": [
          -0.5243932008258972,
          53.26810388846681
        ]
      },
      "properties": {
        "confidence": 0.6309791207313538,
        "image": "DJI_20250701153241_0025_W.JPG"
      }
    },
    {
      "type": "Feature",
      "geometry": {
        "type": "Point",
        "coordinates": [
          -0.5244078151819097,
          53.268168498631354
        ]
      },
      "properties": {
        "confidence": 0.6219227910041809,
        "image": "DJI_20250701153241_0025_W.JPG"
      }
    },
    {
      "type": "Feature",
      "geometry": {
        "type": "Point",
        "coordinates": [
          -0.5244374851355028,
          53.26811850991021
        ]
      },
      "properties": {
        "confidence": 0.6196596622467041,
        "image": "DJI_20250701153241_0025_W.JPG"
      }
    },
    {
      "type": "Feature",
      "geometry": {
        "type": "Point",
        "coordinates": [
          -0.5245574096829448,
          53.268108769307965
        ]
      },
      "properties": {
        "confidence": 0.6133776307106018,
        "image": "DJI_20250701153241_0025_W.JPG"
      }
    },
    {
      "type": "Feature",
      "geometry": {
        "type": "Point",
        "coordinates": [
          -0.5245974119030706,
          53.26810459783856
        ]
      },
      "properties": {
        "confidence": 0.5772472023963928,
        "image": "DJI_20250701153241_0025_W.JPG"
      }
    },
    {
      "type": "Feature",
      "geometry": {
        "type": "Point",
        "coordinates": [
          -0.5244892192893348,
          53.26816878929273
        ]
      },
      "properties": {
        "confidence": 0.5702711939811707,
        "image": "DJI_20250701153241_0025_W.JPG"
      }
    },
    {
      "type": "Feature",
      "geometry": {
        "type": "Point",
        "coordinates": [
          -0.524464228798034,
          53.26806500515373
        ]
      },
      "properties": {
        "confidence": 0.5542184710502625,
        "image": "DJI_20250701153241_0025_W.JPG"
      }
    },
    {
      "type": "Feature",
      "geometry": {
        "type": "Point",
        "coordinates": [
          -0.5243847898492273,
          53.26806628878408
        ]
      },
      "properties": {
        "confidence": 0.539212167263031,
        "image": "DJI_20250701153241_0025_W.JPG"
      }
    },
    {
      "type": "Feature",
      "geometry": {
        "type": "Point",
        "coordinates": [
          -0.5243214281400217,
          53.2681206158953
        ]
      },
      "properties": {
        "confidence": 0.5377919673919678,
        "image": "DJI_20250701153241_0025_W.JPG"
      }
    },
    {
      "type": "Feature",
      "geometry": {
        "type": "Point",
        "coordinates": [
          -0.5244637902633041,
          53.26805831329713
        ]
      },
      "properties": {
        "confidence": 0.5214662551879883,
        "image": "DJI_20250701153241_0025_W.JPG"
      }
    },
    {
      "type": "Feature",
      "geometry": {
        "type": "Point",
        "coordinates": [
          -0.5242305972567163,
          53.268077469097506
        ]
      },
      "properties": {
        "confidence": 0.5128874182701111,
        "image": "DJI_20250701153241_0025_W.JPG"
      }
    },
    {
      "type": "Feature",
      "geometry": {
        "type": "Point",
        "coordinates": [
          -0.5245057355948856,
          53.2680667836292
        ]
      },
      "properties": {
        "confidence": 0.5068897604942322,
        "image": "DJI_20250701153241_0025_W.JPG"
      }
    },
    {
      "type": "Feature",
      "geometry": {
        "type": "Point",
        "coordinates": [
          -0.5244731787950048,
          53.268097299962264
        ]
      },
      "properties": {
        "confidence": 0.5031561851501465,
        "image": "DJI_20250701153241_0025_W.JPG"
      }
    },
    {
      "type": "Feature",
      "geometry": {
        "type": "Point",
        "coordinates": [
          -0.524265328059296,
          53.268047493827325
        ]
      },
      "properties": {
        "confidence": 0.5018693208694458,
        "image": "DJI_20250701153241_0025_W.JPG"
      }
    },
    {
      "type": "Feature",
      "geometry": {
        "type": "Point",
        "coordinates": [
          -0.5244018517069412,
          53.26815586845384
        ]
      },
      "properties": {
        "confidence": 0.9918757677078247,
        "image": "DJI_20250701153151_0006_W.JPG"
      }
    },
    {
      "type": "Feature",
      "geometry": {
        "type": "Point",
        "coordinates": [
          -0.5243499855551532,
          53.268106567972275
        ]
      },
      "properties": {
        "confidence": 0.9842356443405151,
        "image": "DJI_20250701153151_0006_W.JPG"
      }
    },
    {
      "type": "Feature",
      "geometry": {
        "type": "Point",
        "coordinates": [
          -0.5243104815040222,
          53.26811116746972
        ]
      },
      "properties": {
        "confidence": 0.9461451172828674,
        "image": "DJI_20250701153151_0006_W.JPG"
      }
    },
    {
      "type": "Feature",
      "geometry": {
        "type": "Point",
        "coordinates": [
          -0.5243122513612468,
          53.268123699257565
        ]
      },
      "properties": {
        "confidence": 0.9168306589126587,
        "image": "DJI_20250701153151_0006_W.JPG"
      }
    },
    {
      "type": "Feature",
      "geometry": {
        "type": "Point",
        "coordinates": [
          -0.524388872905995,
          53.26810459525444
        ]
      },
      "properties": {
        "confidence": 0.9107323288917542,
        "image": "DJI_20250701153151_0006_W.JPG"
      }
    },
    {
      "type": "Feature",
      "geometry": {
        "type": "Point",
        "coordinates": [
          -0.5243468613344077,
          53.268093601416034
        ]
      },
      "properties": {
        "confidence": 0.8821229338645935,
        "image": "DJI_20250701153151_0006_W.JPG"
      }
    },
    {
      "type": "Feature",
      "geometry": {
        "type": "Point",
        "coordinates": [
          -0.5243525193780479,
          53.26811967732644
        ]
      },
      "properties": {
        "confidence": 0.8806561231613159,
        "image": "DJI_20250701153151_0006_W.JPG"
      }
    },
    {
      "type": "Feature",
      "geometry": {
        "type": "Point",
        "coordinates": [
          -0.5244048023598675,
          53.26816811464584
        ]
      },
      "properties": {
        "confidence": 0.876951277256012,
        "image": "DJI_20250701153151_0006_W.JPG"
      }
    },
    {
      "type": "Feature",
      "geometry": {
        "type": "Point",
        "coordinates": [
          -0.5244341309975981,
          53.26812128379508
        ]
      },
      "properties": {
        "confidence": 0.8643047213554382,
        "image": "DJI_20250701153151_0006_W.JPG"
      }
    },
    {
      "type": "Feature",
      "geometry": {
        "type": "Point",
        "coordinates": [
          -0.5243631573166655,
          53.26815993859504
        ]
      },
      "properties": {
        "confidence": 0.842551589012146,
        "image": "DJI_20250701153151_0006_W.JPG"
      }
    },
    {
      "type": "Feature",
      "geometry": {
        "type": "Point",
        "coordinates": [
          -0.5243208613941415,
          53.268149061178356
        ]
      },
      "properties": {
        "confidence": 0.8405274748802185,
        "image": "DJI_20250701153151_0006_W.JPG"
      }
    },
    {
      "type": "Feature",
      "geometry": {
        "type": "Point",
        "coordinates": [
          -0.5242965425067068,
          53.268046833126235
        ]
      },
      "properties": {
        "confidence": 0.8272563815116882,
        "image": "DJI_20250701153151_0006_W.JPG"
      }
    },
    {
      "type": "Feature",
      "geometry": {
        "type": "Point",
        "coordinates": [
          -0.5245760941126517,
          53.26805959844954
        ]
      },
      "properties": {
        "confidence": 0.8131707906723022,
        "image": "DJI_20250701153151_0006_W.JPG"
      }
    },
    {
      "type": "Feature",
      "geometry": {
        "type": "Point",
        "coordinates": [
          -0.5243173420393415,
          53.2681370478298
        ]
      },
      "properties": {
        "confidence": 0.7842704653739929,
        "image": "DJI_20250701153151_0006_W.JPG"
      }
    },
    {
      "type": "Feature",
      "geometry": {
        "type": "Point",
        "coordinates": [
          -0.5243586011614115,
          53.268141029033856
        ]
      },
      "properties": {
        "confidence": 0.7800207138061523,
        "image": "DJI_20250701153151_0006_W.JPG"
      }
    },
    {
      "type": "Feature",
      "geometry": {
        "type": "Point",
        "coordinates": [
          -0.5243427949737117,
          53.26808191095646
        ]
      },
      "properties": {
        "confidence": 0.7515367865562439,
        "image": "DJI_20250701153151_0006_W.JPG"
      }
    },
    {
      "type": "Feature",
      "geometry": {
        "type": "Point",
        "coordinates": [
          -0.5244239214051649,
          53.26807372429628
        ]
      },
      "properties": {
        "confidence": 0.72383052110672,
        "image": "DJI_20250701153151_0006_W.JPG"
      }
    },
    {
      "type": "Feature",
      "geometry": {
        "type": "Point",
        "coordinates": [
          -0.5245158843091653,
          53.268116995468866
        ]
      },
      "properties": {
        "confidence": 0.7113208174705505,
        "image": "DJI_20250701153151_0006_W.JPG"
      }
    },
    {
      "type": "Feature",
      "geometry": {
        "type": "Point",
        "coordinates": [
          -0.5244687968457691,
          53.268096604144574
        ]
      },
      "properties": {
        "confidence": 0.6916773319244385,
        "image": "DJI_20250701153151_0006_W.JPG"
      }
    },
    {
      "type": "Feature",
      "geometry": {
        "type": "Point",
        "coordinates": [
          -0.5245121479945914,
          53.268104081665015
        ]
      },
      "properties": {
        "confidence": 0.6566362380981445,
        "image": "DJI_20250701153151_0006_W.JPG"
      }
    },
    {
      "type": "Feature",
      "geometry": {
        "type": "Point",
        "coordinates": [
          -0.5243829328146485,
          53.26807734875216
        ]
      },
      "properties": {
        "confidence": 0.6219156384468079,
        "image": "DJI_20250701153151_0006_W.JPG"
      }
    },
    {
      "type": "Feature",
      "geometry": {
        "type": "Point",
        "coordinates": [
          -0.5242982232767913,
          53.26806029174558
        ]
      },
      "properties": {
        "confidence": 0.6064060926437378,
        "image": "DJI_20250701153151_0006_W.JPG"
      }
    },
    {
      "type": "Feature",
      "geometry": {
        "type": "Point",
        "coordinates": [
          -0.5245882553761483,
          53.268103588877985
        ]
      },
      "properties": {
        "confidence": 0.5912648439407349,
        "image": "DJI_20250701153151_0006_W.JPG"
      }
    },
    {
      "type": "Feature",
      "geometry": {
        "type": "Point",
        "coordinates": [
          -0.5243663272325964,
          53.268171798228735
        ]
      },
      "properties": {
        "confidence": 0.5821574330329895,
        "image": "DJI_20250701153151_0006_W.JPG"
      }
    },
    {
      "type": "Feature",
      "geometry": {
        "type": "Point",
        "coordinates": [
          -0.5243783217512871,
          53.268064694167954
        ]
      },
      "properties": {
        "confidence": 0.5625417828559875,
        "image": "DJI_20250701153151_0006_W.JPG"
      }
    },
    {
      "type": "Feature",
      "geometry": {
        "type": "Point",
        "coordinates": [
          -0.5244796767102711,
          53.268148242068406
        ]
      },
      "properties": {
        "confidence": 0.5554665923118591,
        "image": "DJI_20250701153151_0006_W.JPG"
      }
    },
    {
      "type": "Feature",
      "geometry": {
        "type": "Point",
        "coordinates": [
          -0.5244307191557827,
          53.26809804750617
        ]
      },
      "properties": {
        "confidence": 0.5149314403533936,
        "image": "DJI_20250701153151_0006_W.JPG"
      }
    },
    {
      "type": "Feature",
      "geometry": {
        "type": "Point",
        "coordinates": [
          -0.5243850064155567,
          53.268091141177415
        ]
      },
      "properties": {
        "confidence": 0.5122149586677551,
        "image": "DJI_20250701153151_0006_W.JPG"
      }
    },
    {
      "type": "Feature",
      "geometry": {
        "type": "Point",
        "coordinates": [
          -0.5245128704158698,
          53.268090958269234
        ]
      },
      "properties": {
        "confidence": 0.9874237179756165,
        "image": "DJI_20250701153244_0026_W.JPG"
      }
    },
    {
      "type": "Feature",
      "geometry": {
        "type": "Point",
        "coordinates": [
          -0.5245841117694549,
          53.26804636974443
        ]
      },
      "properties": {
        "confidence": 0.9752209782600403,
        "image": "DJI_20250701153244_0026_W.JPG"
      }
    },
    {
      "type": "Feature",
      "geometry": {
        "type": "Point",
        "coordinates": [
          -0.5245862337882535,
          53.26805290381534
        ]
      },
      "properties": {
        "confidence": 0.9686034917831421,
        "image": "DJI_20250701153244_0026_W.JPG"
      }
    },
    {
      "type": "Feature",
      "geometry": {
        "type": "Point",
        "coordinates": [
          -0.5245557480728391,
          53.26810200619843
        ]
      },
      "properties": {
        "confidence": 0.9660530686378479,
        "image": "DJI_20250701153244_0026_W.JPG"
      }
    },
    {
      "type": "Feature",
      "geometry": {
        "type": "Point",
        "coordinates": [
          -0.5246062154255001,
          53.26813687610535
        ]
      },
      "properties": {
        "confidence": 0.9632715582847595,
        "image": "DJI_20250701153244_0026_W.JPG"
      }
    },
    {
      "type": "Feature",
      "geometry": {
        "type": "Point",
        "coordinates": [
          -0.5242527941662831,
          53.2681677373685
        ]
      },
      "properties": {
        "confidence": 0.9592500329017639,
        "image": "DJI_20250701153244_0026_W.JPG"
      }
    },
    {
      "type": "Feature",
      "geometry": {
        "type": "Point",
        "coordinates": [
          -0.5246091109196186,
          53.268150803319436
        ]
      },
      "properties": {
        "confidence": 0.9582833051681519,
        "image": "DJI_20250701153244_0026_W.JPG"
      }
    },
    {
      "type": "Feature",
      "geometry": {
        "type": "Point",
        "coordinates": [
          -0.5245988427199272,
          53.268104005066526
        ]
      },
      "properties": {
        "confidence": 0.9530390501022339,
        "image": "DJI_20250701153244_0026_W.JPG"
      }
    },
    {
      "type": "Feature",
      "geometry": {
        "type": "Point",
        "coordinates": [
          -0.5245045983565694,
          53.26806010345564
        ]
      },
      "properties": {
        "confidence": 0.9439385533332825,
        "image": "DJI_20250701153244_0026_W.JPG"
      }
    },
    {
      "type": "Feature",
      "geometry": {
        "type": "Point",
        "coordinates": [
          -0.5245997464940093,
          53.26811129428712
        ]
      },
      "properties": {
        "confidence": 0.9417133927345276,
        "image": "DJI_20250701153244_0026_W.JPG"
      }
    },
    {
      "type": "Feature",
      "geometry": {
        "type": "Point",
        "coordinates": [
          -0.5244636404143384,
          53.26805726636326
        ]
      },
      "properties": {
        "confidence": 0.940886914730072,
        "image": "DJI_20250701153244_0026_W.JPG"
      }
    },
    {
      "type": "Feature",
      "geometry": {
        "type": "Point",
        "coordinates": [
          -0.5245572514160729,
          53.26810795126887
        ]
      },
      "properties": {
        "confidence": 0.9349279403686523,
        "image": "DJI_20250701153244_0026_W.JPG"
      }
    },
    {
      "type": "Feature",
      "geometry": {
        "type": "Point",
        "coordinates": [
          -0.5245661676261557,
          53.2681419726171
        ]
      },
      "properties": {
        "confidence": 0.9148446917533875,
        "image": "DJI_20250701153244_0026_W.JPG"
      }
    },
    {
      "type": "Feature",
      "geometry": {
        "type": "Point",
        "coordinates": [
          -0.5244778256687688,
          53.26810840931042
        ]
      },
      "properties": {
        "confidence": 0.8992356657981873,
        "image": "DJI_20250701153244_0026_W.JPG"
      }
    },
    {
      "type": "Feature",
      "geometry": {
        "type": "Point",
        "coordinates": [
          -0.5245915738636742,
          53.268072783102085
        ]
      },
      "properties": {
        "confidence": 0.8882719874382019,
        "image": "DJI_20250701153244_0026_W.JPG"
      }
    },
    {
      "type": "Feature",
      "geometry": {
        "type": "Point",
        "coordinates": [
          -0.5245175281276818,
          53.2681038047201
        ]
      },
      "properties": {
        "confidence": 0.879227340221405,
        "image": "DJI_20250701153244_0026_W.JPG"
      }
    },
    {
      "type": "Feature",
      "geometry": {
        "type": "Point",
        "coordinates": [
          -0.5245598554428696,
          53.2681145338793
        ]
      },
      "properties": {
        "confidence": 0.8780593872070312,
        "image": "DJI_20250701153244_0026_W.JPG"
      }
    },
    {
      "type": "Feature",
      "geometry": {
        "type": "Point",
        "coordinates": [
          -0.5245396768961421,
          53.26803721326988
        ]
      },
      "properties": {
        "confidence": 0.876118004322052,
        "image": "DJI_20250701153244_0026_W.JPG"
      }
    },
    {
      "type": "Feature",
      "geometry": {
        "type": "Point",
        "coordinates": [
          -0.5245480217095806,
          53.26807764375977
        ]
      },
      "properties": {
        "confidence": 0.8691794276237488,
        "image": "DJI_20250701153244_0026_W.JPG"
      }
    },
    {
      "type": "Feature",
      "geometry": {
        "type": "Point",
        "coordinates": [
          -0.5242443261717267,
          53.26813920370436
        ]
      },
      "properties": {
        "confidence": 0.8679497838020325,
        "image": "DJI_20250701153244_0026_W.JPG"
      }
    },
    {
      "type": "Feature",
      "geometry": {
        "type": "Point",
        "coordinates": [
          -0.524563594694541,
          53.26812746340477
        ]
      },
      "properties": {
        "confidence": 0.8642703294754028,
        "image": "DJI_20250701153244_0026_W.JPG"
      }
    },
    {
      "type": "Feature",
      "geometry": {
        "type": "Point",
        "coordinates": [
          -0.5244933916160992,
          53.268015785657845
        ]
      },
      "properties": {
        "confidence": 0.8614654541015625,
        "image": "DJI_20250701153244_0026_W.JPG"
      }
    },
    {
      "type": "Feature",
      "geometry": {
        "type": "Point",
        "coordinates": [
          -0.5245718968747984,
          53.2681547221476
        ]
      },
      "properties": {
        "confidence": 0.8320894837379456,
        "image": "DJI_20250701153244_0026_W.JPG"
      }
    },
    {
      "type": "Feature",
      "geometry": {
        "type": "Point",
        "coordinates": [
          -0.5245766624128444,
          53.26802124515387
        ]
      },
      "properties": {
        "confidence": 0.8209190368652344,
        "image": "DJI_20250701153244_0026_W.JPG"
      }
    },
    {
      "type": "Feature",
      "geometry": {
        "type": "Point",
        "coordinates": [
          -0.5242538400025114,
          53.26818054196471
        ]
      },
      "properties": {
        "confidence": 0.81983482837677,
        "image": "DJI_20250701153244_0026_W.JPG"
      }
    },
    {
      "type": "Feature",
      "geometry": {
        "type": "Point",
        "coordinates": [
          -0.524450200906161,
          53.26816572953256
        ]
      },
      "properties": {
        "confidence": 0.8140657544136047,
        "image": "DJI_20250701153244_0026_W.JPG"
      }
    },
    {
      "type": "Feature",
      "geometry": {
        "type": "Point",
        "coordinates": [
          -0.5245928575194994,
          53.26808528977629
        ]
      },
      "properties": {
        "confidence": 0.8123043775558472,
        "image": "DJI_20250701153244_0026_W.JPG"
      }
    },
    {
      "type": "Feature",
      "geometry": {
        "type": "Point",
        "coordinates": [
          -0.5244734704388223,
          53.26809737824182
        ]
      },
      "properties": {
        "confidence": 0.8080175518989563,
        "image": "DJI_20250701153244_0026_W.JPG"
      }
    },
    {
      "type": "Feature",
      "geometry": {
        "type": "Point",
        "coordinates": [
          -0.5243967305385471,
          53.26811712641097
        ]
      },
      "properties": {
        "confidence": 0.7998569011688232,
        "image": "DJI_20250701153244_0026_W.JPG"
      }
    },
    {
      "type": "Feature",
      "geometry": {
        "type": "Point",
        "coordinates": [
          -0.5245349016231765,
          53.26802575950869
        ]
      },
      "properties": {
        "confidence": 0.7963991165161133,
        "image": "DJI_20250701153244_0026_W.JPG"
      }
    },
    {
      "type": "Feature",
      "geometry": {
        "type": "Point",
        "coordinates": [
          -0.524587215936438,
          53.268059264576145
        ]
      },
      "properties": {
        "confidence": 0.7901194095611572,
        "image": "DJI_20250701153244_0026_W.JPG"
      }
    },
    {
      "type": "Feature",
      "geometry": {
        "type": "Point",
        "coordinates": [
          -0.5244580216092048,
          53.26803133123994
        ]
      },
      "properties": {
        "confidence": 0.7807613611221313,
        "image": "DJI_20250701153244_0026_W.JPG"
      }
    },
    {
      "type": "Feature",
      "geometry": {
        "type": "Point",
        "coordinates": [
          -0.5242313420040494,
          53.26807671139462
        ]
      },
      "properties": {
        "confidence": 0.7554786801338196,
        "image": "DJI_20250701153244_0026_W.JPG"
      }
    },
    {
      "type": "Feature",
      "geometry": {
        "type": "Point",
        "coordinates": [
          -0.52433321944512,
          53.268168755249896
        ]
      },
      "properties": {
        "confidence": 0.7306644320487976,
        "image": "DJI_20250701153244_0026_W.JPG"
      }
    },
    {
      "type": "Feature",
      "geometry": {
        "type": "Point",
        "coordinates": [
          -0.5243922388664188,
          53.26809007583068
        ]
      },
      "properties": {
        "confidence": 0.7186853289604187,
        "image": "DJI_20250701153244_0026_W.JPG"
      }
    },
    {
      "type": "Feature",
      "geometry": {
        "type": "Point",
        "coordinates": [
          -0.5244647592300895,
          53.26806416758501
        ]
      },
      "properties": {
        "confidence": 0.7182677388191223,
        "image": "DJI_20250701153244_0026_W.JPG"
      }
    },
    {
      "type": "Feature",
      "geometry": {
        "type": "Point",
        "coordinates": [
          -0.5243984197767178,
          53.26812194902221
        ]
      },
      "properties": {
        "confidence": 0.7123706936836243,
        "image": "DJI_20250701153244_0026_W.JPG"
      }
    },
    {
      "type": "Feature",
      "geometry": {
        "type": "Point",
        "coordinates": [
          -0.5244793909769815,
          53.268113980227795
        ]
      },
      "properties": {
        "confidence": 0.707055389881134,
        "image": "DJI_20250701153244_0026_W.JPG"
      }
    },
    {
      "type": "Feature",
      "geometry": {
        "type": "Point",
        "coordinates": [
          -0.5245263059471331,
          53.26813046761891
        ]
      },
      "properties": {
        "confidence": 0.7054693102836609,
        "image": "DJI_20250701153244_0026_W.JPG"
      }
    },
    {
      "type": "Feature",
      "geometry": {
        "type": "Point",
        "coordinates": [
          -0.5245420404060522,
          53.26804160634498
        ]
      },
      "properties": {
        "confidence": 0.701020359992981,
        "image": "DJI_20250701153244_0026_W.JPG"
      }
    },
    {
      "type": "Feature",
      "geometry": {
        "type": "Point",
        "coordinates": [
          -0.5242664188205574,
          53.26804700322039
        ]
      },
      "properties": {
        "confidence": 0.6971470713615417,
        "image": "DJI_20250701153244_0026_W.JPG"
      }
    },
    {
      "type": "Feature",
      "geometry": {
        "type": "Point",
        "coordinates": [
          -0.5245321150675581,
          53.26816458572884
        ]
      },
      "properties": {
        "confidence": 0.6802246570587158,
        "image": "DJI_20250701153244_0026_W.JPG"
      }
    },
    {
      "type": "Feature",
      "geometry": {
        "type": "Point",
        "coordinates": [
          -0.5245975544183625,
          53.26809767199726
        ]
      },
      "properties": {
        "confidence": 0.6760841012001038,
        "image": "DJI_20250701153244_0026_W.JPG"
      }
    },
    {
      "type": "Feature",
      "geometry": {
        "type": "Point",
        "coordinates": [
          -0.5244370516730249,
          53.26811311082112
        ]
      },
      "properties": {
        "confidence": 0.6710194945335388,
        "image": "DJI_20250701153244_0026_W.JPG"
      }
    },
    {
      "type": "Feature",
      "geometry": {
        "type": "Point",
        "coordinates": [
          -0.5244923442748617,
          53.26816892008869
        ]
      },
      "properties": {
        "confidence": 0.6703881025314331,
        "image": "DJI_20250701153244_0026_W.JPG"
      }
    },
    {
      "type": "Feature",
      "geometry": {
        "type": "Point",
        "coordinates": [
          -0.524238400464373,
          53.26810214775296
        ]
      },
      "properties": {
        "confidence": 0.6487393379211426,
        "image": "DJI_20250701153244_0026_W.JPG"
      }
    },
    {
      "type": "Feature",
      "geometry": {
        "type": "Point",
        "coordinates": [
          -0.5245307520634057,
          53.268157338045555
        ]
      },
      "properties": {
        "confidence": 0.6354907155036926,
        "image": "DJI_20250701153244_0026_W.JPG"
      }
    },
    {
      "type": "Feature",
      "geometry": {
        "type": "Point",
        "coordinates": [
          -0.5242841515863729,
          53.26813818133903
        ]
      },
      "properties": {
        "confidence": 0.6275795102119446,
        "image": "DJI_20250701153244_0026_W.JPG"
      }
    },
    {
      "type": "Feature",
      "geometry": {
        "type": "Point",
        "coordinates": [
          -0.524613362300245,
          53.26816018531366
        ]
      },
      "properties": {
        "confidence": 0.6041838526725769,
        "image": "DJI_20250701153244_0026_W.JPG"
      }
    },
    {
      "type": "Feature",
      "geometry": {
        "type": "Point",
        "coordinates": [
          -0.524591122950858,
          53.268064807960656
        ]
      },
      "properties": {
        "confidence": 0.5986668467521667,
        "image": "DJI_20250701153244_0026_W.JPG"
      }
    },
    {
      "type": "Feature",
      "geometry": {
        "type": "Point",
        "coordinates": [
          -0.5242903400650859,
          53.268150889332226
        ]
      },
      "properties": {
        "confidence": 0.5879641771316528,
        "image": "DJI_20250701153244_0026_W.JPG"
      }
    },
    {
      "type": "Feature",
      "geometry": {
        "type": "Point",
        "coordinates": [
          -0.5244565520584427,
          53.26801994702494
        ]
      },
      "properties": {
        "confidence": 0.5847311615943909,
        "image": "DJI_20250701153244_0026_W.JPG"
      }
    },
    {
      "type": "Feature",
      "geometry": {
        "type": "Point",
        "coordinates": [
          -0.5245816654650878,
          53.2680335996833
        ]
      },
      "properties": {
        "confidence": 0.5689915418624878,
        "image": "DJI_20250701153244_0026_W.JPG"
      }
    },
    {
      "type": "Feature",
      "geometry": {
        "type": "Point",
        "coordinates": [
          -0.52460837663135,
          53.268142945946366
        ]
      },
      "properties": {
        "confidence": 0.56626296043396,
        "image": "DJI_20250701153244_0026_W.JPG"
      }
    },
    {
      "type": "Feature",
      "geometry": {
        "type": "Point",
        "coordinates": [
          -0.5244974597990786,
          53.2680287775686
        ]
      },
      "properties": {
        "confidence": 0.5565736889839172,
        "image": "DJI_20250701153244_0026_W.JPG"
      }
    },
    {
      "type": "Feature",
      "geometry": {
        "type": "Point",
        "coordinates": [
          -0.5244664283876223,
          53.26807138757676
        ]
      },
      "properties": {
        "confidence": 0.5524754524230957,
        "image": "DJI_20250701153244_0026_W.JPG"
      }
    },
    {
      "type": "Feature",
      "geometry": {
        "type": "Point",
        "coordinates": [
          -0.524561587241536,
          53.26807494256575
        ]
      },
      "properties": {
        "confidence": 0.5445469617843628,
        "image": "DJI_20250701153244_0026_W.JPG"
      }
    },
    {
      "type": "Feature",
      "geometry": {
        "type": "Point",
        "coordinates": [
          -0.5244188530829498,
          53.26803680890698
        ]
      },
      "properties": {
        "confidence": 0.5357295870780945,
        "image": "DJI_20250701153244_0026_W.JPG"
      }
    },
    {
      "type": "Feature",
      "geometry": {
        "type": "Point",
        "coordinates": [
          -0.5245099274174461,
          53.26808551196377
        ]
      },
      "properties": {
        "confidence": 0.5313717722892761,
        "image": "DJI_20250701153244_0026_W.JPG"
      }
    },
    {
      "type": "Feature",
      "geometry": {
        "type": "Point",
        "coordinates": [
          -0.5244867700513589,
          53.268147495650155
        ]
      },
      "properties": {
        "confidence": 0.5276939868927002,
        "image": "DJI_20250701153244_0026_W.JPG"
      }
    },
    {
      "type": "Feature",
      "geometry": {
        "type": "Point",
        "coordinates": [
          -0.5246035477106596,
          53.26812384965952
        ]
      },
      "properties": {
        "confidence": 0.5264393091201782,
        "image": "DJI_20250701153244_0026_W.JPG"
      }
    },
    {
      "type": "Feature",
      "geometry": {
        "type": "Point",
        "coordinates": [
          -0.524471447848989,
          53.26808318779948
        ]
      },
      "properties": {
        "confidence": 0.5151753425598145,
        "image": "DJI_20250701153244_0026_W.JPG"
      }
    },
    {
      "type": "Feature",
      "geometry": {
        "type": "Point",
        "coordinates": [
          -0.5244393759958839,
          53.26811796812611
        ]
      },
      "properties": {
        "confidence": 0.5106920003890991,
        "image": "DJI_20250701153244_0026_W.JPG"
      }
    }
  ]
}