{
  "type": "FeatureCollection",
  "features": [
    {
      "type": "Feature",
      "geometry": {
        "type": "LineString",
        "coordinates": [
          [
            -0.978447637406903,
            51.5972744731314
          ],
          [
            -0.97853044451459,
            51.5972362160839
          ],
          [
            -0.978589218851441,
            51.597208583197
          ],
          [
            -0.978615120367858,
            51.5971961417204
          ]
        ]
      },
      "properties": {
        "row_number": "01"
      }
    },
    {
      "type": "Feature",
      "geometry": {
        "type": "Point",
        "coordinates": [
          -0.978447637406903,
          51.5972744731314
        ]
      },
      "properties": {
        "row_number": "01"
      }
    },
    {
      "type": "Feature",
      "geometry": {
        "type": "Point",
        "coordinates": [
          -0.97853044451459,
          51.5972362160839
        ]
      },
      "properties": {
        "row_number": "01"
      }
    },
    {
      "type": "Feature",
      "geometry": {
        "type": "Point",
        "coordinates": [
          -0.978589218851441,
          51.597208583197
        ]
      },
      "properties": {
        "row_number": "01"
      }
    },
    {
      "type": "Feature",
      "geometry": {
        "type": "Point",
        "coordinates": [
          -0.978615120367858,
          51.5971961417204
        ]
      },
      "properties": {
        "row_number": "01"
      }
    },
    {
      "type": "Feature",
      "geometry": {
        "type": "LineString",
        "coordinates": [
          [
            -0.978397103423426,
            51.5972707591023
          ],
          [
            -0.978451871133094,
            51.5972464224157
          ],
          [
            -0.978509908517602,
            51.5972197251359
          ],
          [
            -0.978567685377892,
            51.5971920064137
          ],
          [
            -0.978612051569378,
            51.5971711863546
          ]
        ]
      },
      "properties": {
        "row_number": "02"
      }
    },
    {
      "type": "Feature",
      "geometry": {
        "type": "Point",
        "coordinates": [
          -0.978397103423426,
          51.5972707591023
        ]
      },
      "properties": {
        "row_number": "02"
      }
    },
    {
      "type": "Feature",
      "geometry": {
        "type": "Point",
        "coordinates": [
          -0.978451871133094,
          51.5972464224157
        ]
      },
      "properties": {
        "row_number": "02"
      }
    },
    {
      "type": "Feature",
      "geometry": {
        "type": "Point",
        "coordinates": [
          -0.978509908517602,
          51.5972197251359
        ]
      },
      "properties": {
        "row_number": "02"
      }
    },
    {
      "type": "Feature",
      "geometry": {
        "type": "Point",
        "coordinates": [
          -0.978567685377892,
          51.5971920064137
        ]
      },
      "properties": {
        "row_number": "02"
      }
    },
    {
      "type": "Feature",
      "geometry": {
        "type": "Point",
        "coordinates": [
          -0.978612051569378,
          51.5971711863546
        ]
      },
      "properties": {
        "row_number": "02"
      }
    },
    {
      "type": "Feature",
      "geometry": {
        "type": "LineString",
        "coordinates": [
          [
            -0.978347542260292,
            51.597267370209
          ],
          [
            -0.978380415625634,
            51.5972524336963
          ],
          [
            -0.978431861474239,
            51.597228610153
          ],
          [
            -0.978490105400157,
            51.5972018294097
          ],
          [
            -0.978547687120365,
            51.5971747167849
          ],
          [
            -0.97861046510974,
            51.5971453795877
          ]
        ]
      },
      "properties": {
        "row_number": "03"
      }
    },
    {
      "type": "Feature",
      "geometry": {
        "type": "Point",
        "coordinates": [
          -0.978347542260292,
          51.597267370209
        ]
      },
      "properties": {
        "row_number": "03"
      }
    },
    {
      "type": "Feature",
      "geometry": {
        "type": "Point",
        "coordinates": [
          -0.978380415625634,
          51.5972524336963
        ]
      },
      "properties": {
        "row_number": "03"
      }
    },
    {
      "type": "Feature",
      "geometry": {
        "type": "Point",
        "coordinates": [
          -0.978431861474239,
          51.597228610153
        ]
      },
      "properties": {
        "row_number": "03"
      }
    },
    {
      "type": "Feature",
      "geometry": {
        "type": "Point",
        "coordinates": [
          -0.978490105400157,
          51.5972018294097
        ]
      },
      "properties": {
        "row_number": "03"
      }
    },
    {
      "type": "Feature",
      "geometry": {
        "type": "Point",
        "coordinates": [
          -0.978547687120365,
          51.5971747167849
        ]
      },
      "properties": {
        "row_number": "03"
      }
    },
    {
      "type": "Feature",
      "geometry": {
        "type": "Point",
        "coordinates": [
          -0.97861046510974,
          51.5971453795877
        ]
      },
      "properties": {
        "row_number": "03"
      }
    },
    {
      "type": "Feature",
      "geometry": {
        "type": "LineString",
        "coordinates": [
          [
            -0.97829967748667,
            51.5972642056289
          ],
          [
            -0.978353286115894,
            51.5972388845977
          ],
          [
            -0.978411158472326,
            51.5972114127179
          ],
          [
            -0.978470177562605,
            51.5971835951909
          ],
          [
            -0.978526882034584,
            51.5971572055096
          ],
          [
            -0.978607121662683,
            51.5971196084113
          ]
        ]
      },
      "properties": {
        "row_number": "04"
      }
    },
    {
      "type": "Feature",
      "geometry": {
        "type": "Point",
        "coordinates": [
          -0.97829967748667,
          51.5972642056289
        ]
      },
      "properties": {
        "row_number": "04"
      }
    },
    {
      "type": "Feature",
      "geometry": {
        "type": "Point",
        "coordinates": [
          -0.978353286115894,
          51.5972388845977
        ]
      },
      "properties": {
        "row_number": "04"
      }
    },
    {
      "type": "Feature",
      "geometry": {
        "type": "Point",
        "coordinates": [
          -0.978411158472326,
          51.5972114127179
        ]
      },
      "properties": {
        "row_number": "04"
      }
    },
    {
      "type": "Feature",
      "geometry": {
        "type": "Point",
        "coordinates": [
          -0.978470177562605,
          51.5971835951909
        ]
      },
      "properties": {
        "row_number": "04"
      }
    },
    {
      "type": "Feature",
      "geometry": {
        "type": "Point",
        "coordinates": [
          -0.978526882034584,
          51.5971572055096
        ]
      },
      "properties": {
        "row_number": "04"
      }
    },
    {
      "type": "Feature",
      "geometry": {
        "type": "Point",
        "coordinates": [
          -0.978607121662683,
          51.5971196084113
        ]
      },
      "properties": {
        "row_number": "04"
      }
    },
    {
      "type": "Feature",
      "geometry": {
        "type": "LineString",
        "coordinates": [
          [
            -0.978250445354253,
            51.5972601760099
          ],
          [
            -0.978279298165274,
            51.597246402568
          ],
          [
            -0.978332930614767,
            51.5972212479605
          ],
          [
            -0.978389862058758,
            51.5971953130333
          ],
          [
            -0.978448125168224,
            51.597167181536
          ],
          [
            -0.978505164362012,
            51.5971407192355
          ],
          [
            -0.9785637056155,
            51.5971127284678
          ],
          [
            -0.978605871263888,
            51.5970926630065
          ]
        ]
      },
      "properties": {
        "row_number": "05"
      }
    },
    {
      "type": "Feature",
      "geometry": {
        "type": "Point",
        "coordinates": [
          -0.978250445354253,
          51.5972601760099
        ]
      },
      "properties": {
        "row_number": "05"
      }
    },
    {
      "type": "Feature",
      "geometry": {
        "type": "Point",
        "coordinates": [
          -0.978279298165274,
          51.597246402568
        ]
      },
      "properties": {
        "row_number": "05"
      }
    },
    {
      "type": "Feature",
      "geometry": {
        "type": "Point",
        "coordinates": [
          -0.978332930614767,
          51.5972212479605
        ]
      },
      "properties": {
        "row_number": "05"
      }
    },
    {
      "type": "Feature",
      "geometry": {
        "type": "Point",
        "coordinates": [
          -0.978389862058758,
          51.5971953130333
        ]
      },
      "properties": {
        "row_number": "05"
      }
    },
    {
      "type": "Feature",
      "geometry": {
        "type": "Point",
        "coordinates": [
          -0.978448125168224,
          51.597167181536
        ]
      },
      "properties": {
        "row_number": "05"
      }
    },
    {
      "type": "Feature",
      "geometry": {
        "type": "Point",
        "coordinates": [
          -0.978505164362012,
          51.5971407192355
        ]
      },
      "properties": {
        "row_number": "05"
      }
    },
    {
      "type": "Feature",
      "geometry": {
        "type": "Point",
        "coordinates": [
          -0.9785637056155,
          51.5971127284678
        ]
      },
      "properties": {
        "row_number": "05"
      }
    },
    {
      "type": "Feature",
      "geometry": {
        "type": "Point",
        "coordinates": [
          -0.978605871263888,
          51.5970926630065
        ]
      },
      "properties": {
        "row_number": "05"
      }
    },
    {
      "type": "Feature",
      "geometry": {
        "type": "LineString",
        "coordinates": [
          [
            -0.978200382988597,
            51.5972567399402
          ],
          [
            -0.978257391519833,
            51.5972298378037
          ],
          [
            -0.978311211272191,
            51.597205325586
          ],
          [
            -0.978370405499888,
            51.5971775610288
          ],
          [
            -0.978428936617029,
            51.5971499499638
          ],
          [
            -0.978487046019847,
            51.5971225101781
          ],
          [
            -0.978542889448706,
            51.5970961627343
          ],
          [
            -0.978604817924014,
            51.59706689189
          ]
        ]
      },
      "properties": {
        "row_number": "06"
      }
    },
    {
      "type": "Feature",
      "geometry": {
        "type": "Point",
        "coordinates": [
          -0.978200382988597,
          51.5972567399402
        ]
      },
      "properties": {
        "row_number": "06"
      }
    },
    {
      "type": "Feature",
      "geometry": {
        "type": "Point",
        "coordinates": [
          -0.978257391519833,
          51.5972298378037
        ]
      },
      "properties": {
        "row_number": "06"
      }
    },
    {
      "type": "Feature",
      "geometry": {
        "type": "Point",
        "coordinates": [
          -0.978311211272191,
          51.597205325586
        ]
      },
      "properties": {
        "row_number": "06"
      }
    },
    {
      "type": "Feature",
      "geometry": {
        "type": "Point",
        "coordinates": [
          -0.978370405499888,
          51.5971775610288
        ]
      },
      "properties": {
        "row_number": "06"
      }
    },
    {
      "type": "Feature",
      "geometry": {
        "type": "Point",
        "coordinates": [
          -0.978428936617029,
          51.5971499499638
        ]
      },
      "properties": {
        "row_number": "06"
      }
    },
    {
      "type": "Feature",
      "geometry": {
        "type": "Point",
        "coordinates": [
          -0.978487046019847,
          51.5971225101781
        ]
      },
      "properties": {
        "row_number": "06"
      }
    },
    {
      "type": "Feature",
      "geometry": {
        "type": "Point",
        "coordinates": [
          -0.978542889448706,
          51.5970961627343
        ]
      },
      "properties": {
        "row_number": "06"
      }
    },
    {
      "type": "Feature",
      "geometry": {
        "type": "Point",
        "coordinates": [
          -0.978604817924014,
          51.59706689189
        ]
      },
      "properties": {
        "row_number": "06"
      }
    },
    {
      "type": "Feature",
      "geometry": {
        "type": "LineString",
        "coordinates": [
          [
            -0.978150303860707,
            51.5972529989507
          ],
          [
            -0.978234837259394,
            51.5972135613832
          ],
          [
            -0.97829096039778,
            51.5971875557473
          ],
          [
            -0.978348631566003,
            51.5971608836125
          ],
          [
            -0.978407911911901,
            51.5971328229029
          ],
          [
            -0.97846476571583,
            51.5971061289936
          ],
          [
            -0.978521895121522,
            51.5970791979134
          ],
          [
            -0.978599886711327,
            51.597041920472
          ]
        ]
      },
      "properties": {
        "row_number": "07"
      }
    },
    {
      "type": "Feature",
      "geometry": {
        "type": "Point",
        "coordinates": [
          -0.978150303860707,
          51.5972529989507
        ]
      },
      "properties": {
        "row_number": "07"
      }
    },
    {
      "type": "Feature",
      "geometry": {
        "type": "Point",
        "coordinates": [
          -0.978234837259394,
          51.5972135613832
        ]
      },
      "properties": {
        "row_number": "07"
      }
    },
    {
      "type": "Feature",
      "geometry": {
        "type": "Point",
        "coordinates": [
          -0.97829096039778,
          51.5971875557473
        ]
      },
      "properties": {
        "row_number": "07"
      }
    },
    {
      "type": "Feature",
      "geometry": {
        "type": "Point",
        "coordinates": [
          -0.978348631566003,
          51.5971608836125
        ]
      },
      "properties": {
        "row_number": "07"
      }
    },
    {
      "type": "Feature",
      "geometry": {
        "type": "Point",
        "coordinates": [
          -0.978407911911901,
          51.5971328229029
        ]
      },
      "properties": {
        "row_number": "07"
      }
    },
    {
      "type": "Feature",
      "geometry": {
        "type": "Point",
        "coordinates": [
          -0.97846476571583,
          51.5971061289936
        ]
      },
      "properties": {
        "row_number": "07"
      }
    },
    {
      "type": "Feature",
      "geometry": {
        "type": "Point",
        "coordinates": [
          -0.978521895121522,
          51.5970791979134
        ]
      },
      "properties": {
        "row_number": "07"
      }
    },
    {
      "type": "Feature",
      "geometry": {
        "type": "Point",
        "coordinates": [
          -0.978599886711327,
          51.597041920472
        ]
      },
      "properties": {
        "row_number": "07"
      }
    },
    {
      "type": "Feature",
      "geometry": {
        "type": "LineString",
        "coordinates": [
          [
            -0.978100344427738,
            51.5972499329605
          ],
          [
            -0.978157246107327,
            51.597223309618
          ],
          [
            -0.978214853395274,
            51.5971964015721
          ],
          [
            -0.978270578512939,
            51.5971695217328
          ],
          [
            -0.978329158124029,
            51.5971424002576
          ],
          [
            -0.978383340603334,
            51.5971166430819
          ],
          [
            -0.978443075630265,
            51.5970883939378
          ],
          [
            -0.9785014442607,
            51.597061599249
          ],
          [
            -0.978559265341976,
            51.5970345059937
          ],
          [
            -0.978599112133657,
            51.5970150718402
          ]
        ]
      },
      "properties": {
        "row_number": "08"
      }
    },
    {
      "type": "Feature",
      "geometry": {
        "type": "Point",
        "coordinates": [
          -0.978100344427738,
          51.5972499329605
        ]
      },
      "properties": {
        "row_number": "08"
      }
    },
    {
      "type": "Feature",
      "geometry": {
        "type": "Point",
        "coordinates": [
          -0.978157246107327,
          51.597223309618
        ]
      },
      "properties": {
        "row_number": "08"
      }
    },
    {
      "type": "Feature",
      "geometry": {
        "type": "Point",
        "coordinates": [
          -0.978214853395274,
          51.5971964015721
        ]
      },
      "properties": {
        "row_number": "08"
      }
    },
    {
      "type": "Feature",
      "geometry": {
        "type": "Point",
        "coordinates": [
          -0.978270578512939,
          51.5971695217328
        ]
      },
      "properties": {
        "row_number": "08"
      }
    },
    {
      "type": "Feature",
      "geometry": {
        "type": "Point",
        "coordinates": [
          -0.978329158124029,
          51.5971424002576
        ]
      },
      "properties": {
        "row_number": "08"
      }
    },
    {
      "type": "Feature",
      "geometry": {
        "type": "Point",
        "coordinates": [
          -0.978383340603334,
          51.5971166430819
        ]
      },
      "properties": {
        "row_number": "08"
      }
    },
    {
      "type": "Feature",
      "geometry": {
        "type": "Point",
        "coordinates": [
          -0.978443075630265,
          51.5970883939378
        ]
      },
      "properties": {
        "row_number": "08"
      }
    },
    {
      "type": "Feature",
      "geometry": {
        "type": "Point",
        "coordinates": [
          -0.9785014442607,
          51.597061599249
        ]
      },
      "properties": {
        "row_number": "08"
      }
    },
    {
      "type": "Feature",
      "geometry": {
        "type": "Point",
        "coordinates": [
          -0.978559265341976,
          51.5970345059937
        ]
      },
      "properties": {
        "row_number": "08"
      }
    },
    {
      "type": "Feature",
      "geometry": {
        "type": "Point",
        "coordinates": [
          -0.978599112133657,
          51.5970150718402
        ]
      },
      "properties": {
        "row_number": "08"
      }
    },
    {
      "type": "Feature",
      "geometry": {
        "type": "LineString",
        "coordinates": [
          [
            -0.978049319304321,
            51.5972468974712
          ],
          [
            -0.978133771283527,
            51.5972061509241
          ],
          [
            -0.978192418320083,
            51.5971794085502
          ],
          [
            -0.978249731819517,
            51.5971519546648
          ],
          [
            -0.978307563840972,
            51.5971245777769
          ],
          [
            -0.978365173847808,
            51.5970975936048
          ],
          [
            -0.978421492779356,
            51.5970714781059
          ],
          [
            -0.978478429613458,
            51.5970448352872
          ],
          [
            -0.97853662999145,
            51.5970170337851
          ],
          [
            -0.978597805910187,
            51.5969876139966
          ]
        ]
      },
      "properties": {
        "row_number": "09"
      }
    },
    {
      "type": "Feature",
      "geometry": {
        "type": "Point",
        "coordinates": [
          -0.978049319304321,
          51.5972468974712
        ]
      },
      "properties": {
        "row_number": "09"
      }
    },
    {
      "type": "Feature",
      "geometry": {
        "type": "Point",
        "coordinates": [
          -0.978133771283527,
          51.5972061509241
        ]
      },
      "properties": {
        "row_number": "09"
      }
    },
    {
      "type": "Feature",
      "geometry": {
        "type": "Point",
        "coordinates": [
          -0.978192418320083,
          51.5971794085502
        ]
      },
      "properties": {
        "row_number": "09"
      }
    },
    {
      "type": "Feature",
      "geometry": {
        "type": "Point",
        "coordinates": [
          -0.978249731819517,
          51.5971519546648
        ]
      },
      "properties": {
        "row_number": "09"
      }
    },
    {
      "type": "Feature",
      "geometry": {
        "type": "Point",
        "coordinates": [
          -0.978307563840972,
          51.5971245777769
        ]
      },
      "properties": {
        "row_number": "09"
      }
    },
    {
      "type": "Feature",
      "geometry": {
        "type": "Point",
        "coordinates": [
          -0.978365173847808,
          51.5970975936048
        ]
      },
      "properties": {
        "row_number": "09"
      }
    },
    {
      "type": "Feature",
      "geometry": {
        "type": "Point",
        "coordinates": [
          -0.978421492779356,
          51.5970714781059
        ]
      },
      "properties": {
        "row_number": "09"
      }
    },
    {
      "type": "Feature",
      "geometry": {
        "type": "Point",
        "coordinates": [
          -0.978478429613458,
          51.5970448352872
        ]
      },
      "properties": {
        "row_number": "09"
      }
    },
    {
      "type": "Feature",
      "geometry": {
        "type": "Point",
        "coordinates": [
          -0.97853662999145,
          51.5970170337851
        ]
      },
      "properties": {
        "row_number": "09"
      }
    },
    {
      "type": "Feature",
      "geometry": {
        "type": "Point",
        "coordinates": [
          -0.978597805910187,
          51.5969876139966
        ]
      },
      "properties": {
        "row_number": "09"
      }
    },
    {
      "type": "Feature",
      "geometry": {
        "type": "LineString",
        "coordinates": [
          [
            -0.978000870260439,
            51.5972428510911
          ],
          [
            -0.978058514940154,
            51.5972149056925
          ],
          [
            -0.978114287404295,
            51.5971892387432
          ],
          [
            -0.978172568669655,
            51.5971618788974
          ],
          [
            -0.978228484583134,
            51.5971355315884
          ],
          [
            -0.978285069971917,
            51.5971088679173
          ],
          [
            -0.978341339943433,
            51.5970821842406
          ],
          [
            -0.978402164295333,
            51.5970539838138
          ],
          [
            -0.978459039156271,
            51.5970268167306
          ],
          [
            -0.97851716506892,
            51.5969996234844
          ],
          [
            -0.978596494541843,
            51.596961584218
          ]
        ]
      },
      "properties": {
        "row_number": "10"
      }
    },
    {
      "type": "Feature",
      "geometry": {
        "type": "Point",
        "coordinates": [
          -0.978000870260439,
          51.5972428510911
        ]
      },
      "properties": {
        "row_number": "10"
      }
    },
    {
      "type": "Feature",
      "geometry": {
        "type": "Point",
        "coordinates": [
          -0.978058514940154,
          51.5972149056925
        ]
      },
      "properties": {
        "row_number": "10"
      }
    },
    {
      "type": "Feature",
      "geometry": {
        "type": "Point",
        "coordinates": [
          -0.978114287404295,
          51.5971892387432
        ]
      },
      "properties": {
        "row_number": "10"
      }
    },
    {
      "type": "Feature",
      "geometry": {
        "type": "Point",
        "coordinates": [
          -0.978172568669655,
          51.5971618788974
        ]
      },
      "properties": {
        "row_number": "10"
      }
    },
    {
      "type": "Feature",
      "geometry": {
        "type": "Point",
        "coordinates": [
          -0.978228484583134,
          51.5971355315884
        ]
      },
      "properties": {
        "row_number": "10"
      }
    },
    {
      "type": "Feature",
      "geometry": {
        "type": "Point",
        "coordinates": [
          -0.978285069971917,
          51.5971088679173
        ]
      },
      "properties": {
        "row_number": "10"
      }
    },
    {
      "type": "Feature",
      "geometry": {
        "type": "Point",
        "coordinates": [
          -0.978341339943433,
          51.5970821842406
        ]
      },
      "properties": {
        "row_number": "10"
      }
    },
    {
      "type": "Feature",
      "geometry": {
        "type": "Point",
        "coordinates": [
          -0.978402164295333,
          51.5970539838138
        ]
      },
      "properties": {
        "row_number": "10"
      }
    },
    {
      "type": "Feature",
      "geometry": {
        "type": "Point",
        "coordinates": [
          -0.978459039156271,
          51.5970268167306
        ]
      },
      "properties": {
        "row_number": "10"
      }
    },
    {
      "type": "Feature",
      "geometry": {
        "type": "Point",
        "coordinates": [
          -0.97851716506892,
          51.5969996234844
        ]
      },
      "properties": {
        "row_number": "10"
      }
    },
    {
      "type": "Feature",
      "geometry": {
        "type": "Point",
        "coordinates": [
          -0.978596494541843,
          51.596961584218
        ]
      },
      "properties": {
        "row_number": "10"
      }
    },
    {
      "type": "Feature",
      "geometry": {
        "type": "LineString",
        "coordinates": [
          [
            -0.977948402768843,
            51.5972401425095
          ],
          [
            -0.978034895471183,
            51.597198431524
          ],
          [
            -0.978091817009675,
            51.5971722110633
          ],
          [
            -0.978151500415771,
            51.597144089171
          ],
          [
            -0.978209291075813,
            51.5971173526407
          ],
          [
            -0.978263962578845,
            51.5970916328688
          ],
          [
            -0.978321679090312,
            51.5970646327549
          ],
          [
            -0.978383424059135,
            51.5970365834862
          ],
          [
            -0.978437776294046,
            51.5970107748883
          ],
          [
            -0.978496879016559,
            51.5969831112983
          ],
          [
            -0.978553911047026,
            51.5969558212358
          ],
          [
            -0.978594126868234,
            51.5969363039604
          ]
        ]
      },
      "properties": {
        "row_number": "11"
      }
    },
    {
      "type": "Feature",
      "geometry": {
        "type": "Point",
        "coordinates": [
          -0.977948402768843,
          51.5972401425095
        ]
      },
      "properties": {
        "row_number": "11"
      }
    },
    {
      "type": "Feature",
      "geometry": {
        "type": "Point",
        "coordinates": [
          -0.978034895471183,
          51.597198431524
        ]
      },
      "properties": {
        "row_number": "11"
      }
    },
    {
      "type": "Feature",
      "geometry": {
        "type": "Point",
        "coordinates": [
          -0.978091817009675,
          51.5971722110633
        ]
      },
      "properties": {
        "row_number": "11"
      }
    },
    {
      "type": "Feature",
      "geometry": {
        "type": "Point",
        "coordinates": [
          -0.978151500415771,
          51.597144089171
        ]
      },
      "properties": {
        "row_number": "11"
      }
    },
    {
      "type": "Feature",
      "geometry": {
        "type": "Point",
        "coordinates": [
          -0.978209291075813,
          51.5971173526407
        ]
      },
      "properties": {
        "row_number": "11"
      }
    },
    {
      "type": "Feature",
      "geometry": {
        "type": "Point",
        "coordinates": [
          -0.978263962578845,
          51.5970916328688
        ]
      },
      "properties": {
        "row_number": "11"
      }
    },
    {
      "type": "Feature",
      "geometry": {
        "type": "Point",
        "coordinates": [
          -0.978321679090312,
          51.5970646327549
        ]
      },
      "properties": {
        "row_number": "11"
      }
    },
    {
      "type": "Feature",
      "geometry": {
        "type": "Point",
        "coordinates": [
          -0.978383424059135,
          51.5970365834862
        ]
      },
      "properties": {
        "row_number": "11"
      }
    },
    {
      "type": "Feature",
      "geometry": {
        "type": "Point",
        "coordinates": [
          -0.978437776294046,
          51.5970107748883
        ]
      },
      "properties": {
        "row_number": "11"
      }
    },
    {
      "type": "Feature",
      "geometry": {
        "type": "Point",
        "coordinates": [
          -0.978496879016559,
          51.5969831112983
        ]
      },
      "properties": {
        "row_number": "11"
      }
    },
    {
      "type": "Feature",
      "geometry": {
        "type": "Point",
        "coordinates": [
          -0.978553911047026,
          51.5969558212358
        ]
      },
      "properties": {
        "row_number": "11"
      }
    },
    {
      "type": "Feature",
      "geometry": {
        "type": "Point",
        "coordinates": [
          -0.978594126868234,
          51.5969363039604
        ]
      },
      "properties": {
        "row_number": "11"
      }
    },
    {
      "type": "Feature",
      "geometry": {
        "type": "LineString",
        "coordinates": [
          [
            -0.977895842078559,
            51.5972368852672
          ],
          [
            -0.97795652655339,
            51.5972090229362
          ],
          [
            -0.97801481502454,
            51.5971814644822
          ],
          [
            -0.978070475495513,
            51.5971550100089
          ],
          [
            -0.978129673687597,
            51.5971269010679
          ],
          [
            -0.978187987880949,
            51.5970993109766
          ],
          [
            -0.978242528173873,
            51.5970740567518
          ],
          [
            -0.978303304408922,
            51.5970458959954
          ],
          [
            -0.978360477512108,
            51.5970186982995
          ],
          [
            -0.978418705051812,
            51.5969917320173
          ],
          [
            -0.978473664960095,
            51.5969660416036
          ],
          [
            -0.978532009882873,
            51.5969384993161
          ],
          [
            -0.978591500036064,
            51.5969099962121
          ]
        ]
      },
      "properties": {
        "row_number": "12"
      }
    },
    {
      "type": "Feature",
      "geometry": {
        "type": "Point",
        "coordinates": [
          -0.977895842078559,
          51.5972368852672
        ]
      },
      "properties": {
        "row_number": "12"
      }
    },
    {
      "type": "Feature",
      "geometry": {
        "type": "Point",
        "coordinates": [
          -0.97795652655339,
          51.5972090229362
        ]
      },
      "properties": {
        "row_number": "12"
      }
    },
    {
      "type": "Feature",
      "geometry": {
        "type": "Point",
        "coordinates": [
          -0.97801481502454,
          51.5971814644822
        ]
      },
      "properties": {
        "row_number": "12"
      }
    },
    {
      "type": "Feature",
      "geometry": {
        "type": "Point",
        "coordinates": [
          -0.978070475495513,
          51.5971550100089
        ]
      },
      "properties": {
        "row_number": "12"
      }
    },
    {
      "type": "Feature",
      "geometry": {
        "type": "Point",
        "coordinates": [
          -0.978129673687597,
          51.5971269010679
        ]
      },
      "properties": {
        "row_number": "12"
      }
    },
    {
      "type": "Feature",
      "geometry": {
        "type": "Point",
        "coordinates": [
          -0.978187987880949,
          51.5970993109766
        ]
      },
      "properties": {
        "row_number": "12"
      }
    },
    {
      "type": "Feature",
      "geometry": {
        "type": "Point",
        "coordinates": [
          -0.978242528173873,
          51.5970740567518
        ]
      },
      "properties": {
        "row_number": "12"
      }
    },
    {
      "type": "Feature",
      "geometry": {
        "type": "Point",
        "coordinates": [
          -0.978303304408922,
          51.5970458959954
        ]
      },
      "properties": {
        "row_number": "12"
      }
    },
    {
      "type": "Feature",
      "geometry": {
        "type": "Point",
        "coordinates": [
          -0.978360477512108,
          51.5970186982995
        ]
      },
      "properties": {
        "row_number": "12"
      }
    },
    {
      "type": "Feature",
      "geometry": {
        "type": "Point",
        "coordinates": [
          -0.978418705051812,
          51.5969917320173
        ]
      },
      "properties": {
        "row_number": "12"
      }
    },
    {
      "type": "Feature",
      "geometry": {
        "type": "Point",
        "coordinates": [
          -0.978473664960095,
          51.5969660416036
        ]
      },
      "properties": {
        "row_number": "12"
      }
    },
    {
      "type": "Feature",
      "geometry": {
        "type": "Point",
        "coordinates": [
          -0.978532009882873,
          51.5969384993161
        ]
      },
      "properties": {
        "row_number": "12"
      }
    },
    {
      "type": "Feature",
      "geometry": {
        "type": "Point",
        "coordinates": [
          -0.978591500036064,
          51.5969099962121
        ]
      },
      "properties": {
        "row_number": "12"
      }
    },
    {
      "type": "Feature",
      "geometry": {
        "type": "LineString",
        "coordinates": [
          [
            -0.977849143950124,
            51.5972327881606
          ],
          [
            -0.977933466124717,
            51.5971923655093
          ],
          [
            -0.977994646400081,
            51.5971637098035
          ],
          [
            -0.978051390788991,
            51.5971364270967
          ],
          [
            -0.978109087934013,
            51.5971089532998
          ],
          [
            -0.978166484578987,
            51.5970825552042
          ],
          [
            -0.97822346774459,
            51.5970559935181
          ],
          [
            -0.978279480365055,
            51.5970302029107
          ],
          [
            -0.978341033283347,
            51.5970015818088
          ],
          [
            -0.978398897703077,
            51.5969755711962
          ],
          [
            -0.978453384802515,
            51.5969490481405
          ],
          [
            -0.978513711678271,
            51.5969208167795
          ],
          [
            -0.978590082885124,
            51.5968841008626
          ]
        ]
      },
      "properties": {
        "row_number": "13"
      }
    },
    {
      "type": "Feature",
      "geometry": {
        "type": "Point",
        "coordinates": [
          -0.977849143950124,
          51.5972327881606
        ]
      },
      "properties": {
        "row_number": "13"
      }
    },
    {
      "type": "Feature",
      "geometry": {
        "type": "Point",
        "coordinates": [
          -0.977933466124717,
          51.5971923655093
        ]
      },
      "properties": {
        "row_number": "13"
      }
    },
    {
      "type": "Feature",
      "geometry": {
        "type": "Point",
        "coordinates": [
          -0.977994646400081,
          51.5971637098035
        ]
      },
      "properties": {
        "row_number": "13"
      }
    },
    {
      "type": "Feature",
      "geometry": {
        "type": "Point",
        "coordinates": [
          -0.978051390788991,
          51.5971364270967
        ]
      },
      "properties": {
        "row_number": "13"
      }
    },
    {
      "type": "Feature",
      "geometry": {
        "type": "Point",
        "coordinates": [
          -0.978109087934013,
          51.5971089532998
        ]
      },
      "properties": {
        "row_number": "13"
      }
    },
    {
      "type": "Feature",
      "geometry": {
        "type": "Point",
        "coordinates": [
          -0.978166484578987,
          51.5970825552042
        ]
      },
      "properties": {
        "row_number": "13"
      }
    },
    {
      "type": "Feature",
      "geometry": {
        "type": "Point",
        "coordinates": [
          -0.97822346774459,
          51.5970559935181
        ]
      },
      "properties": {
        "row_number": "13"
      }
    },
    {
      "type": "Feature",
      "geometry": {
        "type": "Point",
        "coordinates": [
          -0.978279480365055,
          51.5970302029107
        ]
      },
      "properties": {
        "row_number": "13"
      }
    },
    {
      "type": "Feature",
      "geometry": {
        "type": "Point",
        "coordinates": [
          -0.978341033283347,
          51.5970015818088
        ]
      },
      "properties": {
        "row_number": "13"
      }
    },
    {
      "type": "Feature",
      "geometry": {
        "type": "Point",
        "coordinates": [
          -0.978398897703077,
          51.5969755711962
        ]
      },
      "properties": {
        "row_number": "13"
      }
    },
    {
      "type": "Feature",
      "geometry": {
        "type": "Point",
        "coordinates": [
          -0.978453384802515,
          51.5969490481405
        ]
      },
      "properties": {
        "row_number": "13"
      }
    },
    {
      "type": "Feature",
      "geometry": {
        "type": "Point",
        "coordinates": [
          -0.978513711678271,
          51.5969208167795
        ]
      },
      "properties": {
        "row_number": "13"
      }
    },
    {
      "type": "Feature",
      "geometry": {
        "type": "Point",
        "coordinates": [
          -0.978590082885124,
          51.5968841008626
        ]
      },
      "properties": {
        "row_number": "13"
      }
    },
    {
      "type": "Feature",
      "geometry": {
        "type": "LineString",
        "coordinates": [
          [
            -0.977798196131523,
            51.597229276314
          ],
          [
            -0.97785729491465,
            51.5972012910089
          ],
          [
            -0.977913761868725,
            51.5971745287754
          ],
          [
            -0.977971573756031,
            51.597148044036
          ],
          [
            -0.97803247272395,
            51.5971193458305
          ],
          [
            -0.97808829181406,
            51.5970932321739
          ],
          [
            -0.978145594487636,
            51.5970661911573
          ],
          [
            -0.978203564552265,
            51.5970392331111
          ],
          [
            -0.978259902379716,
            51.5970128348826
          ],
          [
            -0.978319541117443,
            51.5969853051336
          ],
          [
            -0.978377756160419,
            51.5969579354669
          ],
          [
            -0.978433114279543,
            51.5969317593188
          ],
          [
            -0.978491778684963,
            51.5969045198697
          ],
          [
            -0.978587781061007,
            51.5968587617997
          ]
        ]
      },
      "properties": {
        "row_number": "14"
      }
    },
    {
      "type": "Feature",
      "geometry": {
        "type": "Point",
        "coordinates": [
          -0.977798196131523,
          51.597229276314
        ]
      },
      "properties": {
        "row_number": "14"
      }
    },
    {
      "type": "Feature",
      "geometry": {
        "type": "Point",
        "coordinates": [
          -0.97785729491465,
          51.5972012910089
        ]
      },
      "properties": {
        "row_number": "14"
      }
    },
    {
      "type": "Feature",
      "geometry": {
        "type": "Point",
        "coordinates": [
          -0.977913761868725,
          51.5971745287754
        ]
      },
      "properties": {
        "row_number": "14"
      }
    },
    {
      "type": "Feature",
      "geometry": {
        "type": "Point",
        "coordinates": [
          -0.977971573756031,
          51.597148044036
        ]
      },
      "properties": {
        "row_number": "14"
      }
    },
    {
      "type": "Feature",
      "geometry": {
        "type": "Point",
        "coordinates": [
          -0.97803247272395,
          51.5971193458305
        ]
      },
      "properties": {
        "row_number": "14"
      }
    },
    {
      "type": "Feature",
      "geometry": {
        "type": "Point",
        "coordinates": [
          -0.97808829181406,
          51.5970932321739
        ]
      },
      "properties": {
        "row_number": "14"
      }
    },
    {
      "type": "Feature",
      "geometry": {
        "type": "Point",
        "coordinates": [
          -0.978145594487636,
          51.5970661911573
        ]
      },
      "properties": {
        "row_number": "14"
      }
    },
    {
      "type": "Feature",
      "geometry": {
        "type": "Point",
        "coordinates": [
          -0.978203564552265,
          51.5970392331111
        ]
      },
      "properties": {
        "row_number": "14"
      }
    },
    {
      "type": "Feature",
      "geometry": {
        "type": "Point",
        "coordinates": [
          -0.978259902379716,
          51.5970128348826
        ]
      },
      "properties": {
        "row_number": "14"
      }
    },
    {
      "type": "Feature",
      "geometry": {
        "type": "Point",
        "coordinates": [
          -0.978319541117443,
          51.5969853051336
        ]
      },
      "properties": {
        "row_number": "14"
      }
    },
    {
      "type": "Feature",
      "geometry": {
        "type": "Point",
        "coordinates": [
          -0.978377756160419,
          51.5969579354669
        ]
      },
      "properties": {
        "row_number": "14"
      }
    },
    {
      "type": "Feature",
      "geometry": {
        "type": "Point",
        "coordinates": [
          -0.978433114279543,
          51.5969317593188
        ]
      },
      "properties": {
        "row_number": "14"
      }
    },
    {
      "type": "Feature",
      "geometry": {
        "type": "Point",
        "coordinates": [
          -0.978491778684963,
          51.5969045198697
        ]
      },
      "properties": {
        "row_number": "14"
      }
    },
    {
      "type": "Feature",
      "geometry": {
        "type": "Point",
        "coordinates": [
          -0.978587781061007,
          51.5968587617997
        ]
      },
      "properties": {
        "row_number": "14"
      }
    },
    {
      "type": "Feature",
      "geometry": {
        "type": "LineString",
        "coordinates": [
          [
            -0.977747053705131,
            51.5972258781025
          ],
          [
            -0.977835721074805,
            51.5971840100345
          ],
          [
            -0.977893379239313,
            51.5971572798258
          ],
          [
            -0.977950319015347,
            51.5971305115891
          ],
          [
            -0.978010832365639,
            51.5971020503268
          ],
          [
            -0.978067705879072,
            51.5970756720299
          ],
          [
            -0.978126399958193,
            51.5970489375212
          ],
          [
            -0.978181636163883,
            51.5970229519524
          ],
          [
            -0.978241699390699,
            51.5969949343844
          ],
          [
            -0.978298281033798,
            51.5969687044815
          ],
          [
            -0.978355791767244,
            51.5969418749049
          ],
          [
            -0.978414972179507,
            51.5969140166004
          ],
          [
            -0.978471098784325,
            51.5968870138237
          ],
          [
            -0.978529072238343,
            51.5968589688197
          ],
          [
            -0.978584022026757,
            51.5968327519352
          ]
        ]
      },
      "properties": {
        "row_number": "15"
      }
    },
    {
      "type": "Feature",
      "geometry": {
        "type": "Point",
        "coordinates": [
          -0.977747053705131,
          51.5972258781025
        ]
      },
      "properties": {
        "row_number": "15"
      }
    },
    {
      "type": "Feature",
      "geometry": {
        "type": "Point",
        "coordinates": [
          -0.977835721074805,
          51.5971840100345
        ]
      },
      "properties": {
        "row_number": "15"
      }
    },
    {
      "type": "Feature",
      "geometry": {
        "type": "Point",
        "coordinates": [
          -0.977893379239313,
          51.5971572798258
        ]
      },
      "properties": {
        "row_number": "15"
      }
    },
    {
      "type": "Feature",
      "geometry": {
        "type": "Point",
        "coordinates": [
          -0.977950319015347,
          51.5971305115891
        ]
      },
      "properties": {
        "row_number": "15"
      }
    },
    {
      "type": "Feature",
      "geometry": {
        "type": "Point",
        "coordinates": [
          -0.978010832365639,
          51.5971020503268
        ]
      },
      "properties": {
        "row_number": "15"
      }
    },
    {
      "type": "Feature",
      "geometry": {
        "type": "Point",
        "coordinates": [
          -0.978067705879072,
          51.5970756720299
        ]
      },
      "properties": {
        "row_number": "15"
      }
    },
    {
      "type": "Feature",
      "geometry": {
        "type": "Point",
        "coordinates": [
          -0.978126399958193,
          51.5970489375212
        ]
      },
      "properties": {
        "row_number": "15"
      }
    },
    {
      "type": "Feature",
      "geometry": {
        "type": "Point",
        "coordinates": [
          -0.978181636163883,
          51.5970229519524
        ]
      },
      "properties": {
        "row_number": "15"
      }
    },
    {
      "type": "Feature",
      "geometry": {
        "type": "Point",
        "coordinates": [
          -0.978241699390699,
          51.5969949343844
        ]
      },
      "properties": {
        "row_number": "15"
      }
    },
    {
      "type": "Feature",
      "geometry": {
        "type": "Point",
        "coordinates": [
          -0.978298281033798,
          51.5969687044815
        ]
      },
      "properties": {
        "row_number": "15"
      }
    },
    {
      "type": "Feature",
      "geometry": {
        "type": "Point",
        "coordinates": [
          -0.978355791767244,
          51.5969418749049
        ]
      },
      "properties": {
        "row_number": "15"
      }
    },
    {
      "type": "Feature",
      "geometry": {
        "type": "Point",
        "coordinates": [
          -0.978414972179507,
          51.5969140166004
        ]
      },
      "properties": {
        "row_number": "15"
      }
    },
    {
      "type": "Feature",
      "geometry": {
        "type": "Point",
        "coordinates": [
          -0.978471098784325,
          51.5968870138237
        ]
      },
      "properties": {
        "row_number": "15"
      }
    },
    {
      "type": "Feature",
      "geometry": {
        "type": "Point",
        "coordinates": [
          -0.978529072238343,
          51.5968589688197
        ]
      },
      "properties": {
        "row_number": "15"
      }
    },
    {
      "type": "Feature",
      "geometry": {
        "type": "Point",
        "coordinates": [
          -0.978584022026757,
          51.5968327519352
        ]
      },
      "properties": {
        "row_number": "15"
      }
    },
    {
      "type": "Feature",
      "geometry": {
        "type": "LineString",
        "coordinates": [
          [
            -0.977695231385397,
            51.5972229927185
          ],
          [
            -0.977757452086463,
            51.5971930925108
          ],
          [
            -0.977813089909433,
            51.5971670203971
          ],
          [
            -0.977871361542839,
            51.597139917722
          ],
          [
            -0.977932440434625,
            51.5971118259712
          ],
          [
            -0.977987515353945,
            51.5970858359093
          ],
          [
            -0.978047015989058,
            51.5970580068808
          ],
          [
            -0.978104391211699,
            51.5970305832153
          ],
          [
            -0.978161106781582,
            51.5970045418198
          ],
          [
            -0.978219797187568,
            51.5969771432714
          ],
          [
            -0.978276481220951,
            51.596950461956
          ],
          [
            -0.978335146243865,
            51.5969231394782
          ],
          [
            -0.978391466755968,
            51.5968971527563
          ],
          [
            -0.978450083566733,
            51.5968692277457
          ],
          [
            -0.9785070408544,
            51.5968426459882
          ],
          [
            -0.9785820166399901,
            51.59681323857987
          ]
        ]
      },
      "properties": {
        "row_number": "16"
      }
    },
    {
      "type": "Feature",
      "geometry": {
        "type": "Point",
        "coordinates": [
          -0.977695231385397,
          51.5972229927185
        ]
      },
      "properties": {
        "row_number": "16"
      }
    },
    {
      "type": "Feature",
      "geometry": {
        "type": "Point",
        "coordinates": [
          -0.977757452086463,
          51.5971930925108
        ]
      },
      "properties": {
        "row_number": "16"
      }
    },
    {
      "type": "Feature",
      "geometry": {
        "type": "Point",
        "coordinates": [
          -0.977813089909433,
          51.5971670203971
        ]
      },
      "properties": {
        "row_number": "16"
      }
    },
    {
      "type": "Feature",
      "geometry": {
        "type": "Point",
        "coordinates": [
          -0.977871361542839,
          51.597139917722
        ]
      },
      "properties": {
        "row_number": "16"
      }
    },
    {
      "type": "Feature",
      "geometry": {
        "type": "Point",
        "coordinates": [
          -0.977932440434625,
          51.5971118259712
        ]
      },
      "properties": {
        "row_number": "16"
      }
    },
    {
      "type": "Feature",
      "geometry": {
        "type": "Point",
        "coordinates": [
          -0.977987515353945,
          51.5970858359093
        ]
      },
      "properties": {
        "row_number": "16"
      }
    },
    {
      "type": "Feature",
      "geometry": {
        "type": "Point",
        "coordinates": [
          -0.978047015989058,
          51.5970580068808
        ]
      },
      "properties": {
        "row_number": "16"
      }
    },
    {
      "type": "Feature",
      "geometry": {
        "type": "Point",
        "coordinates": [
          -0.978104391211699,
          51.5970305832153
        ]
      },
      "properties": {
        "row_number": "16"
      }
    },
    {
      "type": "Feature",
      "geometry": {
        "type": "Point",
        "coordinates": [
          -0.978161106781582,
          51.5970045418198
        ]
      },
      "properties": {
        "row_number": "16"
      }
    },
    {
      "type": "Feature",
      "geometry": {
        "type": "Point",
        "coordinates": [
          -0.978219797187568,
          51.5969771432714
        ]
      },
      "properties": {
        "row_number": "16"
      }
    },
    {
      "type": "Feature",
      "geometry": {
        "type": "Point",
        "coordinates": [
          -0.978276481220951,
          51.596950461956
        ]
      },
      "properties": {
        "row_number": "16"
      }
    },
    {
      "type": "Feature",
      "geometry": {
        "type": "Point",
        "coordinates": [
          -0.978335146243865,
          51.5969231394782
        ]
      },
      "properties": {
        "row_number": "16"
      }
    },
    {
      "type": "Feature",
      "geometry": {
        "type": "Point",
        "coordinates": [
          -0.978391466755968,
          51.5968971527563
        ]
      },
      "properties": {
        "row_number": "16"
      }
    },
    {
      "type": "Feature",
      "geometry": {
        "type": "Point",
        "coordinates": [
          -0.978450083566733,
          51.5968692277457
        ]
      },
      "properties": {
        "row_number": "16"
      }
    },
    {
      "type": "Feature",
      "geometry": {
        "type": "Point",
        "coordinates": [
          -0.9785070408544,
          51.5968426459882
        ]
      },
      "properties": {
        "row_number": "16"
      }
    },
    {
      "type": "Feature",
      "geometry": {
        "type": "Point",
        "coordinates": [
          -0.9785820166399901,
          51.59681323857987
        ]
      },
      "properties": {
        "row_number": "16"
      }
    },
    {
      "type": "Feature",
      "geometry": {
        "type": "LineString",
        "coordinates": [
          [
            -0.977646756546281,
            51.5972189838733
          ],
          [
            -0.977682729886235,
            51.5972021164218
          ],
          [
            -0.97773668121315,
            51.5971762220177
          ],
          [
            -0.97779288771952,
            51.5971495941025
          ],
          [
            -0.977852354235756,
            51.5971225800227
          ],
          [
            -0.977911315346635,
            51.597095169754
          ],
          [
            -0.977968921660472,
            51.5970682251664
          ],
          [
            -0.978026129995258,
            51.5970414283975
          ],
          [
            -0.978083605339442,
            51.5970144693145
          ],
          [
            -0.978140732975924,
            51.5969877080475
          ],
          [
            -0.978199134824256,
            51.5969602578063
          ],
          [
            -0.978256457723903,
            51.596933347719
          ],
          [
            -0.978313115000129,
            51.5969061512586
          ],
          [
            -0.978371325345636,
            51.5968794842859
          ],
          [
            -0.978427115832808,
            51.5968535662388
          ],
          [
            -0.978487704331722,
            51.5968253201622
          ],
          [
            -0.978543926237465,
            51.5967991232161
          ],
          [
            -0.978579706487744,
            51.5967818778955
          ]
        ]
      },
      "properties": {
        "row_number": "17"
      }
    },
    {
      "type": "Feature",
      "geometry": {
        "type": "Point",
        "coordinates": [
          -0.977646756546281,
          51.5972189838733
        ]
      },
      "properties": {
        "row_number": "17"
      }
    },
    {
      "type": "Feature",
      "geometry": {
        "type": "Point",
        "coordinates": [
          -0.977682729886235,
          51.5972021164218
        ]
      },
      "properties": {
        "row_number": "17"
      }
    },
    {
      "type": "Feature",
      "geometry": {
        "type": "Point",
        "coordinates": [
          -0.97773668121315,
          51.5971762220177
        ]
      },
      "properties": {
        "row_number": "17"
      }
    },
    {
      "type": "Feature",
      "geometry": {
        "type": "Point",
        "coordinates": [
          -0.97779288771952,
          51.5971495941025
        ]
      },
      "properties": {
        "row_number": "17"
      }
    },
    {
      "type": "Feature",
      "geometry": {
        "type": "Point",
        "coordinates": [
          -0.977852354235756,
          51.5971225800227
        ]
      },
      "properties": {
        "row_number": "17"
      }
    },
    {
      "type": "Feature",
      "geometry": {
        "type": "Point",
        "coordinates": [
          -0.977911315346635,
          51.597095169754
        ]
      },
      "properties": {
        "row_number": "17"
      }
    },
    {
      "type": "Feature",
      "geometry": {
        "type": "Point",
        "coordinates": [
          -0.977968921660472,
          51.5970682251664
        ]
      },
      "properties": {
        "row_number": "17"
      }
    },
    {
      "type": "Feature",
      "geometry": {
        "type": "Point",
        "coordinates": [
          -0.978026129995258,
          51.5970414283975
        ]
      },
      "properties": {
        "row_number": "17"
      }
    },
    {
      "type": "Feature",
      "geometry": {
        "type": "Point",
        "coordinates": [
          -0.978083605339442,
          51.5970144693145
        ]
      },
      "properties": {
        "row_number": "17"
      }
    },
    {
      "type": "Feature",
      "geometry": {
        "type": "Point",
        "coordinates": [
          -0.978140732975924,
          51.5969877080475
        ]
      },
      "properties": {
        "row_number": "17"
      }
    },
    {
      "type": "Feature",
      "geometry": {
        "type": "Point",
        "coordinates": [
          -0.978199134824256,
          51.5969602578063
        ]
      },
      "properties": {
        "row_number": "17"
      }
    },
    {
      "type": "Feature",
      "geometry": {
        "type": "Point",
        "coordinates": [
          -0.978256457723903,
          51.596933347719
        ]
      },
      "properties": {
        "row_number": "17"
      }
    },
    {
      "type": "Feature",
      "geometry": {
        "type": "Point",
        "coordinates": [
          -0.978313115000129,
          51.5969061512586
        ]
      },
      "properties": {
        "row_number": "17"
      }
    },
    {
      "type": "Feature",
      "geometry": {
        "type": "Point",
        "coordinates": [
          -0.978371325345636,
          51.5968794842859
        ]
      },
      "properties": {
        "row_number": "17"
      }
    },
    {
      "type": "Feature",
      "geometry": {
        "type": "Point",
        "coordinates": [
          -0.978427115832808,
          51.5968535662388
        ]
      },
      "properties": {
        "row_number": "17"
      }
    },
    {
      "type": "Feature",
      "geometry": {
        "type": "Point",
        "coordinates": [
          -0.978487704331722,
          51.5968253201622
        ]
      },
      "properties": {
        "row_number": "17"
      }
    },
    {
      "type": "Feature",
      "geometry": {
        "type": "Point",
        "coordinates": [
          -0.978543926237465,
          51.5967991232161
        ]
      },
      "properties": {
        "row_number": "17"
      }
    },
    {
      "type": "Feature",
      "geometry": {
        "type": "Point",
        "coordinates": [
          -0.978579706487744,
          51.5967818778955
        ]
      },
      "properties": {
        "row_number": "17"
      }
    },
    {
      "type": "Feature",
      "geometry": {
        "type": "LineString",
        "coordinates": [
          [
            -0.977597648148288,
            51.5972147366822
          ],
          [
            -0.977659486349167,
            51.597185173374
          ],
          [
            -0.977717074866762,
            51.5971583184101
          ],
          [
            -0.977772600255057,
            51.5971331250273
          ],
          [
            -0.977832722784382,
            51.597104696144
          ],
          [
            -0.977887526132164,
            51.5970793149192
          ],
          [
            -0.977947573464021,
            51.5970512045492
          ],
          [
            -0.978005248948846,
            51.5970237104589
          ],
          [
            -0.978062772298236,
            51.5969971962775
          ],
          [
            -0.978122622070169,
            51.5969693421595
          ],
          [
            -0.978177916771589,
            51.5969434147791
          ],
          [
            -0.978236449230883,
            51.596916205556
          ],
          [
            -0.978293693160893,
            51.5968894106169
          ],
          [
            -0.978352267050817,
            51.5968616899402
          ],
          [
            -0.978408774940024,
            51.5968353577543
          ],
          [
            -0.978465759390847,
            51.5968088813138
          ],
          [
            -0.978523759624639,
            51.5967811499443
          ],
          [
            -0.978575361153692,
            51.5967566786659
          ]
        ]
      },
      "properties": {
        "row_number": "18"
      }
    },
    {
      "type": "Feature",
      "geometry": {
        "type": "Point",
        "coordinates": [
          -0.977597648148288,
          51.5972147366822
        ]
      },
      "properties": {
        "row_number": "18"
      }
    },
    {
      "type": "Feature",
      "geometry": {
        "type": "Point",
        "coordinates": [
          -0.977659486349167,
          51.597185173374
        ]
      },
      "properties": {
        "row_number": "18"
      }
    },
    {
      "type": "Feature",
      "geometry": {
        "type": "Point",
        "coordinates": [
          -0.977717074866762,
          51.5971583184101
        ]
      },
      "properties": {
        "row_number": "18"
      }
    },
    {
      "type": "Feature",
      "geometry": {
        "type": "Point",
        "coordinates": [
          -0.977772600255057,
          51.5971331250273
        ]
      },
      "properties": {
        "row_number": "18"
      }
    },
    {
      "type": "Feature",
      "geometry": {
        "type": "Point",
        "coordinates": [
          -0.977832722784382,
          51.597104696144
        ]
      },
      "properties": {
        "row_number": "18"
      }
    },
    {
      "type": "Feature",
      "geometry": {
        "type": "Point",
        "coordinates": [
          -0.977887526132164,
          51.5970793149192
        ]
      },
      "properties": {
        "row_number": "18"
      }
    },
    {
      "type": "Feature",
      "geometry": {
        "type": "Point",
        "coordinates": [
          -0.977947573464021,
          51.5970512045492
        ]
      },
      "properties": {
        "row_number": "18"
      }
    },
    {
      "type": "Feature",
      "geometry": {
        "type": "Point",
        "coordinates": [
          -0.978005248948846,
          51.5970237104589
        ]
      },
      "properties": {
        "row_number": "18"
      }
    },
    {
      "type": "Feature",
      "geometry": {
        "type": "Point",
        "coordinates": [
          -0.978062772298236,
          51.5969971962775
        ]
      },
      "properties": {
        "row_number": "18"
      }
    },
    {
      "type": "Feature",
      "geometry": {
        "type": "Point",
        "coordinates": [
          -0.978122622070169,
          51.5969693421595
        ]
      },
      "properties": {
        "row_number": "18"
      }
    },
    {
      "type": "Feature",
      "geometry": {
        "type": "Point",
        "coordinates": [
          -0.978177916771589,
          51.5969434147791
        ]
      },
      "properties": {
        "row_number": "18"
      }
    },
    {
      "type": "Feature",
      "geometry": {
        "type": "Point",
        "coordinates": [
          -0.978236449230883,
          51.596916205556
        ]
      },
      "properties": {
        "row_number": "18"
      }
    },
    {
      "type": "Feature",
      "geometry": {
        "type": "Point",
        "coordinates": [
          -0.978293693160893,
          51.5968894106169
        ]
      },
      "properties": {
        "row_number": "18"
      }
    },
    {
      "type": "Feature",
      "geometry": {
        "type": "Point",
        "coordinates": [
          -0.978352267050817,
          51.5968616899402
        ]
      },
      "properties": {
        "row_number": "18"
      }
    },
    {
      "type": "Feature",
      "geometry": {
        "type": "Point",
        "coordinates": [
          -0.978408774940024,
          51.5968353577543
        ]
      },
      "properties": {
        "row_number": "18"
      }
    },
    {
      "type": "Feature",
      "geometry": {
        "type": "Point",
        "coordinates": [
          -0.978465759390847,
          51.5968088813138
        ]
      },
      "properties": {
        "row_number": "18"
      }
    },
    {
      "type": "Feature",
      "geometry": {
        "type": "Point",
        "coordinates": [
          -0.978523759624639,
          51.5967811499443
        ]
      },
      "properties": {
        "row_number": "18"
      }
    },
    {
      "type": "Feature",
      "geometry": {
        "type": "Point",
        "coordinates": [
          -0.978575361153692,
          51.5967566786659
        ]
      },
      "properties": {
        "row_number": "18"
      }
    },
    {
      "type": "Feature",
      "geometry": {
        "type": "LineString",
        "coordinates": [
          [
            -0.977546967415329,
            51.5972124763868
          ],
          [
            -0.977581631068003,
            51.5971959616814
          ],
          [
            -0.977639235681315,
            51.5971684812005
          ],
          [
            -0.977696610461288,
            51.5971411522494
          ],
          [
            -0.977752329207979,
            51.5971148126111
          ],
          [
            -0.977810871038343,
            51.597087744629
          ],
          [
            -0.977869369501534,
            51.5970603262229
          ],
          [
            -0.977925039540635,
            51.5970344561175
          ],
          [
            -0.977983417616166,
            51.5970072092171
          ],
          [
            -0.978042108588422,
            51.5969801552696
          ],
          [
            -0.97810000436652,
            51.5969526592944
          ],
          [
            -0.978156704985739,
            51.5969262623017
          ],
          [
            -0.97821461047822,
            51.5968990092557
          ],
          [
            -0.978272243767644,
            51.5968721420104
          ],
          [
            -0.978328872656204,
            51.5968450057132
          ],
          [
            -0.978386245134858,
            51.5968184223801
          ],
          [
            -0.978444238640891,
            51.5967912410975
          ],
          [
            -0.978503482648964,
            51.5967631692344
          ],
          [
            -0.978571115116959,
            51.5967317018928
          ]
        ]
      },
      "properties": {
        "row_number": "19"
      }
    },
    {
      "type": "Feature",
      "geometry": {
        "type": "Point",
        "coordinates": [
          -0.977546967415329,
          51.5972124763868
        ]
      },
      "properties": {
        "row_number": "19"
      }
    },
    {
      "type": "Feature",
      "geometry": {
        "type": "Point",
        "coordinates": [
          -0.977581631068003,
          51.5971959616814
        ]
      },
      "properties": {
        "row_number": "19"
      }
    },
    {
      "type": "Feature",
      "geometry": {
        "type": "Point",
        "coordinates": [
          -0.977639235681315,
          51.5971684812005
        ]
      },
      "properties": {
        "row_number": "19"
      }
    },
    {
      "type": "Feature",
      "geometry": {
        "type": "Point",
        "coordinates": [
          -0.977696610461288,
          51.5971411522494
        ]
      },
      "properties": {
        "row_number": "19"
      }
    },
    {
      "type": "Feature",
      "geometry": {
        "type": "Point",
        "coordinates": [
          -0.977752329207979,
          51.5971148126111
        ]
      },
      "properties": {
        "row_number": "19"
      }
    },
    {
      "type": "Feature",
      "geometry": {
        "type": "Point",
        "coordinates": [
          -0.977810871038343,
          51.597087744629
        ]
      },
      "properties": {
        "row_number": "19"
      }
    },
    {
      "type": "Feature",
      "geometry": {
        "type": "Point",
        "coordinates": [
          -0.977869369501534,
          51.5970603262229
        ]
      },
      "properties": {
        "row_number": "19"
      }
    },
    {
      "type": "Feature",
      "geometry": {
        "type": "Point",
        "coordinates": [
          -0.977925039540635,
          51.5970344561175
        ]
      },
      "properties": {
        "row_number": "19"
      }
    },
    {
      "type": "Feature",
      "geometry": {
        "type": "Point",
        "coordinates": [
          -0.977983417616166,
          51.5970072092171
        ]
      },
      "properties": {
        "row_number": "19"
      }
    },
    {
      "type": "Feature",
      "geometry": {
        "type": "Point",
        "coordinates": [
          -0.978042108588422,
          51.5969801552696
        ]
      },
      "properties": {
        "row_number": "19"
      }
    },
    {
      "type": "Feature",
      "geometry": {
        "type": "Point",
        "coordinates": [
          -0.97810000436652,
          51.5969526592944
        ]
      },
      "properties": {
        "row_number": "19"
      }
    },
    {
      "type": "Feature",
      "geometry": {
        "type": "Point",
        "coordinates": [
          -0.978156704985739,
          51.5969262623017
        ]
      },
      "properties": {
        "row_number": "19"
      }
    },
    {
      "type": "Feature",
      "geometry": {
        "type": "Point",
        "coordinates": [
          -0.97821461047822,
          51.5968990092557
        ]
      },
      "properties": {
        "row_number": "19"
      }
    },
    {
      "type": "Feature",
      "geometry": {
        "type": "Point",
        "coordinates": [
          -0.978272243767644,
          51.5968721420104
        ]
      },
      "properties": {
        "row_number": "19"
      }
    },
    {
      "type": "Feature",
      "geometry": {
        "type": "Point",
        "coordinates": [
          -0.978328872656204,
          51.5968450057132
        ]
      },
      "properties": {
        "row_number": "19"
      }
    },
    {
      "type": "Feature",
      "geometry": {
        "type": "Point",
        "coordinates": [
          -0.978386245134858,
          51.5968184223801
        ]
      },
      "properties": {
        "row_number": "19"
      }
    },
    {
      "type": "Feature",
      "geometry": {
        "type": "Point",
        "coordinates": [
          -0.978444238640891,
          51.5967912410975
        ]
      },
      "properties": {
        "row_number": "19"
      }
    },
    {
      "type": "Feature",
      "geometry": {
        "type": "Point",
        "coordinates": [
          -0.978503482648964,
          51.5967631692344
        ]
      },
      "properties": {
        "row_number": "19"
      }
    },
    {
      "type": "Feature",
      "geometry": {
        "type": "Point",
        "coordinates": [
          -0.978571115116959,
          51.5967317018928
        ]
      },
      "properties": {
        "row_number": "19"
      }
    },
    {
      "type": "Feature",
      "geometry": {
        "type": "LineString",
        "coordinates": [
          [
            -0.977497666977034,
            51.5972082958106
          ],
          [
            -0.977561460091917,
            51.5971775314486
          ],
          [
            -0.977616776983688,
            51.5971513348577
          ],
          [
            -0.977676023215488,
            51.5971238786988
          ],
          [
            -0.977731651824683,
            51.597097575469
          ],
          [
            -0.977791176505554,
            51.5970698469419
          ],
          [
            -0.977847511707266,
            51.5970433264705
          ],
          [
            -0.97790626594028,
            51.5970160354909
          ],
          [
            -0.977962860448561,
            51.5969895435027
          ],
          [
            -0.978021541923389,
            51.5969619218047
          ],
          [
            -0.978079629543831,
            51.596934702
          ],
          [
            -0.978137068418,
            51.5969077177837
          ],
          [
            -0.978193022940874,
            51.596881954301
          ],
          [
            -0.97825130073904,
            51.5968551922659
          ],
          [
            -0.978310008855736,
            51.5968275975551
          ],
          [
            -0.978365577720435,
            51.5968017991449
          ],
          [
            -0.978425188675261,
            51.596773890687
          ],
          [
            -0.978482168402662,
            51.5967465004303
          ],
          [
            -0.978540575076241,
            51.5967192530718
          ],
          [
            -0.978566944422321,
            51.5967066105333
          ]
        ]
      },
      "properties": {
        "row_number": "20"
      }
    },
    {
      "type": "Feature",
      "geometry": {
        "type": "Point",
        "coordinates": [
          -0.977497666977034,
          51.5972082958106
        ]
      },
      "properties": {
        "row_number": "20"
      }
    },
    {
      "type": "Feature",
      "geometry": {
        "type": "Point",
        "coordinates": [
          -0.977561460091917,
          51.5971775314486
        ]
      },
      "properties": {
        "row_number": "20"
      }
    },
    {
      "type": "Feature",
      "geometry": {
        "type": "Point",
        "coordinates": [
          -0.977616776983688,
          51.5971513348577
        ]
      },
      "properties": {
        "row_number": "20"
      }
    },
    {
      "type": "Feature",
      "geometry": {
        "type": "Point",
        "coordinates": [
          -0.977676023215488,
          51.5971238786988
        ]
      },
      "properties": {
        "row_number": "20"
      }
    },
    {
      "type": "Feature",
      "geometry": {
        "type": "Point",
        "coordinates": [
          -0.977731651824683,
          51.597097575469
        ]
      },
      "properties": {
        "row_number": "20"
      }
    },
    {
      "type": "Feature",
      "geometry": {
        "type": "Point",
        "coordinates": [
          -0.977791176505554,
          51.5970698469419
        ]
      },
      "properties": {
        "row_number": "20"
      }
    },
    {
      "type": "Feature",
      "geometry": {
        "type": "Point",
        "coordinates": [
          -0.977847511707266,
          51.5970433264705
        ]
      },
      "properties": {
        "row_number": "20"
      }
    },
    {
      "type": "Feature",
      "geometry": {
        "type": "Point",
        "coordinates": [
          -0.97790626594028,
          51.5970160354909
        ]
      },
      "properties": {
        "row_number": "20"
      }
    },
    {
      "type": "Feature",
      "geometry": {
        "type": "Point",
        "coordinates": [
          -0.977962860448561,
          51.5969895435027
        ]
      },
      "properties": {
        "row_number": "20"
      }
    },
    {
      "type": "Feature",
      "geometry": {
        "type": "Point",
        "coordinates": [
          -0.978021541923389,
          51.5969619218047
        ]
      },
      "properties": {
        "row_number": "20"
      }
    },
    {
      "type": "Feature",
      "geometry": {
        "type": "Point",
        "coordinates": [
          -0.978079629543831,
          51.596934702
        ]
      },
      "properties": {
        "row_number": "20"
      }
    },
    {
      "type": "Feature",
      "geometry": {
        "type": "Point",
        "coordinates": [
          -0.978137068418,
          51.5969077177837
        ]
      },
      "properties": {
        "row_number": "20"
      }
    },
    {
      "type": "Feature",
      "geometry": {
        "type": "Point",
        "coordinates": [
          -0.978193022940874,
          51.596881954301
        ]
      },
      "properties": {
        "row_number": "20"
      }
    },
    {
      "type": "Feature",
      "geometry": {
        "type": "Point",
        "coordinates": [
          -0.97825130073904,
          51.5968551922659
        ]
      },
      "properties": {
        "row_number": "20"
      }
    },
    {
      "type": "Feature",
      "geometry": {
        "type": "Point",
        "coordinates": [
          -0.978310008855736,
          51.5968275975551
        ]
      },
      "properties": {
        "row_number": "20"
      }
    },
    {
      "type": "Feature",
      "geometry": {
        "type": "Point",
        "coordinates": [
          -0.978365577720435,
          51.5968017991449
        ]
      },
      "properties": {
        "row_number": "20"
      }
    },
    {
      "type": "Feature",
      "geometry": {
        "type": "Point",
        "coordinates": [
          -0.978425188675261,
          51.596773890687
        ]
      },
      "properties": {
        "row_number": "20"
      }
    },
    {
      "type": "Feature",
      "geometry": {
        "type": "Point",
        "coordinates": [
          -0.978482168402662,
          51.5967465004303
        ]
      },
      "properties": {
        "row_number": "20"
      }
    },
    {
      "type": "Feature",
      "geometry": {
        "type": "Point",
        "coordinates": [
          -0.978540575076241,
          51.5967192530718
        ]
      },
      "properties": {
        "row_number": "20"
      }
    },
    {
      "type": "Feature",
      "geometry": {
        "type": "Point",
        "coordinates": [
          -0.978566944422321,
          51.5967066105333
        ]
      },
      "properties": {
        "row_number": "20"
      }
    },
    {
      "type": "Feature",
      "geometry": {
        "type": "LineString",
        "coordinates": [
          [
            -0.977444166176715,
            51.5972052077656
          ],
          [
            -0.977480605250797,
            51.5971879710555
          ],
          [
            -0.977538478804234,
            51.5971606199159
          ],
          [
            -0.977597084284324,
            51.5971336921045
          ],
          [
            -0.977656003342612,
            51.5971059618569
          ],
          [
            -0.977709876047831,
            51.5970804832501
          ],
          [
            -0.977767536299817,
            51.5970537748331
          ],
          [
            -0.977828369406444,
            51.5970255278125
          ],
          [
            -0.97788521801421,
            51.5969991309215
          ],
          [
            -0.977941738666712,
            51.5969726511522
          ],
          [
            -0.978000016655528,
            51.5969452376134
          ],
          [
            -0.978057358561669,
            51.5969181962846
          ],
          [
            -0.978116030393276,
            51.596890806454
          ],
          [
            -0.978172407974454,
            51.5968647118796
          ],
          [
            -0.9782316273893,
            51.5968372038129
          ],
          [
            -0.97828777875179,
            51.5968107793271
          ],
          [
            -0.978347060670402,
            51.5967833080676
          ],
          [
            -0.978404002716621,
            51.5967562352555
          ],
          [
            -0.978461253735824,
            51.5967292058756
          ],
          [
            -0.97851955113568,
            51.5967019055475
          ],
          [
            -0.978564501599798,
            51.5966806274846
          ]
        ]
      },
      "properties": {
        "row_number": "21"
      }
    },
    {
      "type": "Feature",
      "geometry": {
        "type": "Point",
        "coordinates": [
          -0.977444166176715,
          51.5972052077656
        ]
      },
      "properties": {
        "row_number": "21"
      }
    },
    {
      "type": "Feature",
      "geometry": {
        "type": "Point",
        "coordinates": [
          -0.977480605250797,
          51.5971879710555
        ]
      },
      "properties": {
        "row_number": "21"
      }
    },
    {
      "type": "Feature",
      "geometry": {
        "type": "Point",
        "coordinates": [
          -0.977538478804234,
          51.5971606199159
        ]
      },
      "properties": {
        "row_number": "21"
      }
    },
    {
      "type": "Feature",
      "geometry": {
        "type": "Point",
        "coordinates": [
          -0.977597084284324,
          51.5971336921045
        ]
      },
      "properties": {
        "row_number": "21"
      }
    },
    {
      "type": "Feature",
      "geometry": {
        "type": "Point",
        "coordinates": [
          -0.977656003342612,
          51.5971059618569
        ]
      },
      "properties": {
        "row_number": "21"
      }
    },
    {
      "type": "Feature",
      "geometry": {
        "type": "Point",
        "coordinates": [
          -0.977709876047831,
          51.5970804832501
        ]
      },
      "properties": {
        "row_number": "21"
      }
    },
    {
      "type": "Feature",
      "geometry": {
        "type": "Point",
        "coordinates": [
          -0.977767536299817,
          51.5970537748331
        ]
      },
      "properties": {
        "row_number": "21"
      }
    },
    {
      "type": "Feature",
      "geometry": {
        "type": "Point",
        "coordinates": [
          -0.977828369406444,
          51.5970255278125
        ]
      },
      "properties": {
        "row_number": "21"
      }
    },
    {
      "type": "Feature",
      "geometry": {
        "type": "Point",
        "coordinates": [
          -0.97788521801421,
          51.5969991309215
        ]
      },
      "properties": {
        "row_number": "21"
      }
    },
    {
      "type": "Feature",
      "geometry": {
        "type": "Point",
        "coordinates": [
          -0.977941738666712,
          51.5969726511522
        ]
      },
      "properties": {
        "row_number": "21"
      }
    },
    {
      "type": "Feature",
      "geometry": {
        "type": "Point",
        "coordinates": [
          -0.978000016655528,
          51.5969452376134
        ]
      },
      "properties": {
        "row_number": "21"
      }
    },
    {
      "type": "Feature",
      "geometry": {
        "type": "Point",
        "coordinates": [
          -0.978057358561669,
          51.5969181962846
        ]
      },
      "properties": {
        "row_number": "21"
      }
    },
    {
      "type": "Feature",
      "geometry": {
        "type": "Point",
        "coordinates": [
          -0.978116030393276,
          51.596890806454
        ]
      },
      "properties": {
        "row_number": "21"
      }
    },
    {
      "type": "Feature",
      "geometry": {
        "type": "Point",
        "coordinates": [
          -0.978172407974454,
          51.5968647118796
        ]
      },
      "properties": {
        "row_number": "21"
      }
    },
    {
      "type": "Feature",
      "geometry": {
        "type": "Point",
        "coordinates": [
          -0.9782316273893,
          51.5968372038129
        ]
      },
      "properties": {
        "row_number": "21"
      }
    },
    {
      "type": "Feature",
      "geometry": {
        "type": "Point",
        "coordinates": [
          -0.97828777875179,
          51.5968107793271
        ]
      },
      "properties": {
        "row_number": "21"
      }
    },
    {
      "type": "Feature",
      "geometry": {
        "type": "Point",
        "coordinates": [
          -0.978347060670402,
          51.5967833080676
        ]
      },
      "properties": {
        "row_number": "21"
      }
    },
    {
      "type": "Feature",
      "geometry": {
        "type": "Point",
        "coordinates": [
          -0.978404002716621,
          51.5967562352555
        ]
      },
      "properties": {
        "row_number": "21"
      }
    },
    {
      "type": "Feature",
      "geometry": {
        "type": "Point",
        "coordinates": [
          -0.978461253735824,
          51.5967292058756
        ]
      },
      "properties": {
        "row_number": "21"
      }
    },
    {
      "type": "Feature",
      "geometry": {
        "type": "Point",
        "coordinates": [
          -0.97851955113568,
          51.5967019055475
        ]
      },
      "properties": {
        "row_number": "21"
      }
    },
    {
      "type": "Feature",
      "geometry": {
        "type": "Point",
        "coordinates": [
          -0.978564501599798,
          51.5966806274846
        ]
      },
      "properties": {
        "row_number": "21"
      }
    },
    {
      "type": "Feature",
      "geometry": {
        "type": "LineString",
        "coordinates": [
          [
            -0.977408577719069,
            51.5971962408062
          ],
          [
            -0.977457923393785,
            51.5971723120204
          ],
          [
            -0.977518033658961,
            51.5971435213037
          ],
          [
            -0.977576311943682,
            51.5971166042711
          ],
          [
            -0.977634109131866,
            51.5970896170633
          ],
          [
            -0.97769000698246,
            51.5970633295449
          ],
          [
            -0.977747475800159,
            51.5970362706256
          ],
          [
            -0.977807293231026,
            51.5970083679992
          ],
          [
            -0.977863956060712,
            51.5969821158418
          ],
          [
            -0.977923896355533,
            51.5969540619485
          ],
          [
            -0.977979687931665,
            51.5969282429515
          ],
          [
            -0.978036908600835,
            51.5969016314531
          ],
          [
            -0.978093280352938,
            51.5968750125043
          ],
          [
            -0.978152677295527,
            51.5968473474895
          ],
          [
            -0.978210220266159,
            51.5968203577766
          ],
          [
            -0.978268218399235,
            51.5967930526305
          ],
          [
            -0.978325642124757,
            51.5967663391105
          ],
          [
            -0.978384181372767,
            51.5967386731826
          ],
          [
            -0.978443174327592,
            51.5967109660788
          ],
          [
            -0.978500713333569,
            51.5966842701299
          ],
          [
            -0.978560770453223,
            51.5966557701931
          ]
        ]
      },
      "properties": {
        "row_number": "22"
      }
    },
    {
      "type": "Feature",
      "geometry": {
        "type": "Point",
        "coordinates": [
          -0.977408577719069,
          51.5971962408062
        ]
      },
      "properties": {
        "row_number": "22"
      }
    },
    {
      "type": "Feature",
      "geometry": {
        "type": "Point",
        "coordinates": [
          -0.977457923393785,
          51.5971723120204
        ]
      },
      "properties": {
        "row_number": "22"
      }
    },
    {
      "type": "Feature",
      "geometry": {
        "type": "Point",
        "coordinates": [
          -0.977518033658961,
          51.5971435213037
        ]
      },
      "properties": {
        "row_number": "22"
      }
    },
    {
      "type": "Feature",
      "geometry": {
        "type": "Point",
        "coordinates": [
          -0.977576311943682,
          51.5971166042711
        ]
      },
      "properties": {
        "row_number": "22"
      }
    },
    {
      "type": "Feature",
      "geometry": {
        "type": "Point",
        "coordinates": [
          -0.977634109131866,
          51.5970896170633
        ]
      },
      "properties": {
        "row_number": "22"
      }
    },
    {
      "type": "Feature",
      "geometry": {
        "type": "Point",
        "coordinates": [
          -0.97769000698246,
          51.5970633295449
        ]
      },
      "properties": {
        "row_number": "22"
      }
    },
    {
      "type": "Feature",
      "geometry": {
        "type": "Point",
        "coordinates": [
          -0.977747475800159,
          51.5970362706256
        ]
      },
      "properties": {
        "row_number": "22"
      }
    },
    {
      "type": "Feature",
      "geometry": {
        "type": "Point",
        "coordinates": [
          -0.977807293231026,
          51.5970083679992
        ]
      },
      "properties": {
        "row_number": "22"
      }
    },
    {
      "type": "Feature",
      "geometry": {
        "type": "Point",
        "coordinates": [
          -0.977863956060712,
          51.5969821158418
        ]
      },
      "properties": {
        "row_number": "22"
      }
    },
    {
      "type": "Feature",
      "geometry": {
        "type": "Point",
        "coordinates": [
          -0.977923896355533,
          51.5969540619485
        ]
      },
      "properties": {
        "row_number": "22"
      }
    },
    {
      "type": "Feature",
      "geometry": {
        "type": "Point",
        "coordinates": [
          -0.977979687931665,
          51.5969282429515
        ]
      },
      "properties": {
        "row_number": "22"
      }
    },
    {
      "type": "Feature",
      "geometry": {
        "type": "Point",
        "coordinates": [
          -0.978036908600835,
          51.5969016314531
        ]
      },
      "properties": {
        "row_number": "22"
      }
    },
    {
      "type": "Feature",
      "geometry": {
        "type": "Point",
        "coordinates": [
          -0.978093280352938,
          51.5968750125043
        ]
      },
      "properties": {
        "row_number": "22"
      }
    },
    {
      "type": "Feature",
      "geometry": {
        "type": "Point",
        "coordinates": [
          -0.978152677295527,
          51.5968473474895
        ]
      },
      "properties": {
        "row_number": "22"
      }
    },
    {
      "type": "Feature",
      "geometry": {
        "type": "Point",
        "coordinates": [
          -0.978210220266159,
          51.5968203577766
        ]
      },
      "properties": {
        "row_number": "22"
      }
    },
    {
      "type": "Feature",
      "geometry": {
        "type": "Point",
        "coordinates": [
          -0.978268218399235,
          51.5967930526305
        ]
      },
      "properties": {
        "row_number": "22"
      }
    },
    {
      "type": "Feature",
      "geometry": {
        "type": "Point",
        "coordinates": [
          -0.978325642124757,
          51.5967663391105
        ]
      },
      "properties": {
        "row_number": "22"
      }
    },
    {
      "type": "Feature",
      "geometry": {
        "type": "Point",
        "coordinates": [
          -0.978384181372767,
          51.5967386731826
        ]
      },
      "properties": {
        "row_number": "22"
      }
    },
    {
      "type": "Feature",
      "geometry": {
        "type": "Point",
        "coordinates": [
          -0.978443174327592,
          51.5967109660788
        ]
      },
      "properties": {
        "row_number": "22"
      }
    },
    {
      "type": "Feature",
      "geometry": {
        "type": "Point",
        "coordinates": [
          -0.978500713333569,
          51.5966842701299
        ]
      },
      "properties": {
        "row_number": "22"
      }
    },
    {
      "type": "Feature",
      "geometry": {
        "type": "Point",
        "coordinates": [
          -0.978560770453223,
          51.5966557701931
        ]
      },
      "properties": {
        "row_number": "22"
      }
    },
    {
      "type": "Feature",
      "geometry": {
        "type": "LineString",
        "coordinates": [
          [
            -0.977393120466889,
            51.5971762170114
          ],
          [
            -0.977440042463804,
            51.5971534746636
          ],
          [
            -0.977496484908699,
            51.597126965235
          ],
          [
            -0.977554249534697,
            51.5970994885112
          ],
          [
            -0.977612732211345,
            51.5970721253398
          ],
          [
            -0.977669756625947,
            51.5970455156778
          ],
          [
            -0.977727590412258,
            51.597018342349
          ],
          [
            -0.977785797027239,
            51.5969912100442
          ],
          [
            -0.9778439286034,
            51.5969645996569
          ],
          [
            -0.977902925694203,
            51.5969370058631
          ],
          [
            -0.977957862990192,
            51.5969109534296
          ],
          [
            -0.978015065629822,
            51.5968845369838
          ],
          [
            -0.97807332785803,
            51.5968572662686
          ],
          [
            -0.978131417891633,
            51.5968301166964
          ],
          [
            -0.978190803975117,
            51.5968022177205
          ],
          [
            -0.978247979363649,
            51.5967756481342
          ],
          [
            -0.978307658543496,
            51.5967482499657
          ],
          [
            -0.978362362263582,
            51.5967223457373
          ],
          [
            -0.978421232381968,
            51.5966941856682
          ],
          [
            -0.978477373408477,
            51.5966680561104
          ],
          [
            -0.978557605806965,
            51.5966300788123
          ]
        ]
      },
      "properties": {
        "row_number": "23"
      }
    },
    {
      "type": "Feature",
      "geometry": {
        "type": "Point",
        "coordinates": [
          -0.977393120466889,
          51.5971762170114
        ]
      },
      "properties": {
        "row_number": "23"
      }
    },
    {
      "type": "Feature",
      "geometry": {
        "type": "Point",
        "coordinates": [
          -0.977440042463804,
          51.5971534746636
        ]
      },
      "properties": {
        "row_number": "23"
      }
    },
    {
      "type": "Feature",
      "geometry": {
        "type": "Point",
        "coordinates": [
          -0.977496484908699,
          51.597126965235
        ]
      },
      "properties": {
        "row_number": "23"
      }
    },
    {
      "type": "Feature",
      "geometry": {
        "type": "Point",
        "coordinates": [
          -0.977554249534697,
          51.5970994885112
        ]
      },
      "properties": {
        "row_number": "23"
      }
    },
    {
      "type": "Feature",
      "geometry": {
        "type": "Point",
        "coordinates": [
          -0.977612732211345,
          51.5970721253398
        ]
      },
      "properties": {
        "row_number": "23"
      }
    },
    {
      "type": "Feature",
      "geometry": {
        "type": "Point",
        "coordinates": [
          -0.977669756625947,
          51.5970455156778
        ]
      },
      "properties": {
        "row_number": "23"
      }
    },
    {
      "type": "Feature",
      "geometry": {
        "type": "Point",
        "coordinates": [
          -0.977727590412258,
          51.597018342349
        ]
      },
      "properties": {
        "row_number": "23"
      }
    },
    {
      "type": "Feature",
      "geometry": {
        "type": "Point",
        "coordinates": [
          -0.977785797027239,
          51.5969912100442
        ]
      },
      "properties": {
        "row_number": "23"
      }
    },
    {
      "type": "Feature",
      "geometry": {
        "type": "Point",
        "coordinates": [
          -0.9778439286034,
          51.5969645996569
        ]
      },
      "properties": {
        "row_number": "23"
      }
    },
    {
      "type": "Feature",
      "geometry": {
        "type": "Point",
        "coordinates": [
          -0.977902925694203,
          51.5969370058631
        ]
      },
      "properties": {
        "row_number": "23"
      }
    },
    {
      "type": "Feature",
      "geometry": {
        "type": "Point",
        "coordinates": [
          -0.977957862990192,
          51.5969109534296
        ]
      },
      "properties": {
        "row_number": "23"
      }
    },
    {
      "type": "Feature",
      "geometry": {
        "type": "Point",
        "coordinates": [
          -0.978015065629822,
          51.5968845369838
        ]
      },
      "properties": {
        "row_number": "23"
      }
    },
    {
      "type": "Feature",
      "geometry": {
        "type": "Point",
        "coordinates": [
          -0.97807332785803,
          51.5968572662686
        ]
      },
      "properties": {
        "row_number": "23"
      }
    },
    {
      "type": "Feature",
      "geometry": {
        "type": "Point",
        "coordinates": [
          -0.978131417891633,
          51.5968301166964
        ]
      },
      "properties": {
        "row_number": "23"
      }
    },
    {
      "type": "Feature",
      "geometry": {
        "type": "Point",
        "coordinates": [
          -0.978190803975117,
          51.5968022177205
        ]
      },
      "properties": {
        "row_number": "23"
      }
    },
    {
      "type": "Feature",
      "geometry": {
        "type": "Point",
        "coordinates": [
          -0.978247979363649,
          51.5967756481342
        ]
      },
      "properties": {
        "row_number": "23"
      }
    },
    {
      "type": "Feature",
      "geometry": {
        "type": "Point",
        "coordinates": [
          -0.978307658543496,
          51.5967482499657
        ]
      },
      "properties": {
        "row_number": "23"
      }
    },
    {
      "type": "Feature",
      "geometry": {
        "type": "Point",
        "coordinates": [
          -0.978362362263582,
          51.5967223457373
        ]
      },
      "properties": {
        "row_number": "23"
      }
    },
    {
      "type": "Feature",
      "geometry": {
        "type": "Point",
        "coordinates": [
          -0.978421232381968,
          51.5966941856682
        ]
      },
      "properties": {
        "row_number": "23"
      }
    },
    {
      "type": "Feature",
      "geometry": {
        "type": "Point",
        "coordinates": [
          -0.978477373408477,
          51.5966680561104
        ]
      },
      "properties": {
        "row_number": "23"
      }
    },
    {
      "type": "Feature",
      "geometry": {
        "type": "Point",
        "coordinates": [
          -0.978557605806965,
          51.5966300788123
        ]
      },
      "properties": {
        "row_number": "23"
      }
    },
    {
      "type": "Feature",
      "geometry": {
        "type": "LineString",
        "coordinates": [
          [
            -0.977377382497709,
            51.5971554978049
          ],
          [
            -0.977419984242142,
            51.5971358511918
          ],
          [
            -0.977476142553498,
            51.597109301659
          ],
          [
            -0.977533651018393,
            51.5970824722405
          ],
          [
            -0.977592535286208,
            51.5970548502577
          ],
          [
            -0.97765093473544,
            51.5970283378764
          ],
          [
            -0.977706808883103,
            51.5970017529201
          ],
          [
            -0.977764228401874,
            51.5969748687227
          ],
          [
            -0.977822498653697,
            51.5969473128205
          ],
          [
            -0.977879112800813,
            51.5969207655007
          ],
          [
            -0.97793769503403,
            51.5968928241088
          ],
          [
            -0.977995914764069,
            51.5968657325306
          ],
          [
            -0.978053068359294,
            51.5968392541041
          ],
          [
            -0.978110830136844,
            51.5968122962648
          ],
          [
            -0.97816909536287,
            51.5967852467514
          ],
          [
            -0.978225359728687,
            51.5967587271725
          ],
          [
            -0.978284662175722,
            51.5967307253942
          ],
          [
            -0.978341550337545,
            51.5967036795549
          ],
          [
            -0.978398751019849,
            51.596677629876
          ],
          [
            -0.978456202739061,
            51.5966505136496
          ],
          [
            -0.97851121214335,
            51.5966246023472
          ],
          [
            -0.978553215167138,
            51.5966046656478
          ]
        ]
      },
      "properties": {
        "row_number": "24"
      }
    },
    {
      "type": "Feature",
      "geometry": {
        "type": "Point",
        "coordinates": [
          -0.977377382497709,
          51.5971554978049
        ]
      },
      "properties": {
        "row_number": "24"
      }
    },
    {
      "type": "Feature",
      "geometry": {
        "type": "Point",
        "coordinates": [
          -0.977419984242142,
          51.5971358511918
        ]
      },
      "properties": {
        "row_number": "24"
      }
    },
    {
      "type": "Feature",
      "geometry": {
        "type": "Point",
        "coordinates": [
          -0.977476142553498,
          51.597109301659
        ]
      },
      "properties": {
        "row_number": "24"
      }
    },
    {
      "type": "Feature",
      "geometry": {
        "type": "Point",
        "coordinates": [
          -0.977533651018393,
          51.5970824722405
        ]
      },
      "properties": {
        "row_number": "24"
      }
    },
    {
      "type": "Feature",
      "geometry": {
        "type": "Point",
        "coordinates": [
          -0.977592535286208,
          51.5970548502577
        ]
      },
      "properties": {
        "row_number": "24"
      }
    },
    {
      "type": "Feature",
      "geometry": {
        "type": "Point",
        "coordinates": [
          -0.97765093473544,
          51.5970283378764
        ]
      },
      "properties": {
        "row_number": "24"
      }
    },
    {
      "type": "Feature",
      "geometry": {
        "type": "Point",
        "coordinates": [
          -0.977706808883103,
          51.5970017529201
        ]
      },
      "properties": {
        "row_number": "24"
      }
    },
    {
      "type": "Feature",
      "geometry": {
        "type": "Point",
        "coordinates": [
          -0.977764228401874,
          51.5969748687227
        ]
      },
      "properties": {
        "row_number": "24"
      }
    },
    {
      "type": "Feature",
      "geometry": {
        "type": "Point",
        "coordinates": [
          -0.977822498653697,
          51.5969473128205
        ]
      },
      "properties": {
        "row_number": "24"
      }
    },
    {
      "type": "Feature",
      "geometry": {
        "type": "Point",
        "coordinates": [
          -0.977879112800813,
          51.5969207655007
        ]
      },
      "properties": {
        "row_number": "24"
      }
    },
    {
      "type": "Feature",
      "geometry": {
        "type": "Point",
        "coordinates": [
          -0.97793769503403,
          51.5968928241088
        ]
      },
      "properties": {
        "row_number": "24"
      }
    },
    {
      "type": "Feature",
      "geometry": {
        "type": "Point",
        "coordinates": [
          -0.977995914764069,
          51.5968657325306
        ]
      },
      "properties": {
        "row_number": "24"
      }
    },
    {
      "type": "Feature",
      "geometry": {
        "type": "Point",
        "coordinates": [
          -0.978053068359294,
          51.5968392541041
        ]
      },
      "properties": {
        "row_number": "24"
      }
    },
    {
      "type": "Feature",
      "geometry": {
        "type": "Point",
        "coordinates": [
          -0.978110830136844,
          51.5968122962648
        ]
      },
      "properties": {
        "row_number": "24"
      }
    },
    {
      "type": "Feature",
      "geometry": {
        "type": "Point",
        "coordinates": [
          -0.97816909536287,
          51.5967852467514
        ]
      },
      "properties": {
        "row_number": "24"
      }
    },
    {
      "type": "Feature",
      "geometry": {
        "type": "Point",
        "coordinates": [
          -0.978225359728687,
          51.5967587271725
        ]
      },
      "properties": {
        "row_number": "24"
      }
    },
    {
      "type": "Feature",
      "geometry": {
        "type": "Point",
        "coordinates": [
          -0.978284662175722,
          51.5967307253942
        ]
      },
      "properties": {
        "row_number": "24"
      }
    },
    {
      "type": "Feature",
      "geometry": {
        "type": "Point",
        "coordinates": [
          -0.978341550337545,
          51.5967036795549
        ]
      },
      "properties": {
        "row_number": "24"
      }
    },
    {
      "type": "Feature",
      "geometry": {
        "type": "Point",
        "coordinates": [
          -0.978398751019849,
          51.596677629876
        ]
      },
      "properties": {
        "row_number": "24"
      }
    },
    {
      "type": "Feature",
      "geometry": {
        "type": "Point",
        "coordinates": [
          -0.978456202739061,
          51.5966505136496
        ]
      },
      "properties": {
        "row_number": "24"
      }
    },
    {
      "type": "Feature",
      "geometry": {
        "type": "Point",
        "coordinates": [
          -0.97851121214335,
          51.5966246023472
        ]
      },
      "properties": {
        "row_number": "24"
      }
    },
    {
      "type": "Feature",
      "geometry": {
        "type": "Point",
        "coordinates": [
          -0.978553215167138,
          51.5966046656478
        ]
      },
      "properties": {
        "row_number": "24"
      }
    },
    {
      "type": "Feature",
      "geometry": {
        "type": "LineString",
        "coordinates": [
          [
            -0.97736148286009,
            51.5971352220571
          ],
          [
            -0.977396854658941,
            51.5971190444447
          ],
          [
            -0.977455637992397,
            51.5970924889469
          ],
          [
            -0.977511342857856,
            51.5970662076512
          ],
          [
            -0.977571184243162,
            51.5970378993145
          ],
          [
            -0.977628572803256,
            51.5970108345302
          ],
          [
            -0.977686025713681,
            51.5969842271821
          ],
          [
            -0.977741638201468,
            51.5969582309505
          ],
          [
            -0.97780095832344,
            51.5969303174395
          ],
          [
            -0.97785639341831,
            51.5969044675882
          ],
          [
            -0.977916472124747,
            51.5968763713901
          ],
          [
            -0.97797539848139,
            51.5968491553171
          ],
          [
            -0.978030423861235,
            51.5968228954915
          ],
          [
            -0.978089852008205,
            51.5967950414231
          ],
          [
            -0.978147737195242,
            51.5967688328607
          ],
          [
            -0.9782043182873,
            51.5967423038439
          ],
          [
            -0.978262587317714,
            51.5967153872054
          ],
          [
            -0.978321397935478,
            51.5966876357019
          ],
          [
            -0.978379368298271,
            51.5966599022806
          ],
          [
            -0.97843645988566,
            51.5966330253621
          ],
          [
            -0.978492930351452,
            51.5966062765682
          ],
          [
            -0.978548841026341,
            51.596579787953
          ]
        ]
      },
      "properties": {
        "row_number": "25"
      }
    },
    {
      "type": "Feature",
      "geometry": {
        "type": "Point",
        "coordinates": [
          -0.97736148286009,
          51.5971352220571
        ]
      },
      "properties": {
        "row_number": "25"
      }
    },
    {
      "type": "Feature",
      "geometry": {
        "type": "Point",
        "coordinates": [
          -0.977396854658941,
          51.5971190444447
        ]
      },
      "properties": {
        "row_number": "25"
      }
    },
    {
      "type": "Feature",
      "geometry": {
        "type": "Point",
        "coordinates": [
          -0.977455637992397,
          51.5970924889469
        ]
      },
      "properties": {
        "row_number": "25"
      }
    },
    {
      "type": "Feature",
      "geometry": {
        "type": "Point",
        "coordinates": [
          -0.977511342857856,
          51.5970662076512
        ]
      },
      "properties": {
        "row_number": "25"
      }
    },
    {
      "type": "Feature",
      "geometry": {
        "type": "Point",
        "coordinates": [
          -0.977571184243162,
          51.5970378993145
        ]
      },
      "properties": {
        "row_number": "25"
      }
    },
    {
      "type": "Feature",
      "geometry": {
        "type": "Point",
        "coordinates": [
          -0.977628572803256,
          51.5970108345302
        ]
      },
      "properties": {
        "row_number": "25"
      }
    },
    {
      "type": "Feature",
      "geometry": {
        "type": "Point",
        "coordinates": [
          -0.977686025713681,
          51.5969842271821
        ]
      },
      "properties": {
        "row_number": "25"
      }
    },
    {
      "type": "Feature",
      "geometry": {
        "type": "Point",
        "coordinates": [
          -0.977741638201468,
          51.5969582309505
        ]
      },
      "properties": {
        "row_number": "25"
      }
    },
    {
      "type": "Feature",
      "geometry": {
        "type": "Point",
        "coordinates": [
          -0.97780095832344,
          51.5969303174395
        ]
      },
      "properties": {
        "row_number": "25"
      }
    },
    {
      "type": "Feature",
      "geometry": {
        "type": "Point",
        "coordinates": [
          -0.97785639341831,
          51.5969044675882
        ]
      },
      "properties": {
        "row_number": "25"
      }
    },
    {
      "type": "Feature",
      "geometry": {
        "type": "Point",
        "coordinates": [
          -0.977916472124747,
          51.5968763713901
        ]
      },
      "properties": {
        "row_number": "25"
      }
    },
    {
      "type": "Feature",
      "geometry": {
        "type": "Point",
        "coordinates": [
          -0.97797539848139,
          51.5968491553171
        ]
      },
      "properties": {
        "row_number": "25"
      }
    },
    {
      "type": "Feature",
      "geometry": {
        "type": "Point",
        "coordinates": [
          -0.978030423861235,
          51.5968228954915
        ]
      },
      "properties": {
        "row_number": "25"
      }
    },
    {
      "type": "Feature",
      "geometry": {
        "type": "Point",
        "coordinates": [
          -0.978089852008205,
          51.5967950414231
        ]
      },
      "properties": {
        "row_number": "25"
      }
    },
    {
      "type": "Feature",
      "geometry": {
        "type": "Point",
        "coordinates": [
          -0.978147737195242,
          51.5967688328607
        ]
      },
      "properties": {
        "row_number": "25"
      }
    },
    {
      "type": "Feature",
      "geometry": {
        "type": "Point",
        "coordinates": [
          -0.9782043182873,
          51.5967423038439
        ]
      },
      "properties": {
        "row_number": "25"
      }
    },
    {
      "type": "Feature",
      "geometry": {
        "type": "Point",
        "coordinates": [
          -0.978262587317714,
          51.5967153872054
        ]
      },
      "properties": {
        "row_number": "25"
      }
    },
    {
      "type": "Feature",
      "geometry": {
        "type": "Point",
        "coordinates": [
          -0.978321397935478,
          51.5966876357019
        ]
      },
      "properties": {
        "row_number": "25"
      }
    },
    {
      "type": "Feature",
      "geometry": {
        "type": "Point",
        "coordinates": [
          -0.978379368298271,
          51.5966599022806
        ]
      },
      "properties": {
        "row_number": "25"
      }
    },
    {
      "type": "Feature",
      "geometry": {
        "type": "Point",
        "coordinates": [
          -0.97843645988566,
          51.5966330253621
        ]
      },
      "properties": {
        "row_number": "25"
      }
    },
    {
      "type": "Feature",
      "geometry": {
        "type": "Point",
        "coordinates": [
          -0.978492930351452,
          51.5966062765682
        ]
      },
      "properties": {
        "row_number": "25"
      }
    },
    {
      "type": "Feature",
      "geometry": {
        "type": "Point",
        "coordinates": [
          -0.978548841026341,
          51.596579787953
        ]
      },
      "properties": {
        "row_number": "25"
      }
    },
    {
      "type": "Feature",
      "geometry": {
        "type": "LineString",
        "coordinates": [
          [
            -0.977345978204591,
            51.5971159802713
          ],
          [
            -0.977434896448552,
            51.5970751204855
          ],
          [
            -0.977491470026063,
            51.5970483795243
          ],
          [
            -0.977551448017612,
            51.5970203559023
          ],
          [
            -0.977608411003898,
            51.5969936117489
          ],
          [
            -0.977664653340907,
            51.596967723024
          ],
          [
            -0.97772294256352,
            51.5969402924426
          ],
          [
            -0.977780109076173,
            51.5969133344691
          ],
          [
            -0.977839579250742,
            51.5968851962513
          ],
          [
            -0.977896080723399,
            51.5968589755713
          ],
          [
            -0.977952972480375,
            51.5968323222963
          ],
          [
            -0.978012791396318,
            51.59680476554
          ],
          [
            -0.978068954216416,
            51.5967792018799
          ],
          [
            -0.978126978651511,
            51.5967524232669
          ],
          [
            -0.978184639661236,
            51.5967249734468
          ],
          [
            -0.9782430556254,
            51.5966972424277
          ],
          [
            -0.978301011398334,
            51.5966700973932
          ],
          [
            -0.978357781235882,
            51.5966437669705
          ],
          [
            -0.978414366562922,
            51.5966166263269
          ],
          [
            -0.978472946582615,
            51.5965889797741
          ],
          [
            -0.978545561985699,
            51.5965551684201
          ]
        ]
      },
      "properties": {
        "row_number": "26"
      }
    },
    {
      "type": "Feature",
      "geometry": {
        "type": "Point",
        "coordinates": [
          -0.977345978204591,
          51.5971159802713
        ]
      },
      "properties": {
        "row_number": "26"
      }
    },
    {
      "type": "Feature",
      "geometry": {
        "type": "Point",
        "coordinates": [
          -0.977434896448552,
          51.5970751204855
        ]
      },
      "properties": {
        "row_number": "26"
      }
    },
    {
      "type": "Feature",
      "geometry": {
        "type": "Point",
        "coordinates": [
          -0.977491470026063,
          51.5970483795243
        ]
      },
      "properties": {
        "row_number": "26"
      }
    },
    {
      "type": "Feature",
      "geometry": {
        "type": "Point",
        "coordinates": [
          -0.977551448017612,
          51.5970203559023
        ]
      },
      "properties": {
        "row_number": "26"
      }
    },
    {
      "type": "Feature",
      "geometry": {
        "type": "Point",
        "coordinates": [
          -0.977608411003898,
          51.5969936117489
        ]
      },
      "properties": {
        "row_number": "26"
      }
    },
    {
      "type": "Feature",
      "geometry": {
        "type": "Point",
        "coordinates": [
          -0.977664653340907,
          51.596967723024
        ]
      },
      "properties": {
        "row_number": "26"
      }
    },
    {
      "type": "Feature",
      "geometry": {
        "type": "Point",
        "coordinates": [
          -0.97772294256352,
          51.5969402924426
        ]
      },
      "properties": {
        "row_number": "26"
      }
    },
    {
      "type": "Feature",
      "geometry": {
        "type": "Point",
        "coordinates": [
          -0.977780109076173,
          51.5969133344691
        ]
      },
      "properties": {
        "row_number": "26"
      }
    },
    {
      "type": "Feature",
      "geometry": {
        "type": "Point",
        "coordinates": [
          -0.977839579250742,
          51.5968851962513
        ]
      },
      "properties": {
        "row_number": "26"
      }
    },
    {
      "type": "Feature",
      "geometry": {
        "type": "Point",
        "coordinates": [
          -0.977896080723399,
          51.5968589755713
        ]
      },
      "properties": {
        "row_number": "26"
      }
    },
    {
      "type": "Feature",
      "geometry": {
        "type": "Point",
        "coordinates": [
          -0.977952972480375,
          51.5968323222963
        ]
      },
      "properties": {
        "row_number": "26"
      }
    },
    {
      "type": "Feature",
      "geometry": {
        "type": "Point",
        "coordinates": [
          -0.978012791396318,
          51.59680476554
        ]
      },
      "properties": {
        "row_number": "26"
      }
    },
    {
      "type": "Feature",
      "geometry": {
        "type": "Point",
        "coordinates": [
          -0.978068954216416,
          51.5967792018799
        ]
      },
      "properties": {
        "row_number": "26"
      }
    },
    {
      "type": "Feature",
      "geometry": {
        "type": "Point",
        "coordinates": [
          -0.978126978651511,
          51.5967524232669
        ]
      },
      "properties": {
        "row_number": "26"
      }
    },
    {
      "type": "Feature",
      "geometry": {
        "type": "Point",
        "coordinates": [
          -0.978184639661236,
          51.5967249734468
        ]
      },
      "properties": {
        "row_number": "26"
      }
    },
    {
      "type": "Feature",
      "geometry": {
        "type": "Point",
        "coordinates": [
          -0.9782430556254,
          51.5966972424277
        ]
      },
      "properties": {
        "row_number": "26"
      }
    },
    {
      "type": "Feature",
      "geometry": {
        "type": "Point",
        "coordinates": [
          -0.978301011398334,
          51.5966700973932
        ]
      },
      "properties": {
        "row_number": "26"
      }
    },
    {
      "type": "Feature",
      "geometry": {
        "type": "Point",
        "coordinates": [
          -0.978357781235882,
          51.5966437669705
        ]
      },
      "properties": {
        "row_number": "26"
      }
    },
    {
      "type": "Feature",
      "geometry": {
        "type": "Point",
        "coordinates": [
          -0.978414366562922,
          51.5966166263269
        ]
      },
      "properties": {
        "row_number": "26"
      }
    },
    {
      "type": "Feature",
      "geometry": {
        "type": "Point",
        "coordinates": [
          -0.978472946582615,
          51.5965889797741
        ]
      },
      "properties": {
        "row_number": "26"
      }
    },
    {
      "type": "Feature",
      "geometry": {
        "type": "Point",
        "coordinates": [
          -0.978545561985699,
          51.5965551684201
        ]
      },
      "properties": {
        "row_number": "26"
      }
    },
    {
      "type": "Feature",
      "geometry": {
        "type": "LineString",
        "coordinates": [
          [
            -0.977328876771075,
            51.5970971376884
          ],
          [
            -0.977414684445633,
            51.5970573546518
          ],
          [
            -0.977468728771253,
            51.597032306261
          ],
          [
            -0.977528729597468,
            51.597004129053
          ],
          [
            -0.977585772220147,
            51.596976776144
          ],
          [
            -0.977643386448648,
            51.5969500379532
          ],
          [
            -0.977702400913882,
            51.5969228513997
          ],
          [
            -0.977759704558808,
            51.5968958847773
          ],
          [
            -0.977817852760409,
            51.5968687456033
          ],
          [
            -0.977875571514405,
            51.5968415663364
          ],
          [
            -0.977931060783113,
            51.5968158224364
          ],
          [
            -0.977987855331746,
            51.5967892621508
          ],
          [
            -0.978047934964087,
            51.596760668828
          ],
          [
            -0.978106150497295,
            51.596734069767
          ],
          [
            -0.97816385276856,
            51.5967072181428
          ],
          [
            -0.978220847334953,
            51.5966801865877
          ],
          [
            -0.978277494640048,
            51.5966534705643
          ],
          [
            -0.978337431016697,
            51.5966254955815
          ],
          [
            -0.978394917380494,
            51.5965987462701
          ],
          [
            -0.978451219587922,
            51.5965719146413
          ],
          [
            -0.978542333554988,
            51.5965289507004
          ]
        ]
      },
      "properties": {
        "row_number": "27"
      }
    },
    {
      "type": "Feature",
      "geometry": {
        "type": "Point",
        "coordinates": [
          -0.977328876771075,
          51.5970971376884
        ]
      },
      "properties": {
        "row_number": "27"
      }
    },
    {
      "type": "Feature",
      "geometry": {
        "type": "Point",
        "coordinates": [
          -0.977414684445633,
          51.5970573546518
        ]
      },
      "properties": {
        "row_number": "27"
      }
    },
    {
      "type": "Feature",
      "geometry": {
        "type": "Point",
        "coordinates": [
          -0.977468728771253,
          51.597032306261
        ]
      },
      "properties": {
        "row_number": "27"
      }
    },
    {
      "type": "Feature",
      "geometry": {
        "type": "Point",
        "coordinates": [
          -0.977528729597468,
          51.597004129053
        ]
      },
      "properties": {
        "row_number": "27"
      }
    },
    {
      "type": "Feature",
      "geometry": {
        "type": "Point",
        "coordinates": [
          -0.977585772220147,
          51.596976776144
        ]
      },
      "properties": {
        "row_number": "27"
      }
    },
    {
      "type": "Feature",
      "geometry": {
        "type": "Point",
        "coordinates": [
          -0.977643386448648,
          51.5969500379532
        ]
      },
      "properties": {
        "row_number": "27"
      }
    },
    {
      "type": "Feature",
      "geometry": {
        "type": "Point",
        "coordinates": [
          -0.977702400913882,
          51.5969228513997
        ]
      },
      "properties": {
        "row_number": "27"
      }
    },
    {
      "type": "Feature",
      "geometry": {
        "type": "Point",
        "coordinates": [
          -0.977759704558808,
          51.5968958847773
        ]
      },
      "properties": {
        "row_number": "27"
      }
    },
    {
      "type": "Feature",
      "geometry": {
        "type": "Point",
        "coordinates": [
          -0.977817852760409,
          51.5968687456033
        ]
      },
      "properties": {
        "row_number": "27"
      }
    },
    {
      "type": "Feature",
      "geometry": {
        "type": "Point",
        "coordinates": [
          -0.977875571514405,
          51.5968415663364
        ]
      },
      "properties": {
        "row_number": "27"
      }
    },
    {
      "type": "Feature",
      "geometry": {
        "type": "Point",
        "coordinates": [
          -0.977931060783113,
          51.5968158224364
        ]
      },
      "properties": {
        "row_number": "27"
      }
    },
    {
      "type": "Feature",
      "geometry": {
        "type": "Point",
        "coordinates": [
          -0.977987855331746,
          51.5967892621508
        ]
      },
      "properties": {
        "row_number": "27"
      }
    },
    {
      "type": "Feature",
      "geometry": {
        "type": "Point",
        "coordinates": [
          -0.978047934964087,
          51.596760668828
        ]
      },
      "properties": {
        "row_number": "27"
      }
    },
    {
      "type": "Feature",
      "geometry": {
        "type": "Point",
        "coordinates": [
          -0.978106150497295,
          51.596734069767
        ]
      },
      "properties": {
        "row_number": "27"
      }
    },
    {
      "type": "Feature",
      "geometry": {
        "type": "Point",
        "coordinates": [
          -0.97816385276856,
          51.5967072181428
        ]
      },
      "properties": {
        "row_number": "27"
      }
    },
    {
      "type": "Feature",
      "geometry": {
        "type": "Point",
        "coordinates": [
          -0.978220847334953,
          51.5966801865877
        ]
      },
      "properties": {
        "row_number": "27"
      }
    },
    {
      "type": "Feature",
      "geometry": {
        "type": "Point",
        "coordinates": [
          -0.978277494640048,
          51.5966534705643
        ]
      },
      "properties": {
        "row_number": "27"
      }
    },
    {
      "type": "Feature",
      "geometry": {
        "type": "Point",
        "coordinates": [
          -0.978337431016697,
          51.5966254955815
        ]
      },
      "properties": {
        "row_number": "27"
      }
    },
    {
      "type": "Feature",
      "geometry": {
        "type": "Point",
        "coordinates": [
          -0.978394917380494,
          51.5965987462701
        ]
      },
      "properties": {
        "row_number": "27"
      }
    },
    {
      "type": "Feature",
      "geometry": {
        "type": "Point",
        "coordinates": [
          -0.978451219587922,
          51.5965719146413
        ]
      },
      "properties": {
        "row_number": "27"
      }
    },
    {
      "type": "Feature",
      "geometry": {
        "type": "Point",
        "coordinates": [
          -0.978542333554988,
          51.5965289507004
        ]
      },
      "properties": {
        "row_number": "27"
      }
    },
    {
      "type": "Feature",
      "geometry": {
        "type": "LineString",
        "coordinates": [
          [
            -0.977314024915787,
            51.5970779238588
          ],
          [
            -0.977393866719707,
            51.5970402596794
          ],
          [
            -0.977450040394758,
            51.5970136872161
          ],
          [
            -0.977508446223815,
            51.5969858995044
          ],
          [
            -0.977565220742893,
            51.5969597040886
          ],
          [
            -0.97762304365016,
            51.5969327159201
          ],
          [
            -0.977680081663062,
            51.596905957761
          ],
          [
            -0.97773856345453,
            51.596878509821
          ],
          [
            -0.977797066041097,
            51.5968513289916
          ],
          [
            -0.977855056740283,
            51.5968239406666
          ],
          [
            -0.977913263082231,
            51.5967967549725
          ],
          [
            -0.977970239695369,
            51.5967703929817
          ],
          [
            -0.978027010687546,
            51.5967440819827
          ],
          [
            -0.978085657759051,
            51.5967165993954
          ],
          [
            -0.978143324003802,
            51.596689350211
          ],
          [
            -0.97820038398186,
            51.5966628635599
          ],
          [
            -0.978258821305963,
            51.5966357648147
          ],
          [
            -0.978315725234594,
            51.5966086564591
          ],
          [
            -0.978375766000719,
            51.5965812105753
          ],
          [
            -0.97843193867024,
            51.5965546028393
          ],
          [
            -0.978490132202363,
            51.5965270669143
          ],
          [
            -0.97853906196692,
            51.5965038318391
          ]
        ]
      },
      "properties": {
        "row_number": "28"
      }
    },
    {
      "type": "Feature",
      "geometry": {
        "type": "Point",
        "coordinates": [
          -0.977314024915787,
          51.5970779238588
        ]
      },
      "properties": {
        "row_number": "28"
      }
    },
    {
      "type": "Feature",
      "geometry": {
        "type": "Point",
        "coordinates": [
          -0.977393866719707,
          51.5970402596794
        ]
      },
      "properties": {
        "row_number": "28"
      }
    },
    {
      "type": "Feature",
      "geometry": {
        "type": "Point",
        "coordinates": [
          -0.977450040394758,
          51.5970136872161
        ]
      },
      "properties": {
        "row_number": "28"
      }
    },
    {
      "type": "Feature",
      "geometry": {
        "type": "Point",
        "coordinates": [
          -0.977508446223815,
          51.5969858995044
        ]
      },
      "properties": {
        "row_number": "28"
      }
    },
    {
      "type": "Feature",
      "geometry": {
        "type": "Point",
        "coordinates": [
          -0.977565220742893,
          51.5969597040886
        ]
      },
      "properties": {
        "row_number": "28"
      }
    },
    {
      "type": "Feature",
      "geometry": {
        "type": "Point",
        "coordinates": [
          -0.97762304365016,
          51.5969327159201
        ]
      },
      "properties": {
        "row_number": "28"
      }
    },
    {
      "type": "Feature",
      "geometry": {
        "type": "Point",
        "coordinates": [
          -0.977680081663062,
          51.596905957761
        ]
      },
      "properties": {
        "row_number": "28"
      }
    },
    {
      "type": "Feature",
      "geometry": {
        "type": "Point",
        "coordinates": [
          -0.97773856345453,
          51.596878509821
        ]
      },
      "properties": {
        "row_number": "28"
      }
    },
    {
      "type": "Feature",
      "geometry": {
        "type": "Point",
        "coordinates": [
          -0.977797066041097,
          51.5968513289916
        ]
      },
      "properties": {
        "row_number": "28"
      }
    },
    {
      "type": "Feature",
      "geometry": {
        "type": "Point",
        "coordinates": [
          -0.977855056740283,
          51.5968239406666
        ]
      },
      "properties": {
        "row_number": "28"
      }
    },
    {
      "type": "Feature",
      "geometry": {
        "type": "Point",
        "coordinates": [
          -0.977913263082231,
          51.5967967549725
        ]
      },
      "properties": {
        "row_number": "28"
      }
    },
    {
      "type": "Feature",
      "geometry": {
        "type": "Point",
        "coordinates": [
          -0.977970239695369,
          51.5967703929817
        ]
      },
      "properties": {
        "row_number": "28"
      }
    },
    {
      "type": "Feature",
      "geometry": {
        "type": "Point",
        "coordinates": [
          -0.978027010687546,
          51.5967440819827
        ]
      },
      "properties": {
        "row_number": "28"
      }
    },
    {
      "type": "Feature",
      "geometry": {
        "type": "Point",
        "coordinates": [
          -0.978085657759051,
          51.5967165993954
        ]
      },
      "properties": {
        "row_number": "28"
      }
    },
    {
      "type": "Feature",
      "geometry": {
        "type": "Point",
        "coordinates": [
          -0.978143324003802,
          51.596689350211
        ]
      },
      "properties": {
        "row_number": "28"
      }
    },
    {
      "type": "Feature",
      "geometry": {
        "type": "Point",
        "coordinates": [
          -0.97820038398186,
          51.5966628635599
        ]
      },
      "properties": {
        "row_number": "28"
      }
    },
    {
      "type": "Feature",
      "geometry": {
        "type": "Point",
        "coordinates": [
          -0.978258821305963,
          51.5966357648147
        ]
      },
      "properties": {
        "row_number": "28"
      }
    },
    {
      "type": "Feature",
      "geometry": {
        "type": "Point",
        "coordinates": [
          -0.978315725234594,
          51.5966086564591
        ]
      },
      "properties": {
        "row_number": "28"
      }
    },
    {
      "type": "Feature",
      "geometry": {
        "type": "Point",
        "coordinates": [
          -0.978375766000719,
          51.5965812105753
        ]
      },
      "properties": {
        "row_number": "28"
      }
    },
    {
      "type": "Feature",
      "geometry": {
        "type": "Point",
        "coordinates": [
          -0.97843193867024,
          51.5965546028393
        ]
      },
      "properties": {
        "row_number": "28"
      }
    },
    {
      "type": "Feature",
      "geometry": {
        "type": "Point",
        "coordinates": [
          -0.978490132202363,
          51.5965270669143
        ]
      },
      "properties": {
        "row_number": "28"
      }
    },
    {
      "type": "Feature",
      "geometry": {
        "type": "Point",
        "coordinates": [
          -0.97853906196692,
          51.5965038318391
        ]
      },
      "properties": {
        "row_number": "28"
      }
    },
    {
      "type": "Feature",
      "geometry": {
        "type": "LineString",
        "coordinates": [
          [
            -0.977298592466827,
            51.5970579858099
          ],
          [
            -0.977372526232637,
            51.5970234991809
          ],
          [
            -0.977430871188417,
            51.5969959201975
          ],
          [
            -0.977487385360513,
            51.5969690823683
          ],
          [
            -0.977544558570713,
            51.5969425221834
          ],
          [
            -0.977598866512749,
            51.5969168149612
          ],
          [
            -0.977661329558068,
            51.596887985928
          ],
          [
            -0.977718625433945,
            51.596860906391
          ],
          [
            -0.977775504440808,
            51.5968344720072
          ],
          [
            -0.977833735820558,
            51.5968074839002
          ],
          [
            -0.977890490944919,
            51.5967810408918
          ],
          [
            -0.977948905017199,
            51.59675342126
          ],
          [
            -0.978007191573545,
            51.5967259100164
          ],
          [
            -0.978065962188302,
            51.5966979809072
          ],
          [
            -0.978122974730573,
            51.5966717781129
          ],
          [
            -0.978180373435957,
            51.5966444369062
          ],
          [
            -0.978237491638083,
            51.5966175033165
          ],
          [
            -0.978295147031907,
            51.5965907547435
          ],
          [
            -0.978353533063978,
            51.5965636340792
          ],
          [
            -0.978409760096272,
            51.5965371956694
          ],
          [
            -0.978467338336087,
            51.5965100987823
          ],
          [
            -0.978535595350555,
            51.5964780772773
          ]
        ]
      },
      "properties": {
        "row_number": "29"
      }
    },
    {
      "type": "Feature",
      "geometry": {
        "type": "Point",
        "coordinates": [
          -0.977298592466827,
          51.5970579858099
        ]
      },
      "properties": {
        "row_number": "29"
      }
    },
    {
      "type": "Feature",
      "geometry": {
        "type": "Point",
        "coordinates": [
          -0.977372526232637,
          51.5970234991809
        ]
      },
      "properties": {
        "row_number": "29"
      }
    },
    {
      "type": "Feature",
      "geometry": {
        "type": "Point",
        "coordinates": [
          -0.977430871188417,
          51.5969959201975
        ]
      },
      "properties": {
        "row_number": "29"
      }
    },
    {
      "type": "Feature",
      "geometry": {
        "type": "Point",
        "coordinates": [
          -0.977487385360513,
          51.5969690823683
        ]
      },
      "properties": {
        "row_number": "29"
      }
    },
    {
      "type": "Feature",
      "geometry": {
        "type": "Point",
        "coordinates": [
          -0.977544558570713,
          51.5969425221834
        ]
      },
      "properties": {
        "row_number": "29"
      }
    },
    {
      "type": "Feature",
      "geometry": {
        "type": "Point",
        "coordinates": [
          -0.977598866512749,
          51.5969168149612
        ]
      },
      "properties": {
        "row_number": "29"
      }
    },
    {
      "type": "Feature",
      "geometry": {
        "type": "Point",
        "coordinates": [
          -0.977661329558068,
          51.596887985928
        ]
      },
      "properties": {
        "row_number": "29"
      }
    },
    {
      "type": "Feature",
      "geometry": {
        "type": "Point",
        "coordinates": [
          -0.977718625433945,
          51.596860906391
        ]
      },
      "properties": {
        "row_number": "29"
      }
    },
    {
      "type": "Feature",
      "geometry": {
        "type": "Point",
        "coordinates": [
          -0.977775504440808,
          51.5968344720072
        ]
      },
      "properties": {
        "row_number": "29"
      }
    },
    {
      "type": "Feature",
      "geometry": {
        "type": "Point",
        "coordinates": [
          -0.977833735820558,
          51.5968074839002
        ]
      },
      "properties": {
        "row_number": "29"
      }
    },
    {
      "type": "Feature",
      "geometry": {
        "type": "Point",
        "coordinates": [
          -0.977890490944919,
          51.5967810408918
        ]
      },
      "properties": {
        "row_number": "29"
      }
    },
    {
      "type": "Feature",
      "geometry": {
        "type": "Point",
        "coordinates": [
          -0.977948905017199,
          51.59675342126
        ]
      },
      "properties": {
        "row_number": "29"
      }
    },
    {
      "type": "Feature",
      "geometry": {
        "type": "Point",
        "coordinates": [
          -0.978007191573545,
          51.5967259100164
        ]
      },
      "properties": {
        "row_number": "29"
      }
    },
    {
      "type": "Feature",
      "geometry": {
        "type": "Point",
        "coordinates": [
          -0.978065962188302,
          51.5966979809072
        ]
      },
      "properties": {
        "row_number": "29"
      }
    },
    {
      "type": "Feature",
      "geometry": {
        "type": "Point",
        "coordinates": [
          -0.978122974730573,
          51.5966717781129
        ]
      },
      "properties": {
        "row_number": "29"
      }
    },
    {
      "type": "Feature",
      "geometry": {
        "type": "Point",
        "coordinates": [
          -0.978180373435957,
          51.5966444369062
        ]
      },
      "properties": {
        "row_number": "29"
      }
    },
    {
      "type": "Feature",
      "geometry": {
        "type": "Point",
        "coordinates": [
          -0.978237491638083,
          51.5966175033165
        ]
      },
      "properties": {
        "row_number": "29"
      }
    },
    {
      "type": "Feature",
      "geometry": {
        "type": "Point",
        "coordinates": [
          -0.978295147031907,
          51.5965907547435
        ]
      },
      "properties": {
        "row_number": "29"
      }
    },
    {
      "type": "Feature",
      "geometry": {
        "type": "Point",
        "coordinates": [
          -0.978353533063978,
          51.5965636340792
        ]
      },
      "properties": {
        "row_number": "29"
      }
    },
    {
      "type": "Feature",
      "geometry": {
        "type": "Point",
        "coordinates": [
          -0.978409760096272,
          51.5965371956694
        ]
      },
      "properties": {
        "row_number": "29"
      }
    },
    {
      "type": "Feature",
      "geometry": {
        "type": "Point",
        "coordinates": [
          -0.978467338336087,
          51.5965100987823
        ]
      },
      "properties": {
        "row_number": "29"
      }
    },
    {
      "type": "Feature",
      "geometry": {
        "type": "Point",
        "coordinates": [
          -0.978535595350555,
          51.5964780772773
        ]
      },
      "properties": {
        "row_number": "29"
      }
    },
    {
      "type": "Feature",
      "geometry": {
        "type": "LineString",
        "coordinates": [
          [
            -0.977281979915922,
            51.5970393168553
          ],
          [
            -0.977352651679491,
            51.5970051071617
          ],
          [
            -0.977407944660107,
            51.5969794665217
          ],
          [
            -0.977466430522149,
            51.5969525289966
          ],
          [
            -0.977524395562958,
            51.596924770864
          ],
          [
            -0.977579623886512,
            51.5968988254732
          ],
          [
            -0.977638855189619,
            51.5968713104282
          ],
          [
            -0.977694108742919,
            51.5968451883277
          ],
          [
            -0.977754621546136,
            51.5968171732601
          ],
          [
            -0.977813263289703,
            51.5967894900866
          ],
          [
            -0.977869174882957,
            51.5967633538444
          ],
          [
            -0.977927275586437,
            51.5967366175047
          ],
          [
            -0.977986435788701,
            51.5967083625536
          ],
          [
            -0.978043905895612,
            51.5966818737931
          ],
          [
            -0.97810079261778,
            51.5966556786114
          ],
          [
            -0.978160449776258,
            51.5966274067915
          ],
          [
            -0.978216768338885,
            51.5966016476953
          ],
          [
            -0.978274105356625,
            51.5965746402358
          ],
          [
            -0.978332509862887,
            51.5965471561454
          ],
          [
            -0.978390289659259,
            51.5965203414565
          ],
          [
            -0.9784481279211,
            51.5964927460068
          ],
          [
            -0.978532101614972,
            51.5964538791138
          ]
        ]
      },
      "properties": {
        "row_number": "30"
      }
    },
    {
      "type": "Feature",
      "geometry": {
        "type": "Point",
        "coordinates": [
          -0.977281979915922,
          51.5970393168553
        ]
      },
      "properties": {
        "row_number": "30"
      }
    },
    {
      "type": "Feature",
      "geometry": {
        "type": "Point",
        "coordinates": [
          -0.977352651679491,
          51.5970051071617
        ]
      },
      "properties": {
        "row_number": "30"
      }
    },
    {
      "type": "Feature",
      "geometry": {
        "type": "Point",
        "coordinates": [
          -0.977407944660107,
          51.5969794665217
        ]
      },
      "properties": {
        "row_number": "30"
      }
    },
    {
      "type": "Feature",
      "geometry": {
        "type": "Point",
        "coordinates": [
          -0.977466430522149,
          51.5969525289966
        ]
      },
      "properties": {
        "row_number": "30"
      }
    },
    {
      "type": "Feature",
      "geometry": {
        "type": "Point",
        "coordinates": [
          -0.977524395562958,
          51.596924770864
        ]
      },
      "properties": {
        "row_number": "30"
      }
    },
    {
      "type": "Feature",
      "geometry": {
        "type": "Point",
        "coordinates": [
          -0.977579623886512,
          51.5968988254732
        ]
      },
      "properties": {
        "row_number": "30"
      }
    },
    {
      "type": "Feature",
      "geometry": {
        "type": "Point",
        "coordinates": [
          -0.977638855189619,
          51.5968713104282
        ]
      },
      "properties": {
        "row_number": "30"
      }
    },
    {
      "type": "Feature",
      "geometry": {
        "type": "Point",
        "coordinates": [
          -0.977694108742919,
          51.5968451883277
        ]
      },
      "properties": {
        "row_number": "30"
      }
    },
    {
      "type": "Feature",
      "geometry": {
        "type": "Point",
        "coordinates": [
          -0.977754621546136,
          51.5968171732601
        ]
      },
      "properties": {
        "row_number": "30"
      }
    },
    {
      "type": "Feature",
      "geometry": {
        "type": "Point",
        "coordinates": [
          -0.977813263289703,
          51.5967894900866
        ]
      },
      "properties": {
        "row_number": "30"
      }
    },
    {
      "type": "Feature",
      "geometry": {
        "type": "Point",
        "coordinates": [
          -0.977869174882957,
          51.5967633538444
        ]
      },
      "properties": {
        "row_number": "30"
      }
    },
    {
      "type": "Feature",
      "geometry": {
        "type": "Point",
        "coordinates": [
          -0.977927275586437,
          51.5967366175047
        ]
      },
      "properties": {
        "row_number": "30"
      }
    },
    {
      "type": "Feature",
      "geometry": {
        "type": "Point",
        "coordinates": [
          -0.977986435788701,
          51.5967083625536
        ]
      },
      "properties": {
        "row_number": "30"
      }
    },
    {
      "type": "Feature",
      "geometry": {
        "type": "Point",
        "coordinates": [
          -0.978043905895612,
          51.5966818737931
        ]
      },
      "properties": {
        "row_number": "30"
      }
    },
    {
      "type": "Feature",
      "geometry": {
        "type": "Point",
        "coordinates": [
          -0.97810079261778,
          51.5966556786114
        ]
      },
      "properties": {
        "row_number": "30"
      }
    },
    {
      "type": "Feature",
      "geometry": {
        "type": "Point",
        "coordinates": [
          -0.978160449776258,
          51.5966274067915
        ]
      },
      "properties": {
        "row_number": "30"
      }
    },
    {
      "type": "Feature",
      "geometry": {
        "type": "Point",
        "coordinates": [
          -0.978216768338885,
          51.5966016476953
        ]
      },
      "properties": {
        "row_number": "30"
      }
    },
    {
      "type": "Feature",
      "geometry": {
        "type": "Point",
        "coordinates": [
          -0.978274105356625,
          51.5965746402358
        ]
      },
      "properties": {
        "row_number": "30"
      }
    },
    {
      "type": "Feature",
      "geometry": {
        "type": "Point",
        "coordinates": [
          -0.978332509862887,
          51.5965471561454
        ]
      },
      "properties": {
        "row_number": "30"
      }
    },
    {
      "type": "Feature",
      "geometry": {
        "type": "Point",
        "coordinates": [
          -0.978390289659259,
          51.5965203414565
        ]
      },
      "properties": {
        "row_number": "30"
      }
    },
    {
      "type": "Feature",
      "geometry": {
        "type": "Point",
        "coordinates": [
          -0.9784481279211,
          51.5964927460068
        ]
      },
      "properties": {
        "row_number": "30"
      }
    },
    {
      "type": "Feature",
      "geometry": {
        "type": "Point",
        "coordinates": [
          -0.978532101614972,
          51.5964538791138
        ]
      },
      "properties": {
        "row_number": "30"
      }
    },
    {
      "type": "Feature",
      "geometry": {
        "type": "LineString",
        "coordinates": [
          [
            -0.977264661102841,
            51.5970188884112
          ],
          [
            -0.977328120880467,
            51.596989654929
          ],
          [
            -0.977388026611361,
            51.5969620769948
          ],
          [
            -0.977445740011536,
            51.5969352284599
          ],
          [
            -0.977503757753558,
            51.5969073481977
          ],
          [
            -0.9775601546133,
            51.5968811266301
          ],
          [
            -0.977619201235414,
            51.5968540908462
          ],
          [
            -0.977675440491867,
            51.5968274432469
          ],
          [
            -0.977735419849113,
            51.596799399185
          ],
          [
            -0.977792687100172,
            51.5967728999876
          ],
          [
            -0.97784973839321,
            51.5967460592462
          ],
          [
            -0.977906997738529,
            51.5967189767914
          ],
          [
            -0.977963067592422,
            51.5966926379507
          ],
          [
            -0.978022300679803,
            51.5966653251332
          ],
          [
            -0.978080851366926,
            51.5966379696344
          ],
          [
            -0.978138229745477,
            51.5966106753573
          ],
          [
            -0.978196093195198,
            51.5965840462462
          ],
          [
            -0.978252993438448,
            51.5965567677491
          ],
          [
            -0.978311389024602,
            51.5965294077729
          ],
          [
            -0.978368850734301,
            51.5965017142303
          ],
          [
            -0.978425764461834,
            51.5964755096368
          ],
          [
            -0.978483516123958,
            51.5964478414982
          ],
          [
            -0.978527001426203,
            51.5964275798799
          ]
        ]
      },
      "properties": {
        "row_number": "31"
      }
    },
    {
      "type": "Feature",
      "geometry": {
        "type": "Point",
        "coordinates": [
          -0.977264661102841,
          51.5970188884112
        ]
      },
      "properties": {
        "row_number": "31"
      }
    },
    {
      "type": "Feature",
      "geometry": {
        "type": "Point",
        "coordinates": [
          -0.977328120880467,
          51.596989654929
        ]
      },
      "properties": {
        "row_number": "31"
      }
    },
    {
      "type": "Feature",
      "geometry": {
        "type": "Point",
        "coordinates": [
          -0.977388026611361,
          51.5969620769948
        ]
      },
      "properties": {
        "row_number": "31"
      }
    },
    {
      "type": "Feature",
      "geometry": {
        "type": "Point",
        "coordinates": [
          -0.977445740011536,
          51.5969352284599
        ]
      },
      "properties": {
        "row_number": "31"
      }
    },
    {
      "type": "Feature",
      "geometry": {
        "type": "Point",
        "coordinates": [
          -0.977503757753558,
          51.5969073481977
        ]
      },
      "properties": {
        "row_number": "31"
      }
    },
    {
      "type": "Feature",
      "geometry": {
        "type": "Point",
        "coordinates": [
          -0.9775601546133,
          51.5968811266301
        ]
      },
      "properties": {
        "row_number": "31"
      }
    },
    {
      "type": "Feature",
      "geometry": {
        "type": "Point",
        "coordinates": [
          -0.977619201235414,
          51.5968540908462
        ]
      },
      "properties": {
        "row_number": "31"
      }
    },
    {
      "type": "Feature",
      "geometry": {
        "type": "Point",
        "coordinates": [
          -0.977675440491867,
          51.5968274432469
        ]
      },
      "properties": {
        "row_number": "31"
      }
    },
    {
      "type": "Feature",
      "geometry": {
        "type": "Point",
        "coordinates": [
          -0.977735419849113,
          51.596799399185
        ]
      },
      "properties": {
        "row_number": "31"
      }
    },
    {
      "type": "Feature",
      "geometry": {
        "type": "Point",
        "coordinates": [
          -0.977792687100172,
          51.5967728999876
        ]
      },
      "properties": {
        "row_number": "31"
      }
    },
    {
      "type": "Feature",
      "geometry": {
        "type": "Point",
        "coordinates": [
          -0.97784973839321,
          51.5967460592462
        ]
      },
      "properties": {
        "row_number": "31"
      }
    },
    {
      "type": "Feature",
      "geometry": {
        "type": "Point",
        "coordinates": [
          -0.977906997738529,
          51.5967189767914
        ]
      },
      "properties": {
        "row_number": "31"
      }
    },
    {
      "type": "Feature",
      "geometry": {
        "type": "Point",
        "coordinates": [
          -0.977963067592422,
          51.5966926379507
        ]
      },
      "properties": {
        "row_number": "31"
      }
    },
    {
      "type": "Feature",
      "geometry": {
        "type": "Point",
        "coordinates": [
          -0.978022300679803,
          51.5966653251332
        ]
      },
      "properties": {
        "row_number": "31"
      }
    },
    {
      "type": "Feature",
      "geometry": {
        "type": "Point",
        "coordinates": [
          -0.978080851366926,
          51.5966379696344
        ]
      },
      "properties": {
        "row_number": "31"
      }
    },
    {
      "type": "Feature",
      "geometry": {
        "type": "Point",
        "coordinates": [
          -0.978138229745477,
          51.5966106753573
        ]
      },
      "properties": {
        "row_number": "31"
      }
    },
    {
      "type": "Feature",
      "geometry": {
        "type": "Point",
        "coordinates": [
          -0.978196093195198,
          51.5965840462462
        ]
      },
      "properties": {
        "row_number": "31"
      }
    },
    {
      "type": "Feature",
      "geometry": {
        "type": "Point",
        "coordinates": [
          -0.978252993438448,
          51.5965567677491
        ]
      },
      "properties": {
        "row_number": "31"
      }
    },
    {
      "type": "Feature",
      "geometry": {
        "type": "Point",
        "coordinates": [
          -0.978311389024602,
          51.5965294077729
        ]
      },
      "properties": {
        "row_number": "31"
      }
    },
    {
      "type": "Feature",
      "geometry": {
        "type": "Point",
        "coordinates": [
          -0.978368850734301,
          51.5965017142303
        ]
      },
      "properties": {
        "row_number": "31"
      }
    },
    {
      "type": "Feature",
      "geometry": {
        "type": "Point",
        "coordinates": [
          -0.978425764461834,
          51.5964755096368
        ]
      },
      "properties": {
        "row_number": "31"
      }
    },
    {
      "type": "Feature",
      "geometry": {
        "type": "Point",
        "coordinates": [
          -0.978483516123958,
          51.5964478414982
        ]
      },
      "properties": {
        "row_number": "31"
      }
    },
    {
      "type": "Feature",
      "geometry": {
        "type": "Point",
        "coordinates": [
          -0.978527001426203,
          51.5964275798799
        ]
      },
      "properties": {
        "row_number": "31"
      }
    },
    {
      "type": "Feature",
      "geometry": {
        "type": "LineString",
        "coordinates": [
          [
            -0.977249988229865,
            51.596999477047
          ],
          [
            -0.977308798756918,
            51.5969712370059
          ],
          [
            -0.977367198364569,
            51.5969432971199
          ],
          [
            -0.977427202627853,
            51.5969156467557
          ],
          [
            -0.977481680420983,
            51.5968906537687
          ],
          [
            -0.977540467857017,
            51.5968641726301
          ],
          [
            -0.977598658051636,
            51.5968370112954
          ],
          [
            -0.977654164130916,
            51.5968104330892
          ],
          [
            -0.977713649643824,
            51.5967825197146
          ],
          [
            -0.977772395109418,
            51.5967553248848
          ],
          [
            -0.977828447181269,
            51.5967288798058
          ],
          [
            -0.977885485652638,
            51.5967022805184
          ],
          [
            -0.977944536110519,
            51.596674078714
          ],
          [
            -0.977999617627318,
            51.5966483802687
          ],
          [
            -0.978060012875219,
            51.5966206309443
          ],
          [
            -0.978116880562556,
            51.5965935973845
          ],
          [
            -0.97817527149497,
            51.5965660109581
          ],
          [
            -0.978232144303839,
            51.5965390623223
          ],
          [
            -0.978290905721268,
            51.5965117475615
          ],
          [
            -0.978346678000729,
            51.5964851767047
          ],
          [
            -0.978406031711632,
            51.5964577659215
          ],
          [
            -0.978463035913072,
            51.5964315215933
          ],
          [
            -0.978523777629462,
            51.5964027858416
          ]
        ]
      },
      "properties": {
        "row_number": "32"
      }
    },
    {
      "type": "Feature",
      "geometry": {
        "type": "Point",
        "coordinates": [
          -0.977249988229865,
          51.596999477047
        ]
      },
      "properties": {
        "row_number": "32"
      }
    },
    {
      "type": "Feature",
      "geometry": {
        "type": "Point",
        "coordinates": [
          -0.977308798756918,
          51.5969712370059
        ]
      },
      "properties": {
        "row_number": "32"
      }
    },
    {
      "type": "Feature",
      "geometry": {
        "type": "Point",
        "coordinates": [
          -0.977367198364569,
          51.5969432971199
        ]
      },
      "properties": {
        "row_number": "32"
      }
    },
    {
      "type": "Feature",
      "geometry": {
        "type": "Point",
        "coordinates": [
          -0.977427202627853,
          51.5969156467557
        ]
      },
      "properties": {
        "row_number": "32"
      }
    },
    {
      "type": "Feature",
      "geometry": {
        "type": "Point",
        "coordinates": [
          -0.977481680420983,
          51.5968906537687
        ]
      },
      "properties": {
        "row_number": "32"
      }
    },
    {
      "type": "Feature",
      "geometry": {
        "type": "Point",
        "coordinates": [
          -0.977540467857017,
          51.5968641726301
        ]
      },
      "properties": {
        "row_number": "32"
      }
    },
    {
      "type": "Feature",
      "geometry": {
        "type": "Point",
        "coordinates": [
          -0.977598658051636,
          51.5968370112954
        ]
      },
      "properties": {
        "row_number": "32"
      }
    },
    {
      "type": "Feature",
      "geometry": {
        "type": "Point",
        "coordinates": [
          -0.977654164130916,
          51.5968104330892
        ]
      },
      "properties": {
        "row_number": "32"
      }
    },
    {
      "type": "Feature",
      "geometry": {
        "type": "Point",
        "coordinates": [
          -0.977713649643824,
          51.5967825197146
        ]
      },
      "properties": {
        "row_number": "32"
      }
    },
    {
      "type": "Feature",
      "geometry": {
        "type": "Point",
        "coordinates": [
          -0.977772395109418,
          51.5967553248848
        ]
      },
      "properties": {
        "row_number": "32"
      }
    },
    {
      "type": "Feature",
      "geometry": {
        "type": "Point",
        "coordinates": [
          -0.977828447181269,
          51.5967288798058
        ]
      },
      "properties": {
        "row_number": "32"
      }
    },
    {
      "type": "Feature",
      "geometry": {
        "type": "Point",
        "coordinates": [
          -0.977885485652638,
          51.5967022805184
        ]
      },
      "properties": {
        "row_number": "32"
      }
    },
    {
      "type": "Feature",
      "geometry": {
        "type": "Point",
        "coordinates": [
          -0.977944536110519,
          51.596674078714
        ]
      },
      "properties": {
        "row_number": "32"
      }
    },
    {
      "type": "Feature",
      "geometry": {
        "type": "Point",
        "coordinates": [
          -0.977999617627318,
          51.5966483802687
        ]
      },
      "properties": {
        "row_number": "32"
      }
    },
    {
      "type": "Feature",
      "geometry": {
        "type": "Point",
        "coordinates": [
          -0.978060012875219,
          51.5966206309443
        ]
      },
      "properties": {
        "row_number": "32"
      }
    },
    {
      "type": "Feature",
      "geometry": {
        "type": "Point",
        "coordinates": [
          -0.978116880562556,
          51.5965935973845
        ]
      },
      "properties": {
        "row_number": "32"
      }
    },
    {
      "type": "Feature",
      "geometry": {
        "type": "Point",
        "coordinates": [
          -0.97817527149497,
          51.5965660109581
        ]
      },
      "properties": {
        "row_number": "32"
      }
    },
    {
      "type": "Feature",
      "geometry": {
        "type": "Point",
        "coordinates": [
          -0.978232144303839,
          51.5965390623223
        ]
      },
      "properties": {
        "row_number": "32"
      }
    },
    {
      "type": "Feature",
      "geometry": {
        "type": "Point",
        "coordinates": [
          -0.978290905721268,
          51.5965117475615
        ]
      },
      "properties": {
        "row_number": "32"
      }
    },
    {
      "type": "Feature",
      "geometry": {
        "type": "Point",
        "coordinates": [
          -0.978346678000729,
          51.5964851767047
        ]
      },
      "properties": {
        "row_number": "32"
      }
    },
    {
      "type": "Feature",
      "geometry": {
        "type": "Point",
        "coordinates": [
          -0.978406031711632,
          51.5964577659215
        ]
      },
      "properties": {
        "row_number": "32"
      }
    },
    {
      "type": "Feature",
      "geometry": {
        "type": "Point",
        "coordinates": [
          -0.978463035913072,
          51.5964315215933
        ]
      },
      "properties": {
        "row_number": "32"
      }
    },
    {
      "type": "Feature",
      "geometry": {
        "type": "Point",
        "coordinates": [
          -0.978523777629462,
          51.5964027858416
        ]
      },
      "properties": {
        "row_number": "32"
      }
    },
    {
      "type": "Feature",
      "geometry": {
        "type": "LineString",
        "coordinates": [
          [
            -0.977234473702138,
            51.5969800009749
          ],
          [
            -0.977289527223453,
            51.5969546489534
          ],
          [
            -0.977348362534254,
            51.5969263995625
          ],
          [
            -0.977403780727909,
            51.5969002882012
          ],
          [
            -0.977463152116949,
            51.5968731288872
          ],
          [
            -0.977520433684812,
            51.596846683647
          ],
          [
            -0.977576935464155,
            51.5968191900278
          ],
          [
            -0.977635364233372,
            51.5967918557037
          ],
          [
            -0.977692979524991,
            51.5967643092425
          ],
          [
            -0.977750315030779,
            51.5967379766668
          ],
          [
            -0.97780758161533,
            51.5967108125036
          ],
          [
            -0.977866181686171,
            51.5966845504508
          ],
          [
            -0.977922575529444,
            51.5966579226118
          ],
          [
            -0.977980824679845,
            51.5966302353461
          ],
          [
            -0.978038643930967,
            51.5966035280326
          ],
          [
            -0.978095760502023,
            51.5965756276159
          ],
          [
            -0.978154781982529,
            51.5965490408973
          ],
          [
            -0.978212099969678,
            51.5965221165153
          ],
          [
            -0.97826996242931,
            51.5964946516792
          ],
          [
            -0.97832631052108,
            51.5964680497084
          ],
          [
            -0.978384460639731,
            51.5964412513253
          ],
          [
            -0.978442296776415,
            51.5964139175922
          ],
          [
            -0.978519622278552,
            51.5963776466914
          ]
        ]
      },
      "properties": {
        "row_number": "33"
      }
    },
    {
      "type": "Feature",
      "geometry": {
        "type": "Point",
        "coordinates": [
          -0.977234473702138,
          51.5969800009749
        ]
      },
      "properties": {
        "row_number": "33"
      }
    },
    {
      "type": "Feature",
      "geometry": {
        "type": "Point",
        "coordinates": [
          -0.977289527223453,
          51.5969546489534
        ]
      },
      "properties": {
        "row_number": "33"
      }
    },
    {
      "type": "Feature",
      "geometry": {
        "type": "Point",
        "coordinates": [
          -0.977348362534254,
          51.5969263995625
        ]
      },
      "properties": {
        "row_number": "33"
      }
    },
    {
      "type": "Feature",
      "geometry": {
        "type": "Point",
        "coordinates": [
          -0.977403780727909,
          51.5969002882012
        ]
      },
      "properties": {
        "row_number": "33"
      }
    },
    {
      "type": "Feature",
      "geometry": {
        "type": "Point",
        "coordinates": [
          -0.977463152116949,
          51.5968731288872
        ]
      },
      "properties": {
        "row_number": "33"
      }
    },
    {
      "type": "Feature",
      "geometry": {
        "type": "Point",
        "coordinates": [
          -0.977520433684812,
          51.596846683647
        ]
      },
      "properties": {
        "row_number": "33"
      }
    },
    {
      "type": "Feature",
      "geometry": {
        "type": "Point",
        "coordinates": [
          -0.977576935464155,
          51.5968191900278
        ]
      },
      "properties": {
        "row_number": "33"
      }
    },
    {
      "type": "Feature",
      "geometry": {
        "type": "Point",
        "coordinates": [
          -0.977635364233372,
          51.5967918557037
        ]
      },
      "properties": {
        "row_number": "33"
      }
    },
    {
      "type": "Feature",
      "geometry": {
        "type": "Point",
        "coordinates": [
          -0.977692979524991,
          51.5967643092425
        ]
      },
      "properties": {
        "row_number": "33"
      }
    },
    {
      "type": "Feature",
      "geometry": {
        "type": "Point",
        "coordinates": [
          -0.977750315030779,
          51.5967379766668
        ]
      },
      "properties": {
        "row_number": "33"
      }
    },
    {
      "type": "Feature",
      "geometry": {
        "type": "Point",
        "coordinates": [
          -0.97780758161533,
          51.5967108125036
        ]
      },
      "properties": {
        "row_number": "33"
      }
    },
    {
      "type": "Feature",
      "geometry": {
        "type": "Point",
        "coordinates": [
          -0.977866181686171,
          51.5966845504508
        ]
      },
      "properties": {
        "row_number": "33"
      }
    },
    {
      "type": "Feature",
      "geometry": {
        "type": "Point",
        "coordinates": [
          -0.977922575529444,
          51.5966579226118
        ]
      },
      "properties": {
        "row_number": "33"
      }
    },
    {
      "type": "Feature",
      "geometry": {
        "type": "Point",
        "coordinates": [
          -0.977980824679845,
          51.5966302353461
        ]
      },
      "properties": {
        "row_number": "33"
      }
    },
    {
      "type": "Feature",
      "geometry": {
        "type": "Point",
        "coordinates": [
          -0.978038643930967,
          51.5966035280326
        ]
      },
      "properties": {
        "row_number": "33"
      }
    },
    {
      "type": "Feature",
      "geometry": {
        "type": "Point",
        "coordinates": [
          -0.978095760502023,
          51.5965756276159
        ]
      },
      "properties": {
        "row_number": "33"
      }
    },
    {
      "type": "Feature",
      "geometry": {
        "type": "Point",
        "coordinates": [
          -0.978154781982529,
          51.5965490408973
        ]
      },
      "properties": {
        "row_number": "33"
      }
    },
    {
      "type": "Feature",
      "geometry": {
        "type": "Point",
        "coordinates": [
          -0.978212099969678,
          51.5965221165153
        ]
      },
      "properties": {
        "row_number": "33"
      }
    },
    {
      "type": "Feature",
      "geometry": {
        "type": "Point",
        "coordinates": [
          -0.97826996242931,
          51.5964946516792
        ]
      },
      "properties": {
        "row_number": "33"
      }
    },
    {
      "type": "Feature",
      "geometry": {
        "type": "Point",
        "coordinates": [
          -0.97832631052108,
          51.5964680497084
        ]
      },
      "properties": {
        "row_number": "33"
      }
    },
    {
      "type": "Feature",
      "geometry": {
        "type": "Point",
        "coordinates": [
          -0.978384460639731,
          51.5964412513253
        ]
      },
      "properties": {
        "row_number": "33"
      }
    },
    {
      "type": "Feature",
      "geometry": {
        "type": "Point",
        "coordinates": [
          -0.978442296776415,
          51.5964139175922
        ]
      },
      "properties": {
        "row_number": "33"
      }
    },
    {
      "type": "Feature",
      "geometry": {
        "type": "Point",
        "coordinates": [
          -0.978519622278552,
          51.5963776466914
        ]
      },
      "properties": {
        "row_number": "33"
      }
    },
    {
      "type": "Feature",
      "geometry": {
        "type": "LineString",
        "coordinates": [
          [
            -0.977218739656922,
            51.5969602677423
          ],
          [
            -0.977267805419778,
            51.5969374556516
          ],
          [
            -0.977325546824558,
            51.5969102050773
          ],
          [
            -0.977384884128592,
            51.5968825721438
          ],
          [
            -0.977441779727066,
            51.5968559154476
          ],
          [
            -0.977499033887406,
            51.5968289466557
          ],
          [
            -0.977557475240565,
            51.5968013308813
          ],
          [
            -0.977614098957591,
            51.5967748832618
          ],
          [
            -0.977669968004001,
            51.5967479465751
          ],
          [
            -0.977729049530562,
            51.5967207738876
          ],
          [
            -0.977786582514629,
            51.5966938740227
          ],
          [
            -0.977844839020677,
            51.5966670568609
          ],
          [
            -0.977901896774182,
            51.5966399288303
          ],
          [
            -0.977960663601012,
            51.5966124828157
          ],
          [
            -0.978018836599451,
            51.5965859693193
          ],
          [
            -0.978075720507604,
            51.5965588780642
          ],
          [
            -0.978133761188552,
            51.596531602484
          ],
          [
            -0.978189931956699,
            51.596505119127
          ],
          [
            -0.978249565030602,
            51.596477529095
          ],
          [
            -0.978306420273446,
            51.596451029638
          ],
          [
            -0.978363833436062,
            51.5964243445774
          ],
          [
            -0.978420723702523,
            51.5963976785033
          ],
          [
            -0.978478348763704,
            51.5963702539211
          ],
          [
            -0.978516409090565,
            51.5963523955617
          ]
        ]
      },
      "properties": {
        "row_number": "34"
      }
    },
    {
      "type": "Feature",
      "geometry": {
        "type": "Point",
        "coordinates": [
          -0.977218739656922,
          51.5969602677423
        ]
      },
      "properties": {
        "row_number": "34"
      }
    },
    {
      "type": "Feature",
      "geometry": {
        "type": "Point",
        "coordinates": [
          -0.977267805419778,
          51.5969374556516
        ]
      },
      "properties": {
        "row_number": "34"
      }
    },
    {
      "type": "Feature",
      "geometry": {
        "type": "Point",
        "coordinates": [
          -0.977325546824558,
          51.5969102050773
        ]
      },
      "properties": {
        "row_number": "34"
      }
    },
    {
      "type": "Feature",
      "geometry": {
        "type": "Point",
        "coordinates": [
          -0.977384884128592,
          51.5968825721438
        ]
      },
      "properties": {
        "row_number": "34"
      }
    },
    {
      "type": "Feature",
      "geometry": {
        "type": "Point",
        "coordinates": [
          -0.977441779727066,
          51.5968559154476
        ]
      },
      "properties": {
        "row_number": "34"
      }
    },
    {
      "type": "Feature",
      "geometry": {
        "type": "Point",
        "coordinates": [
          -0.977499033887406,
          51.5968289466557
        ]
      },
      "properties": {
        "row_number": "34"
      }
    },
    {
      "type": "Feature",
      "geometry": {
        "type": "Point",
        "coordinates": [
          -0.977557475240565,
          51.5968013308813
        ]
      },
      "properties": {
        "row_number": "34"
      }
    },
    {
      "type": "Feature",
      "geometry": {
        "type": "Point",
        "coordinates": [
          -0.977614098957591,
          51.5967748832618
        ]
      },
      "properties": {
        "row_number": "34"
      }
    },
    {
      "type": "Feature",
      "geometry": {
        "type": "Point",
        "coordinates": [
          -0.977669968004001,
          51.5967479465751
        ]
      },
      "properties": {
        "row_number": "34"
      }
    },
    {
      "type": "Feature",
      "geometry": {
        "type": "Point",
        "coordinates": [
          -0.977729049530562,
          51.5967207738876
        ]
      },
      "properties": {
        "row_number": "34"
      }
    },
    {
      "type": "Feature",
      "geometry": {
        "type": "Point",
        "coordinates": [
          -0.977786582514629,
          51.5966938740227
        ]
      },
      "properties": {
        "row_number": "34"
      }
    },
    {
      "type": "Feature",
      "geometry": {
        "type": "Point",
        "coordinates": [
          -0.977844839020677,
          51.5966670568609
        ]
      },
      "properties": {
        "row_number": "34"
      }
    },
    {
      "type": "Feature",
      "geometry": {
        "type": "Point",
        "coordinates": [
          -0.977901896774182,
          51.5966399288303
        ]
      },
      "properties": {
        "row_number": "34"
      }
    },
    {
      "type": "Feature",
      "geometry": {
        "type": "Point",
        "coordinates": [
          -0.977960663601012,
          51.5966124828157
        ]
      },
      "properties": {
        "row_number": "34"
      }
    },
    {
      "type": "Feature",
      "geometry": {
        "type": "Point",
        "coordinates": [
          -0.978018836599451,
          51.5965859693193
        ]
      },
      "properties": {
        "row_number": "34"
      }
    },
    {
      "type": "Feature",
      "geometry": {
        "type": "Point",
        "coordinates": [
          -0.978075720507604,
          51.5965588780642
        ]
      },
      "properties": {
        "row_number": "34"
      }
    },
    {
      "type": "Feature",
      "geometry": {
        "type": "Point",
        "coordinates": [
          -0.978133761188552,
          51.596531602484
        ]
      },
      "properties": {
        "row_number": "34"
      }
    },
    {
      "type": "Feature",
      "geometry": {
        "type": "Point",
        "coordinates": [
          -0.978189931956699,
          51.596505119127
        ]
      },
      "properties": {
        "row_number": "34"
      }
    },
    {
      "type": "Feature",
      "geometry": {
        "type": "Point",
        "coordinates": [
          -0.978249565030602,
          51.596477529095
        ]
      },
      "properties": {
        "row_number": "34"
      }
    },
    {
      "type": "Feature",
      "geometry": {
        "type": "Point",
        "coordinates": [
          -0.978306420273446,
          51.596451029638
        ]
      },
      "properties": {
        "row_number": "34"
      }
    },
    {
      "type": "Feature",
      "geometry": {
        "type": "Point",
        "coordinates": [
          -0.978363833436062,
          51.5964243445774
        ]
      },
      "properties": {
        "row_number": "34"
      }
    },
    {
      "type": "Feature",
      "geometry": {
        "type": "Point",
        "coordinates": [
          -0.978420723702523,
          51.5963976785033
        ]
      },
      "properties": {
        "row_number": "34"
      }
    },
    {
      "type": "Feature",
      "geometry": {
        "type": "Point",
        "coordinates": [
          -0.978478348763704,
          51.5963702539211
        ]
      },
      "properties": {
        "row_number": "34"
      }
    },
    {
      "type": "Feature",
      "geometry": {
        "type": "Point",
        "coordinates": [
          -0.978516409090565,
          51.5963523955617
        ]
      },
      "properties": {
        "row_number": "34"
      }
    },
    {
      "type": "Feature",
      "geometry": {
        "type": "LineString",
        "coordinates": [
          [
            -0.977203393273322,
            51.5969397143932
          ],
          [
            -0.977246670398498,
            51.5969200205162
          ],
          [
            -0.977304078851999,
            51.5968933580421
          ],
          [
            -0.977362485164591,
            51.5968658985176
          ],
          [
            -0.977422393969793,
            51.5968383520612
          ],
          [
            -0.977477924712257,
            51.5968123585781
          ],
          [
            -0.977535468205474,
            51.5967852448641
          ],
          [
            -0.977593394819879,
            51.5967579817
          ],
          [
            -0.977651243821247,
            51.5967308922846
          ],
          [
            -0.977709580391083,
            51.5967040892253
          ],
          [
            -0.977766976235644,
            51.5966768876988
          ],
          [
            -0.977823908080646,
            51.5966496443777
          ],
          [
            -0.977881655662906,
            51.5966228946705
          ],
          [
            -0.97793917721629,
            51.5965964799063
          ],
          [
            -0.977998229204117,
            51.5965680074181
          ],
          [
            -0.978055230980161,
            51.5965416160461
          ],
          [
            -0.978112680446678,
            51.596514808692
          ],
          [
            -0.978168976945104,
            51.5964883947141
          ],
          [
            -0.978227236196054,
            51.5964611844473
          ],
          [
            -0.978285298543736,
            51.5964339463994
          ],
          [
            -0.978343248981457,
            51.5964068219461
          ],
          [
            -0.978400039013713,
            51.5963798837122
          ],
          [
            -0.978457956938323,
            51.5963526018157
          ],
          [
            -0.978508638001368,
            51.5963281012674
          ]
        ]
      },
      "properties": {
        "row_number": "35"
      }
    },
    {
      "type": "Feature",
      "geometry": {
        "type": "Point",
        "coordinates": [
          -0.977203393273322,
          51.5969397143932
        ]
      },
      "properties": {
        "row_number": "35"
      }
    },
    {
      "type": "Feature",
      "geometry": {
        "type": "Point",
        "coordinates": [
          -0.977246670398498,
          51.5969200205162
        ]
      },
      "properties": {
        "row_number": "35"
      }
    },
    {
      "type": "Feature",
      "geometry": {
        "type": "Point",
        "coordinates": [
          -0.977304078851999,
          51.5968933580421
        ]
      },
      "properties": {
        "row_number": "35"
      }
    },
    {
      "type": "Feature",
      "geometry": {
        "type": "Point",
        "coordinates": [
          -0.977362485164591,
          51.5968658985176
        ]
      },
      "properties": {
        "row_number": "35"
      }
    },
    {
      "type": "Feature",
      "geometry": {
        "type": "Point",
        "coordinates": [
          -0.977422393969793,
          51.5968383520612
        ]
      },
      "properties": {
        "row_number": "35"
      }
    },
    {
      "type": "Feature",
      "geometry": {
        "type": "Point",
        "coordinates": [
          -0.977477924712257,
          51.5968123585781
        ]
      },
      "properties": {
        "row_number": "35"
      }
    },
    {
      "type": "Feature",
      "geometry": {
        "type": "Point",
        "coordinates": [
          -0.977535468205474,
          51.5967852448641
        ]
      },
      "properties": {
        "row_number": "35"
      }
    },
    {
      "type": "Feature",
      "geometry": {
        "type": "Point",
        "coordinates": [
          -0.977593394819879,
          51.5967579817
        ]
      },
      "properties": {
        "row_number": "35"
      }
    },
    {
      "type": "Feature",
      "geometry": {
        "type": "Point",
        "coordinates": [
          -0.977651243821247,
          51.5967308922846
        ]
      },
      "properties": {
        "row_number": "35"
      }
    },
    {
      "type": "Feature",
      "geometry": {
        "type": "Point",
        "coordinates": [
          -0.977709580391083,
          51.5967040892253
        ]
      },
      "properties": {
        "row_number": "35"
      }
    },
    {
      "type": "Feature",
      "geometry": {
        "type": "Point",
        "coordinates": [
          -0.977766976235644,
          51.5966768876988
        ]
      },
      "properties": {
        "row_number": "35"
      }
    },
    {
      "type": "Feature",
      "geometry": {
        "type": "Point",
        "coordinates": [
          -0.977823908080646,
          51.5966496443777
        ]
      },
      "properties": {
        "row_number": "35"
      }
    },
    {
      "type": "Feature",
      "geometry": {
        "type": "Point",
        "coordinates": [
          -0.977881655662906,
          51.5966228946705
        ]
      },
      "properties": {
        "row_number": "35"
      }
    },
    {
      "type": "Feature",
      "geometry": {
        "type": "Point",
        "coordinates": [
          -0.97793917721629,
          51.5965964799063
        ]
      },
      "properties": {
        "row_number": "35"
      }
    },
    {
      "type": "Feature",
      "geometry": {
        "type": "Point",
        "coordinates": [
          -0.977998229204117,
          51.5965680074181
        ]
      },
      "properties": {
        "row_number": "35"
      }
    },
    {
      "type": "Feature",
      "geometry": {
        "type": "Point",
        "coordinates": [
          -0.978055230980161,
          51.5965416160461
        ]
      },
      "properties": {
        "row_number": "35"
      }
    },
    {
      "type": "Feature",
      "geometry": {
        "type": "Point",
        "coordinates": [
          -0.978112680446678,
          51.596514808692
        ]
      },
      "properties": {
        "row_number": "35"
      }
    },
    {
      "type": "Feature",
      "geometry": {
        "type": "Point",
        "coordinates": [
          -0.978168976945104,
          51.5964883947141
        ]
      },
      "properties": {
        "row_number": "35"
      }
    },
    {
      "type": "Feature",
      "geometry": {
        "type": "Point",
        "coordinates": [
          -0.978227236196054,
          51.5964611844473
        ]
      },
      "properties": {
        "row_number": "35"
      }
    },
    {
      "type": "Feature",
      "geometry": {
        "type": "Point",
        "coordinates": [
          -0.978285298543736,
          51.5964339463994
        ]
      },
      "properties": {
        "row_number": "35"
      }
    },
    {
      "type": "Feature",
      "geometry": {
        "type": "Point",
        "coordinates": [
          -0.978343248981457,
          51.5964068219461
        ]
      },
      "properties": {
        "row_number": "35"
      }
    },
    {
      "type": "Feature",
      "geometry": {
        "type": "Point",
        "coordinates": [
          -0.978400039013713,
          51.5963798837122
        ]
      },
      "properties": {
        "row_number": "35"
      }
    },
    {
      "type": "Feature",
      "geometry": {
        "type": "Point",
        "coordinates": [
          -0.978457956938323,
          51.5963526018157
        ]
      },
      "properties": {
        "row_number": "35"
      }
    },
    {
      "type": "Feature",
      "geometry": {
        "type": "Point",
        "coordinates": [
          -0.978508638001368,
          51.5963281012674
        ]
      },
      "properties": {
        "row_number": "35"
      }
    },
    {
      "type": "Feature",
      "geometry": {
        "type": "LineString",
        "coordinates": [
          [
            -0.977187203877814,
            51.5969199989934
          ],
          [
            -0.977225176242918,
            51.5969020988589
          ],
          [
            -0.977285063266558,
            51.596874615208
          ],
          [
            -0.977340032209494,
            51.5968488740368
          ],
          [
            -0.977398231343981,
            51.5968212780551
          ],
          [
            -0.977455789960626,
            51.596794644371
          ],
          [
            -0.977515444400348,
            51.5967666601533
          ],
          [
            -0.977570909123513,
            51.5967410039775
          ],
          [
            -0.97762928656003,
            51.5967134813808
          ],
          [
            -0.977688087060136,
            51.5966862227121
          ],
          [
            -0.977745842609417,
            51.5966591170561
          ],
          [
            -0.977804142374122,
            51.5966318724581
          ],
          [
            -0.977859494460663,
            51.5966053129173
          ],
          [
            -0.977916727905968,
            51.5965788019208
          ],
          [
            -0.977974351639698,
            51.5965517511227
          ],
          [
            -0.978033759348632,
            51.5965240490931
          ],
          [
            -0.978090554568521,
            51.5964972748466
          ],
          [
            -0.978148876472622,
            51.5964701849559
          ],
          [
            -0.97820683649025,
            51.5964425827905
          ],
          [
            -0.978264325246989,
            51.5964156758617
          ],
          [
            -0.978321134234725,
            51.5963892728679
          ],
          [
            -0.978380199181055,
            51.5963616407541
          ],
          [
            -0.978437135286407,
            51.5963347541092
          ],
          [
            -0.978508189592789,
            51.5963020943189
          ]
        ]
      },
      "properties": {
        "row_number": "36"
      }
    },
    {
      "type": "Feature",
      "geometry": {
        "type": "Point",
        "coordinates": [
          -0.977187203877814,
          51.5969199989934
        ]
      },
      "properties": {
        "row_number": "36"
      }
    },
    {
      "type": "Feature",
      "geometry": {
        "type": "Point",
        "coordinates": [
          -0.977225176242918,
          51.5969020988589
        ]
      },
      "properties": {
        "row_number": "36"
      }
    },
    {
      "type": "Feature",
      "geometry": {
        "type": "Point",
        "coordinates": [
          -0.977285063266558,
          51.596874615208
        ]
      },
      "properties": {
        "row_number": "36"
      }
    },
    {
      "type": "Feature",
      "geometry": {
        "type": "Point",
        "coordinates": [
          -0.977340032209494,
          51.5968488740368
        ]
      },
      "properties": {
        "row_number": "36"
      }
    },
    {
      "type": "Feature",
      "geometry": {
        "type": "Point",
        "coordinates": [
          -0.977398231343981,
          51.5968212780551
        ]
      },
      "properties": {
        "row_number": "36"
      }
    },
    {
      "type": "Feature",
      "geometry": {
        "type": "Point",
        "coordinates": [
          -0.977455789960626,
          51.596794644371
        ]
      },
      "properties": {
        "row_number": "36"
      }
    },
    {
      "type": "Feature",
      "geometry": {
        "type": "Point",
        "coordinates": [
          -0.977515444400348,
          51.5967666601533
        ]
      },
      "properties": {
        "row_number": "36"
      }
    },
    {
      "type": "Feature",
      "geometry": {
        "type": "Point",
        "coordinates": [
          -0.977570909123513,
          51.5967410039775
        ]
      },
      "properties": {
        "row_number": "36"
      }
    },
    {
      "type": "Feature",
      "geometry": {
        "type": "Point",
        "coordinates": [
          -0.97762928656003,
          51.5967134813808
        ]
      },
      "properties": {
        "row_number": "36"
      }
    },
    {
      "type": "Feature",
      "geometry": {
        "type": "Point",
        "coordinates": [
          -0.977688087060136,
          51.5966862227121
        ]
      },
      "properties": {
        "row_number": "36"
      }
    },
    {
      "type": "Feature",
      "geometry": {
        "type": "Point",
        "coordinates": [
          -0.977745842609417,
          51.5966591170561
        ]
      },
      "properties": {
        "row_number": "36"
      }
    },
    {
      "type": "Feature",
      "geometry": {
        "type": "Point",
        "coordinates": [
          -0.977804142374122,
          51.5966318724581
        ]
      },
      "properties": {
        "row_number": "36"
      }
    },
    {
      "type": "Feature",
      "geometry": {
        "type": "Point",
        "coordinates": [
          -0.977859494460663,
          51.5966053129173
        ]
      },
      "properties": {
        "row_number": "36"
      }
    },
    {
      "type": "Feature",
      "geometry": {
        "type": "Point",
        "coordinates": [
          -0.977916727905968,
          51.5965788019208
        ]
      },
      "properties": {
        "row_number": "36"
      }
    },
    {
      "type": "Feature",
      "geometry": {
        "type": "Point",
        "coordinates": [
          -0.977974351639698,
          51.5965517511227
        ]
      },
      "properties": {
        "row_number": "36"
      }
    },
    {
      "type": "Feature",
      "geometry": {
        "type": "Point",
        "coordinates": [
          -0.978033759348632,
          51.5965240490931
        ]
      },
      "properties": {
        "row_number": "36"
      }
    },
    {
      "type": "Feature",
      "geometry": {
        "type": "Point",
        "coordinates": [
          -0.978090554568521,
          51.5964972748466
        ]
      },
      "properties": {
        "row_number": "36"
      }
    },
    {
      "type": "Feature",
      "geometry": {
        "type": "Point",
        "coordinates": [
          -0.978148876472622,
          51.5964701849559
        ]
      },
      "properties": {
        "row_number": "36"
      }
    },
    {
      "type": "Feature",
      "geometry": {
        "type": "Point",
        "coordinates": [
          -0.97820683649025,
          51.5964425827905
        ]
      },
      "properties": {
        "row_number": "36"
      }
    },
    {
      "type": "Feature",
      "geometry": {
        "type": "Point",
        "coordinates": [
          -0.978264325246989,
          51.5964156758617
        ]
      },
      "properties": {
        "row_number": "36"
      }
    },
    {
      "type": "Feature",
      "geometry": {
        "type": "Point",
        "coordinates": [
          -0.978321134234725,
          51.5963892728679
        ]
      },
      "properties": {
        "row_number": "36"
      }
    },
    {
      "type": "Feature",
      "geometry": {
        "type": "Point",
        "coordinates": [
          -0.978380199181055,
          51.5963616407541
        ]
      },
      "properties": {
        "row_number": "36"
      }
    },
    {
      "type": "Feature",
      "geometry": {
        "type": "Point",
        "coordinates": [
          -0.978437135286407,
          51.5963347541092
        ]
      },
      "properties": {
        "row_number": "36"
      }
    },
    {
      "type": "Feature",
      "geometry": {
        "type": "Point",
        "coordinates": [
          -0.978508189592789,
          51.5963020943189
        ]
      },
      "properties": {
        "row_number": "36"
      }
    },
    {
      "type": "Feature",
      "geometry": {
        "type": "LineString",
        "coordinates": [
          [
            -0.977171380133917,
            51.596901303511
          ],
          [
            -0.977263521741136,
            51.5968581449611
          ],
          [
            -0.977320295877122,
            51.5968315144286
          ],
          [
            -0.977377892628696,
            51.5968046303098
          ],
          [
            -0.977436545079951,
            51.5967773524225
          ],
          [
            -0.977494063715332,
            51.5967496457915
          ],
          [
            -0.977550807666187,
            51.5967234088325
          ],
          [
            -0.977607969012029,
            51.5966969588499
          ],
          [
            -0.977667507520376,
            51.5966689663229
          ],
          [
            -0.977725541841888,
            51.5966411954845
          ],
          [
            -0.977782224534059,
            51.5966153207025
          ],
          [
            -0.977839813423321,
            51.5965887311192
          ],
          [
            -0.977897670084333,
            51.5965604746113
          ],
          [
            -0.977956467156218,
            51.5965334469224
          ],
          [
            -0.978013206077967,
            51.596506659379
          ],
          [
            -0.978071335951426,
            51.5964797774767
          ],
          [
            -0.978129296787363,
            51.596452244724
          ],
          [
            -0.978186657115363,
            51.5964267507754
          ],
          [
            -0.978244142949257,
            51.5963991479101
          ],
          [
            -0.978300838105206,
            51.5963719029381
          ],
          [
            -0.978359420079756,
            51.5963443328847
          ],
          [
            -0.978416731577965,
            51.596318097067
          ],
          [
            -0.978504387527263,
            51.5962769795442
          ]
        ]
      },
      "properties": {
        "row_number": "37"
      }
    },
    {
      "type": "Feature",
      "geometry": {
        "type": "Point",
        "coordinates": [
          -0.977171380133917,
          51.596901303511
        ]
      },
      "properties": {
        "row_number": "37"
      }
    },
    {
      "type": "Feature",
      "geometry": {
        "type": "Point",
        "coordinates": [
          -0.977263521741136,
          51.5968581449611
        ]
      },
      "properties": {
        "row_number": "37"
      }
    },
    {
      "type": "Feature",
      "geometry": {
        "type": "Point",
        "coordinates": [
          -0.977320295877122,
          51.5968315144286
        ]
      },
      "properties": {
        "row_number": "37"
      }
    },
    {
      "type": "Feature",
      "geometry": {
        "type": "Point",
        "coordinates": [
          -0.977377892628696,
          51.5968046303098
        ]
      },
      "properties": {
        "row_number": "37"
      }
    },
    {
      "type": "Feature",
      "geometry": {
        "type": "Point",
        "coordinates": [
          -0.977436545079951,
          51.5967773524225
        ]
      },
      "properties": {
        "row_number": "37"
      }
    },
    {
      "type": "Feature",
      "geometry": {
        "type": "Point",
        "coordinates": [
          -0.977494063715332,
          51.5967496457915
        ]
      },
      "properties": {
        "row_number": "37"
      }
    },
    {
      "type": "Feature",
      "geometry": {
        "type": "Point",
        "coordinates": [
          -0.977550807666187,
          51.5967234088325
        ]
      },
      "properties": {
        "row_number": "37"
      }
    },
    {
      "type": "Feature",
      "geometry": {
        "type": "Point",
        "coordinates": [
          -0.977607969012029,
          51.5966969588499
        ]
      },
      "properties": {
        "row_number": "37"
      }
    },
    {
      "type": "Feature",
      "geometry": {
        "type": "Point",
        "coordinates": [
          -0.977667507520376,
          51.5966689663229
        ]
      },
      "properties": {
        "row_number": "37"
      }
    },
    {
      "type": "Feature",
      "geometry": {
        "type": "Point",
        "coordinates": [
          -0.977725541841888,
          51.5966411954845
        ]
      },
      "properties": {
        "row_number": "37"
      }
    },
    {
      "type": "Feature",
      "geometry": {
        "type": "Point",
        "coordinates": [
          -0.977782224534059,
          51.5966153207025
        ]
      },
      "properties": {
        "row_number": "37"
      }
    },
    {
      "type": "Feature",
      "geometry": {
        "type": "Point",
        "coordinates": [
          -0.977839813423321,
          51.5965887311192
        ]
      },
      "properties": {
        "row_number": "37"
      }
    },
    {
      "type": "Feature",
      "geometry": {
        "type": "Point",
        "coordinates": [
          -0.977897670084333,
          51.5965604746113
        ]
      },
      "properties": {
        "row_number": "37"
      }
    },
    {
      "type": "Feature",
      "geometry": {
        "type": "Point",
        "coordinates": [
          -0.977956467156218,
          51.5965334469224
        ]
      },
      "properties": {
        "row_number": "37"
      }
    },
    {
      "type": "Feature",
      "geometry": {
        "type": "Point",
        "coordinates": [
          -0.978013206077967,
          51.596506659379
        ]
      },
      "properties": {
        "row_number": "37"
      }
    },
    {
      "type": "Feature",
      "geometry": {
        "type": "Point",
        "coordinates": [
          -0.978071335951426,
          51.5964797774767
        ]
      },
      "properties": {
        "row_number": "37"
      }
    },
    {
      "type": "Feature",
      "geometry": {
        "type": "Point",
        "coordinates": [
          -0.978129296787363,
          51.596452244724
        ]
      },
      "properties": {
        "row_number": "37"
      }
    },
    {
      "type": "Feature",
      "geometry": {
        "type": "Point",
        "coordinates": [
          -0.978186657115363,
          51.5964267507754
        ]
      },
      "properties": {
        "row_number": "37"
      }
    },
    {
      "type": "Feature",
      "geometry": {
        "type": "Point",
        "coordinates": [
          -0.978244142949257,
          51.5963991479101
        ]
      },
      "properties": {
        "row_number": "37"
      }
    },
    {
      "type": "Feature",
      "geometry": {
        "type": "Point",
        "coordinates": [
          -0.978300838105206,
          51.5963719029381
        ]
      },
      "properties": {
        "row_number": "37"
      }
    },
    {
      "type": "Feature",
      "geometry": {
        "type": "Point",
        "coordinates": [
          -0.978359420079756,
          51.5963443328847
        ]
      },
      "properties": {
        "row_number": "37"
      }
    },
    {
      "type": "Feature",
      "geometry": {
        "type": "Point",
        "coordinates": [
          -0.978416731577965,
          51.596318097067
        ]
      },
      "properties": {
        "row_number": "37"
      }
    },
    {
      "type": "Feature",
      "geometry": {
        "type": "Point",
        "coordinates": [
          -0.978504387527263,
          51.5962769795442
        ]
      },
      "properties": {
        "row_number": "37"
      }
    },
    {
      "type": "Feature",
      "geometry": {
        "type": "LineString",
        "coordinates": [
          [
            -0.977158354485282,
            51.596880697551
          ],
          [
            -0.977243555121171,
            51.5968408368252
          ],
          [
            -0.977299749750395,
            51.5968145866133
          ],
          [
            -0.977358508340124,
            51.5967879400157
          ],
          [
            -0.977414447543365,
            51.5967609583116
          ],
          [
            -0.97747279934177,
            51.5967332328421
          ],
          [
            -0.977529013384386,
            51.5967067775067
          ],
          [
            -0.977586542564547,
            51.5966799154199
          ],
          [
            -0.977644796958818,
            51.5966523989666
          ],
          [
            -0.977704480671757,
            51.5966241501703
          ],
          [
            -0.977761015458249,
            51.5965982975636
          ],
          [
            -0.977818188892871,
            51.5965720082896
          ],
          [
            -0.977877193208297,
            51.5965440520617
          ],
          [
            -0.977935661954128,
            51.5965167959941
          ],
          [
            -0.977992695840003,
            51.5964896874029
          ],
          [
            -0.978049685676918,
            51.5964634273519
          ],
          [
            -0.978108401753523,
            51.5964359464862
          ],
          [
            -0.978165530579315,
            51.5964086488187
          ],
          [
            -0.978222829476693,
            51.5963818587285
          ],
          [
            -0.978280754668993,
            51.596354955856
          ],
          [
            -0.978338580366719,
            51.5963272746807
          ],
          [
            -0.978395958730074,
            51.5963007059135
          ],
          [
            -0.978499756046537,
            51.5962521493536
          ]
        ]
      },
      "properties": {
        "row_number": "38"
      }
    },
    {
      "type": "Feature",
      "geometry": {
        "type": "Point",
        "coordinates": [
          -0.977158354485282,
          51.596880697551
        ]
      },
      "properties": {
        "row_number": "38"
      }
    },
    {
      "type": "Feature",
      "geometry": {
        "type": "Point",
        "coordinates": [
          -0.977243555121171,
          51.5968408368252
        ]
      },
      "properties": {
        "row_number": "38"
      }
    },
    {
      "type": "Feature",
      "geometry": {
        "type": "Point",
        "coordinates": [
          -0.977299749750395,
          51.5968145866133
        ]
      },
      "properties": {
        "row_number": "38"
      }
    },
    {
      "type": "Feature",
      "geometry": {
        "type": "Point",
        "coordinates": [
          -0.977358508340124,
          51.5967879400157
        ]
      },
      "properties": {
        "row_number": "38"
      }
    },
    {
      "type": "Feature",
      "geometry": {
        "type": "Point",
        "coordinates": [
          -0.977414447543365,
          51.5967609583116
        ]
      },
      "properties": {
        "row_number": "38"
      }
    },
    {
      "type": "Feature",
      "geometry": {
        "type": "Point",
        "coordinates": [
          -0.97747279934177,
          51.5967332328421
        ]
      },
      "properties": {
        "row_number": "38"
      }
    },
    {
      "type": "Feature",
      "geometry": {
        "type": "Point",
        "coordinates": [
          -0.977529013384386,
          51.5967067775067
        ]
      },
      "properties": {
        "row_number": "38"
      }
    },
    {
      "type": "Feature",
      "geometry": {
        "type": "Point",
        "coordinates": [
          -0.977586542564547,
          51.5966799154199
        ]
      },
      "properties": {
        "row_number": "38"
      }
    },
    {
      "type": "Feature",
      "geometry": {
        "type": "Point",
        "coordinates": [
          -0.977644796958818,
          51.5966523989666
        ]
      },
      "properties": {
        "row_number": "38"
      }
    },
    {
      "type": "Feature",
      "geometry": {
        "type": "Point",
        "coordinates": [
          -0.977704480671757,
          51.5966241501703
        ]
      },
      "properties": {
        "row_number": "38"
      }
    },
    {
      "type": "Feature",
      "geometry": {
        "type": "Point",
        "coordinates": [
          -0.977761015458249,
          51.5965982975636
        ]
      },
      "properties": {
        "row_number": "38"
      }
    },
    {
      "type": "Feature",
      "geometry": {
        "type": "Point",
        "coordinates": [
          -0.977818188892871,
          51.5965720082896
        ]
      },
      "properties": {
        "row_number": "38"
      }
    },
    {
      "type": "Feature",
      "geometry": {
        "type": "Point",
        "coordinates": [
          -0.977877193208297,
          51.5965440520617
        ]
      },
      "properties": {
        "row_number": "38"
      }
    },
    {
      "type": "Feature",
      "geometry": {
        "type": "Point",
        "coordinates": [
          -0.977935661954128,
          51.5965167959941
        ]
      },
      "properties": {
        "row_number": "38"
      }
    },
    {
      "type": "Feature",
      "geometry": {
        "type": "Point",
        "coordinates": [
          -0.977992695840003,
          51.5964896874029
        ]
      },
      "properties": {
        "row_number": "38"
      }
    },
    {
      "type": "Feature",
      "geometry": {
        "type": "Point",
        "coordinates": [
          -0.978049685676918,
          51.5964634273519
        ]
      },
      "properties": {
        "row_number": "38"
      }
    },
    {
      "type": "Feature",
      "geometry": {
        "type": "Point",
        "coordinates": [
          -0.978108401753523,
          51.5964359464862
        ]
      },
      "properties": {
        "row_number": "38"
      }
    },
    {
      "type": "Feature",
      "geometry": {
        "type": "Point",
        "coordinates": [
          -0.978165530579315,
          51.5964086488187
        ]
      },
      "properties": {
        "row_number": "38"
      }
    },
    {
      "type": "Feature",
      "geometry": {
        "type": "Point",
        "coordinates": [
          -0.978222829476693,
          51.5963818587285
        ]
      },
      "properties": {
        "row_number": "38"
      }
    },
    {
      "type": "Feature",
      "geometry": {
        "type": "Point",
        "coordinates": [
          -0.978280754668993,
          51.596354955856
        ]
      },
      "properties": {
        "row_number": "38"
      }
    },
    {
      "type": "Feature",
      "geometry": {
        "type": "Point",
        "coordinates": [
          -0.978338580366719,
          51.5963272746807
        ]
      },
      "properties": {
        "row_number": "38"
      }
    },
    {
      "type": "Feature",
      "geometry": {
        "type": "Point",
        "coordinates": [
          -0.978395958730074,
          51.5963007059135
        ]
      },
      "properties": {
        "row_number": "38"
      }
    },
    {
      "type": "Feature",
      "geometry": {
        "type": "Point",
        "coordinates": [
          -0.978499756046537,
          51.5962521493536
        ]
      },
      "properties": {
        "row_number": "38"
      }
    },
    {
      "type": "Feature",
      "geometry": {
        "type": "LineString",
        "coordinates": [
          [
            -0.977140951533872,
            51.596860782067
          ],
          [
            -0.97722190254324,
            51.5968235227685
          ],
          [
            -0.977278612991737,
            51.5967966520312
          ],
          [
            -0.977336296574397,
            51.5967699634408
          ],
          [
            -0.977394844828568,
            51.5967426685485
          ],
          [
            -0.977451705569014,
            51.596715718897
          ],
          [
            -0.977509239450654,
            51.5966894764533
          ],
          [
            -0.977567356728381,
            51.5966619732804
          ],
          [
            -0.97762683520264,
            51.5966338002346
          ],
          [
            -0.977684006633255,
            51.5966073221578
          ],
          [
            -0.977740901108774,
            51.5965807932643
          ],
          [
            -0.977797774246983,
            51.5965541094166
          ],
          [
            -0.977856390899438,
            51.5965269377216
          ],
          [
            -0.977913639835786,
            51.5964997644547
          ],
          [
            -0.977971378251171,
            51.5964727836249
          ],
          [
            -0.978026963162686,
            51.5964463660232
          ],
          [
            -0.978086449938969,
            51.5964185636493
          ],
          [
            -0.978145107459629,
            51.5963910084949
          ],
          [
            -0.978201878212409,
            51.5963647201542
          ],
          [
            -0.978259342679219,
            51.5963376475039
          ],
          [
            -0.978318371774986,
            51.5963101085867
          ],
          [
            -0.978376357353219,
            51.5962837365757
          ],
          [
            -0.97843253122921,
            51.5962567502433
          ],
          [
            -0.978495658270401,
            51.5962264136283
          ]
        ]
      },
      "properties": {
        "row_number": "39"
      }
    },
    {
      "type": "Feature",
      "geometry": {
        "type": "Point",
        "coordinates": [
          -0.977140951533872,
          51.596860782067
        ]
      },
      "properties": {
        "row_number": "39"
      }
    },
    {
      "type": "Feature",
      "geometry": {
        "type": "Point",
        "coordinates": [
          -0.97722190254324,
          51.5968235227685
        ]
      },
      "properties": {
        "row_number": "39"
      }
    },
    {
      "type": "Feature",
      "geometry": {
        "type": "Point",
        "coordinates": [
          -0.977278612991737,
          51.5967966520312
        ]
      },
      "properties": {
        "row_number": "39"
      }
    },
    {
      "type": "Feature",
      "geometry": {
        "type": "Point",
        "coordinates": [
          -0.977336296574397,
          51.5967699634408
        ]
      },
      "properties": {
        "row_number": "39"
      }
    },
    {
      "type": "Feature",
      "geometry": {
        "type": "Point",
        "coordinates": [
          -0.977394844828568,
          51.5967426685485
        ]
      },
      "properties": {
        "row_number": "39"
      }
    },
    {
      "type": "Feature",
      "geometry": {
        "type": "Point",
        "coordinates": [
          -0.977451705569014,
          51.596715718897
        ]
      },
      "properties": {
        "row_number": "39"
      }
    },
    {
      "type": "Feature",
      "geometry": {
        "type": "Point",
        "coordinates": [
          -0.977509239450654,
          51.5966894764533
        ]
      },
      "properties": {
        "row_number": "39"
      }
    },
    {
      "type": "Feature",
      "geometry": {
        "type": "Point",
        "coordinates": [
          -0.977567356728381,
          51.5966619732804
        ]
      },
      "properties": {
        "row_number": "39"
      }
    },
    {
      "type": "Feature",
      "geometry": {
        "type": "Point",
        "coordinates": [
          -0.97762683520264,
          51.5966338002346
        ]
      },
      "properties": {
        "row_number": "39"
      }
    },
    {
      "type": "Feature",
      "geometry": {
        "type": "Point",
        "coordinates": [
          -0.977684006633255,
          51.5966073221578
        ]
      },
      "properties": {
        "row_number": "39"
      }
    },
    {
      "type": "Feature",
      "geometry": {
        "type": "Point",
        "coordinates": [
          -0.977740901108774,
          51.5965807932643
        ]
      },
      "properties": {
        "row_number": "39"
      }
    },
    {
      "type": "Feature",
      "geometry": {
        "type": "Point",
        "coordinates": [
          -0.977797774246983,
          51.5965541094166
        ]
      },
      "properties": {
        "row_number": "39"
      }
    },
    {
      "type": "Feature",
      "geometry": {
        "type": "Point",
        "coordinates": [
          -0.977856390899438,
          51.5965269377216
        ]
      },
      "properties": {
        "row_number": "39"
      }
    },
    {
      "type": "Feature",
      "geometry": {
        "type": "Point",
        "coordinates": [
          -0.977913639835786,
          51.5964997644547
        ]
      },
      "properties": {
        "row_number": "39"
      }
    },
    {
      "type": "Feature",
      "geometry": {
        "type": "Point",
        "coordinates": [
          -0.977971378251171,
          51.5964727836249
        ]
      },
      "properties": {
        "row_number": "39"
      }
    },
    {
      "type": "Feature",
      "geometry": {
        "type": "Point",
        "coordinates": [
          -0.978026963162686,
          51.5964463660232
        ]
      },
      "properties": {
        "row_number": "39"
      }
    },
    {
      "type": "Feature",
      "geometry": {
        "type": "Point",
        "coordinates": [
          -0.978086449938969,
          51.5964185636493
        ]
      },
      "properties": {
        "row_number": "39"
      }
    },
    {
      "type": "Feature",
      "geometry": {
        "type": "Point",
        "coordinates": [
          -0.978145107459629,
          51.5963910084949
        ]
      },
      "properties": {
        "row_number": "39"
      }
    },
    {
      "type": "Feature",
      "geometry": {
        "type": "Point",
        "coordinates": [
          -0.978201878212409,
          51.5963647201542
        ]
      },
      "properties": {
        "row_number": "39"
      }
    },
    {
      "type": "Feature",
      "geometry": {
        "type": "Point",
        "coordinates": [
          -0.978259342679219,
          51.5963376475039
        ]
      },
      "properties": {
        "row_number": "39"
      }
    },
    {
      "type": "Feature",
      "geometry": {
        "type": "Point",
        "coordinates": [
          -0.978318371774986,
          51.5963101085867
        ]
      },
      "properties": {
        "row_number": "39"
      }
    },
    {
      "type": "Feature",
      "geometry": {
        "type": "Point",
        "coordinates": [
          -0.978376357353219,
          51.5962837365757
        ]
      },
      "properties": {
        "row_number": "39"
      }
    },
    {
      "type": "Feature",
      "geometry": {
        "type": "Point",
        "coordinates": [
          -0.97843253122921,
          51.5962567502433
        ]
      },
      "properties": {
        "row_number": "39"
      }
    },
    {
      "type": "Feature",
      "geometry": {
        "type": "Point",
        "coordinates": [
          -0.978495658270401,
          51.5962264136283
        ]
      },
      "properties": {
        "row_number": "39"
      }
    },
    {
      "type": "Feature",
      "geometry": {
        "type": "LineString",
        "coordinates": [
          [
            -0.977126229130119,
            51.5968411507309
          ],
          [
            -0.977200783081635,
            51.5968062563552
          ],
          [
            -0.977256668411625,
            51.5967797958815
          ],
          [
            -0.977315100122503,
            51.5967528187939
          ],
          [
            -0.977374587322212,
            51.5967249156542
          ],
          [
            -0.977429551487345,
            51.5966993504272
          ],
          [
            -0.977486999582851,
            51.5966720073286
          ],
          [
            -0.977544593127576,
            51.596644865346
          ],
          [
            -0.97760350338615,
            51.5966175302494
          ],
          [
            -0.97766293845267,
            51.5965896910755
          ],
          [
            -0.977719967568668,
            51.5965632718018
          ],
          [
            -0.977777019701028,
            51.596536263684
          ],
          [
            -0.977833422058541,
            51.596509486825
          ],
          [
            -0.977891973330969,
            51.5964821249442
          ],
          [
            -0.977947990927541,
            51.5964559761326
          ],
          [
            -0.97800823761675,
            51.5964279269211
          ],
          [
            -0.978064859283735,
            51.5964009694031
          ],
          [
            -0.978121745250647,
            51.5963739877217
          ],
          [
            -0.978178645026174,
            51.5963476361704
          ],
          [
            -0.978237701181448,
            51.5963197646366
          ],
          [
            -0.978294539111732,
            51.5962932082449
          ],
          [
            -0.978354325651554,
            51.5962655066197
          ],
          [
            -0.978409594894458,
            51.5962393424647
          ],
          [
            -0.97849129074231,
            51.5962011894551
          ]
        ]
      },
      "properties": {
        "row_number": "40"
      }
    },
    {
      "type": "Feature",
      "geometry": {
        "type": "Point",
        "coordinates": [
          -0.977126229130119,
          51.5968411507309
        ]
      },
      "properties": {
        "row_number": "40"
      }
    },
    {
      "type": "Feature",
      "geometry": {
        "type": "Point",
        "coordinates": [
          -0.977200783081635,
          51.5968062563552
        ]
      },
      "properties": {
        "row_number": "40"
      }
    },
    {
      "type": "Feature",
      "geometry": {
        "type": "Point",
        "coordinates": [
          -0.977256668411625,
          51.5967797958815
        ]
      },
      "properties": {
        "row_number": "40"
      }
    },
    {
      "type": "Feature",
      "geometry": {
        "type": "Point",
        "coordinates": [
          -0.977315100122503,
          51.5967528187939
        ]
      },
      "properties": {
        "row_number": "40"
      }
    },
    {
      "type": "Feature",
      "geometry": {
        "type": "Point",
        "coordinates": [
          -0.977374587322212,
          51.5967249156542
        ]
      },
      "properties": {
        "row_number": "40"
      }
    },
    {
      "type": "Feature",
      "geometry": {
        "type": "Point",
        "coordinates": [
          -0.977429551487345,
          51.5966993504272
        ]
      },
      "properties": {
        "row_number": "40"
      }
    },
    {
      "type": "Feature",
      "geometry": {
        "type": "Point",
        "coordinates": [
          -0.977486999582851,
          51.5966720073286
        ]
      },
      "properties": {
        "row_number": "40"
      }
    },
    {
      "type": "Feature",
      "geometry": {
        "type": "Point",
        "coordinates": [
          -0.977544593127576,
          51.596644865346
        ]
      },
      "properties": {
        "row_number": "40"
      }
    },
    {
      "type": "Feature",
      "geometry": {
        "type": "Point",
        "coordinates": [
          -0.97760350338615,
          51.5966175302494
        ]
      },
      "properties": {
        "row_number": "40"
      }
    },
    {
      "type": "Feature",
      "geometry": {
        "type": "Point",
        "coordinates": [
          -0.97766293845267,
          51.5965896910755
        ]
      },
      "properties": {
        "row_number": "40"
      }
    },
    {
      "type": "Feature",
      "geometry": {
        "type": "Point",
        "coordinates": [
          -0.977719967568668,
          51.5965632718018
        ]
      },
      "properties": {
        "row_number": "40"
      }
    },
    {
      "type": "Feature",
      "geometry": {
        "type": "Point",
        "coordinates": [
          -0.977777019701028,
          51.596536263684
        ]
      },
      "properties": {
        "row_number": "40"
      }
    },
    {
      "type": "Feature",
      "geometry": {
        "type": "Point",
        "coordinates": [
          -0.977833422058541,
          51.596509486825
        ]
      },
      "properties": {
        "row_number": "40"
      }
    },
    {
      "type": "Feature",
      "geometry": {
        "type": "Point",
        "coordinates": [
          -0.977891973330969,
          51.5964821249442
        ]
      },
      "properties": {
        "row_number": "40"
      }
    },
    {
      "type": "Feature",
      "geometry": {
        "type": "Point",
        "coordinates": [
          -0.977947990927541,
          51.5964559761326
        ]
      },
      "properties": {
        "row_number": "40"
      }
    },
    {
      "type": "Feature",
      "geometry": {
        "type": "Point",
        "coordinates": [
          -0.97800823761675,
          51.5964279269211
        ]
      },
      "properties": {
        "row_number": "40"
      }
    },
    {
      "type": "Feature",
      "geometry": {
        "type": "Point",
        "coordinates": [
          -0.978064859283735,
          51.5964009694031
        ]
      },
      "properties": {
        "row_number": "40"
      }
    },
    {
      "type": "Feature",
      "geometry": {
        "type": "Point",
        "coordinates": [
          -0.978121745250647,
          51.5963739877217
        ]
      },
      "properties": {
        "row_number": "40"
      }
    },
    {
      "type": "Feature",
      "geometry": {
        "type": "Point",
        "coordinates": [
          -0.978178645026174,
          51.5963476361704
        ]
      },
      "properties": {
        "row_number": "40"
      }
    },
    {
      "type": "Feature",
      "geometry": {
        "type": "Point",
        "coordinates": [
          -0.978237701181448,
          51.5963197646366
        ]
      },
      "properties": {
        "row_number": "40"
      }
    },
    {
      "type": "Feature",
      "geometry": {
        "type": "Point",
        "coordinates": [
          -0.978294539111732,
          51.5962932082449
        ]
      },
      "properties": {
        "row_number": "40"
      }
    },
    {
      "type": "Feature",
      "geometry": {
        "type": "Point",
        "coordinates": [
          -0.978354325651554,
          51.5962655066197
        ]
      },
      "properties": {
        "row_number": "40"
      }
    },
    {
      "type": "Feature",
      "geometry": {
        "type": "Point",
        "coordinates": [
          -0.978409594894458,
          51.5962393424647
        ]
      },
      "properties": {
        "row_number": "40"
      }
    },
    {
      "type": "Feature",
      "geometry": {
        "type": "Point",
        "coordinates": [
          -0.97849129074231,
          51.5962011894551
        ]
      },
      "properties": {
        "row_number": "40"
      }
    },
    {
      "type": "Feature",
      "geometry": {
        "type": "LineString",
        "coordinates": [
          [
            -0.97711199281549,
            51.5968212960564
          ],
          [
            -0.977178271480564,
            51.5967903857103
          ],
          [
            -0.977236623506328,
            51.5967630055608
          ],
          [
            -0.977293708425757,
            51.5967358468647
          ],
          [
            -0.977352918412824,
            51.5967078135809
          ],
          [
            -0.977410217194464,
            51.5966809609057
          ],
          [
            -0.97746753929299,
            51.5966539740899
          ],
          [
            -0.977524548001941,
            51.5966279364485
          ],
          [
            -0.97758359581388,
            51.5965999425082
          ],
          [
            -0.977641743162996,
            51.5965723762428
          ],
          [
            -0.977697971638515,
            51.5965458210207
          ],
          [
            -0.977755995560613,
            51.596518561636
          ],
          [
            -0.977814483750778,
            51.5964916894233
          ],
          [
            -0.977872208936687,
            51.5964647214414
          ],
          [
            -0.977929548948017,
            51.5964379746532
          ],
          [
            -0.977986750180068,
            51.5964108136339
          ],
          [
            -0.978044722110916,
            51.5963840762921
          ],
          [
            -0.978102649988919,
            51.5963569300798
          ],
          [
            -0.978161150750035,
            51.5963296063543
          ],
          [
            -0.978216867076148,
            51.5963030610304
          ],
          [
            -0.978274630415133,
            51.5962761364316
          ],
          [
            -0.978331705453186,
            51.5962492323289
          ],
          [
            -0.978390451996668,
            51.5962217052366
          ],
          [
            -0.978448718335241,
            51.5961944173485
          ],
          [
            -0.978489472118119,
            51.5961750732548
          ]
        ]
      },
      "properties": {
        "row_number": "41"
      }
    },
    {
      "type": "Feature",
      "geometry": {
        "type": "Point",
        "coordinates": [
          -0.97711199281549,
          51.5968212960564
        ]
      },
      "properties": {
        "row_number": "41"
      }
    },
    {
      "type": "Feature",
      "geometry": {
        "type": "Point",
        "coordinates": [
          -0.977178271480564,
          51.5967903857103
        ]
      },
      "properties": {
        "row_number": "41"
      }
    },
    {
      "type": "Feature",
      "geometry": {
        "type": "Point",
        "coordinates": [
          -0.977236623506328,
          51.5967630055608
        ]
      },
      "properties": {
        "row_number": "41"
      }
    },
    {
      "type": "Feature",
      "geometry": {
        "type": "Point",
        "coordinates": [
          -0.977293708425757,
          51.5967358468647
        ]
      },
      "properties": {
        "row_number": "41"
      }
    },
    {
      "type": "Feature",
      "geometry": {
        "type": "Point",
        "coordinates": [
          -0.977352918412824,
          51.5967078135809
        ]
      },
      "properties": {
        "row_number": "41"
      }
    },
    {
      "type": "Feature",
      "geometry": {
        "type": "Point",
        "coordinates": [
          -0.977410217194464,
          51.5966809609057
        ]
      },
      "properties": {
        "row_number": "41"
      }
    },
    {
      "type": "Feature",
      "geometry": {
        "type": "Point",
        "coordinates": [
          -0.97746753929299,
          51.5966539740899
        ]
      },
      "properties": {
        "row_number": "41"
      }
    },
    {
      "type": "Feature",
      "geometry": {
        "type": "Point",
        "coordinates": [
          -0.977524548001941,
          51.5966279364485
        ]
      },
      "properties": {
        "row_number": "41"
      }
    },
    {
      "type": "Feature",
      "geometry": {
        "type": "Point",
        "coordinates": [
          -0.97758359581388,
          51.5965999425082
        ]
      },
      "properties": {
        "row_number": "41"
      }
    },
    {
      "type": "Feature",
      "geometry": {
        "type": "Point",
        "coordinates": [
          -0.977641743162996,
          51.5965723762428
        ]
      },
      "properties": {
        "row_number": "41"
      }
    },
    {
      "type": "Feature",
      "geometry": {
        "type": "Point",
        "coordinates": [
          -0.977697971638515,
          51.5965458210207
        ]
      },
      "properties": {
        "row_number": "41"
      }
    },
    {
      "type": "Feature",
      "geometry": {
        "type": "Point",
        "coordinates": [
          -0.977755995560613,
          51.596518561636
        ]
      },
      "properties": {
        "row_number": "41"
      }
    },
    {
      "type": "Feature",
      "geometry": {
        "type": "Point",
        "coordinates": [
          -0.977814483750778,
          51.5964916894233
        ]
      },
      "properties": {
        "row_number": "41"
      }
    },
    {
      "type": "Feature",
      "geometry": {
        "type": "Point",
        "coordinates": [
          -0.977872208936687,
          51.5964647214414
        ]
      },
      "properties": {
        "row_number": "41"
      }
    },
    {
      "type": "Feature",
      "geometry": {
        "type": "Point",
        "coordinates": [
          -0.977929548948017,
          51.5964379746532
        ]
      },
      "properties": {
        "row_number": "41"
      }
    },
    {
      "type": "Feature",
      "geometry": {
        "type": "Point",
        "coordinates": [
          -0.977986750180068,
          51.5964108136339
        ]
      },
      "properties": {
        "row_number": "41"
      }
    },
    {
      "type": "Feature",
      "geometry": {
        "type": "Point",
        "coordinates": [
          -0.978044722110916,
          51.5963840762921
        ]
      },
      "properties": {
        "row_number": "41"
      }
    },
    {
      "type": "Feature",
      "geometry": {
        "type": "Point",
        "coordinates": [
          -0.978102649988919,
          51.5963569300798
        ]
      },
      "properties": {
        "row_number": "41"
      }
    },
    {
      "type": "Feature",
      "geometry": {
        "type": "Point",
        "coordinates": [
          -0.978161150750035,
          51.5963296063543
        ]
      },
      "properties": {
        "row_number": "41"
      }
    },
    {
      "type": "Feature",
      "geometry": {
        "type": "Point",
        "coordinates": [
          -0.978216867076148,
          51.5963030610304
        ]
      },
      "properties": {
        "row_number": "41"
      }
    },
    {
      "type": "Feature",
      "geometry": {
        "type": "Point",
        "coordinates": [
          -0.978274630415133,
          51.5962761364316
        ]
      },
      "properties": {
        "row_number": "41"
      }
    },
    {
      "type": "Feature",
      "geometry": {
        "type": "Point",
        "coordinates": [
          -0.978331705453186,
          51.5962492323289
        ]
      },
      "properties": {
        "row_number": "41"
      }
    },
    {
      "type": "Feature",
      "geometry": {
        "type": "Point",
        "coordinates": [
          -0.978390451996668,
          51.5962217052366
        ]
      },
      "properties": {
        "row_number": "41"
      }
    },
    {
      "type": "Feature",
      "geometry": {
        "type": "Point",
        "coordinates": [
          -0.978448718335241,
          51.5961944173485
        ]
      },
      "properties": {
        "row_number": "41"
      }
    },
    {
      "type": "Feature",
      "geometry": {
        "type": "Point",
        "coordinates": [
          -0.978489472118119,
          51.5961750732548
        ]
      },
      "properties": {
        "row_number": "41"
      }
    },
    {
      "type": "Feature",
      "geometry": {
        "type": "LineString",
        "coordinates": [
          [
            -0.977095760567698,
            51.5968017682423
          ],
          [
            -0.977159177645584,
            51.5967724549987
          ],
          [
            -0.977215421304717,
            51.5967451534948
          ],
          [
            -0.97727175995184,
            51.5967194584193
          ],
          [
            -0.977330709484591,
            51.5966913978496
          ],
          [
            -0.97738889536279,
            51.5966641749884
          ],
          [
            -0.977445259965835,
            51.5966378419332
          ],
          [
            -0.977505162890459,
            51.5966099005717
          ],
          [
            -0.977563153168959,
            51.5965828227794
          ],
          [
            -0.977619971215093,
            51.5965562720946
          ],
          [
            -0.977677147514217,
            51.5965294347129
          ],
          [
            -0.977735173305298,
            51.5965019286097
          ],
          [
            -0.977792519449104,
            51.5964750694422
          ],
          [
            -0.977852124024205,
            51.5964474375766
          ],
          [
            -0.977908341508462,
            51.5964213345705
          ],
          [
            -0.977966201714982,
            51.5963946546436
          ],
          [
            -0.978023453176878,
            51.5963676961858
          ],
          [
            -0.978081592114895,
            51.5963402296049
          ],
          [
            -0.978138577219842,
            51.5963134752817
          ],
          [
            -0.97819643932705,
            51.5962853071774
          ],
          [
            -0.978254168270283,
            51.5962587619901
          ],
          [
            -0.978313681809699,
            51.5962308642434
          ],
          [
            -0.978369237474381,
            51.5962044944538
          ],
          [
            -0.978427210051831,
            51.596177142707
          ],
          [
            -0.97848483268566,
            51.596150569735
          ]
        ]
      },
      "properties": {
        "row_number": "42"
      }
    },
    {
      "type": "Feature",
      "geometry": {
        "type": "Point",
        "coordinates": [
          -0.977095760567698,
          51.5968017682423
        ]
      },
      "properties": {
        "row_number": "42"
      }
    },
    {
      "type": "Feature",
      "geometry": {
        "type": "Point",
        "coordinates": [
          -0.977159177645584,
          51.5967724549987
        ]
      },
      "properties": {
        "row_number": "42"
      }
    },
    {
      "type": "Feature",
      "geometry": {
        "type": "Point",
        "coordinates": [
          -0.977215421304717,
          51.5967451534948
        ]
      },
      "properties": {
        "row_number": "42"
      }
    },
    {
      "type": "Feature",
      "geometry": {
        "type": "Point",
        "coordinates": [
          -0.97727175995184,
          51.5967194584193
        ]
      },
      "properties": {
        "row_number": "42"
      }
    },
    {
      "type": "Feature",
      "geometry": {
        "type": "Point",
        "coordinates": [
          -0.977330709484591,
          51.5966913978496
        ]
      },
      "properties": {
        "row_number": "42"
      }
    },
    {
      "type": "Feature",
      "geometry": {
        "type": "Point",
        "coordinates": [
          -0.97738889536279,
          51.5966641749884
        ]
      },
      "properties": {
        "row_number": "42"
      }
    },
    {
      "type": "Feature",
      "geometry": {
        "type": "Point",
        "coordinates": [
          -0.977445259965835,
          51.5966378419332
        ]
      },
      "properties": {
        "row_number": "42"
      }
    },
    {
      "type": "Feature",
      "geometry": {
        "type": "Point",
        "coordinates": [
          -0.977505162890459,
          51.5966099005717
        ]
      },
      "properties": {
        "row_number": "42"
      }
    },
    {
      "type": "Feature",
      "geometry": {
        "type": "Point",
        "coordinates": [
          -0.977563153168959,
          51.5965828227794
        ]
      },
      "properties": {
        "row_number": "42"
      }
    },
    {
      "type": "Feature",
      "geometry": {
        "type": "Point",
        "coordinates": [
          -0.977619971215093,
          51.5965562720946
        ]
      },
      "properties": {
        "row_number": "42"
      }
    },
    {
      "type": "Feature",
      "geometry": {
        "type": "Point",
        "coordinates": [
          -0.977677147514217,
          51.5965294347129
        ]
      },
      "properties": {
        "row_number": "42"
      }
    },
    {
      "type": "Feature",
      "geometry": {
        "type": "Point",
        "coordinates": [
          -0.977735173305298,
          51.5965019286097
        ]
      },
      "properties": {
        "row_number": "42"
      }
    },
    {
      "type": "Feature",
      "geometry": {
        "type": "Point",
        "coordinates": [
          -0.977792519449104,
          51.5964750694422
        ]
      },
      "properties": {
        "row_number": "42"
      }
    },
    {
      "type": "Feature",
      "geometry": {
        "type": "Point",
        "coordinates": [
          -0.977852124024205,
          51.5964474375766
        ]
      },
      "properties": {
        "row_number": "42"
      }
    },
    {
      "type": "Feature",
      "geometry": {
        "type": "Point",
        "coordinates": [
          -0.977908341508462,
          51.5964213345705
        ]
      },
      "properties": {
        "row_number": "42"
      }
    },
    {
      "type": "Feature",
      "geometry": {
        "type": "Point",
        "coordinates": [
          -0.977966201714982,
          51.5963946546436
        ]
      },
      "properties": {
        "row_number": "42"
      }
    },
    {
      "type": "Feature",
      "geometry": {
        "type": "Point",
        "coordinates": [
          -0.978023453176878,
          51.5963676961858
        ]
      },
      "properties": {
        "row_number": "42"
      }
    },
    {
      "type": "Feature",
      "geometry": {
        "type": "Point",
        "coordinates": [
          -0.978081592114895,
          51.5963402296049
        ]
      },
      "properties": {
        "row_number": "42"
      }
    },
    {
      "type": "Feature",
      "geometry": {
        "type": "Point",
        "coordinates": [
          -0.978138577219842,
          51.5963134752817
        ]
      },
      "properties": {
        "row_number": "42"
      }
    },
    {
      "type": "Feature",
      "geometry": {
        "type": "Point",
        "coordinates": [
          -0.97819643932705,
          51.5962853071774
        ]
      },
      "properties": {
        "row_number": "42"
      }
    },
    {
      "type": "Feature",
      "geometry": {
        "type": "Point",
        "coordinates": [
          -0.978254168270283,
          51.5962587619901
        ]
      },
      "properties": {
        "row_number": "42"
      }
    },
    {
      "type": "Feature",
      "geometry": {
        "type": "Point",
        "coordinates": [
          -0.978313681809699,
          51.5962308642434
        ]
      },
      "properties": {
        "row_number": "42"
      }
    },
    {
      "type": "Feature",
      "geometry": {
        "type": "Point",
        "coordinates": [
          -0.978369237474381,
          51.5962044944538
        ]
      },
      "properties": {
        "row_number": "42"
      }
    },
    {
      "type": "Feature",
      "geometry": {
        "type": "Point",
        "coordinates": [
          -0.978427210051831,
          51.596177142707
        ]
      },
      "properties": {
        "row_number": "42"
      }
    },
    {
      "type": "Feature",
      "geometry": {
        "type": "Point",
        "coordinates": [
          -0.97848483268566,
          51.596150569735
        ]
      },
      "properties": {
        "row_number": "42"
      }
    },
    {
      "type": "Feature",
      "geometry": {
        "type": "LineString",
        "coordinates": [
          [
            -0.977079397571038,
            51.5967830496921
          ],
          [
            -0.977137801509127,
            51.5967549359318
          ],
          [
            -0.977195793564727,
            51.596728093646
          ],
          [
            -0.977252622734361,
            51.5967013652422
          ],
          [
            -0.977310634579125,
            51.5966744279454
          ],
          [
            -0.977367075287666,
            51.596647430651
          ],
          [
            -0.977426026424261,
            51.5966200471431
          ],
          [
            -0.977483410475376,
            51.596592829647
          ],
          [
            -0.977541912910969,
            51.5965657187763
          ],
          [
            -0.977600828921841,
            51.5965379849761
          ],
          [
            -0.977655427570945,
            51.5965123889805
          ],
          [
            -0.977713698831268,
            51.5964851597541
          ],
          [
            -0.977771101801923,
            51.5964577977766
          ],
          [
            -0.977830671580295,
            51.5964303063134
          ],
          [
            -0.977888583647342,
            51.5964034310373
          ],
          [
            -0.977945072274971,
            51.5963769571123
          ],
          [
            -0.978001678029259,
            51.5963503373354
          ],
          [
            -0.978059922642292,
            51.5963231548458
          ],
          [
            -0.978118704698832,
            51.5962954095739
          ],
          [
            -0.978176530009175,
            51.5962691065902
          ],
          [
            -0.978234178645074,
            51.5962419253679
          ],
          [
            -0.978292794593559,
            51.5962144063687
          ],
          [
            -0.978348975962372,
            51.596188116964
          ],
          [
            -0.978407328999456,
            51.5961605094236
          ],
          [
            -0.978458153093903,
            51.5961364211705
          ]
        ]
      },
      "properties": {
        "row_number": "43"
      }
    },
    {
      "type": "Feature",
      "geometry": {
        "type": "Point",
        "coordinates": [
          -0.977079397571038,
          51.5967830496921
        ]
      },
      "properties": {
        "row_number": "43"
      }
    },
    {
      "type": "Feature",
      "geometry": {
        "type": "Point",
        "coordinates": [
          -0.977137801509127,
          51.5967549359318
        ]
      },
      "properties": {
        "row_number": "43"
      }
    },
    {
      "type": "Feature",
      "geometry": {
        "type": "Point",
        "coordinates": [
          -0.977195793564727,
          51.596728093646
        ]
      },
      "properties": {
        "row_number": "43"
      }
    },
    {
      "type": "Feature",
      "geometry": {
        "type": "Point",
        "coordinates": [
          -0.977252622734361,
          51.5967013652422
        ]
      },
      "properties": {
        "row_number": "43"
      }
    },
    {
      "type": "Feature",
      "geometry": {
        "type": "Point",
        "coordinates": [
          -0.977310634579125,
          51.5966744279454
        ]
      },
      "properties": {
        "row_number": "43"
      }
    },
    {
      "type": "Feature",
      "geometry": {
        "type": "Point",
        "coordinates": [
          -0.977367075287666,
          51.596647430651
        ]
      },
      "properties": {
        "row_number": "43"
      }
    },
    {
      "type": "Feature",
      "geometry": {
        "type": "Point",
        "coordinates": [
          -0.977426026424261,
          51.5966200471431
        ]
      },
      "properties": {
        "row_number": "43"
      }
    },
    {
      "type": "Feature",
      "geometry": {
        "type": "Point",
        "coordinates": [
          -0.977483410475376,
          51.596592829647
        ]
      },
      "properties": {
        "row_number": "43"
      }
    },
    {
      "type": "Feature",
      "geometry": {
        "type": "Point",
        "coordinates": [
          -0.977541912910969,
          51.5965657187763
        ]
      },
      "properties": {
        "row_number": "43"
      }
    },
    {
      "type": "Feature",
      "geometry": {
        "type": "Point",
        "coordinates": [
          -0.977600828921841,
          51.5965379849761
        ]
      },
      "properties": {
        "row_number": "43"
      }
    },
    {
      "type": "Feature",
      "geometry": {
        "type": "Point",
        "coordinates": [
          -0.977655427570945,
          51.5965123889805
        ]
      },
      "properties": {
        "row_number": "43"
      }
    },
    {
      "type": "Feature",
      "geometry": {
        "type": "Point",
        "coordinates": [
          -0.977713698831268,
          51.5964851597541
        ]
      },
      "properties": {
        "row_number": "43"
      }
    },
    {
      "type": "Feature",
      "geometry": {
        "type": "Point",
        "coordinates": [
          -0.977771101801923,
          51.5964577977766
        ]
      },
      "properties": {
        "row_number": "43"
      }
    },
    {
      "type": "Feature",
      "geometry": {
        "type": "Point",
        "coordinates": [
          -0.977830671580295,
          51.5964303063134
        ]
      },
      "properties": {
        "row_number": "43"
      }
    },
    {
      "type": "Feature",
      "geometry": {
        "type": "Point",
        "coordinates": [
          -0.977888583647342,
          51.5964034310373
        ]
      },
      "properties": {
        "row_number": "43"
      }
    },
    {
      "type": "Feature",
      "geometry": {
        "type": "Point",
        "coordinates": [
          -0.977945072274971,
          51.5963769571123
        ]
      },
      "properties": {
        "row_number": "43"
      }
    },
    {
      "type": "Feature",
      "geometry": {
        "type": "Point",
        "coordinates": [
          -0.978001678029259,
          51.5963503373354
        ]
      },
      "properties": {
        "row_number": "43"
      }
    },
    {
      "type": "Feature",
      "geometry": {
        "type": "Point",
        "coordinates": [
          -0.978059922642292,
          51.5963231548458
        ]
      },
      "properties": {
        "row_number": "43"
      }
    },
    {
      "type": "Feature",
      "geometry": {
        "type": "Point",
        "coordinates": [
          -0.978118704698832,
          51.5962954095739
        ]
      },
      "properties": {
        "row_number": "43"
      }
    },
    {
      "type": "Feature",
      "geometry": {
        "type": "Point",
        "coordinates": [
          -0.978176530009175,
          51.5962691065902
        ]
      },
      "properties": {
        "row_number": "43"
      }
    },
    {
      "type": "Feature",
      "geometry": {
        "type": "Point",
        "coordinates": [
          -0.978234178645074,
          51.5962419253679
        ]
      },
      "properties": {
        "row_number": "43"
      }
    },
    {
      "type": "Feature",
      "geometry": {
        "type": "Point",
        "coordinates": [
          -0.978292794593559,
          51.5962144063687
        ]
      },
      "properties": {
        "row_number": "43"
      }
    },
    {
      "type": "Feature",
      "geometry": {
        "type": "Point",
        "coordinates": [
          -0.978348975962372,
          51.596188116964
        ]
      },
      "properties": {
        "row_number": "43"
      }
    },
    {
      "type": "Feature",
      "geometry": {
        "type": "Point",
        "coordinates": [
          -0.978407328999456,
          51.5961605094236
        ]
      },
      "properties": {
        "row_number": "43"
      }
    },
    {
      "type": "Feature",
      "geometry": {
        "type": "Point",
        "coordinates": [
          -0.978458153093903,
          51.5961364211705
        ]
      },
      "properties": {
        "row_number": "43"
      }
    },
    {
      "type": "Feature",
      "geometry": {
        "type": "LineString",
        "coordinates": [
          [
            -0.977062140955465,
            51.596763729984
          ],
          [
            -0.977115941842367,
            51.5967382089654
          ],
          [
            -0.977174537312718,
            51.5967106932656
          ],
          [
            -0.977231115947658,
            51.5966838007264
          ],
          [
            -0.977289793309051,
            51.5966567655622
          ],
          [
            -0.977347150049324,
            51.5966298133926
          ],
          [
            -0.977402898332004,
            51.5966034367236
          ],
          [
            -0.977463770540629,
            51.5965754253055
          ],
          [
            -0.977521867792434,
            51.5965477468941
          ],
          [
            -0.97757916551226,
            51.5965202669306
          ],
          [
            -0.977635471900031,
            51.5964946168299
          ],
          [
            -0.977690980515623,
            51.5964680483675
          ],
          [
            -0.977750729033474,
            51.5964402803231
          ],
          [
            -0.977809273741707,
            51.5964132409936
          ],
          [
            -0.977867453949661,
            51.5963857022046
          ],
          [
            -0.97792214042093,
            51.5963604573112
          ],
          [
            -0.977981812439936,
            51.5963320432432
          ],
          [
            -0.978039785554212,
            51.5963049078026
          ],
          [
            -0.978098118905893,
            51.5962778355674
          ],
          [
            -0.978155778240195,
            51.5962506975907
          ],
          [
            -0.978210368471527,
            51.5962244520508
          ],
          [
            -0.978270980787925,
            51.5961967342203
          ],
          [
            -0.978328669152773,
            51.5961698882695
          ],
          [
            -0.978388034723355,
            51.5961420436888
          ],
          [
            -0.978436349053246,
            51.5961194786444
          ]
        ]
      },
      "properties": {
        "row_number": "44"
      }
    },
    {
      "type": "Feature",
      "geometry": {
        "type": "Point",
        "coordinates": [
          -0.977062140955465,
          51.596763729984
        ]
      },
      "properties": {
        "row_number": "44"
      }
    },
    {
      "type": "Feature",
      "geometry": {
        "type": "Point",
        "coordinates": [
          -0.977115941842367,
          51.5967382089654
        ]
      },
      "properties": {
        "row_number": "44"
      }
    },
    {
      "type": "Feature",
      "geometry": {
        "type": "Point",
        "coordinates": [
          -0.977174537312718,
          51.5967106932656
        ]
      },
      "properties": {
        "row_number": "44"
      }
    },
    {
      "type": "Feature",
      "geometry": {
        "type": "Point",
        "coordinates": [
          -0.977231115947658,
          51.5966838007264
        ]
      },
      "properties": {
        "row_number": "44"
      }
    },
    {
      "type": "Feature",
      "geometry": {
        "type": "Point",
        "coordinates": [
          -0.977289793309051,
          51.5966567655622
        ]
      },
      "properties": {
        "row_number": "44"
      }
    },
    {
      "type": "Feature",
      "geometry": {
        "type": "Point",
        "coordinates": [
          -0.977347150049324,
          51.5966298133926
        ]
      },
      "properties": {
        "row_number": "44"
      }
    },
    {
      "type": "Feature",
      "geometry": {
        "type": "Point",
        "coordinates": [
          -0.977402898332004,
          51.5966034367236
        ]
      },
      "properties": {
        "row_number": "44"
      }
    },
    {
      "type": "Feature",
      "geometry": {
        "type": "Point",
        "coordinates": [
          -0.977463770540629,
          51.5965754253055
        ]
      },
      "properties": {
        "row_number": "44"
      }
    },
    {
      "type": "Feature",
      "geometry": {
        "type": "Point",
        "coordinates": [
          -0.977521867792434,
          51.5965477468941
        ]
      },
      "properties": {
        "row_number": "44"
      }
    },
    {
      "type": "Feature",
      "geometry": {
        "type": "Point",
        "coordinates": [
          -0.97757916551226,
          51.5965202669306
        ]
      },
      "properties": {
        "row_number": "44"
      }
    },
    {
      "type": "Feature",
      "geometry": {
        "type": "Point",
        "coordinates": [
          -0.977635471900031,
          51.5964946168299
        ]
      },
      "properties": {
        "row_number": "44"
      }
    },
    {
      "type": "Feature",
      "geometry": {
        "type": "Point",
        "coordinates": [
          -0.977690980515623,
          51.5964680483675
        ]
      },
      "properties": {
        "row_number": "44"
      }
    },
    {
      "type": "Feature",
      "geometry": {
        "type": "Point",
        "coordinates": [
          -0.977750729033474,
          51.5964402803231
        ]
      },
      "properties": {
        "row_number": "44"
      }
    },
    {
      "type": "Feature",
      "geometry": {
        "type": "Point",
        "coordinates": [
          -0.977809273741707,
          51.5964132409936
        ]
      },
      "properties": {
        "row_number": "44"
      }
    },
    {
      "type": "Feature",
      "geometry": {
        "type": "Point",
        "coordinates": [
          -0.977867453949661,
          51.5963857022046
        ]
      },
      "properties": {
        "row_number": "44"
      }
    },
    {
      "type": "Feature",
      "geometry": {
        "type": "Point",
        "coordinates": [
          -0.97792214042093,
          51.5963604573112
        ]
      },
      "properties": {
        "row_number": "44"
      }
    },
    {
      "type": "Feature",
      "geometry": {
        "type": "Point",
        "coordinates": [
          -0.977981812439936,
          51.5963320432432
        ]
      },
      "properties": {
        "row_number": "44"
      }
    },
    {
      "type": "Feature",
      "geometry": {
        "type": "Point",
        "coordinates": [
          -0.978039785554212,
          51.5963049078026
        ]
      },
      "properties": {
        "row_number": "44"
      }
    },
    {
      "type": "Feature",
      "geometry": {
        "type": "Point",
        "coordinates": [
          -0.978098118905893,
          51.5962778355674
        ]
      },
      "properties": {
        "row_number": "44"
      }
    },
    {
      "type": "Feature",
      "geometry": {
        "type": "Point",
        "coordinates": [
          -0.978155778240195,
          51.5962506975907
        ]
      },
      "properties": {
        "row_number": "44"
      }
    },
    {
      "type": "Feature",
      "geometry": {
        "type": "Point",
        "coordinates": [
          -0.978210368471527,
          51.5962244520508
        ]
      },
      "properties": {
        "row_number": "44"
      }
    },
    {
      "type": "Feature",
      "geometry": {
        "type": "Point",
        "coordinates": [
          -0.978270980787925,
          51.5961967342203
        ]
      },
      "properties": {
        "row_number": "44"
      }
    },
    {
      "type": "Feature",
      "geometry": {
        "type": "Point",
        "coordinates": [
          -0.978328669152773,
          51.5961698882695
        ]
      },
      "properties": {
        "row_number": "44"
      }
    },
    {
      "type": "Feature",
      "geometry": {
        "type": "Point",
        "coordinates": [
          -0.978388034723355,
          51.5961420436888
        ]
      },
      "properties": {
        "row_number": "44"
      }
    },
    {
      "type": "Feature",
      "geometry": {
        "type": "Point",
        "coordinates": [
          -0.978436349053246,
          51.5961194786444
        ]
      },
      "properties": {
        "row_number": "44"
      }
    },
    {
      "type": "Feature",
      "geometry": {
        "type": "LineString",
        "coordinates": [
          [
            -0.977047062117401,
            51.596743185723
          ],
          [
            -0.977094742066142,
            51.5967209198259
          ],
          [
            -0.97715359864856,
            51.5966931074948
          ],
          [
            -0.977211940049226,
            51.5966663641592
          ],
          [
            -0.977268894743262,
            51.5966394916666
          ],
          [
            -0.977327009131113,
            51.5966120197306
          ],
          [
            -0.97738489813355,
            51.5965845395544
          ],
          [
            -0.97744171359261,
            51.5965581343668
          ],
          [
            -0.977499714672287,
            51.5965311454348
          ],
          [
            -0.977558131384782,
            51.5965035263978
          ],
          [
            -0.977614221301964,
            51.5964773268505
          ],
          [
            -0.977671215714436,
            51.5964508958152
          ],
          [
            -0.97772876829152,
            51.5964237520975
          ],
          [
            -0.977788730811427,
            51.5963954910727
          ],
          [
            -0.977845950590144,
            51.5963689838652
          ],
          [
            -0.977903535807566,
            51.5963423875528
          ],
          [
            -0.97796105224057,
            51.5963148311815
          ],
          [
            -0.978017942215327,
            51.5962883232506
          ],
          [
            -0.978075268838518,
            51.5962612804461
          ],
          [
            -0.978134891731685,
            51.5962336434321
          ],
          [
            -0.978192319729898,
            51.5962066997373
          ],
          [
            -0.978250776959339,
            51.5961792555981
          ],
          [
            -0.978307495061915,
            51.5961524351415
          ],
          [
            -0.978364796741395,
            51.5961256205328
          ],
          [
            -0.97841603127524,
            51.5961017944041
          ]
        ]
      },
      "properties": {
        "row_number": "45"
      }
    },
    {
      "type": "Feature",
      "geometry": {
        "type": "Point",
        "coordinates": [
          -0.977047062117401,
          51.596743185723
        ]
      },
      "properties": {
        "row_number": "45"
      }
    },
    {
      "type": "Feature",
      "geometry": {
        "type": "Point",
        "coordinates": [
          -0.977094742066142,
          51.5967209198259
        ]
      },
      "properties": {
        "row_number": "45"
      }
    },
    {
      "type": "Feature",
      "geometry": {
        "type": "Point",
        "coordinates": [
          -0.97715359864856,
          51.5966931074948
        ]
      },
      "properties": {
        "row_number": "45"
      }
    },
    {
      "type": "Feature",
      "geometry": {
        "type": "Point",
        "coordinates": [
          -0.977211940049226,
          51.5966663641592
        ]
      },
      "properties": {
        "row_number": "45"
      }
    },
    {
      "type": "Feature",
      "geometry": {
        "type": "Point",
        "coordinates": [
          -0.977268894743262,
          51.5966394916666
        ]
      },
      "properties": {
        "row_number": "45"
      }
    },
    {
      "type": "Feature",
      "geometry": {
        "type": "Point",
        "coordinates": [
          -0.977327009131113,
          51.5966120197306
        ]
      },
      "properties": {
        "row_number": "45"
      }
    },
    {
      "type": "Feature",
      "geometry": {
        "type": "Point",
        "coordinates": [
          -0.97738489813355,
          51.5965845395544
        ]
      },
      "properties": {
        "row_number": "45"
      }
    },
    {
      "type": "Feature",
      "geometry": {
        "type": "Point",
        "coordinates": [
          -0.97744171359261,
          51.5965581343668
        ]
      },
      "properties": {
        "row_number": "45"
      }
    },
    {
      "type": "Feature",
      "geometry": {
        "type": "Point",
        "coordinates": [
          -0.977499714672287,
          51.5965311454348
        ]
      },
      "properties": {
        "row_number": "45"
      }
    },
    {
      "type": "Feature",
      "geometry": {
        "type": "Point",
        "coordinates": [
          -0.977558131384782,
          51.5965035263978
        ]
      },
      "properties": {
        "row_number": "45"
      }
    },
    {
      "type": "Feature",
      "geometry": {
        "type": "Point",
        "coordinates": [
          -0.977614221301964,
          51.5964773268505
        ]
      },
      "properties": {
        "row_number": "45"
      }
    },
    {
      "type": "Feature",
      "geometry": {
        "type": "Point",
        "coordinates": [
          -0.977671215714436,
          51.5964508958152
        ]
      },
      "properties": {
        "row_number": "45"
      }
    },
    {
      "type": "Feature",
      "geometry": {
        "type": "Point",
        "coordinates": [
          -0.97772876829152,
          51.5964237520975
        ]
      },
      "properties": {
        "row_number": "45"
      }
    },
    {
      "type": "Feature",
      "geometry": {
        "type": "Point",
        "coordinates": [
          -0.977788730811427,
          51.5963954910727
        ]
      },
      "properties": {
        "row_number": "45"
      }
    },
    {
      "type": "Feature",
      "geometry": {
        "type": "Point",
        "coordinates": [
          -0.977845950590144,
          51.5963689838652
        ]
      },
      "properties": {
        "row_number": "45"
      }
    },
    {
      "type": "Feature",
      "geometry": {
        "type": "Point",
        "coordinates": [
          -0.977903535807566,
          51.5963423875528
        ]
      },
      "properties": {
        "row_number": "45"
      }
    },
    {
      "type": "Feature",
      "geometry": {
        "type": "Point",
        "coordinates": [
          -0.97796105224057,
          51.5963148311815
        ]
      },
      "properties": {
        "row_number": "45"
      }
    },
    {
      "type": "Feature",
      "geometry": {
        "type": "Point",
        "coordinates": [
          -0.978017942215327,
          51.5962883232506
        ]
      },
      "properties": {
        "row_number": "45"
      }
    },
    {
      "type": "Feature",
      "geometry": {
        "type": "Point",
        "coordinates": [
          -0.978075268838518,
          51.5962612804461
        ]
      },
      "properties": {
        "row_number": "45"
      }
    },
    {
      "type": "Feature",
      "geometry": {
        "type": "Point",
        "coordinates": [
          -0.978134891731685,
          51.5962336434321
        ]
      },
      "properties": {
        "row_number": "45"
      }
    },
    {
      "type": "Feature",
      "geometry": {
        "type": "Point",
        "coordinates": [
          -0.978192319729898,
          51.5962066997373
        ]
      },
      "properties": {
        "row_number": "45"
      }
    },
    {
      "type": "Feature",
      "geometry": {
        "type": "Point",
        "coordinates": [
          -0.978250776959339,
          51.5961792555981
        ]
      },
      "properties": {
        "row_number": "45"
      }
    },
    {
      "type": "Feature",
      "geometry": {
        "type": "Point",
        "coordinates": [
          -0.978307495061915,
          51.5961524351415
        ]
      },
      "properties": {
        "row_number": "45"
      }
    },
    {
      "type": "Feature",
      "geometry": {
        "type": "Point",
        "coordinates": [
          -0.978364796741395,
          51.5961256205328
        ]
      },
      "properties": {
        "row_number": "45"
      }
    },
    {
      "type": "Feature",
      "geometry": {
        "type": "Point",
        "coordinates": [
          -0.97841603127524,
          51.5961017944041
        ]
      },
      "properties": {
        "row_number": "45"
      }
    },
    {
      "type": "Feature",
      "geometry": {
        "type": "LineString",
        "coordinates": [
          [
            -0.977031223815681,
            51.596723549618
          ],
          [
            -0.977074958054502,
            51.5967031045699
          ],
          [
            -0.977132214534368,
            51.5966768326725
          ],
          [
            -0.977190048990412,
            51.5966494094801
          ],
          [
            -0.977247122609744,
            51.5966224013103
          ],
          [
            -0.977304499158324,
            51.5965959473531
          ],
          [
            -0.977361851091182,
            51.5965690189858
          ],
          [
            -0.977421008946656,
            51.5965411700476
          ],
          [
            -0.9774790378602916,
            51.596514989885065
          ],
          [
            -0.977537898205493,
            51.5964856736106
          ],
          [
            -0.977594009084713,
            51.5964594402689
          ],
          [
            -0.977647983201531,
            51.5964342511511
          ],
          [
            -0.977708486419679,
            51.5964062361198
          ],
          [
            -0.977766844007357,
            51.5963789555208
          ],
          [
            -0.977826112301957,
            51.5963510890634
          ],
          [
            -0.977882049627775,
            51.5963249982016
          ],
          [
            -0.977940470971033,
            51.5962977182345
          ],
          [
            -0.977998843341606,
            51.5962704590706
          ],
          [
            -0.978056381721718,
            51.596243427994
          ],
          [
            -0.978113245366212,
            51.5962163908756
          ],
          [
            -0.978169478098915,
            51.5961896754811
          ],
          [
            -0.978231202794393,
            51.5961615017212
          ],
          [
            -0.978286921288831,
            51.5961352959065
          ],
          [
            -0.978344792426976,
            51.5961079434396
          ],
          [
            -0.978394745602805,
            51.5960845392052
          ]
        ]
      },
      "properties": {
        "row_number": "46"
      }
    },
    {
      "type": "Feature",
      "geometry": {
        "type": "Point",
        "coordinates": [
          -0.977031223815681,
          51.596723549618
        ]
      },
      "properties": {
        "row_number": "46"
      }
    },
    {
      "type": "Feature",
      "geometry": {
        "type": "Point",
        "coordinates": [
          -0.977074958054502,
          51.5967031045699
        ]
      },
      "properties": {
        "row_number": "46"
      }
    },
    {
      "type": "Feature",
      "geometry": {
        "type": "Point",
        "coordinates": [
          -0.977132214534368,
          51.5966768326725
        ]
      },
      "properties": {
        "row_number": "46"
      }
    },
    {
      "type": "Feature",
      "geometry": {
        "type": "Point",
        "coordinates": [
          -0.977190048990412,
          51.5966494094801
        ]
      },
      "properties": {
        "row_number": "46"
      }
    },
    {
      "type": "Feature",
      "geometry": {
        "type": "Point",
        "coordinates": [
          -0.977247122609744,
          51.5966224013103
        ]
      },
      "properties": {
        "row_number": "46"
      }
    },
    {
      "type": "Feature",
      "geometry": {
        "type": "Point",
        "coordinates": [
          -0.977304499158324,
          51.5965959473531
        ]
      },
      "properties": {
        "row_number": "46"
      }
    },
    {
      "type": "Feature",
      "geometry": {
        "type": "Point",
        "coordinates": [
          -0.977361851091182,
          51.5965690189858
        ]
      },
      "properties": {
        "row_number": "46"
      }
    },
    {
      "type": "Feature",
      "geometry": {
        "type": "Point",
        "coordinates": [
          -0.977421008946656,
          51.5965411700476
        ]
      },
      "properties": {
        "row_number": "46"
      }
    },
    {
      "type": "Feature",
      "geometry": {
        "type": "Point",
        "coordinates": [
          -0.9774790378602916,
          51.596514989885065
        ]
      },
      "properties": {
        "row_number": "46"
      }
    },
    {
      "type": "Feature",
      "geometry": {
        "type": "Point",
        "coordinates": [
          -0.977537898205493,
          51.5964856736106
        ]
      },
      "properties": {
        "row_number": "46"
      }
    },
    {
      "type": "Feature",
      "geometry": {
        "type": "Point",
        "coordinates": [
          -0.977594009084713,
          51.5964594402689
        ]
      },
      "properties": {
        "row_number": "46"
      }
    },
    {
      "type": "Feature",
      "geometry": {
        "type": "Point",
        "coordinates": [
          -0.977647983201531,
          51.5964342511511
        ]
      },
      "properties": {
        "row_number": "46"
      }
    },
    {
      "type": "Feature",
      "geometry": {
        "type": "Point",
        "coordinates": [
          -0.977708486419679,
          51.5964062361198
        ]
      },
      "properties": {
        "row_number": "46"
      }
    },
    {
      "type": "Feature",
      "geometry": {
        "type": "Point",
        "coordinates": [
          -0.977766844007357,
          51.5963789555208
        ]
      },
      "properties": {
        "row_number": "46"
      }
    },
    {
      "type": "Feature",
      "geometry": {
        "type": "Point",
        "coordinates": [
          -0.977826112301957,
          51.5963510890634
        ]
      },
      "properties": {
        "row_number": "46"
      }
    },
    {
      "type": "Feature",
      "geometry": {
        "type": "Point",
        "coordinates": [
          -0.977882049627775,
          51.5963249982016
        ]
      },
      "properties": {
        "row_number": "46"
      }
    },
    {
      "type": "Feature",
      "geometry": {
        "type": "Point",
        "coordinates": [
          -0.977940470971033,
          51.5962977182345
        ]
      },
      "properties": {
        "row_number": "46"
      }
    },
    {
      "type": "Feature",
      "geometry": {
        "type": "Point",
        "coordinates": [
          -0.977998843341606,
          51.5962704590706
        ]
      },
      "properties": {
        "row_number": "46"
      }
    },
    {
      "type": "Feature",
      "geometry": {
        "type": "Point",
        "coordinates": [
          -0.978056381721718,
          51.596243427994
        ]
      },
      "properties": {
        "row_number": "46"
      }
    },
    {
      "type": "Feature",
      "geometry": {
        "type": "Point",
        "coordinates": [
          -0.978113245366212,
          51.5962163908756
        ]
      },
      "properties": {
        "row_number": "46"
      }
    },
    {
      "type": "Feature",
      "geometry": {
        "type": "Point",
        "coordinates": [
          -0.978169478098915,
          51.5961896754811
        ]
      },
      "properties": {
        "row_number": "46"
      }
    },
    {
      "type": "Feature",
      "geometry": {
        "type": "Point",
        "coordinates": [
          -0.978231202794393,
          51.5961615017212
        ]
      },
      "properties": {
        "row_number": "46"
      }
    },
    {
      "type": "Feature",
      "geometry": {
        "type": "Point",
        "coordinates": [
          -0.978286921288831,
          51.5961352959065
        ]
      },
      "properties": {
        "row_number": "46"
      }
    },
    {
      "type": "Feature",
      "geometry": {
        "type": "Point",
        "coordinates": [
          -0.978344792426976,
          51.5961079434396
        ]
      },
      "properties": {
        "row_number": "46"
      }
    },
    {
      "type": "Feature",
      "geometry": {
        "type": "Point",
        "coordinates": [
          -0.978394745602805,
          51.5960845392052
        ]
      },
      "properties": {
        "row_number": "46"
      }
    },
    {
      "type": "Feature",
      "geometry": {
        "type": "LineString",
        "coordinates": [
          [
            -0.977016252174329,
            51.5967037426007
          ],
          [
            -0.977053633004645,
            51.5966864859041
          ],
          [
            -0.977111100326256,
            51.5966593748291
          ],
          [
            -0.977169538322163,
            51.596632184228
          ],
          [
            -0.977227189925613,
            51.5966053025886
          ],
          [
            -0.977284082155418,
            51.596578511204
          ],
          [
            -0.977342732009086,
            51.5965508119855
          ],
          [
            -0.977400211240925,
            51.5965244254897
          ],
          [
            -0.977457362332813,
            51.5964970197279
          ],
          [
            -0.977515473707134,
            51.596469719325
          ],
          [
            -0.977574415216286,
            51.5964425157114
          ],
          [
            -0.977630424709345,
            51.5964167504188
          ],
          [
            -0.977687721929425,
            51.5963893178342
          ],
          [
            -0.977746427798131,
            51.5963611436988
          ],
          [
            -0.977804719866056,
            51.5963351588502
          ],
          [
            -0.977861183086896,
            51.5963090219641
          ],
          [
            -0.977920939280477,
            51.5962809264582
          ],
          [
            -0.977977448010774,
            51.5962538815237
          ],
          [
            -0.978034261416111,
            51.5962270503266
          ],
          [
            -0.978093023311285,
            51.5961993958166
          ],
          [
            -0.978148650473886,
            51.5961734694867
          ],
          [
            -0.978208140459528,
            51.596145164263
          ],
          [
            -0.978265273237902,
            51.5961183084901
          ],
          [
            -0.978322923802629,
            51.5960911036939
          ],
          [
            -0.978373770084851,
            51.5960675348799
          ]
        ]
      },
      "properties": {
        "row_number": "47"
      }
    },
    {
      "type": "Feature",
      "geometry": {
        "type": "Point",
        "coordinates": [
          -0.977016252174329,
          51.5967037426007
        ]
      },
      "properties": {
        "row_number": "47"
      }
    },
    {
      "type": "Feature",
      "geometry": {
        "type": "Point",
        "coordinates": [
          -0.977053633004645,
          51.5966864859041
        ]
      },
      "properties": {
        "row_number": "47"
      }
    },
    {
      "type": "Feature",
      "geometry": {
        "type": "Point",
        "coordinates": [
          -0.977111100326256,
          51.5966593748291
        ]
      },
      "properties": {
        "row_number": "47"
      }
    },
    {
      "type": "Feature",
      "geometry": {
        "type": "Point",
        "coordinates": [
          -0.977169538322163,
          51.596632184228
        ]
      },
      "properties": {
        "row_number": "47"
      }
    },
    {
      "type": "Feature",
      "geometry": {
        "type": "Point",
        "coordinates": [
          -0.977227189925613,
          51.5966053025886
        ]
      },
      "properties": {
        "row_number": "47"
      }
    },
    {
      "type": "Feature",
      "geometry": {
        "type": "Point",
        "coordinates": [
          -0.977284082155418,
          51.596578511204
        ]
      },
      "properties": {
        "row_number": "47"
      }
    },
    {
      "type": "Feature",
      "geometry": {
        "type": "Point",
        "coordinates": [
          -0.977342732009086,
          51.5965508119855
        ]
      },
      "properties": {
        "row_number": "47"
      }
    },
    {
      "type": "Feature",
      "geometry": {
        "type": "Point",
        "coordinates": [
          -0.977400211240925,
          51.5965244254897
        ]
      },
      "properties": {
        "row_number": "47"
      }
    },
    {
      "type": "Feature",
      "geometry": {
        "type": "Point",
        "coordinates": [
          -0.977457362332813,
          51.5964970197279
        ]
      },
      "properties": {
        "row_number": "47"
      }
    },
    {
      "type": "Feature",
      "geometry": {
        "type": "Point",
        "coordinates": [
          -0.977515473707134,
          51.596469719325
        ]
      },
      "properties": {
        "row_number": "47"
      }
    },
    {
      "type": "Feature",
      "geometry": {
        "type": "Point",
        "coordinates": [
          -0.977574415216286,
          51.5964425157114
        ]
      },
      "properties": {
        "row_number": "47"
      }
    },
    {
      "type": "Feature",
      "geometry": {
        "type": "Point",
        "coordinates": [
          -0.977630424709345,
          51.5964167504188
        ]
      },
      "properties": {
        "row_number": "47"
      }
    },
    {
      "type": "Feature",
      "geometry": {
        "type": "Point",
        "coordinates": [
          -0.977687721929425,
          51.5963893178342
        ]
      },
      "properties": {
        "row_number": "47"
      }
    },
    {
      "type": "Feature",
      "geometry": {
        "type": "Point",
        "coordinates": [
          -0.977746427798131,
          51.5963611436988
        ]
      },
      "properties": {
        "row_number": "47"
      }
    },
    {
      "type": "Feature",
      "geometry": {
        "type": "Point",
        "coordinates": [
          -0.977804719866056,
          51.5963351588502
        ]
      },
      "properties": {
        "row_number": "47"
      }
    },
    {
      "type": "Feature",
      "geometry": {
        "type": "Point",
        "coordinates": [
          -0.977861183086896,
          51.5963090219641
        ]
      },
      "properties": {
        "row_number": "47"
      }
    },
    {
      "type": "Feature",
      "geometry": {
        "type": "Point",
        "coordinates": [
          -0.977920939280477,
          51.5962809264582
        ]
      },
      "properties": {
        "row_number": "47"
      }
    },
    {
      "type": "Feature",
      "geometry": {
        "type": "Point",
        "coordinates": [
          -0.977977448010774,
          51.5962538815237
        ]
      },
      "properties": {
        "row_number": "47"
      }
    },
    {
      "type": "Feature",
      "geometry": {
        "type": "Point",
        "coordinates": [
          -0.978034261416111,
          51.5962270503266
        ]
      },
      "properties": {
        "row_number": "47"
      }
    },
    {
      "type": "Feature",
      "geometry": {
        "type": "Point",
        "coordinates": [
          -0.978093023311285,
          51.5961993958166
        ]
      },
      "properties": {
        "row_number": "47"
      }
    },
    {
      "type": "Feature",
      "geometry": {
        "type": "Point",
        "coordinates": [
          -0.978148650473886,
          51.5961734694867
        ]
      },
      "properties": {
        "row_number": "47"
      }
    },
    {
      "type": "Feature",
      "geometry": {
        "type": "Point",
        "coordinates": [
          -0.978208140459528,
          51.596145164263
        ]
      },
      "properties": {
        "row_number": "47"
      }
    },
    {
      "type": "Feature",
      "geometry": {
        "type": "Point",
        "coordinates": [
          -0.978265273237902,
          51.5961183084901
        ]
      },
      "properties": {
        "row_number": "47"
      }
    },
    {
      "type": "Feature",
      "geometry": {
        "type": "Point",
        "coordinates": [
          -0.978322923802629,
          51.5960911036939
        ]
      },
      "properties": {
        "row_number": "47"
      }
    },
    {
      "type": "Feature",
      "geometry": {
        "type": "Point",
        "coordinates": [
          -0.978373770084851,
          51.5960675348799
        ]
      },
      "properties": {
        "row_number": "47"
      }
    },
    {
      "type": "Feature",
      "geometry": {
        "type": "LineString",
        "coordinates": [
          [
            -0.976999749059864,
            51.5966845819766
          ],
          [
            -0.977033656956568,
            51.5966686427034
          ],
          [
            -0.977090887469556,
            51.596641867391
          ],
          [
            -0.977147531084361,
            51.5966150154261
          ],
          [
            -0.977205651652326,
            51.5965877410427
          ],
          [
            -0.977264479859187,
            51.5965601215171
          ],
          [
            -0.977322407023906,
            51.5965332180862
          ],
          [
            -0.977381092633103,
            51.5965056700231
          ],
          [
            -0.977438532966067,
            51.5964789176444
          ],
          [
            -0.977493888735487,
            51.5964530618665
          ],
          [
            -0.977552364476771,
            51.5964254772641
          ],
          [
            -0.9776096793202,
            51.5963984928854
          ],
          [
            -0.977666918213902,
            51.5963713816438
          ],
          [
            -0.977725004839997,
            51.5963445274752
          ],
          [
            -0.977782991479466,
            51.5963175155879
          ],
          [
            -0.977840224893254,
            51.5962904579879
          ],
          [
            -0.977897581751292,
            51.5962638893052
          ],
          [
            -0.97795672204945,
            51.5962359492357
          ],
          [
            -0.978014114872108,
            51.5962089237964
          ],
          [
            -0.978070658572682,
            51.5961823699944
          ],
          [
            -0.978129744760485,
            51.5961544014379
          ],
          [
            -0.978187138076047,
            51.5961277385011
          ],
          [
            -0.978245134747604,
            51.5961008935626
          ],
          [
            -0.978302919941566,
            51.5960737298973
          ],
          [
            -0.978352848733417,
            51.5960504202289
          ]
        ]
      },
      "properties": {
        "row_number": "48"
      }
    },
    {
      "type": "Feature",
      "geometry": {
        "type": "Point",
        "coordinates": [
          -0.976999749059864,
          51.5966845819766
        ]
      },
      "properties": {
        "row_number": "48"
      }
    },
    {
      "type": "Feature",
      "geometry": {
        "type": "Point",
        "coordinates": [
          -0.977033656956568,
          51.5966686427034
        ]
      },
      "properties": {
        "row_number": "48"
      }
    },
    {
      "type": "Feature",
      "geometry": {
        "type": "Point",
        "coordinates": [
          -0.977090887469556,
          51.596641867391
        ]
      },
      "properties": {
        "row_number": "48"
      }
    },
    {
      "type": "Feature",
      "geometry": {
        "type": "Point",
        "coordinates": [
          -0.977147531084361,
          51.5966150154261
        ]
      },
      "properties": {
        "row_number": "48"
      }
    },
    {
      "type": "Feature",
      "geometry": {
        "type": "Point",
        "coordinates": [
          -0.977205651652326,
          51.5965877410427
        ]
      },
      "properties": {
        "row_number": "48"
      }
    },
    {
      "type": "Feature",
      "geometry": {
        "type": "Point",
        "coordinates": [
          -0.977264479859187,
          51.5965601215171
        ]
      },
      "properties": {
        "row_number": "48"
      }
    },
    {
      "type": "Feature",
      "geometry": {
        "type": "Point",
        "coordinates": [
          -0.977322407023906,
          51.5965332180862
        ]
      },
      "properties": {
        "row_number": "48"
      }
    },
    {
      "type": "Feature",
      "geometry": {
        "type": "Point",
        "coordinates": [
          -0.977381092633103,
          51.5965056700231
        ]
      },
      "properties": {
        "row_number": "48"
      }
    },
    {
      "type": "Feature",
      "geometry": {
        "type": "Point",
        "coordinates": [
          -0.977438532966067,
          51.5964789176444
        ]
      },
      "properties": {
        "row_number": "48"
      }
    },
    {
      "type": "Feature",
      "geometry": {
        "type": "Point",
        "coordinates": [
          -0.977493888735487,
          51.5964530618665
        ]
      },
      "properties": {
        "row_number": "48"
      }
    },
    {
      "type": "Feature",
      "geometry": {
        "type": "Point",
        "coordinates": [
          -0.977552364476771,
          51.5964254772641
        ]
      },
      "properties": {
        "row_number": "48"
      }
    },
    {
      "type": "Feature",
      "geometry": {
        "type": "Point",
        "coordinates": [
          -0.9776096793202,
          51.5963984928854
        ]
      },
      "properties": {
        "row_number": "48"
      }
    },
    {
      "type": "Feature",
      "geometry": {
        "type": "Point",
        "coordinates": [
          -0.977666918213902,
          51.5963713816438
        ]
      },
      "properties": {
        "row_number": "48"
      }
    },
    {
      "type": "Feature",
      "geometry": {
        "type": "Point",
        "coordinates": [
          -0.977725004839997,
          51.5963445274752
        ]
      },
      "properties": {
        "row_number": "48"
      }
    },
    {
      "type": "Feature",
      "geometry": {
        "type": "Point",
        "coordinates": [
          -0.977782991479466,
          51.5963175155879
        ]
      },
      "properties": {
        "row_number": "48"
      }
    },
    {
      "type": "Feature",
      "geometry": {
        "type": "Point",
        "coordinates": [
          -0.977840224893254,
          51.5962904579879
        ]
      },
      "properties": {
        "row_number": "48"
      }
    },
    {
      "type": "Feature",
      "geometry": {
        "type": "Point",
        "coordinates": [
          -0.977897581751292,
          51.5962638893052
        ]
      },
      "properties": {
        "row_number": "48"
      }
    },
    {
      "type": "Feature",
      "geometry": {
        "type": "Point",
        "coordinates": [
          -0.97795672204945,
          51.5962359492357
        ]
      },
      "properties": {
        "row_number": "48"
      }
    },
    {
      "type": "Feature",
      "geometry": {
        "type": "Point",
        "coordinates": [
          -0.978014114872108,
          51.5962089237964
        ]
      },
      "properties": {
        "row_number": "48"
      }
    },
    {
      "type": "Feature",
      "geometry": {
        "type": "Point",
        "coordinates": [
          -0.978070658572682,
          51.5961823699944
        ]
      },
      "properties": {
        "row_number": "48"
      }
    },
    {
      "type": "Feature",
      "geometry": {
        "type": "Point",
        "coordinates": [
          -0.978129744760485,
          51.5961544014379
        ]
      },
      "properties": {
        "row_number": "48"
      }
    },
    {
      "type": "Feature",
      "geometry": {
        "type": "Point",
        "coordinates": [
          -0.978187138076047,
          51.5961277385011
        ]
      },
      "properties": {
        "row_number": "48"
      }
    },
    {
      "type": "Feature",
      "geometry": {
        "type": "Point",
        "coordinates": [
          -0.978245134747604,
          51.5961008935626
        ]
      },
      "properties": {
        "row_number": "48"
      }
    },
    {
      "type": "Feature",
      "geometry": {
        "type": "Point",
        "coordinates": [
          -0.978302919941566,
          51.5960737298973
        ]
      },
      "properties": {
        "row_number": "48"
      }
    },
    {
      "type": "Feature",
      "geometry": {
        "type": "Point",
        "coordinates": [
          -0.978352848733417,
          51.5960504202289
        ]
      },
      "properties": {
        "row_number": "48"
      }
    },
    {
      "type": "Feature",
      "geometry": {
        "type": "LineString",
        "coordinates": [
          [
            -0.976985678144289,
            51.5966644641943
          ],
          [
            -0.977071253444982,
            51.5966244550034
          ],
          [
            -0.977127499349369,
            51.5965975052163
          ],
          [
            -0.977184663036489,
            51.5965703495524
          ],
          [
            -0.977243301508916,
            51.5965434468012
          ],
          [
            -0.977298912052425,
            51.5965170445629
          ],
          [
            -0.977358160150416,
            51.5964894551941
          ],
          [
            -0.977415424608807,
            51.5964626138214
          ],
          [
            -0.9774746616003,
            51.5964351080332
          ],
          [
            -0.977532378469912,
            51.5964079756002
          ],
          [
            -0.977588611493026,
            51.5963816679102
          ],
          [
            -0.977647106809707,
            51.5963541330245
          ],
          [
            -0.977703700483355,
            51.5963270500753
          ],
          [
            -0.977763424035527,
            51.59630022673
          ],
          [
            -0.977821496328516,
            51.596272936177
          ],
          [
            -0.977879057134081,
            51.5962456991986
          ],
          [
            -0.977936793094028,
            51.5962186416138
          ],
          [
            -0.97799405452661,
            51.5961913765796
          ],
          [
            -0.978051327229423,
            51.5961646531426
          ],
          [
            -0.978108788235476,
            51.5961373605752
          ],
          [
            -0.978166946893958,
            51.5961101847484
          ],
          [
            -0.978223550374891,
            51.5960829732298
          ],
          [
            -0.978281491578803,
            51.5960558244606
          ],
          [
            -0.978333271613111,
            51.5960321080934
          ]
        ]
      },
      "properties": {
        "row_number": "49"
      }
    },
    {
      "type": "Feature",
      "geometry": {
        "type": "Point",
        "coordinates": [
          -0.976985678144289,
          51.5966644641943
        ]
      },
      "properties": {
        "row_number": "49"
      }
    },
    {
      "type": "Feature",
      "geometry": {
        "type": "Point",
        "coordinates": [
          -0.977071253444982,
          51.5966244550034
        ]
      },
      "properties": {
        "row_number": "49"
      }
    },
    {
      "type": "Feature",
      "geometry": {
        "type": "Point",
        "coordinates": [
          -0.977127499349369,
          51.5965975052163
        ]
      },
      "properties": {
        "row_number": "49"
      }
    },
    {
      "type": "Feature",
      "geometry": {
        "type": "Point",
        "coordinates": [
          -0.977184663036489,
          51.5965703495524
        ]
      },
      "properties": {
        "row_number": "49"
      }
    },
    {
      "type": "Feature",
      "geometry": {
        "type": "Point",
        "coordinates": [
          -0.977243301508916,
          51.5965434468012
        ]
      },
      "properties": {
        "row_number": "49"
      }
    },
    {
      "type": "Feature",
      "geometry": {
        "type": "Point",
        "coordinates": [
          -0.977298912052425,
          51.5965170445629
        ]
      },
      "properties": {
        "row_number": "49"
      }
    },
    {
      "type": "Feature",
      "geometry": {
        "type": "Point",
        "coordinates": [
          -0.977358160150416,
          51.5964894551941
        ]
      },
      "properties": {
        "row_number": "49"
      }
    },
    {
      "type": "Feature",
      "geometry": {
        "type": "Point",
        "coordinates": [
          -0.977415424608807,
          51.5964626138214
        ]
      },
      "properties": {
        "row_number": "49"
      }
    },
    {
      "type": "Feature",
      "geometry": {
        "type": "Point",
        "coordinates": [
          -0.9774746616003,
          51.5964351080332
        ]
      },
      "properties": {
        "row_number": "49"
      }
    },
    {
      "type": "Feature",
      "geometry": {
        "type": "Point",
        "coordinates": [
          -0.977532378469912,
          51.5964079756002
        ]
      },
      "properties": {
        "row_number": "49"
      }
    },
    {
      "type": "Feature",
      "geometry": {
        "type": "Point",
        "coordinates": [
          -0.977588611493026,
          51.5963816679102
        ]
      },
      "properties": {
        "row_number": "49"
      }
    },
    {
      "type": "Feature",
      "geometry": {
        "type": "Point",
        "coordinates": [
          -0.977647106809707,
          51.5963541330245
        ]
      },
      "properties": {
        "row_number": "49"
      }
    },
    {
      "type": "Feature",
      "geometry": {
        "type": "Point",
        "coordinates": [
          -0.977703700483355,
          51.5963270500753
        ]
      },
      "properties": {
        "row_number": "49"
      }
    },
    {
      "type": "Feature",
      "geometry": {
        "type": "Point",
        "coordinates": [
          -0.977763424035527,
          51.59630022673
        ]
      },
      "properties": {
        "row_number": "49"
      }
    },
    {
      "type": "Feature",
      "geometry": {
        "type": "Point",
        "coordinates": [
          -0.977821496328516,
          51.596272936177
        ]
      },
      "properties": {
        "row_number": "49"
      }
    },
    {
      "type": "Feature",
      "geometry": {
        "type": "Point",
        "coordinates": [
          -0.977879057134081,
          51.5962456991986
        ]
      },
      "properties": {
        "row_number": "49"
      }
    },
    {
      "type": "Feature",
      "geometry": {
        "type": "Point",
        "coordinates": [
          -0.977936793094028,
          51.5962186416138
        ]
      },
      "properties": {
        "row_number": "49"
      }
    },
    {
      "type": "Feature",
      "geometry": {
        "type": "Point",
        "coordinates": [
          -0.97799405452661,
          51.5961913765796
        ]
      },
      "properties": {
        "row_number": "49"
      }
    },
    {
      "type": "Feature",
      "geometry": {
        "type": "Point",
        "coordinates": [
          -0.978051327229423,
          51.5961646531426
        ]
      },
      "properties": {
        "row_number": "49"
      }
    },
    {
      "type": "Feature",
      "geometry": {
        "type": "Point",
        "coordinates": [
          -0.978108788235476,
          51.5961373605752
        ]
      },
      "properties": {
        "row_number": "49"
      }
    },
    {
      "type": "Feature",
      "geometry": {
        "type": "Point",
        "coordinates": [
          -0.978166946893958,
          51.5961101847484
        ]
      },
      "properties": {
        "row_number": "49"
      }
    },
    {
      "type": "Feature",
      "geometry": {
        "type": "Point",
        "coordinates": [
          -0.978223550374891,
          51.5960829732298
        ]
      },
      "properties": {
        "row_number": "49"
      }
    },
    {
      "type": "Feature",
      "geometry": {
        "type": "Point",
        "coordinates": [
          -0.978281491578803,
          51.5960558244606
        ]
      },
      "properties": {
        "row_number": "49"
      }
    },
    {
      "type": "Feature",
      "geometry": {
        "type": "Point",
        "coordinates": [
          -0.978333271613111,
          51.5960321080934
        ]
      },
      "properties": {
        "row_number": "49"
      }
    },
    {
      "type": "Feature",
      "geometry": {
        "type": "LineString",
        "coordinates": [
          [
            -0.976968224902729,
            51.5966454458403
          ],
          [
            -0.977048197312275,
            51.5966076867336
          ],
          [
            -0.977107189646012,
            51.5965795538883
          ],
          [
            -0.977163906302442,
            51.5965536392188
          ],
          [
            -0.977221052003804,
            51.5965264906175
          ],
          [
            -0.977280109070476,
            51.596498858274
          ],
          [
            -0.977337623358142,
            51.5964717986035
          ],
          [
            -0.977394844359175,
            51.5964450995779
          ],
          [
            -0.977452916428518,
            51.5964175313089
          ],
          [
            -0.977508382399594,
            51.5963922268752
          ],
          [
            -0.977568896420075,
            51.5963640449637
          ],
          [
            -0.977626872821803,
            51.5963362696611
          ],
          [
            -0.977684366088668,
            51.596309534994
          ],
          [
            -0.977740916421584,
            51.5962829695827
          ],
          [
            -0.977797770911536,
            51.5962561475122
          ],
          [
            -0.977856261843326,
            51.5962286135665
          ],
          [
            -0.977914691062763,
            51.5962011411411
          ],
          [
            -0.977971409258445,
            51.5961744952801
          ],
          [
            -0.978028520589844,
            51.5961482735733
          ],
          [
            -0.978086113073618,
            51.5961215883787
          ],
          [
            -0.978145206129153,
            51.5960934943326
          ],
          [
            -0.97820317781595,
            51.5960663001877
          ],
          [
            -0.978261006175264,
            51.5960392879959
          ],
          [
            -0.978311844733256,
            51.5960158598929
          ]
        ]
      },
      "properties": {
        "row_number": "50"
      }
    },
    {
      "type": "Feature",
      "geometry": {
        "type": "Point",
        "coordinates": [
          -0.976968224902729,
          51.5966454458403
        ]
      },
      "properties": {
        "row_number": "50"
      }
    },
    {
      "type": "Feature",
      "geometry": {
        "type": "Point",
        "coordinates": [
          -0.977048197312275,
          51.5966076867336
        ]
      },
      "properties": {
        "row_number": "50"
      }
    },
    {
      "type": "Feature",
      "geometry": {
        "type": "Point",
        "coordinates": [
          -0.977107189646012,
          51.5965795538883
        ]
      },
      "properties": {
        "row_number": "50"
      }
    },
    {
      "type": "Feature",
      "geometry": {
        "type": "Point",
        "coordinates": [
          -0.977163906302442,
          51.5965536392188
        ]
      },
      "properties": {
        "row_number": "50"
      }
    },
    {
      "type": "Feature",
      "geometry": {
        "type": "Point",
        "coordinates": [
          -0.977221052003804,
          51.5965264906175
        ]
      },
      "properties": {
        "row_number": "50"
      }
    },
    {
      "type": "Feature",
      "geometry": {
        "type": "Point",
        "coordinates": [
          -0.977280109070476,
          51.596498858274
        ]
      },
      "properties": {
        "row_number": "50"
      }
    },
    {
      "type": "Feature",
      "geometry": {
        "type": "Point",
        "coordinates": [
          -0.977337623358142,
          51.5964717986035
        ]
      },
      "properties": {
        "row_number": "50"
      }
    },
    {
      "type": "Feature",
      "geometry": {
        "type": "Point",
        "coordinates": [
          -0.977394844359175,
          51.5964450995779
        ]
      },
      "properties": {
        "row_number": "50"
      }
    },
    {
      "type": "Feature",
      "geometry": {
        "type": "Point",
        "coordinates": [
          -0.977452916428518,
          51.5964175313089
        ]
      },
      "properties": {
        "row_number": "50"
      }
    },
    {
      "type": "Feature",
      "geometry": {
        "type": "Point",
        "coordinates": [
          -0.977508382399594,
          51.5963922268752
        ]
      },
      "properties": {
        "row_number": "50"
      }
    },
    {
      "type": "Feature",
      "geometry": {
        "type": "Point",
        "coordinates": [
          -0.977568896420075,
          51.5963640449637
        ]
      },
      "properties": {
        "row_number": "50"
      }
    },
    {
      "type": "Feature",
      "geometry": {
        "type": "Point",
        "coordinates": [
          -0.977626872821803,
          51.5963362696611
        ]
      },
      "properties": {
        "row_number": "50"
      }
    },
    {
      "type": "Feature",
      "geometry": {
        "type": "Point",
        "coordinates": [
          -0.977684366088668,
          51.596309534994
        ]
      },
      "properties": {
        "row_number": "50"
      }
    },
    {
      "type": "Feature",
      "geometry": {
        "type": "Point",
        "coordinates": [
          -0.977740916421584,
          51.5962829695827
        ]
      },
      "properties": {
        "row_number": "50"
      }
    },
    {
      "type": "Feature",
      "geometry": {
        "type": "Point",
        "coordinates": [
          -0.977797770911536,
          51.5962561475122
        ]
      },
      "properties": {
        "row_number": "50"
      }
    },
    {
      "type": "Feature",
      "geometry": {
        "type": "Point",
        "coordinates": [
          -0.977856261843326,
          51.5962286135665
        ]
      },
      "properties": {
        "row_number": "50"
      }
    },
    {
      "type": "Feature",
      "geometry": {
        "type": "Point",
        "coordinates": [
          -0.977914691062763,
          51.5962011411411
        ]
      },
      "properties": {
        "row_number": "50"
      }
    },
    {
      "type": "Feature",
      "geometry": {
        "type": "Point",
        "coordinates": [
          -0.977971409258445,
          51.5961744952801
        ]
      },
      "properties": {
        "row_number": "50"
      }
    },
    {
      "type": "Feature",
      "geometry": {
        "type": "Point",
        "coordinates": [
          -0.978028520589844,
          51.5961482735733
        ]
      },
      "properties": {
        "row_number": "50"
      }
    },
    {
      "type": "Feature",
      "geometry": {
        "type": "Point",
        "coordinates": [
          -0.978086113073618,
          51.5961215883787
        ]
      },
      "properties": {
        "row_number": "50"
      }
    },
    {
      "type": "Feature",
      "geometry": {
        "type": "Point",
        "coordinates": [
          -0.978145206129153,
          51.5960934943326
        ]
      },
      "properties": {
        "row_number": "50"
      }
    },
    {
      "type": "Feature",
      "geometry": {
        "type": "Point",
        "coordinates": [
          -0.97820317781595,
          51.5960663001877
        ]
      },
      "properties": {
        "row_number": "50"
      }
    },
    {
      "type": "Feature",
      "geometry": {
        "type": "Point",
        "coordinates": [
          -0.978261006175264,
          51.5960392879959
        ]
      },
      "properties": {
        "row_number": "50"
      }
    },
    {
      "type": "Feature",
      "geometry": {
        "type": "Point",
        "coordinates": [
          -0.978311844733256,
          51.5960158598929
        ]
      },
      "properties": {
        "row_number": "50"
      }
    },
    {
      "type": "Feature",
      "geometry": {
        "type": "LineString",
        "coordinates": [
          [
            -0.976952877845,
            51.5966254988433
          ],
          [
            -0.977028202343285,
            51.5965905249038
          ],
          [
            -0.977085996540252,
            51.5965638393252
          ],
          [
            -0.977143023456005,
            51.5965369734107
          ],
          [
            -0.977203403210099,
            51.5965088017193
          ],
          [
            -0.977259682277793,
            51.5964812776768
          ],
          [
            -0.977318049223938,
            51.5964544279281
          ],
          [
            -0.977375124425477,
            51.5964275531052
          ],
          [
            -0.977431294700681,
            51.5964017587311
          ],
          [
            -0.97748933875968,
            51.5963741810036
          ],
          [
            -0.977546469227361,
            51.596347443928
          ],
          [
            -0.977605938711758,
            51.5963192324414
          ],
          [
            -0.977664241549683,
            51.5962924473794
          ],
          [
            -0.97772190084595,
            51.5962647062427
          ],
          [
            -0.977779326607779,
            51.5962384377105
          ],
          [
            -0.977836496570887,
            51.5962115334355
          ],
          [
            -0.977894216214235,
            51.5961839316551
          ],
          [
            -0.977951272975046,
            51.596157780323
          ],
          [
            -0.978008221605924,
            51.5961304018116
          ],
          [
            -0.97806669923791,
            51.5961027311495
          ],
          [
            -0.97812514931216,
            51.5960755473327
          ],
          [
            -0.978182682659605,
            51.5960488500362
          ],
          [
            -0.97824042907335,
            51.5960222010213
          ],
          [
            -0.978289794178779,
            51.595999189312
          ]
        ]
      },
      "properties": {
        "row_number": "51"
      }
    },
    {
      "type": "Feature",
      "geometry": {
        "type": "Point",
        "coordinates": [
          -0.976952877845,
          51.5966254988433
        ]
      },
      "properties": {
        "row_number": "51"
      }
    },
    {
      "type": "Feature",
      "geometry": {
        "type": "Point",
        "coordinates": [
          -0.977028202343285,
          51.5965905249038
        ]
      },
      "properties": {
        "row_number": "51"
      }
    },
    {
      "type": "Feature",
      "geometry": {
        "type": "Point",
        "coordinates": [
          -0.977085996540252,
          51.5965638393252
        ]
      },
      "properties": {
        "row_number": "51"
      }
    },
    {
      "type": "Feature",
      "geometry": {
        "type": "Point",
        "coordinates": [
          -0.977143023456005,
          51.5965369734107
        ]
      },
      "properties": {
        "row_number": "51"
      }
    },
    {
      "type": "Feature",
      "geometry": {
        "type": "Point",
        "coordinates": [
          -0.977203403210099,
          51.5965088017193
        ]
      },
      "properties": {
        "row_number": "51"
      }
    },
    {
      "type": "Feature",
      "geometry": {
        "type": "Point",
        "coordinates": [
          -0.977259682277793,
          51.5964812776768
        ]
      },
      "properties": {
        "row_number": "51"
      }
    },
    {
      "type": "Feature",
      "geometry": {
        "type": "Point",
        "coordinates": [
          -0.977318049223938,
          51.5964544279281
        ]
      },
      "properties": {
        "row_number": "51"
      }
    },
    {
      "type": "Feature",
      "geometry": {
        "type": "Point",
        "coordinates": [
          -0.977375124425477,
          51.5964275531052
        ]
      },
      "properties": {
        "row_number": "51"
      }
    },
    {
      "type": "Feature",
      "geometry": {
        "type": "Point",
        "coordinates": [
          -0.977431294700681,
          51.5964017587311
        ]
      },
      "properties": {
        "row_number": "51"
      }
    },
    {
      "type": "Feature",
      "geometry": {
        "type": "Point",
        "coordinates": [
          -0.97748933875968,
          51.5963741810036
        ]
      },
      "properties": {
        "row_number": "51"
      }
    },
    {
      "type": "Feature",
      "geometry": {
        "type": "Point",
        "coordinates": [
          -0.977546469227361,
          51.596347443928
        ]
      },
      "properties": {
        "row_number": "51"
      }
    },
    {
      "type": "Feature",
      "geometry": {
        "type": "Point",
        "coordinates": [
          -0.977605938711758,
          51.5963192324414
        ]
      },
      "properties": {
        "row_number": "51"
      }
    },
    {
      "type": "Feature",
      "geometry": {
        "type": "Point",
        "coordinates": [
          -0.977664241549683,
          51.5962924473794
        ]
      },
      "properties": {
        "row_number": "51"
      }
    },
    {
      "type": "Feature",
      "geometry": {
        "type": "Point",
        "coordinates": [
          -0.97772190084595,
          51.5962647062427
        ]
      },
      "properties": {
        "row_number": "51"
      }
    },
    {
      "type": "Feature",
      "geometry": {
        "type": "Point",
        "coordinates": [
          -0.977779326607779,
          51.5962384377105
        ]
      },
      "properties": {
        "row_number": "51"
      }
    },
    {
      "type": "Feature",
      "geometry": {
        "type": "Point",
        "coordinates": [
          -0.977836496570887,
          51.5962115334355
        ]
      },
      "properties": {
        "row_number": "51"
      }
    },
    {
      "type": "Feature",
      "geometry": {
        "type": "Point",
        "coordinates": [
          -0.977894216214235,
          51.5961839316551
        ]
      },
      "properties": {
        "row_number": "51"
      }
    },
    {
      "type": "Feature",
      "geometry": {
        "type": "Point",
        "coordinates": [
          -0.977951272975046,
          51.596157780323
        ]
      },
      "properties": {
        "row_number": "51"
      }
    },
    {
      "type": "Feature",
      "geometry": {
        "type": "Point",
        "coordinates": [
          -0.978008221605924,
          51.5961304018116
        ]
      },
      "properties": {
        "row_number": "51"
      }
    },
    {
      "type": "Feature",
      "geometry": {
        "type": "Point",
        "coordinates": [
          -0.97806669923791,
          51.5961027311495
        ]
      },
      "properties": {
        "row_number": "51"
      }
    },
    {
      "type": "Feature",
      "geometry": {
        "type": "Point",
        "coordinates": [
          -0.97812514931216,
          51.5960755473327
        ]
      },
      "properties": {
        "row_number": "51"
      }
    },
    {
      "type": "Feature",
      "geometry": {
        "type": "Point",
        "coordinates": [
          -0.978182682659605,
          51.5960488500362
        ]
      },
      "properties": {
        "row_number": "51"
      }
    },
    {
      "type": "Feature",
      "geometry": {
        "type": "Point",
        "coordinates": [
          -0.97824042907335,
          51.5960222010213
        ]
      },
      "properties": {
        "row_number": "51"
      }
    },
    {
      "type": "Feature",
      "geometry": {
        "type": "Point",
        "coordinates": [
          -0.978289794178779,
          51.595999189312
        ]
      },
      "properties": {
        "row_number": "51"
      }
    },
    {
      "type": "Feature",
      "geometry": {
        "type": "LineString",
        "coordinates": [
          [
            -0.976938308186498,
            51.5966054696234
          ],
          [
            -0.977008474445101,
            51.5965725230273
          ],
          [
            -0.977065678605898,
            51.5965456377047
          ],
          [
            -0.977121172256935,
            51.5965195092222
          ],
          [
            -0.977179519025801,
            51.5964921288807
          ],
          [
            -0.977238426044507,
            51.5964647504901
          ],
          [
            -0.977296802880533,
            51.5964375702107
          ],
          [
            -0.977353955768879,
            51.5964104760804
          ],
          [
            -0.977412347032769,
            51.5963830609069
          ],
          [
            -0.977467373669803,
            51.5963574868598
          ],
          [
            -0.977525509011577,
            51.5963298878285
          ],
          [
            -0.977585101838682,
            51.5963019481148
          ],
          [
            -0.977642383703841,
            51.5962749001361
          ],
          [
            -0.977699403559034,
            51.5962482027992
          ],
          [
            -0.977757196818687,
            51.5962210292853
          ],
          [
            -0.977814496942843,
            51.5961941478045
          ],
          [
            -0.977873239959624,
            51.5961667103713
          ],
          [
            -0.97793147287354,
            51.5961400106351
          ],
          [
            -0.977989599593133,
            51.5961124990815
          ],
          [
            -0.978047003046737,
            51.5960858730446
          ],
          [
            -0.978105653336187,
            51.5960585010109
          ],
          [
            -0.978161833843228,
            51.5960320495117
          ],
          [
            -0.978220024804109,
            51.596004500445
          ],
          [
            -0.978267855660732,
            51.5959818679968
          ]
        ]
      },
      "properties": {
        "row_number": "52"
      }
    },
    {
      "type": "Feature",
      "geometry": {
        "type": "Point",
        "coordinates": [
          -0.976938308186498,
          51.5966054696234
        ]
      },
      "properties": {
        "row_number": "52"
      }
    },
    {
      "type": "Feature",
      "geometry": {
        "type": "Point",
        "coordinates": [
          -0.977008474445101,
          51.5965725230273
        ]
      },
      "properties": {
        "row_number": "52"
      }
    },
    {
      "type": "Feature",
      "geometry": {
        "type": "Point",
        "coordinates": [
          -0.977065678605898,
          51.5965456377047
        ]
      },
      "properties": {
        "row_number": "52"
      }
    },
    {
      "type": "Feature",
      "geometry": {
        "type": "Point",
        "coordinates": [
          -0.977121172256935,
          51.5965195092222
        ]
      },
      "properties": {
        "row_number": "52"
      }
    },
    {
      "type": "Feature",
      "geometry": {
        "type": "Point",
        "coordinates": [
          -0.977179519025801,
          51.5964921288807
        ]
      },
      "properties": {
        "row_number": "52"
      }
    },
    {
      "type": "Feature",
      "geometry": {
        "type": "Point",
        "coordinates": [
          -0.977238426044507,
          51.5964647504901
        ]
      },
      "properties": {
        "row_number": "52"
      }
    },
    {
      "type": "Feature",
      "geometry": {
        "type": "Point",
        "coordinates": [
          -0.977296802880533,
          51.5964375702107
        ]
      },
      "properties": {
        "row_number": "52"
      }
    },
    {
      "type": "Feature",
      "geometry": {
        "type": "Point",
        "coordinates": [
          -0.977353955768879,
          51.5964104760804
        ]
      },
      "properties": {
        "row_number": "52"
      }
    },
    {
      "type": "Feature",
      "geometry": {
        "type": "Point",
        "coordinates": [
          -0.977412347032769,
          51.5963830609069
        ]
      },
      "properties": {
        "row_number": "52"
      }
    },
    {
      "type": "Feature",
      "geometry": {
        "type": "Point",
        "coordinates": [
          -0.977467373669803,
          51.5963574868598
        ]
      },
      "properties": {
        "row_number": "52"
      }
    },
    {
      "type": "Feature",
      "geometry": {
        "type": "Point",
        "coordinates": [
          -0.977525509011577,
          51.5963298878285
        ]
      },
      "properties": {
        "row_number": "52"
      }
    },
    {
      "type": "Feature",
      "geometry": {
        "type": "Point",
        "coordinates": [
          -0.977585101838682,
          51.5963019481148
        ]
      },
      "properties": {
        "row_number": "52"
      }
    },
    {
      "type": "Feature",
      "geometry": {
        "type": "Point",
        "coordinates": [
          -0.977642383703841,
          51.5962749001361
        ]
      },
      "properties": {
        "row_number": "52"
      }
    },
    {
      "type": "Feature",
      "geometry": {
        "type": "Point",
        "coordinates": [
          -0.977699403559034,
          51.5962482027992
        ]
      },
      "properties": {
        "row_number": "52"
      }
    },
    {
      "type": "Feature",
      "geometry": {
        "type": "Point",
        "coordinates": [
          -0.977757196818687,
          51.5962210292853
        ]
      },
      "properties": {
        "row_number": "52"
      }
    },
    {
      "type": "Feature",
      "geometry": {
        "type": "Point",
        "coordinates": [
          -0.977814496942843,
          51.5961941478045
        ]
      },
      "properties": {
        "row_number": "52"
      }
    },
    {
      "type": "Feature",
      "geometry": {
        "type": "Point",
        "coordinates": [
          -0.977873239959624,
          51.5961667103713
        ]
      },
      "properties": {
        "row_number": "52"
      }
    },
    {
      "type": "Feature",
      "geometry": {
        "type": "Point",
        "coordinates": [
          -0.97793147287354,
          51.5961400106351
        ]
      },
      "properties": {
        "row_number": "52"
      }
    },
    {
      "type": "Feature",
      "geometry": {
        "type": "Point",
        "coordinates": [
          -0.977989599593133,
          51.5961124990815
        ]
      },
      "properties": {
        "row_number": "52"
      }
    },
    {
      "type": "Feature",
      "geometry": {
        "type": "Point",
        "coordinates": [
          -0.978047003046737,
          51.5960858730446
        ]
      },
      "properties": {
        "row_number": "52"
      }
    },
    {
      "type": "Feature",
      "geometry": {
        "type": "Point",
        "coordinates": [
          -0.978105653336187,
          51.5960585010109
        ]
      },
      "properties": {
        "row_number": "52"
      }
    },
    {
      "type": "Feature",
      "geometry": {
        "type": "Point",
        "coordinates": [
          -0.978161833843228,
          51.5960320495117
        ]
      },
      "properties": {
        "row_number": "52"
      }
    },
    {
      "type": "Feature",
      "geometry": {
        "type": "Point",
        "coordinates": [
          -0.978220024804109,
          51.596004500445
        ]
      },
      "properties": {
        "row_number": "52"
      }
    },
    {
      "type": "Feature",
      "geometry": {
        "type": "Point",
        "coordinates": [
          -0.978267855660732,
          51.5959818679968
        ]
      },
      "properties": {
        "row_number": "52"
      }
    },
    {
      "type": "Feature",
      "geometry": {
        "type": "LineString",
        "coordinates": [
          [
            -0.976922757909151,
            51.5965864314675
          ],
          [
            -0.976986923675725,
            51.5965559412666
          ],
          [
            -0.977046223518769,
            51.5965287627772
          ],
          [
            -0.977102372991031,
            51.5965016670143
          ],
          [
            -0.977159831642519,
            51.5964748815639
          ],
          [
            -0.977217163953378,
            51.5964471345229
          ],
          [
            -0.977276289484964,
            51.5964197970378
          ],
          [
            -0.977334666725179,
            51.596392707538
          ],
          [
            -0.977390983121058,
            51.5963659474797
          ],
          [
            -0.977448818715306,
            51.5963383824927
          ],
          [
            -0.977504715989168,
            51.5963127742549
          ],
          [
            -0.977565438163082,
            51.5962840213604
          ],
          [
            -0.977621436235318,
            51.5962583310244
          ],
          [
            -0.977679227153678,
            51.5962310057783
          ],
          [
            -0.977737698678457,
            51.5962029615821
          ],
          [
            -0.97779492532611,
            51.5961763193442
          ],
          [
            -0.97785238240182,
            51.5961490907817
          ],
          [
            -0.977910625961445,
            51.5961220956883
          ],
          [
            -0.977967577277162,
            51.5960958840931
          ],
          [
            -0.978025356982364,
            51.5960686294651
          ],
          [
            -0.978082646968567,
            51.5960415822212
          ],
          [
            -0.978140848401016,
            51.596014350899
          ],
          [
            -0.978197074567214,
            51.5959876718825
          ],
          [
            -0.978246889829357,
            51.5959641968064
          ]
        ]
      },
      "properties": {
        "row_number": "53"
      }
    },
    {
      "type": "Feature",
      "geometry": {
        "type": "Point",
        "coordinates": [
          -0.976922757909151,
          51.5965864314675
        ]
      },
      "properties": {
        "row_number": "53"
      }
    },
    {
      "type": "Feature",
      "geometry": {
        "type": "Point",
        "coordinates": [
          -0.976986923675725,
          51.5965559412666
        ]
      },
      "properties": {
        "row_number": "53"
      }
    },
    {
      "type": "Feature",
      "geometry": {
        "type": "Point",
        "coordinates": [
          -0.977046223518769,
          51.5965287627772
        ]
      },
      "properties": {
        "row_number": "53"
      }
    },
    {
      "type": "Feature",
      "geometry": {
        "type": "Point",
        "coordinates": [
          -0.977102372991031,
          51.5965016670143
        ]
      },
      "properties": {
        "row_number": "53"
      }
    },
    {
      "type": "Feature",
      "geometry": {
        "type": "Point",
        "coordinates": [
          -0.977159831642519,
          51.5964748815639
        ]
      },
      "properties": {
        "row_number": "53"
      }
    },
    {
      "type": "Feature",
      "geometry": {
        "type": "Point",
        "coordinates": [
          -0.977217163953378,
          51.5964471345229
        ]
      },
      "properties": {
        "row_number": "53"
      }
    },
    {
      "type": "Feature",
      "geometry": {
        "type": "Point",
        "coordinates": [
          -0.977276289484964,
          51.5964197970378
        ]
      },
      "properties": {
        "row_number": "53"
      }
    },
    {
      "type": "Feature",
      "geometry": {
        "type": "Point",
        "coordinates": [
          -0.977334666725179,
          51.596392707538
        ]
      },
      "properties": {
        "row_number": "53"
      }
    },
    {
      "type": "Feature",
      "geometry": {
        "type": "Point",
        "coordinates": [
          -0.977390983121058,
          51.5963659474797
        ]
      },
      "properties": {
        "row_number": "53"
      }
    },
    {
      "type": "Feature",
      "geometry": {
        "type": "Point",
        "coordinates": [
          -0.977448818715306,
          51.5963383824927
        ]
      },
      "properties": {
        "row_number": "53"
      }
    },
    {
      "type": "Feature",
      "geometry": {
        "type": "Point",
        "coordinates": [
          -0.977504715989168,
          51.5963127742549
        ]
      },
      "properties": {
        "row_number": "53"
      }
    },
    {
      "type": "Feature",
      "geometry": {
        "type": "Point",
        "coordinates": [
          -0.977565438163082,
          51.5962840213604
        ]
      },
      "properties": {
        "row_number": "53"
      }
    },
    {
      "type": "Feature",
      "geometry": {
        "type": "Point",
        "coordinates": [
          -0.977621436235318,
          51.5962583310244
        ]
      },
      "properties": {
        "row_number": "53"
      }
    },
    {
      "type": "Feature",
      "geometry": {
        "type": "Point",
        "coordinates": [
          -0.977679227153678,
          51.5962310057783
        ]
      },
      "properties": {
        "row_number": "53"
      }
    },
    {
      "type": "Feature",
      "geometry": {
        "type": "Point",
        "coordinates": [
          -0.977737698678457,
          51.5962029615821
        ]
      },
      "properties": {
        "row_number": "53"
      }
    },
    {
      "type": "Feature",
      "geometry": {
        "type": "Point",
        "coordinates": [
          -0.97779492532611,
          51.5961763193442
        ]
      },
      "properties": {
        "row_number": "53"
      }
    },
    {
      "type": "Feature",
      "geometry": {
        "type": "Point",
        "coordinates": [
          -0.97785238240182,
          51.5961490907817
        ]
      },
      "properties": {
        "row_number": "53"
      }
    },
    {
      "type": "Feature",
      "geometry": {
        "type": "Point",
        "coordinates": [
          -0.977910625961445,
          51.5961220956883
        ]
      },
      "properties": {
        "row_number": "53"
      }
    },
    {
      "type": "Feature",
      "geometry": {
        "type": "Point",
        "coordinates": [
          -0.977967577277162,
          51.5960958840931
        ]
      },
      "properties": {
        "row_number": "53"
      }
    },
    {
      "type": "Feature",
      "geometry": {
        "type": "Point",
        "coordinates": [
          -0.978025356982364,
          51.5960686294651
        ]
      },
      "properties": {
        "row_number": "53"
      }
    },
    {
      "type": "Feature",
      "geometry": {
        "type": "Point",
        "coordinates": [
          -0.978082646968567,
          51.5960415822212
        ]
      },
      "properties": {
        "row_number": "53"
      }
    },
    {
      "type": "Feature",
      "geometry": {
        "type": "Point",
        "coordinates": [
          -0.978140848401016,
          51.596014350899
        ]
      },
      "properties": {
        "row_number": "53"
      }
    },
    {
      "type": "Feature",
      "geometry": {
        "type": "Point",
        "coordinates": [
          -0.978197074567214,
          51.5959876718825
        ]
      },
      "properties": {
        "row_number": "53"
      }
    },
    {
      "type": "Feature",
      "geometry": {
        "type": "Point",
        "coordinates": [
          -0.978246889829357,
          51.5959641968064
        ]
      },
      "properties": {
        "row_number": "53"
      }
    },
    {
      "type": "Feature",
      "geometry": {
        "type": "LineString",
        "coordinates": [
          [
            -0.976920713104945,
            51.5965596000882
          ],
          [
            -0.976966187815453,
            51.5965381669969
          ],
          [
            -0.977022554802288,
            51.596511631669
          ],
          [
            -0.977081744028318,
            51.5964835153338
          ],
          [
            -0.977138987239569,
            51.5964573496599
          ],
          [
            -0.977197392355252,
            51.5964300076593
          ],
          [
            -0.977253841709148,
            51.5964035349273
          ],
          [
            -0.977311379118612,
            51.596376729928
          ],
          [
            -0.977370567660164,
            51.5963491689455
          ],
          [
            -0.977429201987426,
            51.5963219281456
          ],
          [
            -0.977485382415127,
            51.5962959944325
          ],
          [
            -0.977544932676534,
            51.5962676422471
          ],
          [
            -0.97760236107966,
            51.5962404517398
          ],
          [
            -0.977659225880135,
            51.5962137292318
          ],
          [
            -0.977717615304247,
            51.5961861639059
          ],
          [
            -0.977773245898295,
            51.5961606169404
          ],
          [
            -0.977832033126202,
            51.5961329323418
          ],
          [
            -0.977889153797348,
            51.5961057327284
          ],
          [
            -0.977946827547989,
            51.5960782071672
          ],
          [
            -0.978004698866939,
            51.5960515159309
          ],
          [
            -0.978063964200837,
            51.5960241183939
          ],
          [
            -0.978120406156254,
            51.5959975694193
          ],
          [
            -0.978178006948765,
            51.5959701149308
          ],
          [
            -0.978226829000261,
            51.5959471280078
          ]
        ]
      },
      "properties": {
        "row_number": "54"
      }
    },
    {
      "type": "Feature",
      "geometry": {
        "type": "Point",
        "coordinates": [
          -0.976920713104945,
          51.5965596000882
        ]
      },
      "properties": {
        "row_number": "54"
      }
    },
    {
      "type": "Feature",
      "geometry": {
        "type": "Point",
        "coordinates": [
          -0.976966187815453,
          51.5965381669969
        ]
      },
      "properties": {
        "row_number": "54"
      }
    },
    {
      "type": "Feature",
      "geometry": {
        "type": "Point",
        "coordinates": [
          -0.977022554802288,
          51.596511631669
        ]
      },
      "properties": {
        "row_number": "54"
      }
    },
    {
      "type": "Feature",
      "geometry": {
        "type": "Point",
        "coordinates": [
          -0.977081744028318,
          51.5964835153338
        ]
      },
      "properties": {
        "row_number": "54"
      }
    },
    {
      "type": "Feature",
      "geometry": {
        "type": "Point",
        "coordinates": [
          -0.977138987239569,
          51.5964573496599
        ]
      },
      "properties": {
        "row_number": "54"
      }
    },
    {
      "type": "Feature",
      "geometry": {
        "type": "Point",
        "coordinates": [
          -0.977197392355252,
          51.5964300076593
        ]
      },
      "properties": {
        "row_number": "54"
      }
    },
    {
      "type": "Feature",
      "geometry": {
        "type": "Point",
        "coordinates": [
          -0.977253841709148,
          51.5964035349273
        ]
      },
      "properties": {
        "row_number": "54"
      }
    },
    {
      "type": "Feature",
      "geometry": {
        "type": "Point",
        "coordinates": [
          -0.977311379118612,
          51.596376729928
        ]
      },
      "properties": {
        "row_number": "54"
      }
    },
    {
      "type": "Feature",
      "geometry": {
        "type": "Point",
        "coordinates": [
          -0.977370567660164,
          51.5963491689455
        ]
      },
      "properties": {
        "row_number": "54"
      }
    },
    {
      "type": "Feature",
      "geometry": {
        "type": "Point",
        "coordinates": [
          -0.977429201987426,
          51.5963219281456
        ]
      },
      "properties": {
        "row_number": "54"
      }
    },
    {
      "type": "Feature",
      "geometry": {
        "type": "Point",
        "coordinates": [
          -0.977485382415127,
          51.5962959944325
        ]
      },
      "properties": {
        "row_number": "54"
      }
    },
    {
      "type": "Feature",
      "geometry": {
        "type": "Point",
        "coordinates": [
          -0.977544932676534,
          51.5962676422471
        ]
      },
      "properties": {
        "row_number": "54"
      }
    },
    {
      "type": "Feature",
      "geometry": {
        "type": "Point",
        "coordinates": [
          -0.97760236107966,
          51.5962404517398
        ]
      },
      "properties": {
        "row_number": "54"
      }
    },
    {
      "type": "Feature",
      "geometry": {
        "type": "Point",
        "coordinates": [
          -0.977659225880135,
          51.5962137292318
        ]
      },
      "properties": {
        "row_number": "54"
      }
    },
    {
      "type": "Feature",
      "geometry": {
        "type": "Point",
        "coordinates": [
          -0.977717615304247,
          51.5961861639059
        ]
      },
      "properties": {
        "row_number": "54"
      }
    },
    {
      "type": "Feature",
      "geometry": {
        "type": "Point",
        "coordinates": [
          -0.977773245898295,
          51.5961606169404
        ]
      },
      "properties": {
        "row_number": "54"
      }
    },
    {
      "type": "Feature",
      "geometry": {
        "type": "Point",
        "coordinates": [
          -0.977832033126202,
          51.5961329323418
        ]
      },
      "properties": {
        "row_number": "54"
      }
    },
    {
      "type": "Feature",
      "geometry": {
        "type": "Point",
        "coordinates": [
          -0.977889153797348,
          51.5961057327284
        ]
      },
      "properties": {
        "row_number": "54"
      }
    },
    {
      "type": "Feature",
      "geometry": {
        "type": "Point",
        "coordinates": [
          -0.977946827547989,
          51.5960782071672
        ]
      },
      "properties": {
        "row_number": "54"
      }
    },
    {
      "type": "Feature",
      "geometry": {
        "type": "Point",
        "coordinates": [
          -0.978004698866939,
          51.5960515159309
        ]
      },
      "properties": {
        "row_number": "54"
      }
    },
    {
      "type": "Feature",
      "geometry": {
        "type": "Point",
        "coordinates": [
          -0.978063964200837,
          51.5960241183939
        ]
      },
      "properties": {
        "row_number": "54"
      }
    },
    {
      "type": "Feature",
      "geometry": {
        "type": "Point",
        "coordinates": [
          -0.978120406156254,
          51.5959975694193
        ]
      },
      "properties": {
        "row_number": "54"
      }
    },
    {
      "type": "Feature",
      "geometry": {
        "type": "Point",
        "coordinates": [
          -0.978178006948765,
          51.5959701149308
        ]
      },
      "properties": {
        "row_number": "54"
      }
    },
    {
      "type": "Feature",
      "geometry": {
        "type": "Point",
        "coordinates": [
          -0.978226829000261,
          51.5959471280078
        ]
      },
      "properties": {
        "row_number": "54"
      }
    },
    {
      "type": "Feature",
      "geometry": {
        "type": "LineString",
        "coordinates": [
          [
            -0.97691847047853,
            51.5965329777668
          ],
          [
            -0.976950518874026,
            51.5965181675882
          ],
          [
            -0.977003896450828,
            51.5964928106203
          ],
          [
            -0.97706002430535,
            51.5964668612809
          ],
          [
            -0.977118854284348,
            51.596439853366
          ],
          [
            -0.977176575297258,
            51.5964126151958
          ],
          [
            -0.97723535999046,
            51.5963856503998
          ],
          [
            -0.977292567550086,
            51.5963587043179
          ],
          [
            -0.977349049151161,
            51.5963316223645
          ],
          [
            -0.977408453740959,
            51.5963047390104
          ],
          [
            -0.977465553017386,
            51.5962775098419
          ],
          [
            -0.977523380656657,
            51.5962506104895
          ],
          [
            -0.977580690579224,
            51.5962231080754
          ],
          [
            -0.977638748312757,
            51.5961961615715
          ],
          [
            -0.977696493035102,
            51.596169018964
          ],
          [
            -0.977752020326084,
            51.5961435757863
          ],
          [
            -0.97781078644818,
            51.5961153190269
          ],
          [
            -0.977868604444862,
            51.5960884455556
          ],
          [
            -0.977926522807585,
            51.5960615180761
          ],
          [
            -0.977984513562553,
            51.596034278011
          ],
          [
            -0.978042420343624,
            51.5960072758907
          ],
          [
            -0.978097413985213,
            51.5959809288284
          ],
          [
            -0.978155936887055,
            51.5959532390229
          ],
          [
            -0.978207521739493,
            51.5959290826352
          ]
        ]
      },
      "properties": {
        "row_number": "55"
      }
    },
    {
      "type": "Feature",
      "geometry": {
        "type": "Point",
        "coordinates": [
          -0.97691847047853,
          51.5965329777668
        ]
      },
      "properties": {
        "row_number": "55"
      }
    },
    {
      "type": "Feature",
      "geometry": {
        "type": "Point",
        "coordinates": [
          -0.976950518874026,
          51.5965181675882
        ]
      },
      "properties": {
        "row_number": "55"
      }
    },
    {
      "type": "Feature",
      "geometry": {
        "type": "Point",
        "coordinates": [
          -0.977003896450828,
          51.5964928106203
        ]
      },
      "properties": {
        "row_number": "55"
      }
    },
    {
      "type": "Feature",
      "geometry": {
        "type": "Point",
        "coordinates": [
          -0.97706002430535,
          51.5964668612809
        ]
      },
      "properties": {
        "row_number": "55"
      }
    },
    {
      "type": "Feature",
      "geometry": {
        "type": "Point",
        "coordinates": [
          -0.977118854284348,
          51.596439853366
        ]
      },
      "properties": {
        "row_number": "55"
      }
    },
    {
      "type": "Feature",
      "geometry": {
        "type": "Point",
        "coordinates": [
          -0.977176575297258,
          51.5964126151958
        ]
      },
      "properties": {
        "row_number": "55"
      }
    },
    {
      "type": "Feature",
      "geometry": {
        "type": "Point",
        "coordinates": [
          -0.97723535999046,
          51.5963856503998
        ]
      },
      "properties": {
        "row_number": "55"
      }
    },
    {
      "type": "Feature",
      "geometry": {
        "type": "Point",
        "coordinates": [
          -0.977292567550086,
          51.5963587043179
        ]
      },
      "properties": {
        "row_number": "55"
      }
    },
    {
      "type": "Feature",
      "geometry": {
        "type": "Point",
        "coordinates": [
          -0.977349049151161,
          51.5963316223645
        ]
      },
      "properties": {
        "row_number": "55"
      }
    },
    {
      "type": "Feature",
      "geometry": {
        "type": "Point",
        "coordinates": [
          -0.977408453740959,
          51.5963047390104
        ]
      },
      "properties": {
        "row_number": "55"
      }
    },
    {
      "type": "Feature",
      "geometry": {
        "type": "Point",
        "coordinates": [
          -0.977465553017386,
          51.5962775098419
        ]
      },
      "properties": {
        "row_number": "55"
      }
    },
    {
      "type": "Feature",
      "geometry": {
        "type": "Point",
        "coordinates": [
          -0.977523380656657,
          51.5962506104895
        ]
      },
      "properties": {
        "row_number": "55"
      }
    },
    {
      "type": "Feature",
      "geometry": {
        "type": "Point",
        "coordinates": [
          -0.977580690579224,
          51.5962231080754
        ]
      },
      "properties": {
        "row_number": "55"
      }
    },
    {
      "type": "Feature",
      "geometry": {
        "type": "Point",
        "coordinates": [
          -0.977638748312757,
          51.5961961615715
        ]
      },
      "properties": {
        "row_number": "55"
      }
    },
    {
      "type": "Feature",
      "geometry": {
        "type": "Point",
        "coordinates": [
          -0.977696493035102,
          51.596169018964
        ]
      },
      "properties": {
        "row_number": "55"
      }
    },
    {
      "type": "Feature",
      "geometry": {
        "type": "Point",
        "coordinates": [
          -0.977752020326084,
          51.5961435757863
        ]
      },
      "properties": {
        "row_number": "55"
      }
    },
    {
      "type": "Feature",
      "geometry": {
        "type": "Point",
        "coordinates": [
          -0.97781078644818,
          51.5961153190269
        ]
      },
      "properties": {
        "row_number": "55"
      }
    },
    {
      "type": "Feature",
      "geometry": {
        "type": "Point",
        "coordinates": [
          -0.977868604444862,
          51.5960884455556
        ]
      },
      "properties": {
        "row_number": "55"
      }
    },
    {
      "type": "Feature",
      "geometry": {
        "type": "Point",
        "coordinates": [
          -0.977926522807585,
          51.5960615180761
        ]
      },
      "properties": {
        "row_number": "55"
      }
    },
    {
      "type": "Feature",
      "geometry": {
        "type": "Point",
        "coordinates": [
          -0.977984513562553,
          51.596034278011
        ]
      },
      "properties": {
        "row_number": "55"
      }
    },
    {
      "type": "Feature",
      "geometry": {
        "type": "Point",
        "coordinates": [
          -0.978042420343624,
          51.5960072758907
        ]
      },
      "properties": {
        "row_number": "55"
      }
    },
    {
      "type": "Feature",
      "geometry": {
        "type": "Point",
        "coordinates": [
          -0.978097413985213,
          51.5959809288284
        ]
      },
      "properties": {
        "row_number": "55"
      }
    },
    {
      "type": "Feature",
      "geometry": {
        "type": "Point",
        "coordinates": [
          -0.978155936887055,
          51.5959532390229
        ]
      },
      "properties": {
        "row_number": "55"
      }
    },
    {
      "type": "Feature",
      "geometry": {
        "type": "Point",
        "coordinates": [
          -0.978207521739493,
          51.5959290826352
        ]
      },
      "properties": {
        "row_number": "55"
      }
    },
    {
      "type": "Feature",
      "geometry": {
        "type": "LineString",
        "coordinates": [
          [
            -0.976918959387658,
            51.5965061243297
          ],
          [
            -0.976982873265667,
            51.596476039243
          ],
          [
            -0.977039034687193,
            51.5964495839976
          ],
          [
            -0.97709733023414,
            51.5964222225416
          ],
          [
            -0.977156115056292,
            51.5963949148982
          ],
          [
            -0.977213499566107,
            51.5963679554451
          ],
          [
            -0.977270239391613,
            51.5963414062686
          ],
          [
            -0.977327284295033,
            51.5963148881395
          ],
          [
            -0.977386156219045,
            51.5962874317582
          ],
          [
            -0.977441708456296,
            51.5962613985094
          ],
          [
            -0.977501211434599,
            51.5962332574968
          ],
          [
            -0.97755793745465,
            51.5962067510491
          ],
          [
            -0.977617590492219,
            51.5961783853757
          ],
          [
            -0.977675510957169,
            51.5961517855274
          ],
          [
            -0.977732122749161,
            51.5961251839339
          ],
          [
            -0.977790790591442,
            51.5960979160054
          ],
          [
            -0.977846184844956,
            51.5960719058785
          ],
          [
            -0.977903580656263,
            51.5960444070271
          ],
          [
            -0.977962711830213,
            51.5960171592686
          ],
          [
            -0.978021124468476,
            51.595989393496
          ],
          [
            -0.978078245741077,
            51.5959625016096
          ],
          [
            -0.97813554244067,
            51.5959360771288
          ],
          [
            -0.978184976142434,
            51.5959124680716
          ]
        ]
      },
      "properties": {
        "row_number": "56"
      }
    },
    {
      "type": "Feature",
      "geometry": {
        "type": "Point",
        "coordinates": [
          -0.976918959387658,
          51.5965061243297
        ]
      },
      "properties": {
        "row_number": "56"
      }
    },
    {
      "type": "Feature",
      "geometry": {
        "type": "Point",
        "coordinates": [
          -0.976982873265667,
          51.596476039243
        ]
      },
      "properties": {
        "row_number": "56"
      }
    },
    {
      "type": "Feature",
      "geometry": {
        "type": "Point",
        "coordinates": [
          -0.977039034687193,
          51.5964495839976
        ]
      },
      "properties": {
        "row_number": "56"
      }
    },
    {
      "type": "Feature",
      "geometry": {
        "type": "Point",
        "coordinates": [
          -0.97709733023414,
          51.5964222225416
        ]
      },
      "properties": {
        "row_number": "56"
      }
    },
    {
      "type": "Feature",
      "geometry": {
        "type": "Point",
        "coordinates": [
          -0.977156115056292,
          51.5963949148982
        ]
      },
      "properties": {
        "row_number": "56"
      }
    },
    {
      "type": "Feature",
      "geometry": {
        "type": "Point",
        "coordinates": [
          -0.977213499566107,
          51.5963679554451
        ]
      },
      "properties": {
        "row_number": "56"
      }
    },
    {
      "type": "Feature",
      "geometry": {
        "type": "Point",
        "coordinates": [
          -0.977270239391613,
          51.5963414062686
        ]
      },
      "properties": {
        "row_number": "56"
      }
    },
    {
      "type": "Feature",
      "geometry": {
        "type": "Point",
        "coordinates": [
          -0.977327284295033,
          51.5963148881395
        ]
      },
      "properties": {
        "row_number": "56"
      }
    },
    {
      "type": "Feature",
      "geometry": {
        "type": "Point",
        "coordinates": [
          -0.977386156219045,
          51.5962874317582
        ]
      },
      "properties": {
        "row_number": "56"
      }
    },
    {
      "type": "Feature",
      "geometry": {
        "type": "Point",
        "coordinates": [
          -0.977441708456296,
          51.5962613985094
        ]
      },
      "properties": {
        "row_number": "56"
      }
    },
    {
      "type": "Feature",
      "geometry": {
        "type": "Point",
        "coordinates": [
          -0.977501211434599,
          51.5962332574968
        ]
      },
      "properties": {
        "row_number": "56"
      }
    },
    {
      "type": "Feature",
      "geometry": {
        "type": "Point",
        "coordinates": [
          -0.97755793745465,
          51.5962067510491
        ]
      },
      "properties": {
        "row_number": "56"
      }
    },
    {
      "type": "Feature",
      "geometry": {
        "type": "Point",
        "coordinates": [
          -0.977617590492219,
          51.5961783853757
        ]
      },
      "properties": {
        "row_number": "56"
      }
    },
    {
      "type": "Feature",
      "geometry": {
        "type": "Point",
        "coordinates": [
          -0.977675510957169,
          51.5961517855274
        ]
      },
      "properties": {
        "row_number": "56"
      }
    },
    {
      "type": "Feature",
      "geometry": {
        "type": "Point",
        "coordinates": [
          -0.977732122749161,
          51.5961251839339
        ]
      },
      "properties": {
        "row_number": "56"
      }
    },
    {
      "type": "Feature",
      "geometry": {
        "type": "Point",
        "coordinates": [
          -0.977790790591442,
          51.5960979160054
        ]
      },
      "properties": {
        "row_number": "56"
      }
    },
    {
      "type": "Feature",
      "geometry": {
        "type": "Point",
        "coordinates": [
          -0.977846184844956,
          51.5960719058785
        ]
      },
      "properties": {
        "row_number": "56"
      }
    },
    {
      "type": "Feature",
      "geometry": {
        "type": "Point",
        "coordinates": [
          -0.977903580656263,
          51.5960444070271
        ]
      },
      "properties": {
        "row_number": "56"
      }
    },
    {
      "type": "Feature",
      "geometry": {
        "type": "Point",
        "coordinates": [
          -0.977962711830213,
          51.5960171592686
        ]
      },
      "properties": {
        "row_number": "56"
      }
    },
    {
      "type": "Feature",
      "geometry": {
        "type": "Point",
        "coordinates": [
          -0.978021124468476,
          51.595989393496
        ]
      },
      "properties": {
        "row_number": "56"
      }
    },
    {
      "type": "Feature",
      "geometry": {
        "type": "Point",
        "coordinates": [
          -0.978078245741077,
          51.5959625016096
        ]
      },
      "properties": {
        "row_number": "56"
      }
    },
    {
      "type": "Feature",
      "geometry": {
        "type": "Point",
        "coordinates": [
          -0.97813554244067,
          51.5959360771288
        ]
      },
      "properties": {
        "row_number": "56"
      }
    },
    {
      "type": "Feature",
      "geometry": {
        "type": "Point",
        "coordinates": [
          -0.978184976142434,
          51.5959124680716
        ]
      },
      "properties": {
        "row_number": "56"
      }
    },
    {
      "type": "Feature",
      "geometry": {
        "type": "LineString",
        "coordinates": [
          [
            -0.976917173542992,
            51.5964807054667
          ],
          [
            -0.976963239111958,
            51.5964589713298
          ],
          [
            -0.977016467764769,
            51.5964331537113
          ],
          [
            -0.977076673780463,
            51.5964052569635
          ],
          [
            -0.977136119033676,
            51.5963778661354
          ],
          [
            -0.9771927071517,
            51.596351503801
          ],
          [
            -0.977250745835681,
            51.5963246456657
          ],
          [
            -0.977307665715039,
            51.5962972098347
          ],
          [
            -0.97736403403862,
            51.5962697393856
          ],
          [
            -0.977422524383594,
            51.5962436315126
          ],
          [
            -0.977481126554212,
            51.5962155014235
          ],
          [
            -0.977537903262897,
            51.5961895052448
          ],
          [
            -0.977594998087715,
            51.5961620943583
          ],
          [
            -0.977654344556801,
            51.59613449716
          ],
          [
            -0.977712733641282,
            51.5961084166911
          ],
          [
            -0.977769302298829,
            51.5960816442623
          ],
          [
            -0.977826260147393,
            51.5960536781644
          ],
          [
            -0.977883867199972,
            51.5960268580069
          ],
          [
            -0.977942575971606,
            51.5959998076034
          ],
          [
            -0.978001339136773,
            51.5959725285422
          ],
          [
            -0.978056413163176,
            51.5959467115582
          ],
          [
            -0.978115021823979,
            51.5959187107272
          ],
          [
            -0.978166912793269,
            51.5958946497288
          ]
        ]
      },
      "properties": {
        "row_number": "57"
      }
    },
    {
      "type": "Feature",
      "geometry": {
        "type": "Point",
        "coordinates": [
          -0.976917173542992,
          51.5964807054667
        ]
      },
      "properties": {
        "row_number": "57"
      }
    },
    {
      "type": "Feature",
      "geometry": {
        "type": "Point",
        "coordinates": [
          -0.976963239111958,
          51.5964589713298
        ]
      },
      "properties": {
        "row_number": "57"
      }
    },
    {
      "type": "Feature",
      "geometry": {
        "type": "Point",
        "coordinates": [
          -0.977016467764769,
          51.5964331537113
        ]
      },
      "properties": {
        "row_number": "57"
      }
    },
    {
      "type": "Feature",
      "geometry": {
        "type": "Point",
        "coordinates": [
          -0.977076673780463,
          51.5964052569635
        ]
      },
      "properties": {
        "row_number": "57"
      }
    },
    {
      "type": "Feature",
      "geometry": {
        "type": "Point",
        "coordinates": [
          -0.977136119033676,
          51.5963778661354
        ]
      },
      "properties": {
        "row_number": "57"
      }
    },
    {
      "type": "Feature",
      "geometry": {
        "type": "Point",
        "coordinates": [
          -0.9771927071517,
          51.596351503801
        ]
      },
      "properties": {
        "row_number": "57"
      }
    },
    {
      "type": "Feature",
      "geometry": {
        "type": "Point",
        "coordinates": [
          -0.977250745835681,
          51.5963246456657
        ]
      },
      "properties": {
        "row_number": "57"
      }
    },
    {
      "type": "Feature",
      "geometry": {
        "type": "Point",
        "coordinates": [
          -0.977307665715039,
          51.5962972098347
        ]
      },
      "properties": {
        "row_number": "57"
      }
    },
    {
      "type": "Feature",
      "geometry": {
        "type": "Point",
        "coordinates": [
          -0.97736403403862,
          51.5962697393856
        ]
      },
      "properties": {
        "row_number": "57"
      }
    },
    {
      "type": "Feature",
      "geometry": {
        "type": "Point",
        "coordinates": [
          -0.977422524383594,
          51.5962436315126
        ]
      },
      "properties": {
        "row_number": "57"
      }
    },
    {
      "type": "Feature",
      "geometry": {
        "type": "Point",
        "coordinates": [
          -0.977481126554212,
          51.5962155014235
        ]
      },
      "properties": {
        "row_number": "57"
      }
    },
    {
      "type": "Feature",
      "geometry": {
        "type": "Point",
        "coordinates": [
          -0.977537903262897,
          51.5961895052448
        ]
      },
      "properties": {
        "row_number": "57"
      }
    },
    {
      "type": "Feature",
      "geometry": {
        "type": "Point",
        "coordinates": [
          -0.977594998087715,
          51.5961620943583
        ]
      },
      "properties": {
        "row_number": "57"
      }
    },
    {
      "type": "Feature",
      "geometry": {
        "type": "Point",
        "coordinates": [
          -0.977654344556801,
          51.59613449716
        ]
      },
      "properties": {
        "row_number": "57"
      }
    },
    {
      "type": "Feature",
      "geometry": {
        "type": "Point",
        "coordinates": [
          -0.977712733641282,
          51.5961084166911
        ]
      },
      "properties": {
        "row_number": "57"
      }
    },
    {
      "type": "Feature",
      "geometry": {
        "type": "Point",
        "coordinates": [
          -0.977769302298829,
          51.5960816442623
        ]
      },
      "properties": {
        "row_number": "57"
      }
    },
    {
      "type": "Feature",
      "geometry": {
        "type": "Point",
        "coordinates": [
          -0.977826260147393,
          51.5960536781644
        ]
      },
      "properties": {
        "row_number": "57"
      }
    },
    {
      "type": "Feature",
      "geometry": {
        "type": "Point",
        "coordinates": [
          -0.977883867199972,
          51.5960268580069
        ]
      },
      "properties": {
        "row_number": "57"
      }
    },
    {
      "type": "Feature",
      "geometry": {
        "type": "Point",
        "coordinates": [
          -0.977942575971606,
          51.5959998076034
        ]
      },
      "properties": {
        "row_number": "57"
      }
    },
    {
      "type": "Feature",
      "geometry": {
        "type": "Point",
        "coordinates": [
          -0.978001339136773,
          51.5959725285422
        ]
      },
      "properties": {
        "row_number": "57"
      }
    },
    {
      "type": "Feature",
      "geometry": {
        "type": "Point",
        "coordinates": [
          -0.978056413163176,
          51.5959467115582
        ]
      },
      "properties": {
        "row_number": "57"
      }
    },
    {
      "type": "Feature",
      "geometry": {
        "type": "Point",
        "coordinates": [
          -0.978115021823979,
          51.5959187107272
        ]
      },
      "properties": {
        "row_number": "57"
      }
    },
    {
      "type": "Feature",
      "geometry": {
        "type": "Point",
        "coordinates": [
          -0.978166912793269,
          51.5958946497288
        ]
      },
      "properties": {
        "row_number": "57"
      }
    },
    {
      "type": "Feature",
      "geometry": {
        "type": "LineString",
        "coordinates": [
          [
            -0.976918711737043,
            51.5964522482879
          ],
          [
            -0.976997687839144,
            51.5964151796904
          ],
          [
            -0.977055745277374,
            51.5963884029934
          ],
          [
            -0.97711416118621,
            51.5963612684504
          ],
          [
            -0.977171887157809,
            51.5963339727717
          ],
          [
            -0.977229276587599,
            51.5963076548695
          ],
          [
            -0.977287519719256,
            51.5962806832985
          ],
          [
            -0.977344765658251,
            51.5962530392362
          ],
          [
            -0.977403610586661,
            51.5962253453589
          ],
          [
            -0.977460736009143,
            51.5961989549997
          ],
          [
            -0.977517714870841,
            51.5961721637512
          ],
          [
            -0.977575365739995,
            51.5961447742238
          ],
          [
            -0.977633002200163,
            51.5961179870618
          ],
          [
            -0.977691377859784,
            51.5960908972848
          ],
          [
            -0.977748438501362,
            51.5960638456167
          ],
          [
            -0.977805330716858,
            51.5960367882748
          ],
          [
            -0.977862547867506,
            51.5960101612
          ],
          [
            -0.977921383250527,
            51.5959827446748
          ],
          [
            -0.977980056897575,
            51.5959549125929
          ],
          [
            -0.978036133919672,
            51.5959287388078
          ],
          [
            -0.978093218040268,
            51.5959012934926
          ],
          [
            -0.978143401305968,
            51.5958781491536
          ]
        ]
      },
      "properties": {
        "row_number": "58"
      }
    },
    {
      "type": "Feature",
      "geometry": {
        "type": "Point",
        "coordinates": [
          -0.976918711737043,
          51.5964522482879
        ]
      },
      "properties": {
        "row_number": "58"
      }
    },
    {
      "type": "Feature",
      "geometry": {
        "type": "Point",
        "coordinates": [
          -0.976997687839144,
          51.5964151796904
        ]
      },
      "properties": {
        "row_number": "58"
      }
    },
    {
      "type": "Feature",
      "geometry": {
        "type": "Point",
        "coordinates": [
          -0.977055745277374,
          51.5963884029934
        ]
      },
      "properties": {
        "row_number": "58"
      }
    },
    {
      "type": "Feature",
      "geometry": {
        "type": "Point",
        "coordinates": [
          -0.97711416118621,
          51.5963612684504
        ]
      },
      "properties": {
        "row_number": "58"
      }
    },
    {
      "type": "Feature",
      "geometry": {
        "type": "Point",
        "coordinates": [
          -0.977171887157809,
          51.5963339727717
        ]
      },
      "properties": {
        "row_number": "58"
      }
    },
    {
      "type": "Feature",
      "geometry": {
        "type": "Point",
        "coordinates": [
          -0.977229276587599,
          51.5963076548695
        ]
      },
      "properties": {
        "row_number": "58"
      }
    },
    {
      "type": "Feature",
      "geometry": {
        "type": "Point",
        "coordinates": [
          -0.977287519719256,
          51.5962806832985
        ]
      },
      "properties": {
        "row_number": "58"
      }
    },
    {
      "type": "Feature",
      "geometry": {
        "type": "Point",
        "coordinates": [
          -0.977344765658251,
          51.5962530392362
        ]
      },
      "properties": {
        "row_number": "58"
      }
    },
    {
      "type": "Feature",
      "geometry": {
        "type": "Point",
        "coordinates": [
          -0.977403610586661,
          51.5962253453589
        ]
      },
      "properties": {
        "row_number": "58"
      }
    },
    {
      "type": "Feature",
      "geometry": {
        "type": "Point",
        "coordinates": [
          -0.977460736009143,
          51.5961989549997
        ]
      },
      "properties": {
        "row_number": "58"
      }
    },
    {
      "type": "Feature",
      "geometry": {
        "type": "Point",
        "coordinates": [
          -0.977517714870841,
          51.5961721637512
        ]
      },
      "properties": {
        "row_number": "58"
      }
    },
    {
      "type": "Feature",
      "geometry": {
        "type": "Point",
        "coordinates": [
          -0.977575365739995,
          51.5961447742238
        ]
      },
      "properties": {
        "row_number": "58"
      }
    },
    {
      "type": "Feature",
      "geometry": {
        "type": "Point",
        "coordinates": [
          -0.977633002200163,
          51.5961179870618
        ]
      },
      "properties": {
        "row_number": "58"
      }
    },
    {
      "type": "Feature",
      "geometry": {
        "type": "Point",
        "coordinates": [
          -0.977691377859784,
          51.5960908972848
        ]
      },
      "properties": {
        "row_number": "58"
      }
    },
    {
      "type": "Feature",
      "geometry": {
        "type": "Point",
        "coordinates": [
          -0.977748438501362,
          51.5960638456167
        ]
      },
      "properties": {
        "row_number": "58"
      }
    },
    {
      "type": "Feature",
      "geometry": {
        "type": "Point",
        "coordinates": [
          -0.977805330716858,
          51.5960367882748
        ]
      },
      "properties": {
        "row_number": "58"
      }
    },
    {
      "type": "Feature",
      "geometry": {
        "type": "Point",
        "coordinates": [
          -0.977862547867506,
          51.5960101612
        ]
      },
      "properties": {
        "row_number": "58"
      }
    },
    {
      "type": "Feature",
      "geometry": {
        "type": "Point",
        "coordinates": [
          -0.977921383250527,
          51.5959827446748
        ]
      },
      "properties": {
        "row_number": "58"
      }
    },
    {
      "type": "Feature",
      "geometry": {
        "type": "Point",
        "coordinates": [
          -0.977980056897575,
          51.5959549125929
        ]
      },
      "properties": {
        "row_number": "58"
      }
    },
    {
      "type": "Feature",
      "geometry": {
        "type": "Point",
        "coordinates": [
          -0.978036133919672,
          51.5959287388078
        ]
      },
      "properties": {
        "row_number": "58"
      }
    },
    {
      "type": "Feature",
      "geometry": {
        "type": "Point",
        "coordinates": [
          -0.978093218040268,
          51.5959012934926
        ]
      },
      "properties": {
        "row_number": "58"
      }
    },
    {
      "type": "Feature",
      "geometry": {
        "type": "Point",
        "coordinates": [
          -0.978143401305968,
          51.5958781491536
        ]
      },
      "properties": {
        "row_number": "58"
      }
    },
    {
      "type": "Feature",
      "geometry": {
        "type": "LineString",
        "coordinates": [
          [
            -0.976916650003746,
            51.5964267131675
          ],
          [
            -0.976977925449449,
            51.5963979162034
          ],
          [
            -0.977036309423907,
            51.596370367595
          ],
          [
            -0.977092455213958,
            51.5963436774102
          ],
          [
            -0.977150803710552,
            51.5963163223866
          ],
          [
            -0.977208695532053,
            51.5962897882847
          ],
          [
            -0.977266707846214,
            51.596262175451
          ],
          [
            -0.97732369327666,
            51.5962359171159
          ],
          [
            -0.977381218166284,
            51.5962087076554
          ],
          [
            -0.977439378070271,
            51.5961816538342
          ],
          [
            -0.977497474186648,
            51.5961541007382
          ],
          [
            -0.977555680031716,
            51.5961273888298
          ],
          [
            -0.977610719789213,
            51.596100946298
          ],
          [
            -0.977669339991097,
            51.596073754226
          ],
          [
            -0.977727945649464,
            51.5960466777432
          ],
          [
            -0.977784077159918,
            51.5960200914222
          ],
          [
            -0.97784216984007,
            51.595992391763
          ],
          [
            -0.977900339180456,
            51.5959653244957
          ],
          [
            -0.977957710201471,
            51.5959384937089
          ],
          [
            -0.978015386658828,
            51.5959111576846
          ],
          [
            -0.978072811253187,
            51.5958840240454
          ],
          [
            -0.978125178691072,
            51.5958594568444
          ]
        ]
      },
      "properties": {
        "row_number": "59"
      }
    },
    {
      "type": "Feature",
      "geometry": {
        "type": "Point",
        "coordinates": [
          -0.976916650003746,
          51.5964267131675
        ]
      },
      "properties": {
        "row_number": "59"
      }
    },
    {
      "type": "Feature",
      "geometry": {
        "type": "Point",
        "coordinates": [
          -0.976977925449449,
          51.5963979162034
        ]
      },
      "properties": {
        "row_number": "59"
      }
    },
    {
      "type": "Feature",
      "geometry": {
        "type": "Point",
        "coordinates": [
          -0.977036309423907,
          51.596370367595
        ]
      },
      "properties": {
        "row_number": "59"
      }
    },
    {
      "type": "Feature",
      "geometry": {
        "type": "Point",
        "coordinates": [
          -0.977092455213958,
          51.5963436774102
        ]
      },
      "properties": {
        "row_number": "59"
      }
    },
    {
      "type": "Feature",
      "geometry": {
        "type": "Point",
        "coordinates": [
          -0.977150803710552,
          51.5963163223866
        ]
      },
      "properties": {
        "row_number": "59"
      }
    },
    {
      "type": "Feature",
      "geometry": {
        "type": "Point",
        "coordinates": [
          -0.977208695532053,
          51.5962897882847
        ]
      },
      "properties": {
        "row_number": "59"
      }
    },
    {
      "type": "Feature",
      "geometry": {
        "type": "Point",
        "coordinates": [
          -0.977266707846214,
          51.596262175451
        ]
      },
      "properties": {
        "row_number": "59"
      }
    },
    {
      "type": "Feature",
      "geometry": {
        "type": "Point",
        "coordinates": [
          -0.97732369327666,
          51.5962359171159
        ]
      },
      "properties": {
        "row_number": "59"
      }
    },
    {
      "type": "Feature",
      "geometry": {
        "type": "Point",
        "coordinates": [
          -0.977381218166284,
          51.5962087076554
        ]
      },
      "properties": {
        "row_number": "59"
      }
    },
    {
      "type": "Feature",
      "geometry": {
        "type": "Point",
        "coordinates": [
          -0.977439378070271,
          51.5961816538342
        ]
      },
      "properties": {
        "row_number": "59"
      }
    },
    {
      "type": "Feature",
      "geometry": {
        "type": "Point",
        "coordinates": [
          -0.977497474186648,
          51.5961541007382
        ]
      },
      "properties": {
        "row_number": "59"
      }
    },
    {
      "type": "Feature",
      "geometry": {
        "type": "Point",
        "coordinates": [
          -0.977555680031716,
          51.5961273888298
        ]
      },
      "properties": {
        "row_number": "59"
      }
    },
    {
      "type": "Feature",
      "geometry": {
        "type": "Point",
        "coordinates": [
          -0.977610719789213,
          51.596100946298
        ]
      },
      "properties": {
        "row_number": "59"
      }
    },
    {
      "type": "Feature",
      "geometry": {
        "type": "Point",
        "coordinates": [
          -0.977669339991097,
          51.596073754226
        ]
      },
      "properties": {
        "row_number": "59"
      }
    },
    {
      "type": "Feature",
      "geometry": {
        "type": "Point",
        "coordinates": [
          -0.977727945649464,
          51.5960466777432
        ]
      },
      "properties": {
        "row_number": "59"
      }
    },
    {
      "type": "Feature",
      "geometry": {
        "type": "Point",
        "coordinates": [
          -0.977784077159918,
          51.5960200914222
        ]
      },
      "properties": {
        "row_number": "59"
      }
    },
    {
      "type": "Feature",
      "geometry": {
        "type": "Point",
        "coordinates": [
          -0.97784216984007,
          51.595992391763
        ]
      },
      "properties": {
        "row_number": "59"
      }
    },
    {
      "type": "Feature",
      "geometry": {
        "type": "Point",
        "coordinates": [
          -0.977900339180456,
          51.5959653244957
        ]
      },
      "properties": {
        "row_number": "59"
      }
    },
    {
      "type": "Feature",
      "geometry": {
        "type": "Point",
        "coordinates": [
          -0.977957710201471,
          51.5959384937089
        ]
      },
      "properties": {
        "row_number": "59"
      }
    },
    {
      "type": "Feature",
      "geometry": {
        "type": "Point",
        "coordinates": [
          -0.978015386658828,
          51.5959111576846
        ]
      },
      "properties": {
        "row_number": "59"
      }
    },
    {
      "type": "Feature",
      "geometry": {
        "type": "Point",
        "coordinates": [
          -0.978072811253187,
          51.5958840240454
        ]
      },
      "properties": {
        "row_number": "59"
      }
    },
    {
      "type": "Feature",
      "geometry": {
        "type": "Point",
        "coordinates": [
          -0.978125178691072,
          51.5958594568444
        ]
      },
      "properties": {
        "row_number": "59"
      }
    },
    {
      "type": "Feature",
      "geometry": {
        "type": "LineString",
        "coordinates": [
          [
            -0.976914919261324,
            51.5963999649782
          ],
          [
            -0.976955150335902,
            51.5963811041492
          ],
          [
            -0.977013941532399,
            51.5963538573135
          ],
          [
            -0.977072143867129,
            51.5963265110692
          ],
          [
            -0.977128359748482,
            51.5962995713628
          ],
          [
            -0.977188009768006,
            51.5962717878805
          ],
          [
            -0.977243936319721,
            51.5962458115949
          ],
          [
            -0.977301086057974,
            51.5962186782303
          ],
          [
            -0.977359203953823,
            51.5961914864644
          ],
          [
            -0.977417953872859,
            51.5961642694338
          ],
          [
            -0.977476402737067,
            51.5961368723352
          ],
          [
            -0.977534144988802,
            51.5961099184949
          ],
          [
            -0.977591325116337,
            51.5960834572639
          ],
          [
            -0.977649133222786,
            51.5960561509844
          ],
          [
            -0.977705937770749,
            51.5960297227659
          ],
          [
            -0.97776429052195,
            51.5960020808693
          ],
          [
            -0.977879483575073,
            51.595947884436
          ],
          [
            -0.977937360717539,
            51.5959209264739
          ],
          [
            -0.977994378937279,
            51.5958934452296
          ],
          [
            -0.978051706754008,
            51.5958663181459
          ],
          [
            -0.978102067454967,
            51.595843095683
          ]
        ]
      },
      "properties": {
        "row_number": "60"
      }
    },
    {
      "type": "Feature",
      "geometry": {
        "type": "Point",
        "coordinates": [
          -0.976914919261324,
          51.5963999649782
        ]
      },
      "properties": {
        "row_number": "60"
      }
    },
    {
      "type": "Feature",
      "geometry": {
        "type": "Point",
        "coordinates": [
          -0.976955150335902,
          51.5963811041492
        ]
      },
      "properties": {
        "row_number": "60"
      }
    },
    {
      "type": "Feature",
      "geometry": {
        "type": "Point",
        "coordinates": [
          -0.977013941532399,
          51.5963538573135
        ]
      },
      "properties": {
        "row_number": "60"
      }
    },
    {
      "type": "Feature",
      "geometry": {
        "type": "Point",
        "coordinates": [
          -0.977072143867129,
          51.5963265110692
        ]
      },
      "properties": {
        "row_number": "60"
      }
    },
    {
      "type": "Feature",
      "geometry": {
        "type": "Point",
        "coordinates": [
          -0.977128359748482,
          51.5962995713628
        ]
      },
      "properties": {
        "row_number": "60"
      }
    },
    {
      "type": "Feature",
      "geometry": {
        "type": "Point",
        "coordinates": [
          -0.977188009768006,
          51.5962717878805
        ]
      },
      "properties": {
        "row_number": "60"
      }
    },
    {
      "type": "Feature",
      "geometry": {
        "type": "Point",
        "coordinates": [
          -0.977243936319721,
          51.5962458115949
        ]
      },
      "properties": {
        "row_number": "60"
      }
    },
    {
      "type": "Feature",
      "geometry": {
        "type": "Point",
        "coordinates": [
          -0.977301086057974,
          51.5962186782303
        ]
      },
      "properties": {
        "row_number": "60"
      }
    },
    {
      "type": "Feature",
      "geometry": {
        "type": "Point",
        "coordinates": [
          -0.977359203953823,
          51.5961914864644
        ]
      },
      "properties": {
        "row_number": "60"
      }
    },
    {
      "type": "Feature",
      "geometry": {
        "type": "Point",
        "coordinates": [
          -0.977417953872859,
          51.5961642694338
        ]
      },
      "properties": {
        "row_number": "60"
      }
    },
    {
      "type": "Feature",
      "geometry": {
        "type": "Point",
        "coordinates": [
          -0.977476402737067,
          51.5961368723352
        ]
      },
      "properties": {
        "row_number": "60"
      }
    },
    {
      "type": "Feature",
      "geometry": {
        "type": "Point",
        "coordinates": [
          -0.977534144988802,
          51.5961099184949
        ]
      },
      "properties": {
        "row_number": "60"
      }
    },
    {
      "type": "Feature",
      "geometry": {
        "type": "Point",
        "coordinates": [
          -0.977591325116337,
          51.5960834572639
        ]
      },
      "properties": {
        "row_number": "60"
      }
    },
    {
      "type": "Feature",
      "geometry": {
        "type": "Point",
        "coordinates": [
          -0.977649133222786,
          51.5960561509844
        ]
      },
      "properties": {
        "row_number": "60"
      }
    },
    {
      "type": "Feature",
      "geometry": {
        "type": "Point",
        "coordinates": [
          -0.977705937770749,
          51.5960297227659
        ]
      },
      "properties": {
        "row_number": "60"
      }
    },
    {
      "type": "Feature",
      "geometry": {
        "type": "Point",
        "coordinates": [
          -0.97776429052195,
          51.5960020808693
        ]
      },
      "properties": {
        "row_number": "60"
      }
    },
    {
      "type": "Feature",
      "geometry": {
        "type": "Point",
        "coordinates": [
          -0.977879483575073,
          51.595947884436
        ]
      },
      "properties": {
        "row_number": "60"
      }
    },
    {
      "type": "Feature",
      "geometry": {
        "type": "Point",
        "coordinates": [
          -0.977937360717539,
          51.5959209264739
        ]
      },
      "properties": {
        "row_number": "60"
      }
    },
    {
      "type": "Feature",
      "geometry": {
        "type": "Point",
        "coordinates": [
          -0.977994378937279,
          51.5958934452296
        ]
      },
      "properties": {
        "row_number": "60"
      }
    },
    {
      "type": "Feature",
      "geometry": {
        "type": "Point",
        "coordinates": [
          -0.978051706754008,
          51.5958663181459
        ]
      },
      "properties": {
        "row_number": "60"
      }
    },
    {
      "type": "Feature",
      "geometry": {
        "type": "Point",
        "coordinates": [
          -0.978102067454967,
          51.595843095683
        ]
      },
      "properties": {
        "row_number": "60"
      }
    },
    {
      "type": "Feature",
      "geometry": {
        "type": "LineString",
        "coordinates": [
          [
            -0.976912901590048,
            51.5963744103956
          ],
          [
            -0.976994845475569,
            51.5963353278118
          ],
          [
            -0.977051757889321,
            51.5963091056756
          ],
          [
            -0.977108647147887,
            51.5962815460694
          ],
          [
            -0.977166463574181,
            51.5962551023134
          ],
          [
            -0.977223843629056,
            51.5962283526051
          ],
          [
            -0.977282232348176,
            51.5962008736534
          ],
          [
            -0.97733937417141,
            51.5961736217298
          ],
          [
            -0.977398403820845,
            51.5961457642981
          ],
          [
            -0.977453361041119,
            51.5961206109108
          ],
          [
            -0.977513072468556,
            51.5960928329932
          ],
          [
            -0.977570298394897,
            51.5960654634106
          ],
          [
            -0.97762845584575,
            51.5960389820074
          ],
          [
            -0.977685570320113,
            51.5960119721135
          ],
          [
            -0.977741000126062,
            51.5959856901863
          ],
          [
            -0.977799539788037,
            51.5959575988511
          ],
          [
            -0.977858059988959,
            51.5959306659669
          ],
          [
            -0.977915752749539,
            51.5959028766647
          ],
          [
            -0.977973379583132,
            51.5958762743823
          ],
          [
            -0.978031451174886,
            51.5958491986914
          ],
          [
            -0.978078877744102,
            51.5958266599342
          ]
        ]
      },
      "properties": {
        "row_number": "61"
      }
    },
    {
      "type": "Feature",
      "geometry": {
        "type": "Point",
        "coordinates": [
          -0.976912901590048,
          51.5963744103956
        ]
      },
      "properties": {
        "row_number": "61"
      }
    },
    {
      "type": "Feature",
      "geometry": {
        "type": "Point",
        "coordinates": [
          -0.976994845475569,
          51.5963353278118
        ]
      },
      "properties": {
        "row_number": "61"
      }
    },
    {
      "type": "Feature",
      "geometry": {
        "type": "Point",
        "coordinates": [
          -0.977051757889321,
          51.5963091056756
        ]
      },
      "properties": {
        "row_number": "61"
      }
    },
    {
      "type": "Feature",
      "geometry": {
        "type": "Point",
        "coordinates": [
          -0.977108647147887,
          51.5962815460694
        ]
      },
      "properties": {
        "row_number": "61"
      }
    },
    {
      "type": "Feature",
      "geometry": {
        "type": "Point",
        "coordinates": [
          -0.977166463574181,
          51.5962551023134
        ]
      },
      "properties": {
        "row_number": "61"
      }
    },
    {
      "type": "Feature",
      "geometry": {
        "type": "Point",
        "coordinates": [
          -0.977223843629056,
          51.5962283526051
        ]
      },
      "properties": {
        "row_number": "61"
      }
    },
    {
      "type": "Feature",
      "geometry": {
        "type": "Point",
        "coordinates": [
          -0.977282232348176,
          51.5962008736534
        ]
      },
      "properties": {
        "row_number": "61"
      }
    },
    {
      "type": "Feature",
      "geometry": {
        "type": "Point",
        "coordinates": [
          -0.97733937417141,
          51.5961736217298
        ]
      },
      "properties": {
        "row_number": "61"
      }
    },
    {
      "type": "Feature",
      "geometry": {
        "type": "Point",
        "coordinates": [
          -0.977398403820845,
          51.5961457642981
        ]
      },
      "properties": {
        "row_number": "61"
      }
    },
    {
      "type": "Feature",
      "geometry": {
        "type": "Point",
        "coordinates": [
          -0.977453361041119,
          51.5961206109108
        ]
      },
      "properties": {
        "row_number": "61"
      }
    },
    {
      "type": "Feature",
      "geometry": {
        "type": "Point",
        "coordinates": [
          -0.977513072468556,
          51.5960928329932
        ]
      },
      "properties": {
        "row_number": "61"
      }
    },
    {
      "type": "Feature",
      "geometry": {
        "type": "Point",
        "coordinates": [
          -0.977570298394897,
          51.5960654634106
        ]
      },
      "properties": {
        "row_number": "61"
      }
    },
    {
      "type": "Feature",
      "geometry": {
        "type": "Point",
        "coordinates": [
          -0.97762845584575,
          51.5960389820074
        ]
      },
      "properties": {
        "row_number": "61"
      }
    },
    {
      "type": "Feature",
      "geometry": {
        "type": "Point",
        "coordinates": [
          -0.977685570320113,
          51.5960119721135
        ]
      },
      "properties": {
        "row_number": "61"
      }
    },
    {
      "type": "Feature",
      "geometry": {
        "type": "Point",
        "coordinates": [
          -0.977741000126062,
          51.5959856901863
        ]
      },
      "properties": {
        "row_number": "61"
      }
    },
    {
      "type": "Feature",
      "geometry": {
        "type": "Point",
        "coordinates": [
          -0.977799539788037,
          51.5959575988511
        ]
      },
      "properties": {
        "row_number": "61"
      }
    },
    {
      "type": "Feature",
      "geometry": {
        "type": "Point",
        "coordinates": [
          -0.977858059988959,
          51.5959306659669
        ]
      },
      "properties": {
        "row_number": "61"
      }
    },
    {
      "type": "Feature",
      "geometry": {
        "type": "Point",
        "coordinates": [
          -0.977915752749539,
          51.5959028766647
        ]
      },
      "properties": {
        "row_number": "61"
      }
    },
    {
      "type": "Feature",
      "geometry": {
        "type": "Point",
        "coordinates": [
          -0.977973379583132,
          51.5958762743823
        ]
      },
      "properties": {
        "row_number": "61"
      }
    },
    {
      "type": "Feature",
      "geometry": {
        "type": "Point",
        "coordinates": [
          -0.978031451174886,
          51.5958491986914
        ]
      },
      "properties": {
        "row_number": "61"
      }
    },
    {
      "type": "Feature",
      "geometry": {
        "type": "Point",
        "coordinates": [
          -0.978078877744102,
          51.5958266599342
        ]
      },
      "properties": {
        "row_number": "61"
      }
    },
    {
      "type": "Feature",
      "geometry": {
        "type": "LineString",
        "coordinates": [
          [
            -0.976912882594641,
            51.5963470284427
          ],
          [
            -0.976972250939596,
            51.5963191497255
          ],
          [
            -0.977029493644802,
            51.5962925496214
          ],
          [
            -0.977087358543017,
            51.5962654811826
          ],
          [
            -0.97714310875378,
            51.596239680167
          ],
          [
            -0.977205724312069,
            51.5962105689659
          ],
          [
            -0.977320221490987,
            51.5961566604913
          ],
          [
            -0.977376599344031,
            51.5961296658222
          ],
          [
            -0.977435278022996,
            51.5961026664989
          ],
          [
            -0.977492855478369,
            51.5960762561649
          ],
          [
            -0.977550186862105,
            51.5960495919769
          ],
          [
            -0.977606999540004,
            51.5960226254723
          ],
          [
            -0.977664639879786,
            51.5959957341996
          ],
          [
            -0.977722339949802,
            51.59596796563
          ],
          [
            -0.977779591374897,
            51.595941542491
          ],
          [
            -0.977838316320561,
            51.595913732323
          ],
          [
            -0.977894740318655,
            51.5958870933289
          ],
          [
            -0.977954086555544,
            51.5958594291803
          ],
          [
            -0.978010217049686,
            51.595833028251
          ],
          [
            -0.978059164210128,
            51.5958095703103
          ]
        ]
      },
      "properties": {
        "row_number": "62"
      }
    },
    {
      "type": "Feature",
      "geometry": {
        "type": "Point",
        "coordinates": [
          -0.976912882594641,
          51.5963470284427
        ]
      },
      "properties": {
        "row_number": "62"
      }
    },
    {
      "type": "Feature",
      "geometry": {
        "type": "Point",
        "coordinates": [
          -0.976972250939596,
          51.5963191497255
        ]
      },
      "properties": {
        "row_number": "62"
      }
    },
    {
      "type": "Feature",
      "geometry": {
        "type": "Point",
        "coordinates": [
          -0.977029493644802,
          51.5962925496214
        ]
      },
      "properties": {
        "row_number": "62"
      }
    },
    {
      "type": "Feature",
      "geometry": {
        "type": "Point",
        "coordinates": [
          -0.977087358543017,
          51.5962654811826
        ]
      },
      "properties": {
        "row_number": "62"
      }
    },
    {
      "type": "Feature",
      "geometry": {
        "type": "Point",
        "coordinates": [
          -0.97714310875378,
          51.596239680167
        ]
      },
      "properties": {
        "row_number": "62"
      }
    },
    {
      "type": "Feature",
      "geometry": {
        "type": "Point",
        "coordinates": [
          -0.977205724312069,
          51.5962105689659
        ]
      },
      "properties": {
        "row_number": "62"
      }
    },
    {
      "type": "Feature",
      "geometry": {
        "type": "Point",
        "coordinates": [
          -0.977320221490987,
          51.5961566604913
        ]
      },
      "properties": {
        "row_number": "62"
      }
    },
    {
      "type": "Feature",
      "geometry": {
        "type": "Point",
        "coordinates": [
          -0.977376599344031,
          51.5961296658222
        ]
      },
      "properties": {
        "row_number": "62"
      }
    },
    {
      "type": "Feature",
      "geometry": {
        "type": "Point",
        "coordinates": [
          -0.977435278022996,
          51.5961026664989
        ]
      },
      "properties": {
        "row_number": "62"
      }
    },
    {
      "type": "Feature",
      "geometry": {
        "type": "Point",
        "coordinates": [
          -0.977492855478369,
          51.5960762561649
        ]
      },
      "properties": {
        "row_number": "62"
      }
    },
    {
      "type": "Feature",
      "geometry": {
        "type": "Point",
        "coordinates": [
          -0.977550186862105,
          51.5960495919769
        ]
      },
      "properties": {
        "row_number": "62"
      }
    },
    {
      "type": "Feature",
      "geometry": {
        "type": "Point",
        "coordinates": [
          -0.977606999540004,
          51.5960226254723
        ]
      },
      "properties": {
        "row_number": "62"
      }
    },
    {
      "type": "Feature",
      "geometry": {
        "type": "Point",
        "coordinates": [
          -0.977664639879786,
          51.5959957341996
        ]
      },
      "properties": {
        "row_number": "62"
      }
    },
    {
      "type": "Feature",
      "geometry": {
        "type": "Point",
        "coordinates": [
          -0.977722339949802,
          51.59596796563
        ]
      },
      "properties": {
        "row_number": "62"
      }
    },
    {
      "type": "Feature",
      "geometry": {
        "type": "Point",
        "coordinates": [
          -0.977779591374897,
          51.595941542491
        ]
      },
      "properties": {
        "row_number": "62"
      }
    },
    {
      "type": "Feature",
      "geometry": {
        "type": "Point",
        "coordinates": [
          -0.977838316320561,
          51.595913732323
        ]
      },
      "properties": {
        "row_number": "62"
      }
    },
    {
      "type": "Feature",
      "geometry": {
        "type": "Point",
        "coordinates": [
          -0.977894740318655,
          51.5958870933289
        ]
      },
      "properties": {
        "row_number": "62"
      }
    },
    {
      "type": "Feature",
      "geometry": {
        "type": "Point",
        "coordinates": [
          -0.977954086555544,
          51.5958594291803
        ]
      },
      "properties": {
        "row_number": "62"
      }
    },
    {
      "type": "Feature",
      "geometry": {
        "type": "Point",
        "coordinates": [
          -0.978010217049686,
          51.595833028251
        ]
      },
      "properties": {
        "row_number": "62"
      }
    },
    {
      "type": "Feature",
      "geometry": {
        "type": "Point",
        "coordinates": [
          -0.978059164210128,
          51.5958095703103
        ]
      },
      "properties": {
        "row_number": "62"
      }
    },
    {
      "type": "Feature",
      "geometry": {
        "type": "LineString",
        "coordinates": [
          [
            -0.97686995870489,
            51.5963137306041
          ],
          [
            -0.976930058679948,
            51.5962847001253
          ],
          [
            -0.976989604644542,
            51.5962570167443
          ],
          [
            -0.977045172723814,
            51.5962307948153
          ],
          [
            -0.977103896709976,
            51.5962034171961
          ],
          [
            -0.97716130127706,
            51.5961759184286
          ],
          [
            -0.977218204570402,
            51.5961497091653
          ],
          [
            -0.977278367758905,
            51.5961217383384
          ],
          [
            -0.977333183548166,
            51.5960958554918
          ],
          [
            -0.977392505174695,
            51.5960681359773
          ],
          [
            -0.977449646547837,
            51.596040934653
          ],
          [
            -0.977507534297863,
            51.5960139868391
          ],
          [
            -0.977565502745298,
            51.5959867284835
          ],
          [
            -0.977622576687105,
            51.5959602689149
          ],
          [
            -0.977680859451029,
            51.5959332656422
          ],
          [
            -0.977739002809586,
            51.5959059947326
          ],
          [
            -0.977794742868511,
            51.5958794371761
          ],
          [
            -0.97785283730723,
            51.5958522488752
          ],
          [
            -0.977910407284121,
            51.5958256606252
          ],
          [
            -0.97796859896173,
            51.5957984080358
          ],
          [
            -0.978007174338823,
            51.5957809223214
          ]
        ]
      },
      "properties": {
        "row_number": "63"
      }
    },
    {
      "type": "Feature",
      "geometry": {
        "type": "Point",
        "coordinates": [
          -0.97686995870489,
          51.5963137306041
        ]
      },
      "properties": {
        "row_number": "63"
      }
    },
    {
      "type": "Feature",
      "geometry": {
        "type": "Point",
        "coordinates": [
          -0.976930058679948,
          51.5962847001253
        ]
      },
      "properties": {
        "row_number": "63"
      }
    },
    {
      "type": "Feature",
      "geometry": {
        "type": "Point",
        "coordinates": [
          -0.976989604644542,
          51.5962570167443
        ]
      },
      "properties": {
        "row_number": "63"
      }
    },
    {
      "type": "Feature",
      "geometry": {
        "type": "Point",
        "coordinates": [
          -0.977045172723814,
          51.5962307948153
        ]
      },
      "properties": {
        "row_number": "63"
      }
    },
    {
      "type": "Feature",
      "geometry": {
        "type": "Point",
        "coordinates": [
          -0.977103896709976,
          51.5962034171961
        ]
      },
      "properties": {
        "row_number": "63"
      }
    },
    {
      "type": "Feature",
      "geometry": {
        "type": "Point",
        "coordinates": [
          -0.97716130127706,
          51.5961759184286
        ]
      },
      "properties": {
        "row_number": "63"
      }
    },
    {
      "type": "Feature",
      "geometry": {
        "type": "Point",
        "coordinates": [
          -0.977218204570402,
          51.5961497091653
        ]
      },
      "properties": {
        "row_number": "63"
      }
    },
    {
      "type": "Feature",
      "geometry": {
        "type": "Point",
        "coordinates": [
          -0.977278367758905,
          51.5961217383384
        ]
      },
      "properties": {
        "row_number": "63"
      }
    },
    {
      "type": "Feature",
      "geometry": {
        "type": "Point",
        "coordinates": [
          -0.977333183548166,
          51.5960958554918
        ]
      },
      "properties": {
        "row_number": "63"
      }
    },
    {
      "type": "Feature",
      "geometry": {
        "type": "Point",
        "coordinates": [
          -0.977392505174695,
          51.5960681359773
        ]
      },
      "properties": {
        "row_number": "63"
      }
    },
    {
      "type": "Feature",
      "geometry": {
        "type": "Point",
        "coordinates": [
          -0.977449646547837,
          51.596040934653
        ]
      },
      "properties": {
        "row_number": "63"
      }
    },
    {
      "type": "Feature",
      "geometry": {
        "type": "Point",
        "coordinates": [
          -0.977507534297863,
          51.5960139868391
        ]
      },
      "properties": {
        "row_number": "63"
      }
    },
    {
      "type": "Feature",
      "geometry": {
        "type": "Point",
        "coordinates": [
          -0.977565502745298,
          51.5959867284835
        ]
      },
      "properties": {
        "row_number": "63"
      }
    },
    {
      "type": "Feature",
      "geometry": {
        "type": "Point",
        "coordinates": [
          -0.977622576687105,
          51.5959602689149
        ]
      },
      "properties": {
        "row_number": "63"
      }
    },
    {
      "type": "Feature",
      "geometry": {
        "type": "Point",
        "coordinates": [
          -0.977680859451029,
          51.5959332656422
        ]
      },
      "properties": {
        "row_number": "63"
      }
    },
    {
      "type": "Feature",
      "geometry": {
        "type": "Point",
        "coordinates": [
          -0.977739002809586,
          51.5959059947326
        ]
      },
      "properties": {
        "row_number": "63"
      }
    },
    {
      "type": "Feature",
      "geometry": {
        "type": "Point",
        "coordinates": [
          -0.977794742868511,
          51.5958794371761
        ]
      },
      "properties": {
        "row_number": "63"
      }
    },
    {
      "type": "Feature",
      "geometry": {
        "type": "Point",
        "coordinates": [
          -0.97785283730723,
          51.5958522488752
        ]
      },
      "properties": {
        "row_number": "63"
      }
    },
    {
      "type": "Feature",
      "geometry": {
        "type": "Point",
        "coordinates": [
          -0.977910407284121,
          51.5958256606252
        ]
      },
      "properties": {
        "row_number": "63"
      }
    },
    {
      "type": "Feature",
      "geometry": {
        "type": "Point",
        "coordinates": [
          -0.97796859896173,
          51.5957984080358
        ]
      },
      "properties": {
        "row_number": "63"
      }
    },
    {
      "type": "Feature",
      "geometry": {
        "type": "Point",
        "coordinates": [
          -0.978007174338823,
          51.5957809223214
        ]
      },
      "properties": {
        "row_number": "63"
      }
    },
    {
      "type": "Feature",
      "geometry": {
        "type": "LineString",
        "coordinates": [
          [
            -0.976838284880062,
            51.596301124936
          ],
          [
            -0.976911721488251,
            51.596266507556
          ],
          [
            -0.976968101488425,
            51.5962403826637
          ],
          [
            -0.977025398105111,
            51.5962137390763
          ],
          [
            -0.977082820722057,
            51.5961862141586
          ],
          [
            -0.977141284347843,
            51.596158935026
          ],
          [
            -0.977198830948385,
            51.5961321371157
          ],
          [
            -0.977256648373465,
            51.5961046374256
          ],
          [
            -0.977312612498504,
            51.5960782949796
          ],
          [
            -0.97737208439205,
            51.596050474636
          ],
          [
            -0.977430360289222,
            51.5960230752068
          ],
          [
            -0.977487141685074,
            51.5959969356399
          ],
          [
            -0.977544455726706,
            51.5959698825058
          ],
          [
            -0.977602253681445,
            51.5959430144114
          ],
          [
            -0.977661207334991,
            51.5959155441889
          ],
          [
            -0.977718537807509,
            51.5958886898584
          ],
          [
            -0.977775851540358,
            51.5958616688752
          ],
          [
            -0.977831429900655,
            51.5958353684367
          ],
          [
            -0.977891448514203,
            51.5958079957291
          ],
          [
            -0.977948294390626,
            51.5957812090644
          ],
          [
            -0.977985801159946,
            51.5957639762233
          ]
        ]
      },
      "properties": {
        "row_number": "64"
      }
    },
    {
      "type": "Feature",
      "geometry": {
        "type": "Point",
        "coordinates": [
          -0.976838284880062,
          51.596301124936
        ]
      },
      "properties": {
        "row_number": "64"
      }
    },
    {
      "type": "Feature",
      "geometry": {
        "type": "Point",
        "coordinates": [
          -0.976911721488251,
          51.596266507556
        ]
      },
      "properties": {
        "row_number": "64"
      }
    },
    {
      "type": "Feature",
      "geometry": {
        "type": "Point",
        "coordinates": [
          -0.976968101488425,
          51.5962403826637
        ]
      },
      "properties": {
        "row_number": "64"
      }
    },
    {
      "type": "Feature",
      "geometry": {
        "type": "Point",
        "coordinates": [
          -0.977025398105111,
          51.5962137390763
        ]
      },
      "properties": {
        "row_number": "64"
      }
    },
    {
      "type": "Feature",
      "geometry": {
        "type": "Point",
        "coordinates": [
          -0.977082820722057,
          51.5961862141586
        ]
      },
      "properties": {
        "row_number": "64"
      }
    },
    {
      "type": "Feature",
      "geometry": {
        "type": "Point",
        "coordinates": [
          -0.977141284347843,
          51.596158935026
        ]
      },
      "properties": {
        "row_number": "64"
      }
    },
    {
      "type": "Feature",
      "geometry": {
        "type": "Point",
        "coordinates": [
          -0.977198830948385,
          51.5961321371157
        ]
      },
      "properties": {
        "row_number": "64"
      }
    },
    {
      "type": "Feature",
      "geometry": {
        "type": "Point",
        "coordinates": [
          -0.977256648373465,
          51.5961046374256
        ]
      },
      "properties": {
        "row_number": "64"
      }
    },
    {
      "type": "Feature",
      "geometry": {
        "type": "Point",
        "coordinates": [
          -0.977312612498504,
          51.5960782949796
        ]
      },
      "properties": {
        "row_number": "64"
      }
    },
    {
      "type": "Feature",
      "geometry": {
        "type": "Point",
        "coordinates": [
          -0.97737208439205,
          51.596050474636
        ]
      },
      "properties": {
        "row_number": "64"
      }
    },
    {
      "type": "Feature",
      "geometry": {
        "type": "Point",
        "coordinates": [
          -0.977430360289222,
          51.5960230752068
        ]
      },
      "properties": {
        "row_number": "64"
      }
    },
    {
      "type": "Feature",
      "geometry": {
        "type": "Point",
        "coordinates": [
          -0.977487141685074,
          51.5959969356399
        ]
      },
      "properties": {
        "row_number": "64"
      }
    },
    {
      "type": "Feature",
      "geometry": {
        "type": "Point",
        "coordinates": [
          -0.977544455726706,
          51.5959698825058
        ]
      },
      "properties": {
        "row_number": "64"
      }
    },
    {
      "type": "Feature",
      "geometry": {
        "type": "Point",
        "coordinates": [
          -0.977602253681445,
          51.5959430144114
        ]
      },
      "properties": {
        "row_number": "64"
      }
    },
    {
      "type": "Feature",
      "geometry": {
        "type": "Point",
        "coordinates": [
          -0.977661207334991,
          51.5959155441889
        ]
      },
      "properties": {
        "row_number": "64"
      }
    },
    {
      "type": "Feature",
      "geometry": {
        "type": "Point",
        "coordinates": [
          -0.977718537807509,
          51.5958886898584
        ]
      },
      "properties": {
        "row_number": "64"
      }
    },
    {
      "type": "Feature",
      "geometry": {
        "type": "Point",
        "coordinates": [
          -0.977775851540358,
          51.5958616688752
        ]
      },
      "properties": {
        "row_number": "64"
      }
    },
    {
      "type": "Feature",
      "geometry": {
        "type": "Point",
        "coordinates": [
          -0.977831429900655,
          51.5958353684367
        ]
      },
      "properties": {
        "row_number": "64"
      }
    },
    {
      "type": "Feature",
      "geometry": {
        "type": "Point",
        "coordinates": [
          -0.977891448514203,
          51.5958079957291
        ]
      },
      "properties": {
        "row_number": "64"
      }
    },
    {
      "type": "Feature",
      "geometry": {
        "type": "Point",
        "coordinates": [
          -0.977948294390626,
          51.5957812090644
        ]
      },
      "properties": {
        "row_number": "64"
      }
    },
    {
      "type": "Feature",
      "geometry": {
        "type": "Point",
        "coordinates": [
          -0.977985801159946,
          51.5957639762233
        ]
      },
      "properties": {
        "row_number": "64"
      }
    },
    {
      "type": "Feature",
      "geometry": {
        "type": "LineString",
        "coordinates": [
          [
            -0.976806206576886,
            51.5962889944526
          ],
          [
            -0.976830565718354,
            51.5962770044411
          ],
          [
            -0.976888881343728,
            51.5962502728745
          ],
          [
            -0.976947042206608,
            51.596222893948
          ],
          [
            -0.977003788413148,
            51.5961962217229
          ],
          [
            -0.977060314108917,
            51.5961702541738
          ],
          [
            -0.977121511841849,
            51.5961412063158
          ],
          [
            -0.977176698875725,
            51.5961150836674
          ],
          [
            -0.977235237394276,
            51.596087756537
          ],
          [
            -0.977293137533592,
            51.5960601286707
          ],
          [
            -0.977350593597195,
            51.596033839204
          ],
          [
            -0.977406855732136,
            51.5960073799801
          ],
          [
            -0.977466601106039,
            51.5959791580101
          ],
          [
            -0.977524234425536,
            51.5959523915507
          ],
          [
            -0.97758070705046,
            51.5959256965882
          ],
          [
            -0.977638785328241,
            51.5958987531029
          ],
          [
            -0.977695939846714,
            51.5958712915906
          ],
          [
            -0.977753174615863,
            51.5958450688979
          ],
          [
            -0.977811896198171,
            51.5958177288068
          ],
          [
            -0.977868115334128,
            51.5957910623469
          ],
          [
            -0.977961939029658,
            51.5957469259333
          ]
        ]
      },
      "properties": {
        "row_number": "65"
      }
    },
    {
      "type": "Feature",
      "geometry": {
        "type": "Point",
        "coordinates": [
          -0.976806206576886,
          51.5962889944526
        ]
      },
      "properties": {
        "row_number": "65"
      }
    },
    {
      "type": "Feature",
      "geometry": {
        "type": "Point",
        "coordinates": [
          -0.976830565718354,
          51.5962770044411
        ]
      },
      "properties": {
        "row_number": "65"
      }
    },
    {
      "type": "Feature",
      "geometry": {
        "type": "Point",
        "coordinates": [
          -0.976888881343728,
          51.5962502728745
        ]
      },
      "properties": {
        "row_number": "65"
      }
    },
    {
      "type": "Feature",
      "geometry": {
        "type": "Point",
        "coordinates": [
          -0.976947042206608,
          51.596222893948
        ]
      },
      "properties": {
        "row_number": "65"
      }
    },
    {
      "type": "Feature",
      "geometry": {
        "type": "Point",
        "coordinates": [
          -0.977003788413148,
          51.5961962217229
        ]
      },
      "properties": {
        "row_number": "65"
      }
    },
    {
      "type": "Feature",
      "geometry": {
        "type": "Point",
        "coordinates": [
          -0.977060314108917,
          51.5961702541738
        ]
      },
      "properties": {
        "row_number": "65"
      }
    },
    {
      "type": "Feature",
      "geometry": {
        "type": "Point",
        "coordinates": [
          -0.977121511841849,
          51.5961412063158
        ]
      },
      "properties": {
        "row_number": "65"
      }
    },
    {
      "type": "Feature",
      "geometry": {
        "type": "Point",
        "coordinates": [
          -0.977176698875725,
          51.5961150836674
        ]
      },
      "properties": {
        "row_number": "65"
      }
    },
    {
      "type": "Feature",
      "geometry": {
        "type": "Point",
        "coordinates": [
          -0.977235237394276,
          51.596087756537
        ]
      },
      "properties": {
        "row_number": "65"
      }
    },
    {
      "type": "Feature",
      "geometry": {
        "type": "Point",
        "coordinates": [
          -0.977293137533592,
          51.5960601286707
        ]
      },
      "properties": {
        "row_number": "65"
      }
    },
    {
      "type": "Feature",
      "geometry": {
        "type": "Point",
        "coordinates": [
          -0.977350593597195,
          51.596033839204
        ]
      },
      "properties": {
        "row_number": "65"
      }
    },
    {
      "type": "Feature",
      "geometry": {
        "type": "Point",
        "coordinates": [
          -0.977406855732136,
          51.5960073799801
        ]
      },
      "properties": {
        "row_number": "65"
      }
    },
    {
      "type": "Feature",
      "geometry": {
        "type": "Point",
        "coordinates": [
          -0.977466601106039,
          51.5959791580101
        ]
      },
      "properties": {
        "row_number": "65"
      }
    },
    {
      "type": "Feature",
      "geometry": {
        "type": "Point",
        "coordinates": [
          -0.977524234425536,
          51.5959523915507
        ]
      },
      "properties": {
        "row_number": "65"
      }
    },
    {
      "type": "Feature",
      "geometry": {
        "type": "Point",
        "coordinates": [
          -0.97758070705046,
          51.5959256965882
        ]
      },
      "properties": {
        "row_number": "65"
      }
    },
    {
      "type": "Feature",
      "geometry": {
        "type": "Point",
        "coordinates": [
          -0.977638785328241,
          51.5958987531029
        ]
      },
      "properties": {
        "row_number": "65"
      }
    },
    {
      "type": "Feature",
      "geometry": {
        "type": "Point",
        "coordinates": [
          -0.977695939846714,
          51.5958712915906
        ]
      },
      "properties": {
        "row_number": "65"
      }
    },
    {
      "type": "Feature",
      "geometry": {
        "type": "Point",
        "coordinates": [
          -0.977753174615863,
          51.5958450688979
        ]
      },
      "properties": {
        "row_number": "65"
      }
    },
    {
      "type": "Feature",
      "geometry": {
        "type": "Point",
        "coordinates": [
          -0.977811896198171,
          51.5958177288068
        ]
      },
      "properties": {
        "row_number": "65"
      }
    },
    {
      "type": "Feature",
      "geometry": {
        "type": "Point",
        "coordinates": [
          -0.977868115334128,
          51.5957910623469
        ]
      },
      "properties": {
        "row_number": "65"
      }
    },
    {
      "type": "Feature",
      "geometry": {
        "type": "Point",
        "coordinates": [
          -0.977961939029658,
          51.5957469259333
        ]
      },
      "properties": {
        "row_number": "65"
      }
    },
    {
      "type": "Feature",
      "geometry": {
        "type": "LineString",
        "coordinates": [
          [
            -0.976773622163705,
            51.5962778585333
          ],
          [
            -0.976809364166766,
            51.5962608154492
          ],
          [
            -0.976869546246105,
            51.5962327218337
          ],
          [
            -0.976926510825856,
            51.5962054887021
          ],
          [
            -0.976985309029978,
            51.5961781970325
          ],
          [
            -0.977042255208456,
            51.5961513732057
          ],
          [
            -0.977100633234003,
            51.5961252562594
          ],
          [
            -0.977156427426537,
            51.5960983270958
          ],
          [
            -0.977215723154595,
            51.596070117408
          ],
          [
            -0.977269457488531,
            51.5960445481445
          ],
          [
            -0.977330208834876,
            51.5960167042135
          ],
          [
            -0.977387443345272,
            51.5959897378602
          ],
          [
            -0.977445692368345,
            51.5959623154817
          ],
          [
            -0.977503221125132,
            51.5959354620034
          ],
          [
            -0.977561076591818,
            51.5959081746133
          ],
          [
            -0.977619448039886,
            51.5958808482963
          ],
          [
            -0.977677643422733,
            51.5958533742105
          ],
          [
            -0.977734009047106,
            51.5958269648738
          ],
          [
            -0.977789387725104,
            51.5958010782545
          ],
          [
            -0.977849659029054,
            51.5957729856845
          ],
          [
            -0.97793940348704,
            51.5957305593698
          ]
        ]
      },
      "properties": {
        "row_number": "66"
      }
    },
    {
      "type": "Feature",
      "geometry": {
        "type": "Point",
        "coordinates": [
          -0.976773622163705,
          51.5962778585333
        ]
      },
      "properties": {
        "row_number": "66"
      }
    },
    {
      "type": "Feature",
      "geometry": {
        "type": "Point",
        "coordinates": [
          -0.976809364166766,
          51.5962608154492
        ]
      },
      "properties": {
        "row_number": "66"
      }
    },
    {
      "type": "Feature",
      "geometry": {
        "type": "Point",
        "coordinates": [
          -0.976869546246105,
          51.5962327218337
        ]
      },
      "properties": {
        "row_number": "66"
      }
    },
    {
      "type": "Feature",
      "geometry": {
        "type": "Point",
        "coordinates": [
          -0.976926510825856,
          51.5962054887021
        ]
      },
      "properties": {
        "row_number": "66"
      }
    },
    {
      "type": "Feature",
      "geometry": {
        "type": "Point",
        "coordinates": [
          -0.976985309029978,
          51.5961781970325
        ]
      },
      "properties": {
        "row_number": "66"
      }
    },
    {
      "type": "Feature",
      "geometry": {
        "type": "Point",
        "coordinates": [
          -0.977042255208456,
          51.5961513732057
        ]
      },
      "properties": {
        "row_number": "66"
      }
    },
    {
      "type": "Feature",
      "geometry": {
        "type": "Point",
        "coordinates": [
          -0.977100633234003,
          51.5961252562594
        ]
      },
      "properties": {
        "row_number": "66"
      }
    },
    {
      "type": "Feature",
      "geometry": {
        "type": "Point",
        "coordinates": [
          -0.977156427426537,
          51.5960983270958
        ]
      },
      "properties": {
        "row_number": "66"
      }
    },
    {
      "type": "Feature",
      "geometry": {
        "type": "Point",
        "coordinates": [
          -0.977215723154595,
          51.596070117408
        ]
      },
      "properties": {
        "row_number": "66"
      }
    },
    {
      "type": "Feature",
      "geometry": {
        "type": "Point",
        "coordinates": [
          -0.977269457488531,
          51.5960445481445
        ]
      },
      "properties": {
        "row_number": "66"
      }
    },
    {
      "type": "Feature",
      "geometry": {
        "type": "Point",
        "coordinates": [
          -0.977330208834876,
          51.5960167042135
        ]
      },
      "properties": {
        "row_number": "66"
      }
    },
    {
      "type": "Feature",
      "geometry": {
        "type": "Point",
        "coordinates": [
          -0.977387443345272,
          51.5959897378602
        ]
      },
      "properties": {
        "row_number": "66"
      }
    },
    {
      "type": "Feature",
      "geometry": {
        "type": "Point",
        "coordinates": [
          -0.977445692368345,
          51.5959623154817
        ]
      },
      "properties": {
        "row_number": "66"
      }
    },
    {
      "type": "Feature",
      "geometry": {
        "type": "Point",
        "coordinates": [
          -0.977503221125132,
          51.5959354620034
        ]
      },
      "properties": {
        "row_number": "66"
      }
    },
    {
      "type": "Feature",
      "geometry": {
        "type": "Point",
        "coordinates": [
          -0.977561076591818,
          51.5959081746133
        ]
      },
      "properties": {
        "row_number": "66"
      }
    },
    {
      "type": "Feature",
      "geometry": {
        "type": "Point",
        "coordinates": [
          -0.977619448039886,
          51.5958808482963
        ]
      },
      "properties": {
        "row_number": "66"
      }
    },
    {
      "type": "Feature",
      "geometry": {
        "type": "Point",
        "coordinates": [
          -0.977677643422733,
          51.5958533742105
        ]
      },
      "properties": {
        "row_number": "66"
      }
    },
    {
      "type": "Feature",
      "geometry": {
        "type": "Point",
        "coordinates": [
          -0.977734009047106,
          51.5958269648738
        ]
      },
      "properties": {
        "row_number": "66"
      }
    },
    {
      "type": "Feature",
      "geometry": {
        "type": "Point",
        "coordinates": [
          -0.977789387725104,
          51.5958010782545
        ]
      },
      "properties": {
        "row_number": "66"
      }
    },
    {
      "type": "Feature",
      "geometry": {
        "type": "Point",
        "coordinates": [
          -0.977849659029054,
          51.5957729856845
        ]
      },
      "properties": {
        "row_number": "66"
      }
    },
    {
      "type": "Feature",
      "geometry": {
        "type": "Point",
        "coordinates": [
          -0.97793940348704,
          51.5957305593698
        ]
      },
      "properties": {
        "row_number": "66"
      }
    },
    {
      "type": "Feature",
      "geometry": {
        "type": "LineString",
        "coordinates": [
          [
            -0.976740053598107,
            51.5962661211384
          ],
          [
            -0.976790541437002,
            51.5962425197952
          ],
          [
            -0.976845829597461,
            51.5962161557089
          ],
          [
            -0.976904936324661,
            51.5961883484778
          ],
          [
            -0.976962610757552,
            51.5961617917905
          ],
          [
            -0.977019902592881,
            51.5961349104861
          ],
          [
            -0.977077900776307,
            51.5961069120625
          ],
          [
            -0.977135528473979,
            51.5960798756331
          ],
          [
            -0.977193681660618,
            51.5960530465624
          ],
          [
            -0.977250581699845,
            51.5960264576707
          ],
          [
            -0.977309004260712,
            51.5959989146053
          ],
          [
            -0.977366150192491,
            51.5959720597227
          ],
          [
            -0.977423217010511,
            51.5959452113588
          ],
          [
            -0.977482055849198,
            51.595917136796
          ],
          [
            -0.97754014575272,
            51.5958907255969
          ],
          [
            -0.977599598601313,
            51.5958625516477
          ],
          [
            -0.977655439978242,
            51.5958365905582
          ],
          [
            -0.977712813863593,
            51.5958097684281
          ],
          [
            -0.97776976698718,
            51.5957824061054
          ],
          [
            -0.977827927135763,
            51.5957557735139
          ],
          [
            -0.977916666907695,
            51.5957145549178
          ]
        ]
      },
      "properties": {
        "row_number": "67"
      }
    },
    {
      "type": "Feature",
      "geometry": {
        "type": "Point",
        "coordinates": [
          -0.976740053598107,
          51.5962661211384
        ]
      },
      "properties": {
        "row_number": "67"
      }
    },
    {
      "type": "Feature",
      "geometry": {
        "type": "Point",
        "coordinates": [
          -0.976790541437002,
          51.5962425197952
        ]
      },
      "properties": {
        "row_number": "67"
      }
    },
    {
      "type": "Feature",
      "geometry": {
        "type": "Point",
        "coordinates": [
          -0.976845829597461,
          51.5962161557089
        ]
      },
      "properties": {
        "row_number": "67"
      }
    },
    {
      "type": "Feature",
      "geometry": {
        "type": "Point",
        "coordinates": [
          -0.976904936324661,
          51.5961883484778
        ]
      },
      "properties": {
        "row_number": "67"
      }
    },
    {
      "type": "Feature",
      "geometry": {
        "type": "Point",
        "coordinates": [
          -0.976962610757552,
          51.5961617917905
        ]
      },
      "properties": {
        "row_number": "67"
      }
    },
    {
      "type": "Feature",
      "geometry": {
        "type": "Point",
        "coordinates": [
          -0.977019902592881,
          51.5961349104861
        ]
      },
      "properties": {
        "row_number": "67"
      }
    },
    {
      "type": "Feature",
      "geometry": {
        "type": "Point",
        "coordinates": [
          -0.977077900776307,
          51.5961069120625
        ]
      },
      "properties": {
        "row_number": "67"
      }
    },
    {
      "type": "Feature",
      "geometry": {
        "type": "Point",
        "coordinates": [
          -0.977135528473979,
          51.5960798756331
        ]
      },
      "properties": {
        "row_number": "67"
      }
    },
    {
      "type": "Feature",
      "geometry": {
        "type": "Point",
        "coordinates": [
          -0.977193681660618,
          51.5960530465624
        ]
      },
      "properties": {
        "row_number": "67"
      }
    },
    {
      "type": "Feature",
      "geometry": {
        "type": "Point",
        "coordinates": [
          -0.977250581699845,
          51.5960264576707
        ]
      },
      "properties": {
        "row_number": "67"
      }
    },
    {
      "type": "Feature",
      "geometry": {
        "type": "Point",
        "coordinates": [
          -0.977309004260712,
          51.5959989146053
        ]
      },
      "properties": {
        "row_number": "67"
      }
    },
    {
      "type": "Feature",
      "geometry": {
        "type": "Point",
        "coordinates": [
          -0.977366150192491,
          51.5959720597227
        ]
      },
      "properties": {
        "row_number": "67"
      }
    },
    {
      "type": "Feature",
      "geometry": {
        "type": "Point",
        "coordinates": [
          -0.977423217010511,
          51.5959452113588
        ]
      },
      "properties": {
        "row_number": "67"
      }
    },
    {
      "type": "Feature",
      "geometry": {
        "type": "Point",
        "coordinates": [
          -0.977482055849198,
          51.595917136796
        ]
      },
      "properties": {
        "row_number": "67"
      }
    },
    {
      "type": "Feature",
      "geometry": {
        "type": "Point",
        "coordinates": [
          -0.97754014575272,
          51.5958907255969
        ]
      },
      "properties": {
        "row_number": "67"
      }
    },
    {
      "type": "Feature",
      "geometry": {
        "type": "Point",
        "coordinates": [
          -0.977599598601313,
          51.5958625516477
        ]
      },
      "properties": {
        "row_number": "67"
      }
    },
    {
      "type": "Feature",
      "geometry": {
        "type": "Point",
        "coordinates": [
          -0.977655439978242,
          51.5958365905582
        ]
      },
      "properties": {
        "row_number": "67"
      }
    },
    {
      "type": "Feature",
      "geometry": {
        "type": "Point",
        "coordinates": [
          -0.977712813863593,
          51.5958097684281
        ]
      },
      "properties": {
        "row_number": "67"
      }
    },
    {
      "type": "Feature",
      "geometry": {
        "type": "Point",
        "coordinates": [
          -0.97776976698718,
          51.5957824061054
        ]
      },
      "properties": {
        "row_number": "67"
      }
    },
    {
      "type": "Feature",
      "geometry": {
        "type": "Point",
        "coordinates": [
          -0.977827927135763,
          51.5957557735139
        ]
      },
      "properties": {
        "row_number": "67"
      }
    },
    {
      "type": "Feature",
      "geometry": {
        "type": "Point",
        "coordinates": [
          -0.977916666907695,
          51.5957145549178
        ]
      },
      "properties": {
        "row_number": "67"
      }
    },
    {
      "type": "Feature",
      "geometry": {
        "type": "LineString",
        "coordinates": [
          [
            -0.976707985848854,
            51.5962540552951
          ],
          [
            -0.976766789640515,
            51.596225904188
          ],
          [
            -0.976825464321568,
            51.5961981880388
          ],
          [
            -0.97688251341715,
            51.5961711719221
          ],
          [
            -0.976940645763081,
            51.596144244192
          ],
          [
            -0.976998896424773,
            51.5961172927909
          ],
          [
            -0.977055358385099,
            51.5960913334083
          ],
          [
            -0.977115575613377,
            51.5960631535957
          ],
          [
            -0.97717296407221,
            51.5960360303404
          ],
          [
            -0.977231157084662,
            51.5960088120824
          ],
          [
            -0.977287538838376,
            51.5959817583028
          ],
          [
            -0.977345621081042,
            51.5959546464343
          ],
          [
            -0.97740310909199,
            51.595927714942
          ],
          [
            -0.977461853274145,
            51.5959003320695
          ],
          [
            -0.977518742084052,
            51.5958738128009
          ],
          [
            -0.977576894708184,
            51.5958468245702
          ],
          [
            -0.977633481842608,
            51.5958202194253
          ],
          [
            -0.977690356299568,
            51.5957934092378
          ],
          [
            -0.977749559292585,
            51.5957653816227
          ],
          [
            -0.977804964968686,
            51.5957390843038
          ],
          [
            -0.97789260712691,
            51.5956977424396
          ]
        ]
      },
      "properties": {
        "row_number": "68"
      }
    },
    {
      "type": "Feature",
      "geometry": {
        "type": "Point",
        "coordinates": [
          -0.976707985848854,
          51.5962540552951
        ]
      },
      "properties": {
        "row_number": "68"
      }
    },
    {
      "type": "Feature",
      "geometry": {
        "type": "Point",
        "coordinates": [
          -0.976766789640515,
          51.596225904188
        ]
      },
      "properties": {
        "row_number": "68"
      }
    },
    {
      "type": "Feature",
      "geometry": {
        "type": "Point",
        "coordinates": [
          -0.976825464321568,
          51.5961981880388
        ]
      },
      "properties": {
        "row_number": "68"
      }
    },
    {
      "type": "Feature",
      "geometry": {
        "type": "Point",
        "coordinates": [
          -0.97688251341715,
          51.5961711719221
        ]
      },
      "properties": {
        "row_number": "68"
      }
    },
    {
      "type": "Feature",
      "geometry": {
        "type": "Point",
        "coordinates": [
          -0.976940645763081,
          51.596144244192
        ]
      },
      "properties": {
        "row_number": "68"
      }
    },
    {
      "type": "Feature",
      "geometry": {
        "type": "Point",
        "coordinates": [
          -0.976998896424773,
          51.5961172927909
        ]
      },
      "properties": {
        "row_number": "68"
      }
    },
    {
      "type": "Feature",
      "geometry": {
        "type": "Point",
        "coordinates": [
          -0.977055358385099,
          51.5960913334083
        ]
      },
      "properties": {
        "row_number": "68"
      }
    },
    {
      "type": "Feature",
      "geometry": {
        "type": "Point",
        "coordinates": [
          -0.977115575613377,
          51.5960631535957
        ]
      },
      "properties": {
        "row_number": "68"
      }
    },
    {
      "type": "Feature",
      "geometry": {
        "type": "Point",
        "coordinates": [
          -0.97717296407221,
          51.5960360303404
        ]
      },
      "properties": {
        "row_number": "68"
      }
    },
    {
      "type": "Feature",
      "geometry": {
        "type": "Point",
        "coordinates": [
          -0.977231157084662,
          51.5960088120824
        ]
      },
      "properties": {
        "row_number": "68"
      }
    },
    {
      "type": "Feature",
      "geometry": {
        "type": "Point",
        "coordinates": [
          -0.977287538838376,
          51.5959817583028
        ]
      },
      "properties": {
        "row_number": "68"
      }
    },
    {
      "type": "Feature",
      "geometry": {
        "type": "Point",
        "coordinates": [
          -0.977345621081042,
          51.5959546464343
        ]
      },
      "properties": {
        "row_number": "68"
      }
    },
    {
      "type": "Feature",
      "geometry": {
        "type": "Point",
        "coordinates": [
          -0.97740310909199,
          51.595927714942
        ]
      },
      "properties": {
        "row_number": "68"
      }
    },
    {
      "type": "Feature",
      "geometry": {
        "type": "Point",
        "coordinates": [
          -0.977461853274145,
          51.5959003320695
        ]
      },
      "properties": {
        "row_number": "68"
      }
    },
    {
      "type": "Feature",
      "geometry": {
        "type": "Point",
        "coordinates": [
          -0.977518742084052,
          51.5958738128009
        ]
      },
      "properties": {
        "row_number": "68"
      }
    },
    {
      "type": "Feature",
      "geometry": {
        "type": "Point",
        "coordinates": [
          -0.977576894708184,
          51.5958468245702
        ]
      },
      "properties": {
        "row_number": "68"
      }
    },
    {
      "type": "Feature",
      "geometry": {
        "type": "Point",
        "coordinates": [
          -0.977633481842608,
          51.5958202194253
        ]
      },
      "properties": {
        "row_number": "68"
      }
    },
    {
      "type": "Feature",
      "geometry": {
        "type": "Point",
        "coordinates": [
          -0.977690356299568,
          51.5957934092378
        ]
      },
      "properties": {
        "row_number": "68"
      }
    },
    {
      "type": "Feature",
      "geometry": {
        "type": "Point",
        "coordinates": [
          -0.977749559292585,
          51.5957653816227
        ]
      },
      "properties": {
        "row_number": "68"
      }
    },
    {
      "type": "Feature",
      "geometry": {
        "type": "Point",
        "coordinates": [
          -0.977804964968686,
          51.5957390843038
        ]
      },
      "properties": {
        "row_number": "68"
      }
    },
    {
      "type": "Feature",
      "geometry": {
        "type": "Point",
        "coordinates": [
          -0.97789260712691,
          51.5956977424396
        ]
      },
      "properties": {
        "row_number": "68"
      }
    },
    {
      "type": "Feature",
      "geometry": {
        "type": "LineString",
        "coordinates": [
          [
            -0.976675099758983,
            51.5962424614997
          ],
          [
            -0.976688310759097,
            51.5962358270904
          ],
          [
            -0.976745123060944,
            51.5962088641789
          ],
          [
            -0.976803105816673,
            51.5961818543849
          ],
          [
            -0.976863163884977,
            51.596153629684
          ],
          [
            -0.976917357086549,
            51.5961283567907
          ],
          [
            -0.976976443340731,
            51.5961006950109
          ],
          [
            -0.977034974678219,
            51.596073392338
          ],
          [
            -0.977093383303351,
            51.5960462925018
          ],
          [
            -0.977151035243396,
            51.5960190379214
          ],
          [
            -0.97720951866075,
            51.5959921030575
          ],
          [
            -0.97726815262818,
            51.5959643064559
          ],
          [
            -0.977325469734398,
            51.5959375774484
          ],
          [
            -0.977382936034118,
            51.5959110297104
          ],
          [
            -0.977437994452907,
            51.5958847164123
          ],
          [
            -0.977497022091536,
            51.5958572099357
          ],
          [
            -0.977555775842334,
            51.5958295768047
          ],
          [
            -0.977613548100749,
            51.5958020740789
          ],
          [
            -0.977671793610778,
            51.5957751464959
          ],
          [
            -0.977728230184468,
            51.5957486172845
          ],
          [
            -0.977785958053238,
            51.595721845717
          ],
          [
            -0.9778706635956,
            51.5956818538906
          ]
        ]
      },
      "properties": {
        "row_number": "69"
      }
    },
    {
      "type": "Feature",
      "geometry": {
        "type": "Point",
        "coordinates": [
          -0.976675099758983,
          51.5962424614997
        ]
      },
      "properties": {
        "row_number": "69"
      }
    },
    {
      "type": "Feature",
      "geometry": {
        "type": "Point",
        "coordinates": [
          -0.976688310759097,
          51.5962358270904
        ]
      },
      "properties": {
        "row_number": "69"
      }
    },
    {
      "type": "Feature",
      "geometry": {
        "type": "Point",
        "coordinates": [
          -0.976745123060944,
          51.5962088641789
        ]
      },
      "properties": {
        "row_number": "69"
      }
    },
    {
      "type": "Feature",
      "geometry": {
        "type": "Point",
        "coordinates": [
          -0.976803105816673,
          51.5961818543849
        ]
      },
      "properties": {
        "row_number": "69"
      }
    },
    {
      "type": "Feature",
      "geometry": {
        "type": "Point",
        "coordinates": [
          -0.976863163884977,
          51.596153629684
        ]
      },
      "properties": {
        "row_number": "69"
      }
    },
    {
      "type": "Feature",
      "geometry": {
        "type": "Point",
        "coordinates": [
          -0.976917357086549,
          51.5961283567907
        ]
      },
      "properties": {
        "row_number": "69"
      }
    },
    {
      "type": "Feature",
      "geometry": {
        "type": "Point",
        "coordinates": [
          -0.976976443340731,
          51.5961006950109
        ]
      },
      "properties": {
        "row_number": "69"
      }
    },
    {
      "type": "Feature",
      "geometry": {
        "type": "Point",
        "coordinates": [
          -0.977034974678219,
          51.596073392338
        ]
      },
      "properties": {
        "row_number": "69"
      }
    },
    {
      "type": "Feature",
      "geometry": {
        "type": "Point",
        "coordinates": [
          -0.977093383303351,
          51.5960462925018
        ]
      },
      "properties": {
        "row_number": "69"
      }
    },
    {
      "type": "Feature",
      "geometry": {
        "type": "Point",
        "coordinates": [
          -0.977151035243396,
          51.5960190379214
        ]
      },
      "properties": {
        "row_number": "69"
      }
    },
    {
      "type": "Feature",
      "geometry": {
        "type": "Point",
        "coordinates": [
          -0.97720951866075,
          51.5959921030575
        ]
      },
      "properties": {
        "row_number": "69"
      }
    },
    {
      "type": "Feature",
      "geometry": {
        "type": "Point",
        "coordinates": [
          -0.97726815262818,
          51.5959643064559
        ]
      },
      "properties": {
        "row_number": "69"
      }
    },
    {
      "type": "Feature",
      "geometry": {
        "type": "Point",
        "coordinates": [
          -0.977325469734398,
          51.5959375774484
        ]
      },
      "properties": {
        "row_number": "69"
      }
    },
    {
      "type": "Feature",
      "geometry": {
        "type": "Point",
        "coordinates": [
          -0.977382936034118,
          51.5959110297104
        ]
      },
      "properties": {
        "row_number": "69"
      }
    },
    {
      "type": "Feature",
      "geometry": {
        "type": "Point",
        "coordinates": [
          -0.977437994452907,
          51.5958847164123
        ]
      },
      "properties": {
        "row_number": "69"
      }
    },
    {
      "type": "Feature",
      "geometry": {
        "type": "Point",
        "coordinates": [
          -0.977497022091536,
          51.5958572099357
        ]
      },
      "properties": {
        "row_number": "69"
      }
    },
    {
      "type": "Feature",
      "geometry": {
        "type": "Point",
        "coordinates": [
          -0.977555775842334,
          51.5958295768047
        ]
      },
      "properties": {
        "row_number": "69"
      }
    },
    {
      "type": "Feature",
      "geometry": {
        "type": "Point",
        "coordinates": [
          -0.977613548100749,
          51.5958020740789
        ]
      },
      "properties": {
        "row_number": "69"
      }
    },
    {
      "type": "Feature",
      "geometry": {
        "type": "Point",
        "coordinates": [
          -0.977671793610778,
          51.5957751464959
        ]
      },
      "properties": {
        "row_number": "69"
      }
    },
    {
      "type": "Feature",
      "geometry": {
        "type": "Point",
        "coordinates": [
          -0.977728230184468,
          51.5957486172845
        ]
      },
      "properties": {
        "row_number": "69"
      }
    },
    {
      "type": "Feature",
      "geometry": {
        "type": "Point",
        "coordinates": [
          -0.977785958053238,
          51.595721845717
        ]
      },
      "properties": {
        "row_number": "69"
      }
    },
    {
      "type": "Feature",
      "geometry": {
        "type": "Point",
        "coordinates": [
          -0.9778706635956,
          51.5956818538906
        ]
      },
      "properties": {
        "row_number": "69"
      }
    },
    {
      "type": "Feature",
      "geometry": {
        "type": "LineString",
        "coordinates": [
          [
            -0.976642568355185,
            51.59623099693
          ],
          [
            -0.976668847269774,
            51.5962183770137
          ],
          [
            -0.976726755775277,
            51.5961916501397
          ],
          [
            -0.976784027866101,
            51.5961641083576
          ],
          [
            -0.976843199433636,
            51.5961372521369
          ],
          [
            -0.976898916124275,
            51.5961107803845
          ],
          [
            -0.976958414778707,
            51.5960831232758
          ],
          [
            -0.977016423348791,
            51.5960558178489
          ],
          [
            -0.977073490757202,
            51.5960286543199
          ],
          [
            -0.977130077270966,
            51.5960021383871
          ],
          [
            -0.977187610787727,
            51.595974988233
          ],
          [
            -0.977245241900476,
            51.5959471052208
          ],
          [
            -0.977303399305803,
            51.5959202343398
          ],
          [
            -0.97735977793982,
            51.5958937658947
          ],
          [
            -0.977418561595301,
            51.5958665425086
          ],
          [
            -0.977475258089627,
            51.5958403719219
          ],
          [
            -0.977536605333032,
            51.595811551675
          ],
          [
            -0.977591568381169,
            51.5957854019159
          ],
          [
            -0.977650008650138,
            51.5957582200286
          ],
          [
            -0.977707812618381,
            51.5957313498767
          ],
          [
            -0.97776610230166,
            51.5957042833786
          ],
          [
            -0.97784736808702,
            51.5956657698069
          ]
        ]
      },
      "properties": {
        "row_number": "70"
      }
    },
    {
      "type": "Feature",
      "geometry": {
        "type": "Point",
        "coordinates": [
          -0.976642568355185,
          51.59623099693
        ]
      },
      "properties": {
        "row_number": "70"
      }
    },
    {
      "type": "Feature",
      "geometry": {
        "type": "Point",
        "coordinates": [
          -0.976668847269774,
          51.5962183770137
        ]
      },
      "properties": {
        "row_number": "70"
      }
    },
    {
      "type": "Feature",
      "geometry": {
        "type": "Point",
        "coordinates": [
          -0.976726755775277,
          51.5961916501397
        ]
      },
      "properties": {
        "row_number": "70"
      }
    },
    {
      "type": "Feature",
      "geometry": {
        "type": "Point",
        "coordinates": [
          -0.976784027866101,
          51.5961641083576
        ]
      },
      "properties": {
        "row_number": "70"
      }
    },
    {
      "type": "Feature",
      "geometry": {
        "type": "Point",
        "coordinates": [
          -0.976843199433636,
          51.5961372521369
        ]
      },
      "properties": {
        "row_number": "70"
      }
    },
    {
      "type": "Feature",
      "geometry": {
        "type": "Point",
        "coordinates": [
          -0.976898916124275,
          51.5961107803845
        ]
      },
      "properties": {
        "row_number": "70"
      }
    },
    {
      "type": "Feature",
      "geometry": {
        "type": "Point",
        "coordinates": [
          -0.976958414778707,
          51.5960831232758
        ]
      },
      "properties": {
        "row_number": "70"
      }
    },
    {
      "type": "Feature",
      "geometry": {
        "type": "Point",
        "coordinates": [
          -0.977016423348791,
          51.5960558178489
        ]
      },
      "properties": {
        "row_number": "70"
      }
    },
    {
      "type": "Feature",
      "geometry": {
        "type": "Point",
        "coordinates": [
          -0.977073490757202,
          51.5960286543199
        ]
      },
      "properties": {
        "row_number": "70"
      }
    },
    {
      "type": "Feature",
      "geometry": {
        "type": "Point",
        "coordinates": [
          -0.977130077270966,
          51.5960021383871
        ]
      },
      "properties": {
        "row_number": "70"
      }
    },
    {
      "type": "Feature",
      "geometry": {
        "type": "Point",
        "coordinates": [
          -0.977187610787727,
          51.595974988233
        ]
      },
      "properties": {
        "row_number": "70"
      }
    },
    {
      "type": "Feature",
      "geometry": {
        "type": "Point",
        "coordinates": [
          -0.977245241900476,
          51.5959471052208
        ]
      },
      "properties": {
        "row_number": "70"
      }
    },
    {
      "type": "Feature",
      "geometry": {
        "type": "Point",
        "coordinates": [
          -0.977303399305803,
          51.5959202343398
        ]
      },
      "properties": {
        "row_number": "70"
      }
    },
    {
      "type": "Feature",
      "geometry": {
        "type": "Point",
        "coordinates": [
          -0.97735977793982,
          51.5958937658947
        ]
      },
      "properties": {
        "row_number": "70"
      }
    },
    {
      "type": "Feature",
      "geometry": {
        "type": "Point",
        "coordinates": [
          -0.977418561595301,
          51.5958665425086
        ]
      },
      "properties": {
        "row_number": "70"
      }
    },
    {
      "type": "Feature",
      "geometry": {
        "type": "Point",
        "coordinates": [
          -0.977475258089627,
          51.5958403719219
        ]
      },
      "properties": {
        "row_number": "70"
      }
    },
    {
      "type": "Feature",
      "geometry": {
        "type": "Point",
        "coordinates": [
          -0.977536605333032,
          51.595811551675
        ]
      },
      "properties": {
        "row_number": "70"
      }
    },
    {
      "type": "Feature",
      "geometry": {
        "type": "Point",
        "coordinates": [
          -0.977591568381169,
          51.5957854019159
        ]
      },
      "properties": {
        "row_number": "70"
      }
    },
    {
      "type": "Feature",
      "geometry": {
        "type": "Point",
        "coordinates": [
          -0.977650008650138,
          51.5957582200286
        ]
      },
      "properties": {
        "row_number": "70"
      }
    },
    {
      "type": "Feature",
      "geometry": {
        "type": "Point",
        "coordinates": [
          -0.977707812618381,
          51.5957313498767
        ]
      },
      "properties": {
        "row_number": "70"
      }
    },
    {
      "type": "Feature",
      "geometry": {
        "type": "Point",
        "coordinates": [
          -0.97776610230166,
          51.5957042833786
        ]
      },
      "properties": {
        "row_number": "70"
      }
    },
    {
      "type": "Feature",
      "geometry": {
        "type": "Point",
        "coordinates": [
          -0.97784736808702,
          51.5956657698069
        ]
      },
      "properties": {
        "row_number": "70"
      }
    },
    {
      "type": "Feature",
      "geometry": {
        "type": "LineString",
        "coordinates": [
          [
            -0.976611704939931,
            51.5962180171259
          ],
          [
            -0.976647370809185,
            51.5962008150178
          ],
          [
            -0.97670512576516,
            51.5961735736963
          ],
          [
            -0.976761688644495,
            51.5961471445698
          ],
          [
            -0.97682055264123,
            51.5961197468408
          ],
          [
            -0.976877124980717,
            51.5960927143396
          ],
          [
            -0.976936541077895,
            51.5960650851648
          ],
          [
            -0.976995273432252,
            51.596037913864
          ],
          [
            -0.977051801630137,
            51.596011405852
          ],
          [
            -0.977110730911765,
            51.5959836631207
          ],
          [
            -0.977165610838094,
            51.5959574704017
          ],
          [
            -0.9772258589172,
            51.5959287274586
          ],
          [
            -0.977284358165476,
            51.5959030262609
          ],
          [
            -0.977339830202969,
            51.5958768914836
          ],
          [
            -0.977397428530075,
            51.5958494436704
          ],
          [
            -0.977455727662982,
            51.5958220024186
          ],
          [
            -0.977513516205298,
            51.595795069744
          ],
          [
            -0.977570615200064,
            51.5957681385626
          ],
          [
            -0.977629554903824,
            51.5957400416469
          ],
          [
            -0.977686962213886,
            51.5957138236305
          ],
          [
            -0.977742051222863,
            51.5956873304214
          ],
          [
            -0.977823713520711,
            51.5956491806531
          ]
        ]
      },
      "properties": {
        "row_number": "71"
      }
    },
    {
      "type": "Feature",
      "geometry": {
        "type": "Point",
        "coordinates": [
          -0.976611704939931,
          51.5962180171259
        ]
      },
      "properties": {
        "row_number": "71"
      }
    },
    {
      "type": "Feature",
      "geometry": {
        "type": "Point",
        "coordinates": [
          -0.976647370809185,
          51.5962008150178
        ]
      },
      "properties": {
        "row_number": "71"
      }
    },
    {
      "type": "Feature",
      "geometry": {
        "type": "Point",
        "coordinates": [
          -0.97670512576516,
          51.5961735736963
        ]
      },
      "properties": {
        "row_number": "71"
      }
    },
    {
      "type": "Feature",
      "geometry": {
        "type": "Point",
        "coordinates": [
          -0.976761688644495,
          51.5961471445698
        ]
      },
      "properties": {
        "row_number": "71"
      }
    },
    {
      "type": "Feature",
      "geometry": {
        "type": "Point",
        "coordinates": [
          -0.97682055264123,
          51.5961197468408
        ]
      },
      "properties": {
        "row_number": "71"
      }
    },
    {
      "type": "Feature",
      "geometry": {
        "type": "Point",
        "coordinates": [
          -0.976877124980717,
          51.5960927143396
        ]
      },
      "properties": {
        "row_number": "71"
      }
    },
    {
      "type": "Feature",
      "geometry": {
        "type": "Point",
        "coordinates": [
          -0.976936541077895,
          51.5960650851648
        ]
      },
      "properties": {
        "row_number": "71"
      }
    },
    {
      "type": "Feature",
      "geometry": {
        "type": "Point",
        "coordinates": [
          -0.976995273432252,
          51.596037913864
        ]
      },
      "properties": {
        "row_number": "71"
      }
    },
    {
      "type": "Feature",
      "geometry": {
        "type": "Point",
        "coordinates": [
          -0.977051801630137,
          51.596011405852
        ]
      },
      "properties": {
        "row_number": "71"
      }
    },
    {
      "type": "Feature",
      "geometry": {
        "type": "Point",
        "coordinates": [
          -0.977110730911765,
          51.5959836631207
        ]
      },
      "properties": {
        "row_number": "71"
      }
    },
    {
      "type": "Feature",
      "geometry": {
        "type": "Point",
        "coordinates": [
          -0.977165610838094,
          51.5959574704017
        ]
      },
      "properties": {
        "row_number": "71"
      }
    },
    {
      "type": "Feature",
      "geometry": {
        "type": "Point",
        "coordinates": [
          -0.9772258589172,
          51.5959287274586
        ]
      },
      "properties": {
        "row_number": "71"
      }
    },
    {
      "type": "Feature",
      "geometry": {
        "type": "Point",
        "coordinates": [
          -0.977284358165476,
          51.5959030262609
        ]
      },
      "properties": {
        "row_number": "71"
      }
    },
    {
      "type": "Feature",
      "geometry": {
        "type": "Point",
        "coordinates": [
          -0.977339830202969,
          51.5958768914836
        ]
      },
      "properties": {
        "row_number": "71"
      }
    },
    {
      "type": "Feature",
      "geometry": {
        "type": "Point",
        "coordinates": [
          -0.977397428530075,
          51.5958494436704
        ]
      },
      "properties": {
        "row_number": "71"
      }
    },
    {
      "type": "Feature",
      "geometry": {
        "type": "Point",
        "coordinates": [
          -0.977455727662982,
          51.5958220024186
        ]
      },
      "properties": {
        "row_number": "71"
      }
    },
    {
      "type": "Feature",
      "geometry": {
        "type": "Point",
        "coordinates": [
          -0.977513516205298,
          51.595795069744
        ]
      },
      "properties": {
        "row_number": "71"
      }
    },
    {
      "type": "Feature",
      "geometry": {
        "type": "Point",
        "coordinates": [
          -0.977570615200064,
          51.5957681385626
        ]
      },
      "properties": {
        "row_number": "71"
      }
    },
    {
      "type": "Feature",
      "geometry": {
        "type": "Point",
        "coordinates": [
          -0.977629554903824,
          51.5957400416469
        ]
      },
      "properties": {
        "row_number": "71"
      }
    },
    {
      "type": "Feature",
      "geometry": {
        "type": "Point",
        "coordinates": [
          -0.977686962213886,
          51.5957138236305
        ]
      },
      "properties": {
        "row_number": "71"
      }
    },
    {
      "type": "Feature",
      "geometry": {
        "type": "Point",
        "coordinates": [
          -0.977742051222863,
          51.5956873304214
        ]
      },
      "properties": {
        "row_number": "71"
      }
    },
    {
      "type": "Feature",
      "geometry": {
        "type": "Point",
        "coordinates": [
          -0.977823713520711,
          51.5956491806531
        ]
      },
      "properties": {
        "row_number": "71"
      }
    },
    {
      "type": "Feature",
      "geometry": {
        "type": "LineString",
        "coordinates": [
          [
            -0.976578581923104,
            51.5962060477683
          ],
          [
            -0.976626858054417,
            51.5961835034142
          ],
          [
            -0.976684686226563,
            51.5961562903036
          ],
          [
            -0.976741718404585,
            51.5961298729325
          ],
          [
            -0.976801810588027,
            51.5961017872505
          ],
          [
            -0.976856518459551,
            51.596076283499
          ],
          [
            -0.976915085914178,
            51.5960488227213
          ],
          [
            -0.976975572307438,
            51.5960207751834
          ],
          [
            -0.977029646076068,
            51.5959949756875
          ],
          [
            -0.977088495057546,
            51.5959672231298
          ],
          [
            -0.977144961052254,
            51.595941375798
          ],
          [
            -0.977205229974964,
            51.5959129591286
          ],
          [
            -0.977262402126096,
            51.5958861108495
          ],
          [
            -0.977318635877938,
            51.5958593724368
          ],
          [
            -0.977376941257534,
            51.5958320430573
          ],
          [
            -0.977433377573316,
            51.5958056090449
          ],
          [
            -0.977493798400001,
            51.5957775192033
          ],
          [
            -0.977551320199742,
            51.5957505942668
          ],
          [
            -0.977608901793901,
            51.5957235813895
          ],
          [
            -0.977665513047234,
            51.5956969251686
          ],
          [
            -0.977722650148384,
            51.5956701036568
          ],
          [
            -0.977801442338415,
            51.5956330972189
          ]
        ]
      },
      "properties": {
        "row_number": "72"
      }
    },
    {
      "type": "Feature",
      "geometry": {
        "type": "Point",
        "coordinates": [
          -0.976578581923104,
          51.5962060477683
        ]
      },
      "properties": {
        "row_number": "72"
      }
    },
    {
      "type": "Feature",
      "geometry": {
        "type": "Point",
        "coordinates": [
          -0.976626858054417,
          51.5961835034142
        ]
      },
      "properties": {
        "row_number": "72"
      }
    },
    {
      "type": "Feature",
      "geometry": {
        "type": "Point",
        "coordinates": [
          -0.976684686226563,
          51.5961562903036
        ]
      },
      "properties": {
        "row_number": "72"
      }
    },
    {
      "type": "Feature",
      "geometry": {
        "type": "Point",
        "coordinates": [
          -0.976741718404585,
          51.5961298729325
        ]
      },
      "properties": {
        "row_number": "72"
      }
    },
    {
      "type": "Feature",
      "geometry": {
        "type": "Point",
        "coordinates": [
          -0.976801810588027,
          51.5961017872505
        ]
      },
      "properties": {
        "row_number": "72"
      }
    },
    {
      "type": "Feature",
      "geometry": {
        "type": "Point",
        "coordinates": [
          -0.976856518459551,
          51.596076283499
        ]
      },
      "properties": {
        "row_number": "72"
      }
    },
    {
      "type": "Feature",
      "geometry": {
        "type": "Point",
        "coordinates": [
          -0.976915085914178,
          51.5960488227213
        ]
      },
      "properties": {
        "row_number": "72"
      }
    },
    {
      "type": "Feature",
      "geometry": {
        "type": "Point",
        "coordinates": [
          -0.976975572307438,
          51.5960207751834
        ]
      },
      "properties": {
        "row_number": "72"
      }
    },
    {
      "type": "Feature",
      "geometry": {
        "type": "Point",
        "coordinates": [
          -0.977029646076068,
          51.5959949756875
        ]
      },
      "properties": {
        "row_number": "72"
      }
    },
    {
      "type": "Feature",
      "geometry": {
        "type": "Point",
        "coordinates": [
          -0.977088495057546,
          51.5959672231298
        ]
      },
      "properties": {
        "row_number": "72"
      }
    },
    {
      "type": "Feature",
      "geometry": {
        "type": "Point",
        "coordinates": [
          -0.977144961052254,
          51.595941375798
        ]
      },
      "properties": {
        "row_number": "72"
      }
    },
    {
      "type": "Feature",
      "geometry": {
        "type": "Point",
        "coordinates": [
          -0.977205229974964,
          51.5959129591286
        ]
      },
      "properties": {
        "row_number": "72"
      }
    },
    {
      "type": "Feature",
      "geometry": {
        "type": "Point",
        "coordinates": [
          -0.977262402126096,
          51.5958861108495
        ]
      },
      "properties": {
        "row_number": "72"
      }
    },
    {
      "type": "Feature",
      "geometry": {
        "type": "Point",
        "coordinates": [
          -0.977318635877938,
          51.5958593724368
        ]
      },
      "properties": {
        "row_number": "72"
      }
    },
    {
      "type": "Feature",
      "geometry": {
        "type": "Point",
        "coordinates": [
          -0.977376941257534,
          51.5958320430573
        ]
      },
      "properties": {
        "row_number": "72"
      }
    },
    {
      "type": "Feature",
      "geometry": {
        "type": "Point",
        "coordinates": [
          -0.977433377573316,
          51.5958056090449
        ]
      },
      "properties": {
        "row_number": "72"
      }
    },
    {
      "type": "Feature",
      "geometry": {
        "type": "Point",
        "coordinates": [
          -0.977493798400001,
          51.5957775192033
        ]
      },
      "properties": {
        "row_number": "72"
      }
    },
    {
      "type": "Feature",
      "geometry": {
        "type": "Point",
        "coordinates": [
          -0.977551320199742,
          51.5957505942668
        ]
      },
      "properties": {
        "row_number": "72"
      }
    },
    {
      "type": "Feature",
      "geometry": {
        "type": "Point",
        "coordinates": [
          -0.977608901793901,
          51.5957235813895
        ]
      },
      "properties": {
        "row_number": "72"
      }
    },
    {
      "type": "Feature",
      "geometry": {
        "type": "Point",
        "coordinates": [
          -0.977665513047234,
          51.5956969251686
        ]
      },
      "properties": {
        "row_number": "72"
      }
    },
    {
      "type": "Feature",
      "geometry": {
        "type": "Point",
        "coordinates": [
          -0.977722650148384,
          51.5956701036568
        ]
      },
      "properties": {
        "row_number": "72"
      }
    },
    {
      "type": "Feature",
      "geometry": {
        "type": "Point",
        "coordinates": [
          -0.977801442338415,
          51.5956330972189
        ]
      },
      "properties": {
        "row_number": "72"
      }
    },
    {
      "type": "Feature",
      "geometry": {
        "type": "LineString",
        "coordinates": [
          [
            -0.976548523167931,
            51.5961943557767
          ],
          [
            -0.976605657838193,
            51.5961668512961
          ],
          [
            -0.976665820711525,
            51.596137736037
          ],
          [
            -0.97672132596511,
            51.5961121925872
          ],
          [
            -0.976778703777847,
            51.5960852138098
          ],
          [
            -0.976837028527336,
            51.5960584340506
          ],
          [
            -0.97689332988741,
            51.5960317777016
          ],
          [
            -0.976953362684843,
            51.5960039925152
          ],
          [
            -0.977011715951162,
            51.5959764972211
          ],
          [
            -0.9770682373711281,
            51.59595433457113
          ],
          [
            -0.977124708610522,
            51.5959232982979
          ],
          [
            -0.977183956543894,
            51.5958955125981
          ],
          [
            -0.977242531403703,
            51.595868661514
          ],
          [
            -0.97729809240761,
            51.5958424028899
          ],
          [
            -0.977357226952243,
            51.5958145796514
          ],
          [
            -0.977413494140461,
            51.5957880143795
          ],
          [
            -0.977472194704761,
            51.595760398988
          ],
          [
            -0.977530476051886,
            51.5957332040332
          ],
          [
            -0.977587753920185,
            51.5957066826637
          ],
          [
            -0.977645126832881,
            51.5956801189048
          ],
          [
            -0.977702490185777,
            51.5956526975994
          ],
          [
            -0.977776712978554,
            51.5956179121672
          ]
        ]
      },
      "properties": {
        "row_number": "73"
      }
    },
    {
      "type": "Feature",
      "geometry": {
        "type": "Point",
        "coordinates": [
          -0.976548523167931,
          51.5961943557767
        ]
      },
      "properties": {
        "row_number": "73"
      }
    },
    {
      "type": "Feature",
      "geometry": {
        "type": "Point",
        "coordinates": [
          -0.976605657838193,
          51.5961668512961
        ]
      },
      "properties": {
        "row_number": "73"
      }
    },
    {
      "type": "Feature",
      "geometry": {
        "type": "Point",
        "coordinates": [
          -0.976665820711525,
          51.596137736037
        ]
      },
      "properties": {
        "row_number": "73"
      }
    },
    {
      "type": "Feature",
      "geometry": {
        "type": "Point",
        "coordinates": [
          -0.97672132596511,
          51.5961121925872
        ]
      },
      "properties": {
        "row_number": "73"
      }
    },
    {
      "type": "Feature",
      "geometry": {
        "type": "Point",
        "coordinates": [
          -0.976778703777847,
          51.5960852138098
        ]
      },
      "properties": {
        "row_number": "73"
      }
    },
    {
      "type": "Feature",
      "geometry": {
        "type": "Point",
        "coordinates": [
          -0.976837028527336,
          51.5960584340506
        ]
      },
      "properties": {
        "row_number": "73"
      }
    },
    {
      "type": "Feature",
      "geometry": {
        "type": "Point",
        "coordinates": [
          -0.97689332988741,
          51.5960317777016
        ]
      },
      "properties": {
        "row_number": "73"
      }
    },
    {
      "type": "Feature",
      "geometry": {
        "type": "Point",
        "coordinates": [
          -0.976953362684843,
          51.5960039925152
        ]
      },
      "properties": {
        "row_number": "73"
      }
    },
    {
      "type": "Feature",
      "geometry": {
        "type": "Point",
        "coordinates": [
          -0.977011715951162,
          51.5959764972211
        ]
      },
      "properties": {
        "row_number": "73"
      }
    },
    {
      "type": "Feature",
      "geometry": {
        "type": "Point",
        "coordinates": [
          -0.9770682373711281,
          51.59595433457113
        ]
      },
      "properties": {
        "row_number": "73"
      }
    },
    {
      "type": "Feature",
      "geometry": {
        "type": "Point",
        "coordinates": [
          -0.977124708610522,
          51.5959232982979
        ]
      },
      "properties": {
        "row_number": "73"
      }
    },
    {
      "type": "Feature",
      "geometry": {
        "type": "Point",
        "coordinates": [
          -0.977183956543894,
          51.5958955125981
        ]
      },
      "properties": {
        "row_number": "73"
      }
    },
    {
      "type": "Feature",
      "geometry": {
        "type": "Point",
        "coordinates": [
          -0.977242531403703,
          51.595868661514
        ]
      },
      "properties": {
        "row_number": "73"
      }
    },
    {
      "type": "Feature",
      "geometry": {
        "type": "Point",
        "coordinates": [
          -0.97729809240761,
          51.5958424028899
        ]
      },
      "properties": {
        "row_number": "73"
      }
    },
    {
      "type": "Feature",
      "geometry": {
        "type": "Point",
        "coordinates": [
          -0.977357226952243,
          51.5958145796514
        ]
      },
      "properties": {
        "row_number": "73"
      }
    },
    {
      "type": "Feature",
      "geometry": {
        "type": "Point",
        "coordinates": [
          -0.977413494140461,
          51.5957880143795
        ]
      },
      "properties": {
        "row_number": "73"
      }
    },
    {
      "type": "Feature",
      "geometry": {
        "type": "Point",
        "coordinates": [
          -0.977472194704761,
          51.595760398988
        ]
      },
      "properties": {
        "row_number": "73"
      }
    },
    {
      "type": "Feature",
      "geometry": {
        "type": "Point",
        "coordinates": [
          -0.977530476051886,
          51.5957332040332
        ]
      },
      "properties": {
        "row_number": "73"
      }
    },
    {
      "type": "Feature",
      "geometry": {
        "type": "Point",
        "coordinates": [
          -0.977587753920185,
          51.5957066826637
        ]
      },
      "properties": {
        "row_number": "73"
      }
    },
    {
      "type": "Feature",
      "geometry": {
        "type": "Point",
        "coordinates": [
          -0.977645126832881,
          51.5956801189048
        ]
      },
      "properties": {
        "row_number": "73"
      }
    },
    {
      "type": "Feature",
      "geometry": {
        "type": "Point",
        "coordinates": [
          -0.977702490185777,
          51.5956526975994
        ]
      },
      "properties": {
        "row_number": "73"
      }
    },
    {
      "type": "Feature",
      "geometry": {
        "type": "Point",
        "coordinates": [
          -0.977776712978554,
          51.5956179121672
        ]
      },
      "properties": {
        "row_number": "73"
      }
    },
    {
      "type": "Feature",
      "geometry": {
        "type": "LineString",
        "coordinates": [
          [
            -0.976516719267041,
            51.5961819308039
          ],
          [
            -0.976587353633368,
            51.5961486307841
          ],
          [
            -0.976643175221385,
            51.5961221807691
          ],
          [
            -0.976700248956175,
            51.5960950567232
          ],
          [
            -0.976760305835057,
            51.5960672135478
          ],
          [
            -0.976816446036854,
            51.5960414521471
          ],
          [
            -0.976873245587587,
            51.5960149548486
          ],
          [
            -0.976933430540629,
            51.5959868335372
          ],
          [
            -0.976990966618996,
            51.5959598306987
          ],
          [
            -0.977048015845548,
            51.5959331911773
          ],
          [
            -0.977105772387994,
            51.5959055839873
          ],
          [
            -0.977162262490712,
            51.5958792832879
          ],
          [
            -0.977220482235328,
            51.5958516061703
          ],
          [
            -0.977278451091051,
            51.5958245523242
          ],
          [
            -0.977336491132619,
            51.5957978024426
          ],
          [
            -0.977393766791831,
            51.595770832611
          ],
          [
            -0.97745134189548,
            51.5957441604736
          ],
          [
            -0.977510388892242,
            51.5957167865014
          ],
          [
            -0.977566700953188,
            51.5956895669753
          ],
          [
            -0.977624679179224,
            51.5956618832314
          ],
          [
            -0.977680513010719,
            51.5956358793174
          ],
          [
            -0.977752371274988,
            51.5956016684766
          ]
        ]
      },
      "properties": {
        "row_number": "74"
      }
    },
    {
      "type": "Feature",
      "geometry": {
        "type": "Point",
        "coordinates": [
          -0.976516719267041,
          51.5961819308039
        ]
      },
      "properties": {
        "row_number": "74"
      }
    },
    {
      "type": "Feature",
      "geometry": {
        "type": "Point",
        "coordinates": [
          -0.976587353633368,
          51.5961486307841
        ]
      },
      "properties": {
        "row_number": "74"
      }
    },
    {
      "type": "Feature",
      "geometry": {
        "type": "Point",
        "coordinates": [
          -0.976643175221385,
          51.5961221807691
        ]
      },
      "properties": {
        "row_number": "74"
      }
    },
    {
      "type": "Feature",
      "geometry": {
        "type": "Point",
        "coordinates": [
          -0.976700248956175,
          51.5960950567232
        ]
      },
      "properties": {
        "row_number": "74"
      }
    },
    {
      "type": "Feature",
      "geometry": {
        "type": "Point",
        "coordinates": [
          -0.976760305835057,
          51.5960672135478
        ]
      },
      "properties": {
        "row_number": "74"
      }
    },
    {
      "type": "Feature",
      "geometry": {
        "type": "Point",
        "coordinates": [
          -0.976816446036854,
          51.5960414521471
        ]
      },
      "properties": {
        "row_number": "74"
      }
    },
    {
      "type": "Feature",
      "geometry": {
        "type": "Point",
        "coordinates": [
          -0.976873245587587,
          51.5960149548486
        ]
      },
      "properties": {
        "row_number": "74"
      }
    },
    {
      "type": "Feature",
      "geometry": {
        "type": "Point",
        "coordinates": [
          -0.976933430540629,
          51.5959868335372
        ]
      },
      "properties": {
        "row_number": "74"
      }
    },
    {
      "type": "Feature",
      "geometry": {
        "type": "Point",
        "coordinates": [
          -0.976990966618996,
          51.5959598306987
        ]
      },
      "properties": {
        "row_number": "74"
      }
    },
    {
      "type": "Feature",
      "geometry": {
        "type": "Point",
        "coordinates": [
          -0.977048015845548,
          51.5959331911773
        ]
      },
      "properties": {
        "row_number": "74"
      }
    },
    {
      "type": "Feature",
      "geometry": {
        "type": "Point",
        "coordinates": [
          -0.977105772387994,
          51.5959055839873
        ]
      },
      "properties": {
        "row_number": "74"
      }
    },
    {
      "type": "Feature",
      "geometry": {
        "type": "Point",
        "coordinates": [
          -0.977162262490712,
          51.5958792832879
        ]
      },
      "properties": {
        "row_number": "74"
      }
    },
    {
      "type": "Feature",
      "geometry": {
        "type": "Point",
        "coordinates": [
          -0.977220482235328,
          51.5958516061703
        ]
      },
      "properties": {
        "row_number": "74"
      }
    },
    {
      "type": "Feature",
      "geometry": {
        "type": "Point",
        "coordinates": [
          -0.977278451091051,
          51.5958245523242
        ]
      },
      "properties": {
        "row_number": "74"
      }
    },
    {
      "type": "Feature",
      "geometry": {
        "type": "Point",
        "coordinates": [
          -0.977336491132619,
          51.5957978024426
        ]
      },
      "properties": {
        "row_number": "74"
      }
    },
    {
      "type": "Feature",
      "geometry": {
        "type": "Point",
        "coordinates": [
          -0.977393766791831,
          51.595770832611
        ]
      },
      "properties": {
        "row_number": "74"
      }
    },
    {
      "type": "Feature",
      "geometry": {
        "type": "Point",
        "coordinates": [
          -0.97745134189548,
          51.5957441604736
        ]
      },
      "properties": {
        "row_number": "74"
      }
    },
    {
      "type": "Feature",
      "geometry": {
        "type": "Point",
        "coordinates": [
          -0.977510388892242,
          51.5957167865014
        ]
      },
      "properties": {
        "row_number": "74"
      }
    },
    {
      "type": "Feature",
      "geometry": {
        "type": "Point",
        "coordinates": [
          -0.977566700953188,
          51.5956895669753
        ]
      },
      "properties": {
        "row_number": "74"
      }
    },
    {
      "type": "Feature",
      "geometry": {
        "type": "Point",
        "coordinates": [
          -0.977624679179224,
          51.5956618832314
        ]
      },
      "properties": {
        "row_number": "74"
      }
    },
    {
      "type": "Feature",
      "geometry": {
        "type": "Point",
        "coordinates": [
          -0.977680513010719,
          51.5956358793174
        ]
      },
      "properties": {
        "row_number": "74"
      }
    },
    {
      "type": "Feature",
      "geometry": {
        "type": "Point",
        "coordinates": [
          -0.977752371274988,
          51.5956016684766
        ]
      },
      "properties": {
        "row_number": "74"
      }
    },
    {
      "type": "Feature",
      "geometry": {
        "type": "LineString",
        "coordinates": [
          [
            -0.976487292133484,
            51.596170473651
          ],
          [
            -0.976565883479242,
            51.5961306003965
          ],
          [
            -0.97662326456105,
            51.5961039931914
          ],
          [
            -0.976680805389927,
            51.596077291103
          ],
          [
            -0.97673769494865,
            51.5960510264023
          ],
          [
            -0.976793936981541,
            51.5960245526073
          ],
          [
            -0.976852125485456,
            51.5959973882719
          ],
          [
            -0.976911751486155,
            51.5959690414068
          ],
          [
            -0.976968320649764,
            51.5959415397259
          ],
          [
            -0.977025689150228,
            51.595915396716
          ],
          [
            -0.977083860303528,
            51.5958872691547
          ],
          [
            -0.977142532732347,
            51.5958611051476
          ],
          [
            -0.977199652890362,
            51.5958342118713
          ],
          [
            -0.9772560029444349,
            51.595807292396
          ],
          [
            -0.97731380678897,
            51.5957795127143
          ],
          [
            -0.977373111535524,
            51.595752834813
          ],
          [
            -0.977429996254736,
            51.5957261534584
          ],
          [
            -0.977488016240367,
            51.5956984311899
          ],
          [
            -0.977546239540131,
            51.5956725501465
          ],
          [
            -0.977603130765398,
            51.5956451836907
          ],
          [
            -0.977660963044644,
            51.5956181003403
          ],
          [
            -0.977731397536104,
            51.5955850474536
          ]
        ]
      },
      "properties": {
        "row_number": "75"
      }
    },
    {
      "type": "Feature",
      "geometry": {
        "type": "Point",
        "coordinates": [
          -0.976487292133484,
          51.596170473651
        ]
      },
      "properties": {
        "row_number": "75"
      }
    },
    {
      "type": "Feature",
      "geometry": {
        "type": "Point",
        "coordinates": [
          -0.976565883479242,
          51.5961306003965
        ]
      },
      "properties": {
        "row_number": "75"
      }
    },
    {
      "type": "Feature",
      "geometry": {
        "type": "Point",
        "coordinates": [
          -0.97662326456105,
          51.5961039931914
        ]
      },
      "properties": {
        "row_number": "75"
      }
    },
    {
      "type": "Feature",
      "geometry": {
        "type": "Point",
        "coordinates": [
          -0.976680805389927,
          51.596077291103
        ]
      },
      "properties": {
        "row_number": "75"
      }
    },
    {
      "type": "Feature",
      "geometry": {
        "type": "Point",
        "coordinates": [
          -0.97673769494865,
          51.5960510264023
        ]
      },
      "properties": {
        "row_number": "75"
      }
    },
    {
      "type": "Feature",
      "geometry": {
        "type": "Point",
        "coordinates": [
          -0.976793936981541,
          51.5960245526073
        ]
      },
      "properties": {
        "row_number": "75"
      }
    },
    {
      "type": "Feature",
      "geometry": {
        "type": "Point",
        "coordinates": [
          -0.976852125485456,
          51.5959973882719
        ]
      },
      "properties": {
        "row_number": "75"
      }
    },
    {
      "type": "Feature",
      "geometry": {
        "type": "Point",
        "coordinates": [
          -0.976911751486155,
          51.5959690414068
        ]
      },
      "properties": {
        "row_number": "75"
      }
    },
    {
      "type": "Feature",
      "geometry": {
        "type": "Point",
        "coordinates": [
          -0.976968320649764,
          51.5959415397259
        ]
      },
      "properties": {
        "row_number": "75"
      }
    },
    {
      "type": "Feature",
      "geometry": {
        "type": "Point",
        "coordinates": [
          -0.977025689150228,
          51.595915396716
        ]
      },
      "properties": {
        "row_number": "75"
      }
    },
    {
      "type": "Feature",
      "geometry": {
        "type": "Point",
        "coordinates": [
          -0.977083860303528,
          51.5958872691547
        ]
      },
      "properties": {
        "row_number": "75"
      }
    },
    {
      "type": "Feature",
      "geometry": {
        "type": "Point",
        "coordinates": [
          -0.977142532732347,
          51.5958611051476
        ]
      },
      "properties": {
        "row_number": "75"
      }
    },
    {
      "type": "Feature",
      "geometry": {
        "type": "Point",
        "coordinates": [
          -0.977199652890362,
          51.5958342118713
        ]
      },
      "properties": {
        "row_number": "75"
      }
    },
    {
      "type": "Feature",
      "geometry": {
        "type": "Point",
        "coordinates": [
          -0.9772560029444349,
          51.595807292396
        ]
      },
      "properties": {
        "row_number": "75"
      }
    },
    {
      "type": "Feature",
      "geometry": {
        "type": "Point",
        "coordinates": [
          -0.97731380678897,
          51.5957795127143
        ]
      },
      "properties": {
        "row_number": "75"
      }
    },
    {
      "type": "Feature",
      "geometry": {
        "type": "Point",
        "coordinates": [
          -0.977373111535524,
          51.595752834813
        ]
      },
      "properties": {
        "row_number": "75"
      }
    },
    {
      "type": "Feature",
      "geometry": {
        "type": "Point",
        "coordinates": [
          -0.977429996254736,
          51.5957261534584
        ]
      },
      "properties": {
        "row_number": "75"
      }
    },
    {
      "type": "Feature",
      "geometry": {
        "type": "Point",
        "coordinates": [
          -0.977488016240367,
          51.5956984311899
        ]
      },
      "properties": {
        "row_number": "75"
      }
    },
    {
      "type": "Feature",
      "geometry": {
        "type": "Point",
        "coordinates": [
          -0.977546239540131,
          51.5956725501465
        ]
      },
      "properties": {
        "row_number": "75"
      }
    },
    {
      "type": "Feature",
      "geometry": {
        "type": "Point",
        "coordinates": [
          -0.977603130765398,
          51.5956451836907
        ]
      },
      "properties": {
        "row_number": "75"
      }
    },
    {
      "type": "Feature",
      "geometry": {
        "type": "Point",
        "coordinates": [
          -0.977660963044644,
          51.5956181003403
        ]
      },
      "properties": {
        "row_number": "75"
      }
    },
    {
      "type": "Feature",
      "geometry": {
        "type": "Point",
        "coordinates": [
          -0.977731397536104,
          51.5955850474536
        ]
      },
      "properties": {
        "row_number": "75"
      }
    },
    {
      "type": "Feature",
      "geometry": {
        "type": "LineString",
        "coordinates": [
          [
            -0.976462034899931,
            51.5961525925224
          ],
          [
            -0.976544425154627,
            51.5961144675945
          ],
          [
            -0.976602786895828,
            51.5960870370962
          ],
          [
            -0.976659635589379,
            51.5960606392625
          ],
          [
            -0.976716578048001,
            51.5960341090086
          ],
          [
            -0.976775335113543,
            51.5960061670229
          ],
          [
            -0.976830925265167,
            51.5959803580274
          ],
          [
            -0.976890736167628,
            51.5959524984478
          ],
          [
            -0.976947879461864,
            51.5959250493248
          ],
          [
            -0.977006519046441,
            51.5958980567331
          ],
          [
            -0.977063303247609,
            51.5958712615769
          ],
          [
            -0.977119873614233,
            51.5958442201007
          ],
          [
            -0.977178370039387,
            51.5958169783302
          ],
          [
            -0.977236384123491,
            51.5957901052791
          ],
          [
            -0.977292948636389,
            51.5957637205192
          ],
          [
            -0.977352716093219,
            51.5957356758103
          ],
          [
            -0.977408509336681,
            51.5957089830628
          ],
          [
            -0.977468189731844,
            51.595680843085
          ],
          [
            -0.977524647176243,
            51.5956544415777
          ],
          [
            -0.977582220730233,
            51.5956277764635
          ],
          [
            -0.97763985416988,
            51.5956004422824
          ],
          [
            -0.977708187206403,
            51.5955682975073
          ]
        ]
      },
      "properties": {
        "row_number": "76"
      }
    },
    {
      "type": "Feature",
      "geometry": {
        "type": "Point",
        "coordinates": [
          -0.976462034899931,
          51.5961525925224
        ]
      },
      "properties": {
        "row_number": "76"
      }
    },
    {
      "type": "Feature",
      "geometry": {
        "type": "Point",
        "coordinates": [
          -0.976544425154627,
          51.5961144675945
        ]
      },
      "properties": {
        "row_number": "76"
      }
    },
    {
      "type": "Feature",
      "geometry": {
        "type": "Point",
        "coordinates": [
          -0.976602786895828,
          51.5960870370962
        ]
      },
      "properties": {
        "row_number": "76"
      }
    },
    {
      "type": "Feature",
      "geometry": {
        "type": "Point",
        "coordinates": [
          -0.976659635589379,
          51.5960606392625
        ]
      },
      "properties": {
        "row_number": "76"
      }
    },
    {
      "type": "Feature",
      "geometry": {
        "type": "Point",
        "coordinates": [
          -0.976716578048001,
          51.5960341090086
        ]
      },
      "properties": {
        "row_number": "76"
      }
    },
    {
      "type": "Feature",
      "geometry": {
        "type": "Point",
        "coordinates": [
          -0.976775335113543,
          51.5960061670229
        ]
      },
      "properties": {
        "row_number": "76"
      }
    },
    {
      "type": "Feature",
      "geometry": {
        "type": "Point",
        "coordinates": [
          -0.976830925265167,
          51.5959803580274
        ]
      },
      "properties": {
        "row_number": "76"
      }
    },
    {
      "type": "Feature",
      "geometry": {
        "type": "Point",
        "coordinates": [
          -0.976890736167628,
          51.5959524984478
        ]
      },
      "properties": {
        "row_number": "76"
      }
    },
    {
      "type": "Feature",
      "geometry": {
        "type": "Point",
        "coordinates": [
          -0.976947879461864,
          51.5959250493248
        ]
      },
      "properties": {
        "row_number": "76"
      }
    },
    {
      "type": "Feature",
      "geometry": {
        "type": "Point",
        "coordinates": [
          -0.977006519046441,
          51.5958980567331
        ]
      },
      "properties": {
        "row_number": "76"
      }
    },
    {
      "type": "Feature",
      "geometry": {
        "type": "Point",
        "coordinates": [
          -0.977063303247609,
          51.5958712615769
        ]
      },
      "properties": {
        "row_number": "76"
      }
    },
    {
      "type": "Feature",
      "geometry": {
        "type": "Point",
        "coordinates": [
          -0.977119873614233,
          51.5958442201007
        ]
      },
      "properties": {
        "row_number": "76"
      }
    },
    {
      "type": "Feature",
      "geometry": {
        "type": "Point",
        "coordinates": [
          -0.977178370039387,
          51.5958169783302
        ]
      },
      "properties": {
        "row_number": "76"
      }
    },
    {
      "type": "Feature",
      "geometry": {
        "type": "Point",
        "coordinates": [
          -0.977236384123491,
          51.5957901052791
        ]
      },
      "properties": {
        "row_number": "76"
      }
    },
    {
      "type": "Feature",
      "geometry": {
        "type": "Point",
        "coordinates": [
          -0.977292948636389,
          51.5957637205192
        ]
      },
      "properties": {
        "row_number": "76"
      }
    },
    {
      "type": "Feature",
      "geometry": {
        "type": "Point",
        "coordinates": [
          -0.977352716093219,
          51.5957356758103
        ]
      },
      "properties": {
        "row_number": "76"
      }
    },
    {
      "type": "Feature",
      "geometry": {
        "type": "Point",
        "coordinates": [
          -0.977408509336681,
          51.5957089830628
        ]
      },
      "properties": {
        "row_number": "76"
      }
    },
    {
      "type": "Feature",
      "geometry": {
        "type": "Point",
        "coordinates": [
          -0.977468189731844,
          51.595680843085
        ]
      },
      "properties": {
        "row_number": "76"
      }
    },
    {
      "type": "Feature",
      "geometry": {
        "type": "Point",
        "coordinates": [
          -0.977524647176243,
          51.5956544415777
        ]
      },
      "properties": {
        "row_number": "76"
      }
    },
    {
      "type": "Feature",
      "geometry": {
        "type": "Point",
        "coordinates": [
          -0.977582220730233,
          51.5956277764635
        ]
      },
      "properties": {
        "row_number": "76"
      }
    },
    {
      "type": "Feature",
      "geometry": {
        "type": "Point",
        "coordinates": [
          -0.97763985416988,
          51.5956004422824
        ]
      },
      "properties": {
        "row_number": "76"
      }
    },
    {
      "type": "Feature",
      "geometry": {
        "type": "Point",
        "coordinates": [
          -0.977708187206403,
          51.5955682975073
        ]
      },
      "properties": {
        "row_number": "76"
      }
    },
    {
      "type": "Feature",
      "geometry": {
        "type": "LineString",
        "coordinates": [
          [
            -0.9764429946234,
            51.596135043418
          ],
          [
            -0.976524312393783,
            51.5960969799706
          ],
          [
            -0.976581755359715,
            51.596070522049
          ],
          [
            -0.976638754744868,
            51.5960438649344
          ],
          [
            -0.976697291857247,
            51.5960159205522
          ],
          [
            -0.976754662045816,
            51.5959892502749
          ],
          [
            -0.976812773407455,
            51.5959619916842
          ],
          [
            -0.976870935163404,
            51.5959345712805
          ],
          [
            -0.976927690534481,
            51.5959078404694
          ],
          [
            -0.976986057422215,
            51.5958800916491
          ],
          [
            -0.977043487771258,
            51.5958532432752
          ],
          [
            -0.977101158510903,
            51.5958263194337
          ],
          [
            -0.977158410167786,
            51.5957992472455
          ],
          [
            -0.977215527773481,
            51.5957726429784
          ],
          [
            -0.977271185738044,
            51.5957464146425
          ],
          [
            -0.977331295265986,
            51.5957183028648
          ],
          [
            -0.977388030337552,
            51.595691348442
          ],
          [
            -0.977446468822915,
            51.5956640778431
          ],
          [
            -0.977504606852425,
            51.5956364565861
          ],
          [
            -0.977561142250122,
            51.5956106808861
          ],
          [
            -0.977618777525721,
            51.5955834482607
          ],
          [
            -0.97768662503306,
            51.5955518718223
          ]
        ]
      },
      "properties": {
        "row_number": "77"
      }
    },
    {
      "type": "Feature",
      "geometry": {
        "type": "Point",
        "coordinates": [
          -0.9764429946234,
          51.596135043418
        ]
      },
      "properties": {
        "row_number": "77"
      }
    },
    {
      "type": "Feature",
      "geometry": {
        "type": "Point",
        "coordinates": [
          -0.976524312393783,
          51.5960969799706
        ]
      },
      "properties": {
        "row_number": "77"
      }
    },
    {
      "type": "Feature",
      "geometry": {
        "type": "Point",
        "coordinates": [
          -0.976581755359715,
          51.596070522049
        ]
      },
      "properties": {
        "row_number": "77"
      }
    },
    {
      "type": "Feature",
      "geometry": {
        "type": "Point",
        "coordinates": [
          -0.976638754744868,
          51.5960438649344
        ]
      },
      "properties": {
        "row_number": "77"
      }
    },
    {
      "type": "Feature",
      "geometry": {
        "type": "Point",
        "coordinates": [
          -0.976697291857247,
          51.5960159205522
        ]
      },
      "properties": {
        "row_number": "77"
      }
    },
    {
      "type": "Feature",
      "geometry": {
        "type": "Point",
        "coordinates": [
          -0.976754662045816,
          51.5959892502749
        ]
      },
      "properties": {
        "row_number": "77"
      }
    },
    {
      "type": "Feature",
      "geometry": {
        "type": "Point",
        "coordinates": [
          -0.976812773407455,
          51.5959619916842
        ]
      },
      "properties": {
        "row_number": "77"
      }
    },
    {
      "type": "Feature",
      "geometry": {
        "type": "Point",
        "coordinates": [
          -0.976870935163404,
          51.5959345712805
        ]
      },
      "properties": {
        "row_number": "77"
      }
    },
    {
      "type": "Feature",
      "geometry": {
        "type": "Point",
        "coordinates": [
          -0.976927690534481,
          51.5959078404694
        ]
      },
      "properties": {
        "row_number": "77"
      }
    },
    {
      "type": "Feature",
      "geometry": {
        "type": "Point",
        "coordinates": [
          -0.976986057422215,
          51.5958800916491
        ]
      },
      "properties": {
        "row_number": "77"
      }
    },
    {
      "type": "Feature",
      "geometry": {
        "type": "Point",
        "coordinates": [
          -0.977043487771258,
          51.5958532432752
        ]
      },
      "properties": {
        "row_number": "77"
      }
    },
    {
      "type": "Feature",
      "geometry": {
        "type": "Point",
        "coordinates": [
          -0.977101158510903,
          51.5958263194337
        ]
      },
      "properties": {
        "row_number": "77"
      }
    },
    {
      "type": "Feature",
      "geometry": {
        "type": "Point",
        "coordinates": [
          -0.977158410167786,
          51.5957992472455
        ]
      },
      "properties": {
        "row_number": "77"
      }
    },
    {
      "type": "Feature",
      "geometry": {
        "type": "Point",
        "coordinates": [
          -0.977215527773481,
          51.5957726429784
        ]
      },
      "properties": {
        "row_number": "77"
      }
    },
    {
      "type": "Feature",
      "geometry": {
        "type": "Point",
        "coordinates": [
          -0.977271185738044,
          51.5957464146425
        ]
      },
      "properties": {
        "row_number": "77"
      }
    },
    {
      "type": "Feature",
      "geometry": {
        "type": "Point",
        "coordinates": [
          -0.977331295265986,
          51.5957183028648
        ]
      },
      "properties": {
        "row_number": "77"
      }
    },
    {
      "type": "Feature",
      "geometry": {
        "type": "Point",
        "coordinates": [
          -0.977388030337552,
          51.595691348442
        ]
      },
      "properties": {
        "row_number": "77"
      }
    },
    {
      "type": "Feature",
      "geometry": {
        "type": "Point",
        "coordinates": [
          -0.977446468822915,
          51.5956640778431
        ]
      },
      "properties": {
        "row_number": "77"
      }
    },
    {
      "type": "Feature",
      "geometry": {
        "type": "Point",
        "coordinates": [
          -0.977504606852425,
          51.5956364565861
        ]
      },
      "properties": {
        "row_number": "77"
      }
    },
    {
      "type": "Feature",
      "geometry": {
        "type": "Point",
        "coordinates": [
          -0.977561142250122,
          51.5956106808861
        ]
      },
      "properties": {
        "row_number": "77"
      }
    },
    {
      "type": "Feature",
      "geometry": {
        "type": "Point",
        "coordinates": [
          -0.977618777525721,
          51.5955834482607
        ]
      },
      "properties": {
        "row_number": "77"
      }
    },
    {
      "type": "Feature",
      "geometry": {
        "type": "Point",
        "coordinates": [
          -0.97768662503306,
          51.5955518718223
        ]
      },
      "properties": {
        "row_number": "77"
      }
    },
    {
      "type": "Feature",
      "geometry": {
        "type": "LineString",
        "coordinates": [
          [
            -0.976421094678978,
            51.5961179560581
          ],
          [
            -0.976503048601642,
            51.5960798025781
          ],
          [
            -0.976560146779756,
            51.5960528353094
          ],
          [
            -0.976618113593152,
            51.5960259888181
          ],
          [
            -0.976675796147771,
            51.5959988078645
          ],
          [
            -0.976733176284505,
            51.5959718776581
          ],
          [
            -0.976790729277214,
            51.5959447307148
          ],
          [
            -0.976849902763824,
            51.5959166863983
          ],
          [
            -0.976906101155078,
            51.5958906421194
          ],
          [
            -0.976964725407115,
            51.5958632420879
          ],
          [
            -0.977021610867393,
            51.5958363910603
          ],
          [
            -0.977079965597376,
            51.5958087699675
          ],
          [
            -0.977137518270808,
            51.5957820219764
          ],
          [
            -0.977194269696245,
            51.5957553688048
          ],
          [
            -0.977252617717308,
            51.5957283102678
          ],
          [
            -0.977310134295885,
            51.5957013458178
          ],
          [
            -0.97736768784381,
            51.5956743768565
          ],
          [
            -0.977427412347398,
            51.5956468008391
          ],
          [
            -0.97748397234725,
            51.595620613681
          ],
          [
            -0.97754232204418,
            51.5955930876448
          ],
          [
            -0.977597855721989,
            51.5955669209382
          ],
          [
            -0.977661037529029,
            51.5955365891182
          ]
        ]
      },
      "properties": {
        "row_number": "78"
      }
    },
    {
      "type": "Feature",
      "geometry": {
        "type": "Point",
        "coordinates": [
          -0.976421094678978,
          51.5961179560581
        ]
      },
      "properties": {
        "row_number": "78"
      }
    },
    {
      "type": "Feature",
      "geometry": {
        "type": "Point",
        "coordinates": [
          -0.976503048601642,
          51.5960798025781
        ]
      },
      "properties": {
        "row_number": "78"
      }
    },
    {
      "type": "Feature",
      "geometry": {
        "type": "Point",
        "coordinates": [
          -0.976560146779756,
          51.5960528353094
        ]
      },
      "properties": {
        "row_number": "78"
      }
    },
    {
      "type": "Feature",
      "geometry": {
        "type": "Point",
        "coordinates": [
          -0.976618113593152,
          51.5960259888181
        ]
      },
      "properties": {
        "row_number": "78"
      }
    },
    {
      "type": "Feature",
      "geometry": {
        "type": "Point",
        "coordinates": [
          -0.976675796147771,
          51.5959988078645
        ]
      },
      "properties": {
        "row_number": "78"
      }
    },
    {
      "type": "Feature",
      "geometry": {
        "type": "Point",
        "coordinates": [
          -0.976733176284505,
          51.5959718776581
        ]
      },
      "properties": {
        "row_number": "78"
      }
    },
    {
      "type": "Feature",
      "geometry": {
        "type": "Point",
        "coordinates": [
          -0.976790729277214,
          51.5959447307148
        ]
      },
      "properties": {
        "row_number": "78"
      }
    },
    {
      "type": "Feature",
      "geometry": {
        "type": "Point",
        "coordinates": [
          -0.976849902763824,
          51.5959166863983
        ]
      },
      "properties": {
        "row_number": "78"
      }
    },
    {
      "type": "Feature",
      "geometry": {
        "type": "Point",
        "coordinates": [
          -0.976906101155078,
          51.5958906421194
        ]
      },
      "properties": {
        "row_number": "78"
      }
    },
    {
      "type": "Feature",
      "geometry": {
        "type": "Point",
        "coordinates": [
          -0.976964725407115,
          51.5958632420879
        ]
      },
      "properties": {
        "row_number": "78"
      }
    },
    {
      "type": "Feature",
      "geometry": {
        "type": "Point",
        "coordinates": [
          -0.977021610867393,
          51.5958363910603
        ]
      },
      "properties": {
        "row_number": "78"
      }
    },
    {
      "type": "Feature",
      "geometry": {
        "type": "Point",
        "coordinates": [
          -0.977079965597376,
          51.5958087699675
        ]
      },
      "properties": {
        "row_number": "78"
      }
    },
    {
      "type": "Feature",
      "geometry": {
        "type": "Point",
        "coordinates": [
          -0.977137518270808,
          51.5957820219764
        ]
      },
      "properties": {
        "row_number": "78"
      }
    },
    {
      "type": "Feature",
      "geometry": {
        "type": "Point",
        "coordinates": [
          -0.977194269696245,
          51.5957553688048
        ]
      },
      "properties": {
        "row_number": "78"
      }
    },
    {
      "type": "Feature",
      "geometry": {
        "type": "Point",
        "coordinates": [
          -0.977252617717308,
          51.5957283102678
        ]
      },
      "properties": {
        "row_number": "78"
      }
    },
    {
      "type": "Feature",
      "geometry": {
        "type": "Point",
        "coordinates": [
          -0.977310134295885,
          51.5957013458178
        ]
      },
      "properties": {
        "row_number": "78"
      }
    },
    {
      "type": "Feature",
      "geometry": {
        "type": "Point",
        "coordinates": [
          -0.97736768784381,
          51.5956743768565
        ]
      },
      "properties": {
        "row_number": "78"
      }
    },
    {
      "type": "Feature",
      "geometry": {
        "type": "Point",
        "coordinates": [
          -0.977427412347398,
          51.5956468008391
        ]
      },
      "properties": {
        "row_number": "78"
      }
    },
    {
      "type": "Feature",
      "geometry": {
        "type": "Point",
        "coordinates": [
          -0.97748397234725,
          51.595620613681
        ]
      },
      "properties": {
        "row_number": "78"
      }
    },
    {
      "type": "Feature",
      "geometry": {
        "type": "Point",
        "coordinates": [
          -0.97754232204418,
          51.5955930876448
        ]
      },
      "properties": {
        "row_number": "78"
      }
    },
    {
      "type": "Feature",
      "geometry": {
        "type": "Point",
        "coordinates": [
          -0.977597855721989,
          51.5955669209382
        ]
      },
      "properties": {
        "row_number": "78"
      }
    },
    {
      "type": "Feature",
      "geometry": {
        "type": "Point",
        "coordinates": [
          -0.977661037529029,
          51.5955365891182
        ]
      },
      "properties": {
        "row_number": "78"
      }
    },
    {
      "type": "Feature",
      "geometry": {
        "type": "LineString",
        "coordinates": [
          [
            -0.976401273801075,
            51.5961010871974
          ],
          [
            -0.976481452096043,
            51.5960632352651
          ],
          [
            -0.976538285173591,
            51.5960370018375
          ],
          [
            -0.97659798186117,
            51.5960082773854
          ],
          [
            -0.976655114369557,
            51.5959821337772
          ],
          [
            -0.976712283546813,
            51.5959549398435
          ],
          [
            -0.976769865597361,
            51.5959277240963
          ],
          [
            -0.976828429685996,
            51.595900316978
          ],
          [
            -0.976885702250254,
            51.5958732544214
          ],
          [
            -0.976943462065569,
            51.5958460322429
          ],
          [
            -0.9770017860173,
            51.5958185629171
          ],
          [
            -0.977057758771359,
            51.5957918937273
          ],
          [
            -0.977117306067418,
            51.5957644113199
          ],
          [
            -0.977173109421762,
            51.595738115749
          ],
          [
            -0.977231858267905,
            51.595711039476
          ],
          [
            -0.977288675140109,
            51.5956840794587
          ],
          [
            -0.977347449954765,
            51.5956568853398
          ],
          [
            -0.977405034152807,
            51.5956300905666
          ],
          [
            -0.977462485618016,
            51.5956026435365
          ],
          [
            -0.977519704503752,
            51.5955756457923
          ],
          [
            -0.97757831823141,
            51.5955481203309
          ],
          [
            -0.977638794342745,
            51.5955203268678
          ]
        ]
      },
      "properties": {
        "row_number": "79"
      }
    },
    {
      "type": "Feature",
      "geometry": {
        "type": "Point",
        "coordinates": [
          -0.976401273801075,
          51.5961010871974
        ]
      },
      "properties": {
        "row_number": "79"
      }
    },
    {
      "type": "Feature",
      "geometry": {
        "type": "Point",
        "coordinates": [
          -0.976481452096043,
          51.5960632352651
        ]
      },
      "properties": {
        "row_number": "79"
      }
    },
    {
      "type": "Feature",
      "geometry": {
        "type": "Point",
        "coordinates": [
          -0.976538285173591,
          51.5960370018375
        ]
      },
      "properties": {
        "row_number": "79"
      }
    },
    {
      "type": "Feature",
      "geometry": {
        "type": "Point",
        "coordinates": [
          -0.97659798186117,
          51.5960082773854
        ]
      },
      "properties": {
        "row_number": "79"
      }
    },
    {
      "type": "Feature",
      "geometry": {
        "type": "Point",
        "coordinates": [
          -0.976655114369557,
          51.5959821337772
        ]
      },
      "properties": {
        "row_number": "79"
      }
    },
    {
      "type": "Feature",
      "geometry": {
        "type": "Point",
        "coordinates": [
          -0.976712283546813,
          51.5959549398435
        ]
      },
      "properties": {
        "row_number": "79"
      }
    },
    {
      "type": "Feature",
      "geometry": {
        "type": "Point",
        "coordinates": [
          -0.976769865597361,
          51.5959277240963
        ]
      },
      "properties": {
        "row_number": "79"
      }
    },
    {
      "type": "Feature",
      "geometry": {
        "type": "Point",
        "coordinates": [
          -0.976828429685996,
          51.595900316978
        ]
      },
      "properties": {
        "row_number": "79"
      }
    },
    {
      "type": "Feature",
      "geometry": {
        "type": "Point",
        "coordinates": [
          -0.976885702250254,
          51.5958732544214
        ]
      },
      "properties": {
        "row_number": "79"
      }
    },
    {
      "type": "Feature",
      "geometry": {
        "type": "Point",
        "coordinates": [
          -0.976943462065569,
          51.5958460322429
        ]
      },
      "properties": {
        "row_number": "79"
      }
    },
    {
      "type": "Feature",
      "geometry": {
        "type": "Point",
        "coordinates": [
          -0.9770017860173,
          51.5958185629171
        ]
      },
      "properties": {
        "row_number": "79"
      }
    },
    {
      "type": "Feature",
      "geometry": {
        "type": "Point",
        "coordinates": [
          -0.977057758771359,
          51.5957918937273
        ]
      },
      "properties": {
        "row_number": "79"
      }
    },
    {
      "type": "Feature",
      "geometry": {
        "type": "Point",
        "coordinates": [
          -0.977117306067418,
          51.5957644113199
        ]
      },
      "properties": {
        "row_number": "79"
      }
    },
    {
      "type": "Feature",
      "geometry": {
        "type": "Point",
        "coordinates": [
          -0.977173109421762,
          51.595738115749
        ]
      },
      "properties": {
        "row_number": "79"
      }
    },
    {
      "type": "Feature",
      "geometry": {
        "type": "Point",
        "coordinates": [
          -0.977231858267905,
          51.595711039476
        ]
      },
      "properties": {
        "row_number": "79"
      }
    },
    {
      "type": "Feature",
      "geometry": {
        "type": "Point",
        "coordinates": [
          -0.977288675140109,
          51.5956840794587
        ]
      },
      "properties": {
        "row_number": "79"
      }
    },
    {
      "type": "Feature",
      "geometry": {
        "type": "Point",
        "coordinates": [
          -0.977347449954765,
          51.5956568853398
        ]
      },
      "properties": {
        "row_number": "79"
      }
    },
    {
      "type": "Feature",
      "geometry": {
        "type": "Point",
        "coordinates": [
          -0.977405034152807,
          51.5956300905666
        ]
      },
      "properties": {
        "row_number": "79"
      }
    },
    {
      "type": "Feature",
      "geometry": {
        "type": "Point",
        "coordinates": [
          -0.977462485618016,
          51.5956026435365
        ]
      },
      "properties": {
        "row_number": "79"
      }
    },
    {
      "type": "Feature",
      "geometry": {
        "type": "Point",
        "coordinates": [
          -0.977519704503752,
          51.5955756457923
        ]
      },
      "properties": {
        "row_number": "79"
      }
    },
    {
      "type": "Feature",
      "geometry": {
        "type": "Point",
        "coordinates": [
          -0.97757831823141,
          51.5955481203309
        ]
      },
      "properties": {
        "row_number": "79"
      }
    },
    {
      "type": "Feature",
      "geometry": {
        "type": "Point",
        "coordinates": [
          -0.977638794342745,
          51.5955203268678
        ]
      },
      "properties": {
        "row_number": "79"
      }
    },
    {
      "type": "Feature",
      "geometry": {
        "type": "LineString",
        "coordinates": [
          [
            -0.976380980239174,
            51.5960837961051
          ],
          [
            -0.97646129299784,
            51.5960456936264
          ],
          [
            -0.976518160278521,
            51.5960188255104
          ],
          [
            -0.976577297533883,
            51.595991343142
          ],
          [
            -0.976632922307104,
            51.5959651414496
          ],
          [
            -0.976691401812258,
            51.5959376480656
          ],
          [
            -0.976748902068648,
            51.5959105046657
          ],
          [
            -0.976807964825431,
            51.5958830287166
          ],
          [
            -0.97686592428464,
            51.5958556813489
          ],
          [
            -0.976923781113189,
            51.5958287601975
          ],
          [
            -0.976981255040545,
            51.5958015566575
          ],
          [
            -0.977037658964073,
            51.5957752213317
          ],
          [
            -0.977096672902075,
            51.5957476304197
          ],
          [
            -0.977153684453658,
            51.5957203636983
          ],
          [
            -0.977211160327394,
            51.5956931491757
          ],
          [
            -0.977268967229275,
            51.5956667804934
          ],
          [
            -0.977327129841836,
            51.5956395793162
          ],
          [
            -0.977384142496348,
            51.5956126480954
          ],
          [
            -0.97744135436467,
            51.5955859021288
          ],
          [
            -0.977499247024761,
            51.5955594009352
          ],
          [
            -0.977557191351706,
            51.5955320988794
          ],
          [
            -0.977616688379979,
            51.5955042596307
          ]
        ]
      },
      "properties": {
        "row_number": "80"
      }
    },
    {
      "type": "Feature",
      "geometry": {
        "type": "Point",
        "coordinates": [
          -0.976380980239174,
          51.5960837961051
        ]
      },
      "properties": {
        "row_number": "80"
      }
    },
    {
      "type": "Feature",
      "geometry": {
        "type": "Point",
        "coordinates": [
          -0.97646129299784,
          51.5960456936264
        ]
      },
      "properties": {
        "row_number": "80"
      }
    },
    {
      "type": "Feature",
      "geometry": {
        "type": "Point",
        "coordinates": [
          -0.976518160278521,
          51.5960188255104
        ]
      },
      "properties": {
        "row_number": "80"
      }
    },
    {
      "type": "Feature",
      "geometry": {
        "type": "Point",
        "coordinates": [
          -0.976577297533883,
          51.595991343142
        ]
      },
      "properties": {
        "row_number": "80"
      }
    },
    {
      "type": "Feature",
      "geometry": {
        "type": "Point",
        "coordinates": [
          -0.976632922307104,
          51.5959651414496
        ]
      },
      "properties": {
        "row_number": "80"
      }
    },
    {
      "type": "Feature",
      "geometry": {
        "type": "Point",
        "coordinates": [
          -0.976691401812258,
          51.5959376480656
        ]
      },
      "properties": {
        "row_number": "80"
      }
    },
    {
      "type": "Feature",
      "geometry": {
        "type": "Point",
        "coordinates": [
          -0.976748902068648,
          51.5959105046657
        ]
      },
      "properties": {
        "row_number": "80"
      }
    },
    {
      "type": "Feature",
      "geometry": {
        "type": "Point",
        "coordinates": [
          -0.976807964825431,
          51.5958830287166
        ]
      },
      "properties": {
        "row_number": "80"
      }
    },
    {
      "type": "Feature",
      "geometry": {
        "type": "Point",
        "coordinates": [
          -0.97686592428464,
          51.5958556813489
        ]
      },
      "properties": {
        "row_number": "80"
      }
    },
    {
      "type": "Feature",
      "geometry": {
        "type": "Point",
        "coordinates": [
          -0.976923781113189,
          51.5958287601975
        ]
      },
      "properties": {
        "row_number": "80"
      }
    },
    {
      "type": "Feature",
      "geometry": {
        "type": "Point",
        "coordinates": [
          -0.976981255040545,
          51.5958015566575
        ]
      },
      "properties": {
        "row_number": "80"
      }
    },
    {
      "type": "Feature",
      "geometry": {
        "type": "Point",
        "coordinates": [
          -0.977037658964073,
          51.5957752213317
        ]
      },
      "properties": {
        "row_number": "80"
      }
    },
    {
      "type": "Feature",
      "geometry": {
        "type": "Point",
        "coordinates": [
          -0.977096672902075,
          51.5957476304197
        ]
      },
      "properties": {
        "row_number": "80"
      }
    },
    {
      "type": "Feature",
      "geometry": {
        "type": "Point",
        "coordinates": [
          -0.977153684453658,
          51.5957203636983
        ]
      },
      "properties": {
        "row_number": "80"
      }
    },
    {
      "type": "Feature",
      "geometry": {
        "type": "Point",
        "coordinates": [
          -0.977211160327394,
          51.5956931491757
        ]
      },
      "properties": {
        "row_number": "80"
      }
    },
    {
      "type": "Feature",
      "geometry": {
        "type": "Point",
        "coordinates": [
          -0.977268967229275,
          51.5956667804934
        ]
      },
      "properties": {
        "row_number": "80"
      }
    },
    {
      "type": "Feature",
      "geometry": {
        "type": "Point",
        "coordinates": [
          -0.977327129841836,
          51.5956395793162
        ]
      },
      "properties": {
        "row_number": "80"
      }
    },
    {
      "type": "Feature",
      "geometry": {
        "type": "Point",
        "coordinates": [
          -0.977384142496348,
          51.5956126480954
        ]
      },
      "properties": {
        "row_number": "80"
      }
    },
    {
      "type": "Feature",
      "geometry": {
        "type": "Point",
        "coordinates": [
          -0.97744135436467,
          51.5955859021288
        ]
      },
      "properties": {
        "row_number": "80"
      }
    },
    {
      "type": "Feature",
      "geometry": {
        "type": "Point",
        "coordinates": [
          -0.977499247024761,
          51.5955594009352
        ]
      },
      "properties": {
        "row_number": "80"
      }
    },
    {
      "type": "Feature",
      "geometry": {
        "type": "Point",
        "coordinates": [
          -0.977557191351706,
          51.5955320988794
        ]
      },
      "properties": {
        "row_number": "80"
      }
    },
    {
      "type": "Feature",
      "geometry": {
        "type": "Point",
        "coordinates": [
          -0.977616688379979,
          51.5955042596307
        ]
      },
      "properties": {
        "row_number": "80"
      }
    },
    {
      "type": "Feature",
      "geometry": {
        "type": "LineString",
        "coordinates": [
          [
            -0.976361745184388,
            51.5960664677248
          ],
          [
            -0.976439476877192,
            51.5960287895294
          ],
          [
            -0.976495684868448,
            51.5960025598174
          ],
          [
            -0.976555818235932,
            51.5959739765957
          ],
          [
            -0.976613976402362,
            51.5959467246897
          ],
          [
            -0.976671543441246,
            51.5959199240693
          ],
          [
            -0.976728372714833,
            51.5958929070724
          ],
          [
            -0.976786730310462,
            51.5958659942515
          ],
          [
            -0.976844435568995,
            51.595838140424
          ],
          [
            -0.976903692607275,
            51.5958107376487
          ],
          [
            -0.976960090573738,
            51.5957840849926
          ],
          [
            -0.977017130986197,
            51.5957576304645
          ],
          [
            -0.977074295496946,
            51.595730497223
          ],
          [
            -0.977132109919093,
            51.5957037021023
          ],
          [
            -0.977190272010136,
            51.5956762578445
          ],
          [
            -0.977248857685786,
            51.5956487832933
          ],
          [
            -0.977304811125751,
            51.5956225809005
          ],
          [
            -0.977363503609122,
            51.5955951284595
          ],
          [
            -0.977422262403064,
            51.5955675695741
          ],
          [
            -0.977479213806067,
            51.5955410459813
          ],
          [
            -0.977536247389517,
            51.5955142787706
          ],
          [
            -0.977593745152412,
            51.5954870953613
          ]
        ]
      },
      "properties": {
        "row_number": "81"
      }
    },
    {
      "type": "Feature",
      "geometry": {
        "type": "Point",
        "coordinates": [
          -0.976361745184388,
          51.5960664677248
        ]
      },
      "properties": {
        "row_number": "81"
      }
    },
    {
      "type": "Feature",
      "geometry": {
        "type": "Point",
        "coordinates": [
          -0.976439476877192,
          51.5960287895294
        ]
      },
      "properties": {
        "row_number": "81"
      }
    },
    {
      "type": "Feature",
      "geometry": {
        "type": "Point",
        "coordinates": [
          -0.976495684868448,
          51.5960025598174
        ]
      },
      "properties": {
        "row_number": "81"
      }
    },
    {
      "type": "Feature",
      "geometry": {
        "type": "Point",
        "coordinates": [
          -0.976555818235932,
          51.5959739765957
        ]
      },
      "properties": {
        "row_number": "81"
      }
    },
    {
      "type": "Feature",
      "geometry": {
        "type": "Point",
        "coordinates": [
          -0.976613976402362,
          51.5959467246897
        ]
      },
      "properties": {
        "row_number": "81"
      }
    },
    {
      "type": "Feature",
      "geometry": {
        "type": "Point",
        "coordinates": [
          -0.976671543441246,
          51.5959199240693
        ]
      },
      "properties": {
        "row_number": "81"
      }
    },
    {
      "type": "Feature",
      "geometry": {
        "type": "Point",
        "coordinates": [
          -0.976728372714833,
          51.5958929070724
        ]
      },
      "properties": {
        "row_number": "81"
      }
    },
    {
      "type": "Feature",
      "geometry": {
        "type": "Point",
        "coordinates": [
          -0.976786730310462,
          51.5958659942515
        ]
      },
      "properties": {
        "row_number": "81"
      }
    },
    {
      "type": "Feature",
      "geometry": {
        "type": "Point",
        "coordinates": [
          -0.976844435568995,
          51.595838140424
        ]
      },
      "properties": {
        "row_number": "81"
      }
    },
    {
      "type": "Feature",
      "geometry": {
        "type": "Point",
        "coordinates": [
          -0.976903692607275,
          51.5958107376487
        ]
      },
      "properties": {
        "row_number": "81"
      }
    },
    {
      "type": "Feature",
      "geometry": {
        "type": "Point",
        "coordinates": [
          -0.976960090573738,
          51.5957840849926
        ]
      },
      "properties": {
        "row_number": "81"
      }
    },
    {
      "type": "Feature",
      "geometry": {
        "type": "Point",
        "coordinates": [
          -0.977017130986197,
          51.5957576304645
        ]
      },
      "properties": {
        "row_number": "81"
      }
    },
    {
      "type": "Feature",
      "geometry": {
        "type": "Point",
        "coordinates": [
          -0.977074295496946,
          51.595730497223
        ]
      },
      "properties": {
        "row_number": "81"
      }
    },
    {
      "type": "Feature",
      "geometry": {
        "type": "Point",
        "coordinates": [
          -0.977132109919093,
          51.5957037021023
        ]
      },
      "properties": {
        "row_number": "81"
      }
    },
    {
      "type": "Feature",
      "geometry": {
        "type": "Point",
        "coordinates": [
          -0.977190272010136,
          51.5956762578445
        ]
      },
      "properties": {
        "row_number": "81"
      }
    },
    {
      "type": "Feature",
      "geometry": {
        "type": "Point",
        "coordinates": [
          -0.977248857685786,
          51.5956487832933
        ]
      },
      "properties": {
        "row_number": "81"
      }
    },
    {
      "type": "Feature",
      "geometry": {
        "type": "Point",
        "coordinates": [
          -0.977304811125751,
          51.5956225809005
        ]
      },
      "properties": {
        "row_number": "81"
      }
    },
    {
      "type": "Feature",
      "geometry": {
        "type": "Point",
        "coordinates": [
          -0.977363503609122,
          51.5955951284595
        ]
      },
      "properties": {
        "row_number": "81"
      }
    },
    {
      "type": "Feature",
      "geometry": {
        "type": "Point",
        "coordinates": [
          -0.977422262403064,
          51.5955675695741
        ]
      },
      "properties": {
        "row_number": "81"
      }
    },
    {
      "type": "Feature",
      "geometry": {
        "type": "Point",
        "coordinates": [
          -0.977479213806067,
          51.5955410459813
        ]
      },
      "properties": {
        "row_number": "81"
      }
    },
    {
      "type": "Feature",
      "geometry": {
        "type": "Point",
        "coordinates": [
          -0.977536247389517,
          51.5955142787706
        ]
      },
      "properties": {
        "row_number": "81"
      }
    },
    {
      "type": "Feature",
      "geometry": {
        "type": "Point",
        "coordinates": [
          -0.977593745152412,
          51.5954870953613
        ]
      },
      "properties": {
        "row_number": "81"
      }
    },
    {
      "type": "Feature",
      "geometry": {
        "type": "LineString",
        "coordinates": [
          [
            -0.976339102024967,
            51.5960491238267
          ],
          [
            -0.976418968673544,
            51.5960112007824
          ],
          [
            -0.976475268661052,
            51.5959846716827
          ],
          [
            -0.97653499153394,
            51.5959564760592
          ],
          [
            -0.976591932762416,
            51.5959299723102
          ],
          [
            -0.976649251234983,
            51.5959021487163
          ],
          [
            -0.97670757008257,
            51.5958759709533
          ],
          [
            -0.97676450756241,
            51.5958489488564
          ],
          [
            -0.976824573737841,
            51.5958207121433
          ],
          [
            -0.976880541598972,
            51.5957945341228
          ],
          [
            -0.976939325563157,
            51.595767342281
          ],
          [
            -0.976996618799484,
            51.5957403470487
          ],
          [
            -0.977055453978379,
            51.5957122636322
          ],
          [
            -0.977112440472772,
            51.5956858238337
          ],
          [
            -0.977171516757686,
            51.5956583622513
          ],
          [
            -0.977227898411036,
            51.5956315824263
          ],
          [
            -0.977284251878847,
            51.5956052091761
          ],
          [
            -0.977342378285267,
            51.595577726667
          ],
          [
            -0.977399778904898,
            51.5955508634902
          ],
          [
            -0.977457543170896,
            51.5955242294547
          ],
          [
            -0.977515428867314,
            51.5954972448381
          ],
          [
            -0.97757069763771,
            51.5954714626864
          ]
        ]
      },
      "properties": {
        "row_number": "82"
      }
    },
    {
      "type": "Feature",
      "geometry": {
        "type": "Point",
        "coordinates": [
          -0.976339102024967,
          51.5960491238267
        ]
      },
      "properties": {
        "row_number": "82"
      }
    },
    {
      "type": "Feature",
      "geometry": {
        "type": "Point",
        "coordinates": [
          -0.976418968673544,
          51.5960112007824
        ]
      },
      "properties": {
        "row_number": "82"
      }
    },
    {
      "type": "Feature",
      "geometry": {
        "type": "Point",
        "coordinates": [
          -0.976475268661052,
          51.5959846716827
        ]
      },
      "properties": {
        "row_number": "82"
      }
    },
    {
      "type": "Feature",
      "geometry": {
        "type": "Point",
        "coordinates": [
          -0.97653499153394,
          51.5959564760592
        ]
      },
      "properties": {
        "row_number": "82"
      }
    },
    {
      "type": "Feature",
      "geometry": {
        "type": "Point",
        "coordinates": [
          -0.976591932762416,
          51.5959299723102
        ]
      },
      "properties": {
        "row_number": "82"
      }
    },
    {
      "type": "Feature",
      "geometry": {
        "type": "Point",
        "coordinates": [
          -0.976649251234983,
          51.5959021487163
        ]
      },
      "properties": {
        "row_number": "82"
      }
    },
    {
      "type": "Feature",
      "geometry": {
        "type": "Point",
        "coordinates": [
          -0.97670757008257,
          51.5958759709533
        ]
      },
      "properties": {
        "row_number": "82"
      }
    },
    {
      "type": "Feature",
      "geometry": {
        "type": "Point",
        "coordinates": [
          -0.97676450756241,
          51.5958489488564
        ]
      },
      "properties": {
        "row_number": "82"
      }
    },
    {
      "type": "Feature",
      "geometry": {
        "type": "Point",
        "coordinates": [
          -0.976824573737841,
          51.5958207121433
        ]
      },
      "properties": {
        "row_number": "82"
      }
    },
    {
      "type": "Feature",
      "geometry": {
        "type": "Point",
        "coordinates": [
          -0.976880541598972,
          51.5957945341228
        ]
      },
      "properties": {
        "row_number": "82"
      }
    },
    {
      "type": "Feature",
      "geometry": {
        "type": "Point",
        "coordinates": [
          -0.976939325563157,
          51.595767342281
        ]
      },
      "properties": {
        "row_number": "82"
      }
    },
    {
      "type": "Feature",
      "geometry": {
        "type": "Point",
        "coordinates": [
          -0.976996618799484,
          51.5957403470487
        ]
      },
      "properties": {
        "row_number": "82"
      }
    },
    {
      "type": "Feature",
      "geometry": {
        "type": "Point",
        "coordinates": [
          -0.977055453978379,
          51.5957122636322
        ]
      },
      "properties": {
        "row_number": "82"
      }
    },
    {
      "type": "Feature",
      "geometry": {
        "type": "Point",
        "coordinates": [
          -0.977112440472772,
          51.5956858238337
        ]
      },
      "properties": {
        "row_number": "82"
      }
    },
    {
      "type": "Feature",
      "geometry": {
        "type": "Point",
        "coordinates": [
          -0.977171516757686,
          51.5956583622513
        ]
      },
      "properties": {
        "row_number": "82"
      }
    },
    {
      "type": "Feature",
      "geometry": {
        "type": "Point",
        "coordinates": [
          -0.977227898411036,
          51.5956315824263
        ]
      },
      "properties": {
        "row_number": "82"
      }
    },
    {
      "type": "Feature",
      "geometry": {
        "type": "Point",
        "coordinates": [
          -0.977284251878847,
          51.5956052091761
        ]
      },
      "properties": {
        "row_number": "82"
      }
    },
    {
      "type": "Feature",
      "geometry": {
        "type": "Point",
        "coordinates": [
          -0.977342378285267,
          51.595577726667
        ]
      },
      "properties": {
        "row_number": "82"
      }
    },
    {
      "type": "Feature",
      "geometry": {
        "type": "Point",
        "coordinates": [
          -0.977399778904898,
          51.5955508634902
        ]
      },
      "properties": {
        "row_number": "82"
      }
    },
    {
      "type": "Feature",
      "geometry": {
        "type": "Point",
        "coordinates": [
          -0.977457543170896,
          51.5955242294547
        ]
      },
      "properties": {
        "row_number": "82"
      }
    },
    {
      "type": "Feature",
      "geometry": {
        "type": "Point",
        "coordinates": [
          -0.977515428867314,
          51.5954972448381
        ]
      },
      "properties": {
        "row_number": "82"
      }
    },
    {
      "type": "Feature",
      "geometry": {
        "type": "Point",
        "coordinates": [
          -0.97757069763771,
          51.5954714626864
        ]
      },
      "properties": {
        "row_number": "82"
      }
    },
    {
      "type": "Feature",
      "geometry": {
        "type": "LineString",
        "coordinates": [
          [
            -0.976317308216465,
            51.5960310655365
          ],
          [
            -0.976398955675856,
            51.5959925337743
          ],
          [
            -0.976454542622445,
            51.5959664678171
          ],
          [
            -0.976512702334337,
            51.5959389776994
          ],
          [
            -0.976570559841863,
            51.5959128951578
          ],
          [
            -0.976629113349087,
            51.5958849866365
          ],
          [
            -0.976685692319535,
            51.5958590598841
          ],
          [
            -0.976744446705282,
            51.5958315206508
          ],
          [
            -0.976801806808273,
            51.5958044173114
          ],
          [
            -0.97686077298593,
            51.5957772050019
          ],
          [
            -0.976918714092283,
            51.5957492660516
          ],
          [
            -0.976975154101447,
            51.5957229992324
          ],
          [
            -0.977034485374285,
            51.5956959556401
          ],
          [
            -0.977090622678181,
            51.5956695800573
          ],
          [
            -0.977148870282463,
            51.5956424206388
          ],
          [
            -0.977206602498755,
            51.5956141513486
          ],
          [
            -0.977264466221628,
            51.5955877102948
          ],
          [
            -0.977320797149688,
            51.5955615011726
          ],
          [
            -0.97737764308172,
            51.5955344208679
          ],
          [
            -0.977437668651175,
            51.5955065391967
          ],
          [
            -0.977492858904357,
            51.5954798063631
          ],
          [
            -0.97754825543149,
            51.5954543602019
          ]
        ]
      },
      "properties": {
        "row_number": "83"
      }
    },
    {
      "type": "Feature",
      "geometry": {
        "type": "Point",
        "coordinates": [
          -0.976317308216465,
          51.5960310655365
        ]
      },
      "properties": {
        "row_number": "83"
      }
    },
    {
      "type": "Feature",
      "geometry": {
        "type": "Point",
        "coordinates": [
          -0.976398955675856,
          51.5959925337743
        ]
      },
      "properties": {
        "row_number": "83"
      }
    },
    {
      "type": "Feature",
      "geometry": {
        "type": "Point",
        "coordinates": [
          -0.976454542622445,
          51.5959664678171
        ]
      },
      "properties": {
        "row_number": "83"
      }
    },
    {
      "type": "Feature",
      "geometry": {
        "type": "Point",
        "coordinates": [
          -0.976512702334337,
          51.5959389776994
        ]
      },
      "properties": {
        "row_number": "83"
      }
    },
    {
      "type": "Feature",
      "geometry": {
        "type": "Point",
        "coordinates": [
          -0.976570559841863,
          51.5959128951578
        ]
      },
      "properties": {
        "row_number": "83"
      }
    },
    {
      "type": "Feature",
      "geometry": {
        "type": "Point",
        "coordinates": [
          -0.976629113349087,
          51.5958849866365
        ]
      },
      "properties": {
        "row_number": "83"
      }
    },
    {
      "type": "Feature",
      "geometry": {
        "type": "Point",
        "coordinates": [
          -0.976685692319535,
          51.5958590598841
        ]
      },
      "properties": {
        "row_number": "83"
      }
    },
    {
      "type": "Feature",
      "geometry": {
        "type": "Point",
        "coordinates": [
          -0.976744446705282,
          51.5958315206508
        ]
      },
      "properties": {
        "row_number": "83"
      }
    },
    {
      "type": "Feature",
      "geometry": {
        "type": "Point",
        "coordinates": [
          -0.976801806808273,
          51.5958044173114
        ]
      },
      "properties": {
        "row_number": "83"
      }
    },
    {
      "type": "Feature",
      "geometry": {
        "type": "Point",
        "coordinates": [
          -0.97686077298593,
          51.5957772050019
        ]
      },
      "properties": {
        "row_number": "83"
      }
    },
    {
      "type": "Feature",
      "geometry": {
        "type": "Point",
        "coordinates": [
          -0.976918714092283,
          51.5957492660516
        ]
      },
      "properties": {
        "row_number": "83"
      }
    },
    {
      "type": "Feature",
      "geometry": {
        "type": "Point",
        "coordinates": [
          -0.976975154101447,
          51.5957229992324
        ]
      },
      "properties": {
        "row_number": "83"
      }
    },
    {
      "type": "Feature",
      "geometry": {
        "type": "Point",
        "coordinates": [
          -0.977034485374285,
          51.5956959556401
        ]
      },
      "properties": {
        "row_number": "83"
      }
    },
    {
      "type": "Feature",
      "geometry": {
        "type": "Point",
        "coordinates": [
          -0.977090622678181,
          51.5956695800573
        ]
      },
      "properties": {
        "row_number": "83"
      }
    },
    {
      "type": "Feature",
      "geometry": {
        "type": "Point",
        "coordinates": [
          -0.977148870282463,
          51.5956424206388
        ]
      },
      "properties": {
        "row_number": "83"
      }
    },
    {
      "type": "Feature",
      "geometry": {
        "type": "Point",
        "coordinates": [
          -0.977206602498755,
          51.5956141513486
        ]
      },
      "properties": {
        "row_number": "83"
      }
    },
    {
      "type": "Feature",
      "geometry": {
        "type": "Point",
        "coordinates": [
          -0.977264466221628,
          51.5955877102948
        ]
      },
      "properties": {
        "row_number": "83"
      }
    },
    {
      "type": "Feature",
      "geometry": {
        "type": "Point",
        "coordinates": [
          -0.977320797149688,
          51.5955615011726
        ]
      },
      "properties": {
        "row_number": "83"
      }
    },
    {
      "type": "Feature",
      "geometry": {
        "type": "Point",
        "coordinates": [
          -0.97737764308172,
          51.5955344208679
        ]
      },
      "properties": {
        "row_number": "83"
      }
    },
    {
      "type": "Feature",
      "geometry": {
        "type": "Point",
        "coordinates": [
          -0.977437668651175,
          51.5955065391967
        ]
      },
      "properties": {
        "row_number": "83"
      }
    },
    {
      "type": "Feature",
      "geometry": {
        "type": "Point",
        "coordinates": [
          -0.977492858904357,
          51.5954798063631
        ]
      },
      "properties": {
        "row_number": "83"
      }
    },
    {
      "type": "Feature",
      "geometry": {
        "type": "Point",
        "coordinates": [
          -0.97754825543149,
          51.5954543602019
        ]
      },
      "properties": {
        "row_number": "83"
      }
    },
    {
      "type": "Feature",
      "geometry": {
        "type": "LineString",
        "coordinates": [
          [
            -0.976297447006736,
            51.5960141035404
          ],
          [
            -0.976376640061315,
            51.595977239057
          ],
          [
            -0.976434322930538,
            51.5959499205712
          ],
          [
            -0.976492982707618,
            51.5959221925421
          ],
          [
            -0.97654868574548,
            51.5958957867185
          ],
          [
            -0.97660681224966,
            51.5958685503972
          ],
          [
            -0.976665187441355,
            51.5958417059708
          ],
          [
            -0.976723732888597,
            51.5958145036952
          ],
          [
            -0.976781292810314,
            51.5957876667885
          ],
          [
            -0.976840617677415,
            51.595760002528
          ],
          [
            -0.976897474049036,
            51.5957327798343
          ],
          [
            -0.976954220510293,
            51.5957062573094
          ],
          [
            -0.977014144566603,
            51.5956784106845
          ],
          [
            -0.977071067618522,
            51.5956518538922
          ],
          [
            -0.977128102768761,
            51.5956249211476
          ],
          [
            -0.977186719622196,
            51.5955977977495
          ],
          [
            -0.977244139280181,
            51.5955707136678
          ],
          [
            -0.977301221479861,
            51.5955435618415
          ],
          [
            -0.977358694523878,
            51.5955164510192
          ],
          [
            -0.977415392531806,
            51.5954899604802
          ],
          [
            -0.977472476232282,
            51.5954631815596
          ],
          [
            -0.977524318476051,
            51.5954390405339
          ]
        ]
      },
      "properties": {
        "row_number": "84"
      }
    },
    {
      "type": "Feature",
      "geometry": {
        "type": "Point",
        "coordinates": [
          -0.976297447006736,
          51.5960141035404
        ]
      },
      "properties": {
        "row_number": "84"
      }
    },
    {
      "type": "Feature",
      "geometry": {
        "type": "Point",
        "coordinates": [
          -0.976376640061315,
          51.595977239057
        ]
      },
      "properties": {
        "row_number": "84"
      }
    },
    {
      "type": "Feature",
      "geometry": {
        "type": "Point",
        "coordinates": [
          -0.976434322930538,
          51.5959499205712
        ]
      },
      "properties": {
        "row_number": "84"
      }
    },
    {
      "type": "Feature",
      "geometry": {
        "type": "Point",
        "coordinates": [
          -0.976492982707618,
          51.5959221925421
        ]
      },
      "properties": {
        "row_number": "84"
      }
    },
    {
      "type": "Feature",
      "geometry": {
        "type": "Point",
        "coordinates": [
          -0.97654868574548,
          51.5958957867185
        ]
      },
      "properties": {
        "row_number": "84"
      }
    },
    {
      "type": "Feature",
      "geometry": {
        "type": "Point",
        "coordinates": [
          -0.97660681224966,
          51.5958685503972
        ]
      },
      "properties": {
        "row_number": "84"
      }
    },
    {
      "type": "Feature",
      "geometry": {
        "type": "Point",
        "coordinates": [
          -0.976665187441355,
          51.5958417059708
        ]
      },
      "properties": {
        "row_number": "84"
      }
    },
    {
      "type": "Feature",
      "geometry": {
        "type": "Point",
        "coordinates": [
          -0.976723732888597,
          51.5958145036952
        ]
      },
      "properties": {
        "row_number": "84"
      }
    },
    {
      "type": "Feature",
      "geometry": {
        "type": "Point",
        "coordinates": [
          -0.976781292810314,
          51.5957876667885
        ]
      },
      "properties": {
        "row_number": "84"
      }
    },
    {
      "type": "Feature",
      "geometry": {
        "type": "Point",
        "coordinates": [
          -0.976840617677415,
          51.595760002528
        ]
      },
      "properties": {
        "row_number": "84"
      }
    },
    {
      "type": "Feature",
      "geometry": {
        "type": "Point",
        "coordinates": [
          -0.976897474049036,
          51.5957327798343
        ]
      },
      "properties": {
        "row_number": "84"
      }
    },
    {
      "type": "Feature",
      "geometry": {
        "type": "Point",
        "coordinates": [
          -0.976954220510293,
          51.5957062573094
        ]
      },
      "properties": {
        "row_number": "84"
      }
    },
    {
      "type": "Feature",
      "geometry": {
        "type": "Point",
        "coordinates": [
          -0.977014144566603,
          51.5956784106845
        ]
      },
      "properties": {
        "row_number": "84"
      }
    },
    {
      "type": "Feature",
      "geometry": {
        "type": "Point",
        "coordinates": [
          -0.977071067618522,
          51.5956518538922
        ]
      },
      "properties": {
        "row_number": "84"
      }
    },
    {
      "type": "Feature",
      "geometry": {
        "type": "Point",
        "coordinates": [
          -0.977128102768761,
          51.5956249211476
        ]
      },
      "properties": {
        "row_number": "84"
      }
    },
    {
      "type": "Feature",
      "geometry": {
        "type": "Point",
        "coordinates": [
          -0.977186719622196,
          51.5955977977495
        ]
      },
      "properties": {
        "row_number": "84"
      }
    },
    {
      "type": "Feature",
      "geometry": {
        "type": "Point",
        "coordinates": [
          -0.977244139280181,
          51.5955707136678
        ]
      },
      "properties": {
        "row_number": "84"
      }
    },
    {
      "type": "Feature",
      "geometry": {
        "type": "Point",
        "coordinates": [
          -0.977301221479861,
          51.5955435618415
        ]
      },
      "properties": {
        "row_number": "84"
      }
    },
    {
      "type": "Feature",
      "geometry": {
        "type": "Point",
        "coordinates": [
          -0.977358694523878,
          51.5955164510192
        ]
      },
      "properties": {
        "row_number": "84"
      }
    },
    {
      "type": "Feature",
      "geometry": {
        "type": "Point",
        "coordinates": [
          -0.977415392531806,
          51.5954899604802
        ]
      },
      "properties": {
        "row_number": "84"
      }
    },
    {
      "type": "Feature",
      "geometry": {
        "type": "Point",
        "coordinates": [
          -0.977472476232282,
          51.5954631815596
        ]
      },
      "properties": {
        "row_number": "84"
      }
    },
    {
      "type": "Feature",
      "geometry": {
        "type": "Point",
        "coordinates": [
          -0.977524318476051,
          51.5954390405339
        ]
      },
      "properties": {
        "row_number": "84"
      }
    },
    {
      "type": "Feature",
      "geometry": {
        "type": "LineString",
        "coordinates": [
          [
            -0.976276122797325,
            51.5959976700788
          ],
          [
            -0.976356818917529,
            51.5959589053094
          ],
          [
            -0.976414025041893,
            51.5959322692877
          ],
          [
            -0.976470775398784,
            51.5959058051267
          ],
          [
            -0.976529563738394,
            51.5958781534233
          ],
          [
            -0.976587058829567,
            51.5958508596801
          ],
          [
            -0.976643796898847,
            51.5958245440923
          ],
          [
            -0.976702331123764,
            51.5957967993224
          ],
          [
            -0.976760747630173,
            51.595769808289
          ],
          [
            -0.976819387397525,
            51.5957423073692
          ],
          [
            -0.976876679638751,
            51.5957153441489
          ],
          [
            -0.976933892852212,
            51.5956890519062
          ],
          [
            -0.9769929375870277,
            51.59566479455114
          ],
          [
            -0.977050967418072,
            51.5956341528031
          ],
          [
            -0.97710690653034,
            51.59560778931
          ],
          [
            -0.977165250181437,
            51.5955801723762
          ],
          [
            -0.977223368025978,
            51.5955528094849
          ],
          [
            -0.977280069742797,
            51.5955264935114
          ],
          [
            -0.977338128892393,
            51.5954993288746
          ],
          [
            -0.977395023412514,
            51.5954727235971
          ],
          [
            -0.977451075597238,
            51.595446027755
          ],
          [
            -0.977492990440561,
            51.5954265928148
          ]
        ]
      },
      "properties": {
        "row_number": "85"
      }
    },
    {
      "type": "Feature",
      "geometry": {
        "type": "Point",
        "coordinates": [
          -0.976276122797325,
          51.5959976700788
        ]
      },
      "properties": {
        "row_number": "85"
      }
    },
    {
      "type": "Feature",
      "geometry": {
        "type": "Point",
        "coordinates": [
          -0.976356818917529,
          51.5959589053094
        ]
      },
      "properties": {
        "row_number": "85"
      }
    },
    {
      "type": "Feature",
      "geometry": {
        "type": "Point",
        "coordinates": [
          -0.976414025041893,
          51.5959322692877
        ]
      },
      "properties": {
        "row_number": "85"
      }
    },
    {
      "type": "Feature",
      "geometry": {
        "type": "Point",
        "coordinates": [
          -0.976470775398784,
          51.5959058051267
        ]
      },
      "properties": {
        "row_number": "85"
      }
    },
    {
      "type": "Feature",
      "geometry": {
        "type": "Point",
        "coordinates": [
          -0.976529563738394,
          51.5958781534233
        ]
      },
      "properties": {
        "row_number": "85"
      }
    },
    {
      "type": "Feature",
      "geometry": {
        "type": "Point",
        "coordinates": [
          -0.976587058829567,
          51.5958508596801
        ]
      },
      "properties": {
        "row_number": "85"
      }
    },
    {
      "type": "Feature",
      "geometry": {
        "type": "Point",
        "coordinates": [
          -0.976643796898847,
          51.5958245440923
        ]
      },
      "properties": {
        "row_number": "85"
      }
    },
    {
      "type": "Feature",
      "geometry": {
        "type": "Point",
        "coordinates": [
          -0.976702331123764,
          51.5957967993224
        ]
      },
      "properties": {
        "row_number": "85"
      }
    },
    {
      "type": "Feature",
      "geometry": {
        "type": "Point",
        "coordinates": [
          -0.976760747630173,
          51.595769808289
        ]
      },
      "properties": {
        "row_number": "85"
      }
    },
    {
      "type": "Feature",
      "geometry": {
        "type": "Point",
        "coordinates": [
          -0.976819387397525,
          51.5957423073692
        ]
      },
      "properties": {
        "row_number": "85"
      }
    },
    {
      "type": "Feature",
      "geometry": {
        "type": "Point",
        "coordinates": [
          -0.976876679638751,
          51.5957153441489
        ]
      },
      "properties": {
        "row_number": "85"
      }
    },
    {
      "type": "Feature",
      "geometry": {
        "type": "Point",
        "coordinates": [
          -0.976933892852212,
          51.5956890519062
        ]
      },
      "properties": {
        "row_number": "85"
      }
    },
    {
      "type": "Feature",
      "geometry": {
        "type": "Point",
        "coordinates": [
          -0.9769929375870277,
          51.59566479455114
        ]
      },
      "properties": {
        "row_number": "85"
      }
    },
    {
      "type": "Feature",
      "geometry": {
        "type": "Point",
        "coordinates": [
          -0.977050967418072,
          51.5956341528031
        ]
      },
      "properties": {
        "row_number": "85"
      }
    },
    {
      "type": "Feature",
      "geometry": {
        "type": "Point",
        "coordinates": [
          -0.97710690653034,
          51.59560778931
        ]
      },
      "properties": {
        "row_number": "85"
      }
    },
    {
      "type": "Feature",
      "geometry": {
        "type": "Point",
        "coordinates": [
          -0.977165250181437,
          51.5955801723762
        ]
      },
      "properties": {
        "row_number": "85"
      }
    },
    {
      "type": "Feature",
      "geometry": {
        "type": "Point",
        "coordinates": [
          -0.977223368025978,
          51.5955528094849
        ]
      },
      "properties": {
        "row_number": "85"
      }
    },
    {
      "type": "Feature",
      "geometry": {
        "type": "Point",
        "coordinates": [
          -0.977280069742797,
          51.5955264935114
        ]
      },
      "properties": {
        "row_number": "85"
      }
    },
    {
      "type": "Feature",
      "geometry": {
        "type": "Point",
        "coordinates": [
          -0.977338128892393,
          51.5954993288746
        ]
      },
      "properties": {
        "row_number": "85"
      }
    },
    {
      "type": "Feature",
      "geometry": {
        "type": "Point",
        "coordinates": [
          -0.977395023412514,
          51.5954727235971
        ]
      },
      "properties": {
        "row_number": "85"
      }
    },
    {
      "type": "Feature",
      "geometry": {
        "type": "Point",
        "coordinates": [
          -0.977451075597238,
          51.595446027755
        ]
      },
      "properties": {
        "row_number": "85"
      }
    },
    {
      "type": "Feature",
      "geometry": {
        "type": "Point",
        "coordinates": [
          -0.977492990440561,
          51.5954265928148
        ]
      },
      "properties": {
        "row_number": "85"
      }
    },
    {
      "type": "Feature",
      "geometry": {
        "type": "LineString",
        "coordinates": [
          [
            -0.976253910966459,
            51.5959797169201
          ],
          [
            -0.976333625309629,
            51.5959420164185
          ],
          [
            -0.976392160201017,
            51.5959145802985
          ],
          [
            -0.97644977867182,
            51.5958881413978
          ],
          [
            -0.976507869149016,
            51.5958610246789
          ],
          [
            -0.976565998214332,
            51.5958336172103
          ],
          [
            -0.976623137149926,
            51.5958058434071
          ],
          [
            -0.976681307311412,
            51.5957786519377
          ],
          [
            -0.976739293367279,
            51.5957519131251
          ],
          [
            -0.976797241059908,
            51.5957247210916
          ],
          [
            -0.976855076639134,
            51.5956975990474
          ],
          [
            -0.976912735570186,
            51.5956704287912
          ],
          [
            -0.976971177005797,
            51.5956434447005
          ],
          [
            -0.977027527198667,
            51.5956166683113
          ],
          [
            -0.977086013855114,
            51.5955893158428
          ],
          [
            -0.977142789812639,
            51.5955626902279
          ],
          [
            -0.977200886866975,
            51.5955353944156
          ],
          [
            -0.977258359907845,
            51.5955079304048
          ],
          [
            -0.977315513748362,
            51.5954812082196
          ],
          [
            -0.977374189311296,
            51.5954553777121
          ],
          [
            -0.977431022869636,
            51.5954285225503
          ],
          [
            -0.977471359343575,
            51.5954094342898
          ]
        ]
      },
      "properties": {
        "row_number": "86"
      }
    },
    {
      "type": "Feature",
      "geometry": {
        "type": "Point",
        "coordinates": [
          -0.976253910966459,
          51.5959797169201
        ]
      },
      "properties": {
        "row_number": "86"
      }
    },
    {
      "type": "Feature",
      "geometry": {
        "type": "Point",
        "coordinates": [
          -0.976333625309629,
          51.5959420164185
        ]
      },
      "properties": {
        "row_number": "86"
      }
    },
    {
      "type": "Feature",
      "geometry": {
        "type": "Point",
        "coordinates": [
          -0.976392160201017,
          51.5959145802985
        ]
      },
      "properties": {
        "row_number": "86"
      }
    },
    {
      "type": "Feature",
      "geometry": {
        "type": "Point",
        "coordinates": [
          -0.97644977867182,
          51.5958881413978
        ]
      },
      "properties": {
        "row_number": "86"
      }
    },
    {
      "type": "Feature",
      "geometry": {
        "type": "Point",
        "coordinates": [
          -0.976507869149016,
          51.5958610246789
        ]
      },
      "properties": {
        "row_number": "86"
      }
    },
    {
      "type": "Feature",
      "geometry": {
        "type": "Point",
        "coordinates": [
          -0.976565998214332,
          51.5958336172103
        ]
      },
      "properties": {
        "row_number": "86"
      }
    },
    {
      "type": "Feature",
      "geometry": {
        "type": "Point",
        "coordinates": [
          -0.976623137149926,
          51.5958058434071
        ]
      },
      "properties": {
        "row_number": "86"
      }
    },
    {
      "type": "Feature",
      "geometry": {
        "type": "Point",
        "coordinates": [
          -0.976681307311412,
          51.5957786519377
        ]
      },
      "properties": {
        "row_number": "86"
      }
    },
    {
      "type": "Feature",
      "geometry": {
        "type": "Point",
        "coordinates": [
          -0.976739293367279,
          51.5957519131251
        ]
      },
      "properties": {
        "row_number": "86"
      }
    },
    {
      "type": "Feature",
      "geometry": {
        "type": "Point",
        "coordinates": [
          -0.976797241059908,
          51.5957247210916
        ]
      },
      "properties": {
        "row_number": "86"
      }
    },
    {
      "type": "Feature",
      "geometry": {
        "type": "Point",
        "coordinates": [
          -0.976855076639134,
          51.5956975990474
        ]
      },
      "properties": {
        "row_number": "86"
      }
    },
    {
      "type": "Feature",
      "geometry": {
        "type": "Point",
        "coordinates": [
          -0.976912735570186,
          51.5956704287912
        ]
      },
      "properties": {
        "row_number": "86"
      }
    },
    {
      "type": "Feature",
      "geometry": {
        "type": "Point",
        "coordinates": [
          -0.976971177005797,
          51.5956434447005
        ]
      },
      "properties": {
        "row_number": "86"
      }
    },
    {
      "type": "Feature",
      "geometry": {
        "type": "Point",
        "coordinates": [
          -0.977027527198667,
          51.5956166683113
        ]
      },
      "properties": {
        "row_number": "86"
      }
    },
    {
      "type": "Feature",
      "geometry": {
        "type": "Point",
        "coordinates": [
          -0.977086013855114,
          51.5955893158428
        ]
      },
      "properties": {
        "row_number": "86"
      }
    },
    {
      "type": "Feature",
      "geometry": {
        "type": "Point",
        "coordinates": [
          -0.977142789812639,
          51.5955626902279
        ]
      },
      "properties": {
        "row_number": "86"
      }
    },
    {
      "type": "Feature",
      "geometry": {
        "type": "Point",
        "coordinates": [
          -0.977200886866975,
          51.5955353944156
        ]
      },
      "properties": {
        "row_number": "86"
      }
    },
    {
      "type": "Feature",
      "geometry": {
        "type": "Point",
        "coordinates": [
          -0.977258359907845,
          51.5955079304048
        ]
      },
      "properties": {
        "row_number": "86"
      }
    },
    {
      "type": "Feature",
      "geometry": {
        "type": "Point",
        "coordinates": [
          -0.977315513748362,
          51.5954812082196
        ]
      },
      "properties": {
        "row_number": "86"
      }
    },
    {
      "type": "Feature",
      "geometry": {
        "type": "Point",
        "coordinates": [
          -0.977374189311296,
          51.5954553777121
        ]
      },
      "properties": {
        "row_number": "86"
      }
    },
    {
      "type": "Feature",
      "geometry": {
        "type": "Point",
        "coordinates": [
          -0.977431022869636,
          51.5954285225503
        ]
      },
      "properties": {
        "row_number": "86"
      }
    },
    {
      "type": "Feature",
      "geometry": {
        "type": "Point",
        "coordinates": [
          -0.977471359343575,
          51.5954094342898
        ]
      },
      "properties": {
        "row_number": "86"
      }
    },
    {
      "type": "Feature",
      "geometry": {
        "type": "LineString",
        "coordinates": [
          [
            -0.976234313271959,
            51.5959628981124
          ],
          [
            -0.976315800728891,
            51.5959244604958
          ],
          [
            -0.976371437701742,
            51.5958980252548
          ],
          [
            -0.976429927728639,
            51.5958708967513
          ],
          [
            -0.976486634130236,
            51.59584434389
          ],
          [
            -0.976545557253422,
            51.5958167942987
          ],
          [
            -0.976603297381781,
            51.5957891452709
          ],
          [
            -0.976660807508961,
            51.5957620812399
          ],
          [
            -0.976718942251055,
            51.5957348169944
          ],
          [
            -0.976777167107776,
            51.5957076398679
          ],
          [
            -0.976834932888598,
            51.5956807679097
          ],
          [
            -0.97689204993167,
            51.5956539558078
          ],
          [
            -0.976949922877189,
            51.5956266906336
          ],
          [
            -0.977008589191736,
            51.5955997342004
          ],
          [
            -0.977065275488177,
            51.5955726804824
          ],
          [
            -0.977122486381121,
            51.595545752122
          ],
          [
            -0.977181324497521,
            51.5955185105659
          ],
          [
            -0.977238372218207,
            51.5954919522026
          ],
          [
            -0.977295075276203,
            51.5954653536293
          ],
          [
            -0.977353094656088,
            51.5954377394062
          ],
          [
            -0.977409174835567,
            51.5954112941421
          ],
          [
            -0.977450600236159,
            51.5953914516288
          ]
        ]
      },
      "properties": {
        "row_number": "87"
      }
    },
    {
      "type": "Feature",
      "geometry": {
        "type": "Point",
        "coordinates": [
          -0.976234313271959,
          51.5959628981124
        ]
      },
      "properties": {
        "row_number": "87"
      }
    },
    {
      "type": "Feature",
      "geometry": {
        "type": "Point",
        "coordinates": [
          -0.976315800728891,
          51.5959244604958
        ]
      },
      "properties": {
        "row_number": "87"
      }
    },
    {
      "type": "Feature",
      "geometry": {
        "type": "Point",
        "coordinates": [
          -0.976371437701742,
          51.5958980252548
        ]
      },
      "properties": {
        "row_number": "87"
      }
    },
    {
      "type": "Feature",
      "geometry": {
        "type": "Point",
        "coordinates": [
          -0.976429927728639,
          51.5958708967513
        ]
      },
      "properties": {
        "row_number": "87"
      }
    },
    {
      "type": "Feature",
      "geometry": {
        "type": "Point",
        "coordinates": [
          -0.976486634130236,
          51.59584434389
        ]
      },
      "properties": {
        "row_number": "87"
      }
    },
    {
      "type": "Feature",
      "geometry": {
        "type": "Point",
        "coordinates": [
          -0.976545557253422,
          51.5958167942987
        ]
      },
      "properties": {
        "row_number": "87"
      }
    },
    {
      "type": "Feature",
      "geometry": {
        "type": "Point",
        "coordinates": [
          -0.976603297381781,
          51.5957891452709
        ]
      },
      "properties": {
        "row_number": "87"
      }
    },
    {
      "type": "Feature",
      "geometry": {
        "type": "Point",
        "coordinates": [
          -0.976660807508961,
          51.5957620812399
        ]
      },
      "properties": {
        "row_number": "87"
      }
    },
    {
      "type": "Feature",
      "geometry": {
        "type": "Point",
        "coordinates": [
          -0.976718942251055,
          51.5957348169944
        ]
      },
      "properties": {
        "row_number": "87"
      }
    },
    {
      "type": "Feature",
      "geometry": {
        "type": "Point",
        "coordinates": [
          -0.976777167107776,
          51.5957076398679
        ]
      },
      "properties": {
        "row_number": "87"
      }
    },
    {
      "type": "Feature",
      "geometry": {
        "type": "Point",
        "coordinates": [
          -0.976834932888598,
          51.5956807679097
        ]
      },
      "properties": {
        "row_number": "87"
      }
    },
    {
      "type": "Feature",
      "geometry": {
        "type": "Point",
        "coordinates": [
          -0.97689204993167,
          51.5956539558078
        ]
      },
      "properties": {
        "row_number": "87"
      }
    },
    {
      "type": "Feature",
      "geometry": {
        "type": "Point",
        "coordinates": [
          -0.976949922877189,
          51.5956266906336
        ]
      },
      "properties": {
        "row_number": "87"
      }
    },
    {
      "type": "Feature",
      "geometry": {
        "type": "Point",
        "coordinates": [
          -0.977008589191736,
          51.5955997342004
        ]
      },
      "properties": {
        "row_number": "87"
      }
    },
    {
      "type": "Feature",
      "geometry": {
        "type": "Point",
        "coordinates": [
          -0.977065275488177,
          51.5955726804824
        ]
      },
      "properties": {
        "row_number": "87"
      }
    },
    {
      "type": "Feature",
      "geometry": {
        "type": "Point",
        "coordinates": [
          -0.977122486381121,
          51.595545752122
        ]
      },
      "properties": {
        "row_number": "87"
      }
    },
    {
      "type": "Feature",
      "geometry": {
        "type": "Point",
        "coordinates": [
          -0.977181324497521,
          51.5955185105659
        ]
      },
      "properties": {
        "row_number": "87"
      }
    },
    {
      "type": "Feature",
      "geometry": {
        "type": "Point",
        "coordinates": [
          -0.977238372218207,
          51.5954919522026
        ]
      },
      "properties": {
        "row_number": "87"
      }
    },
    {
      "type": "Feature",
      "geometry": {
        "type": "Point",
        "coordinates": [
          -0.977295075276203,
          51.5954653536293
        ]
      },
      "properties": {
        "row_number": "87"
      }
    },
    {
      "type": "Feature",
      "geometry": {
        "type": "Point",
        "coordinates": [
          -0.977353094656088,
          51.5954377394062
        ]
      },
      "properties": {
        "row_number": "87"
      }
    },
    {
      "type": "Feature",
      "geometry": {
        "type": "Point",
        "coordinates": [
          -0.977409174835567,
          51.5954112941421
        ]
      },
      "properties": {
        "row_number": "87"
      }
    },
    {
      "type": "Feature",
      "geometry": {
        "type": "Point",
        "coordinates": [
          -0.977450600236159,
          51.5953914516288
        ]
      },
      "properties": {
        "row_number": "87"
      }
    },
    {
      "type": "Feature",
      "geometry": {
        "type": "LineString",
        "coordinates": [
          [
            -0.976370874949158,
            51.5958713326063
          ],
          [
            -0.976408390364858,
            51.5958533209131
          ],
          [
            -0.97646565914906,
            51.5958266978934
          ],
          [
            -0.976523427790914,
            51.5957989321105
          ],
          [
            -0.976582059715419,
            51.595771794219
          ],
          [
            -0.976640310649943,
            51.5957449389692
          ],
          [
            -0.976697570802364,
            51.595717705665
          ],
          [
            -0.976755419240072,
            51.5956908803765
          ],
          [
            -0.976813427298794,
            51.5956635715592
          ],
          [
            -0.976870726380598,
            51.5956366398939
          ],
          [
            -0.976929230427642,
            51.5956090551763
          ],
          [
            -0.97698717363221,
            51.5955817934716
          ],
          [
            -0.977044131446941,
            51.5955552977477
          ],
          [
            -0.977102677708242,
            51.5955277922688
          ],
          [
            -0.97715990935723,
            51.5955010720253
          ],
          [
            -0.977217710530602,
            51.595474422148
          ],
          [
            -0.977274367423097,
            51.5954475396681
          ],
          [
            -0.977331810877834,
            51.5954205213637
          ],
          [
            -0.977387999224447,
            51.5953943384365
          ],
          [
            -0.977429002145582,
            51.5953752174847
          ]
        ]
      },
      "properties": {
        "row_number": "88"
      }
    },
    {
      "type": "Feature",
      "geometry": {
        "type": "Point",
        "coordinates": [
          -0.976370874949158,
          51.5958713326063
        ]
      },
      "properties": {
        "row_number": "88"
      }
    },
    {
      "type": "Feature",
      "geometry": {
        "type": "Point",
        "coordinates": [
          -0.976408390364858,
          51.5958533209131
        ]
      },
      "properties": {
        "row_number": "88"
      }
    },
    {
      "type": "Feature",
      "geometry": {
        "type": "Point",
        "coordinates": [
          -0.97646565914906,
          51.5958266978934
        ]
      },
      "properties": {
        "row_number": "88"
      }
    },
    {
      "type": "Feature",
      "geometry": {
        "type": "Point",
        "coordinates": [
          -0.976523427790914,
          51.5957989321105
        ]
      },
      "properties": {
        "row_number": "88"
      }
    },
    {
      "type": "Feature",
      "geometry": {
        "type": "Point",
        "coordinates": [
          -0.976582059715419,
          51.595771794219
        ]
      },
      "properties": {
        "row_number": "88"
      }
    },
    {
      "type": "Feature",
      "geometry": {
        "type": "Point",
        "coordinates": [
          -0.976640310649943,
          51.5957449389692
        ]
      },
      "properties": {
        "row_number": "88"
      }
    },
    {
      "type": "Feature",
      "geometry": {
        "type": "Point",
        "coordinates": [
          -0.976697570802364,
          51.595717705665
        ]
      },
      "properties": {
        "row_number": "88"
      }
    },
    {
      "type": "Feature",
      "geometry": {
        "type": "Point",
        "coordinates": [
          -0.976755419240072,
          51.5956908803765
        ]
      },
      "properties": {
        "row_number": "88"
      }
    },
    {
      "type": "Feature",
      "geometry": {
        "type": "Point",
        "coordinates": [
          -0.976813427298794,
          51.5956635715592
        ]
      },
      "properties": {
        "row_number": "88"
      }
    },
    {
      "type": "Feature",
      "geometry": {
        "type": "Point",
        "coordinates": [
          -0.976870726380598,
          51.5956366398939
        ]
      },
      "properties": {
        "row_number": "88"
      }
    },
    {
      "type": "Feature",
      "geometry": {
        "type": "Point",
        "coordinates": [
          -0.976929230427642,
          51.5956090551763
        ]
      },
      "properties": {
        "row_number": "88"
      }
    },
    {
      "type": "Feature",
      "geometry": {
        "type": "Point",
        "coordinates": [
          -0.97698717363221,
          51.5955817934716
        ]
      },
      "properties": {
        "row_number": "88"
      }
    },
    {
      "type": "Feature",
      "geometry": {
        "type": "Point",
        "coordinates": [
          -0.977044131446941,
          51.5955552977477
        ]
      },
      "properties": {
        "row_number": "88"
      }
    },
    {
      "type": "Feature",
      "geometry": {
        "type": "Point",
        "coordinates": [
          -0.977102677708242,
          51.5955277922688
        ]
      },
      "properties": {
        "row_number": "88"
      }
    },
    {
      "type": "Feature",
      "geometry": {
        "type": "Point",
        "coordinates": [
          -0.97715990935723,
          51.5955010720253
        ]
      },
      "properties": {
        "row_number": "88"
      }
    },
    {
      "type": "Feature",
      "geometry": {
        "type": "Point",
        "coordinates": [
          -0.977217710530602,
          51.595474422148
        ]
      },
      "properties": {
        "row_number": "88"
      }
    },
    {
      "type": "Feature",
      "geometry": {
        "type": "Point",
        "coordinates": [
          -0.977274367423097,
          51.5954475396681
        ]
      },
      "properties": {
        "row_number": "88"
      }
    },
    {
      "type": "Feature",
      "geometry": {
        "type": "Point",
        "coordinates": [
          -0.977331810877834,
          51.5954205213637
        ]
      },
      "properties": {
        "row_number": "88"
      }
    },
    {
      "type": "Feature",
      "geometry": {
        "type": "Point",
        "coordinates": [
          -0.977387999224447,
          51.5953943384365
        ]
      },
      "properties": {
        "row_number": "88"
      }
    },
    {
      "type": "Feature",
      "geometry": {
        "type": "Point",
        "coordinates": [
          -0.977429002145582,
          51.5953752174847
        ]
      },
      "properties": {
        "row_number": "88"
      }
    },
    {
      "type": "Feature",
      "geometry": {
        "type": "LineString",
        "coordinates": [
          [
            -0.976351997520917,
            51.5958537205257
          ],
          [
            -0.97638712008627,
            51.5958372049793
          ],
          [
            -0.976446586194317,
            51.5958093730938
          ],
          [
            -0.976503985618825,
            51.5957822284232
          ],
          [
            -0.976561609948604,
            51.5957550367872
          ],
          [
            -0.976618966710018,
            51.5957275991297
          ],
          [
            -0.976676899498233,
            51.5957005579267
          ],
          [
            -0.976735887551905,
            51.5956736535378
          ],
          [
            -0.97679326441023,
            51.5956461618197
          ],
          [
            -0.976849872210436,
            51.5956195488167
          ],
          [
            -0.976908835670185,
            51.5955919032752
          ],
          [
            -0.976966576440636,
            51.5955650435182
          ],
          [
            -0.977024057884641,
            51.5955382284486
          ],
          [
            -0.977082431888002,
            51.5955106270425
          ],
          [
            -0.977139270797993,
            51.595484149037
          ],
          [
            -0.977196762622572,
            51.5954574614135
          ],
          [
            -0.977253778522252,
            51.5954308016234
          ],
          [
            -0.977311165225002,
            51.5954035439356
          ],
          [
            -0.977368117519367,
            51.5953773214928
          ],
          [
            -0.977408646073583,
            51.5953576967799
          ]
        ]
      },
      "properties": {
        "row_number": "89"
      }
    },
    {
      "type": "Feature",
      "geometry": {
        "type": "Point",
        "coordinates": [
          -0.976351997520917,
          51.5958537205257
        ]
      },
      "properties": {
        "row_number": "89"
      }
    },
    {
      "type": "Feature",
      "geometry": {
        "type": "Point",
        "coordinates": [
          -0.97638712008627,
          51.5958372049793
        ]
      },
      "properties": {
        "row_number": "89"
      }
    },
    {
      "type": "Feature",
      "geometry": {
        "type": "Point",
        "coordinates": [
          -0.976446586194317,
          51.5958093730938
        ]
      },
      "properties": {
        "row_number": "89"
      }
    },
    {
      "type": "Feature",
      "geometry": {
        "type": "Point",
        "coordinates": [
          -0.976503985618825,
          51.5957822284232
        ]
      },
      "properties": {
        "row_number": "89"
      }
    },
    {
      "type": "Feature",
      "geometry": {
        "type": "Point",
        "coordinates": [
          -0.976561609948604,
          51.5957550367872
        ]
      },
      "properties": {
        "row_number": "89"
      }
    },
    {
      "type": "Feature",
      "geometry": {
        "type": "Point",
        "coordinates": [
          -0.976618966710018,
          51.5957275991297
        ]
      },
      "properties": {
        "row_number": "89"
      }
    },
    {
      "type": "Feature",
      "geometry": {
        "type": "Point",
        "coordinates": [
          -0.976676899498233,
          51.5957005579267
        ]
      },
      "properties": {
        "row_number": "89"
      }
    },
    {
      "type": "Feature",
      "geometry": {
        "type": "Point",
        "coordinates": [
          -0.976735887551905,
          51.5956736535378
        ]
      },
      "properties": {
        "row_number": "89"
      }
    },
    {
      "type": "Feature",
      "geometry": {
        "type": "Point",
        "coordinates": [
          -0.97679326441023,
          51.5956461618197
        ]
      },
      "properties": {
        "row_number": "89"
      }
    },
    {
      "type": "Feature",
      "geometry": {
        "type": "Point",
        "coordinates": [
          -0.976849872210436,
          51.5956195488167
        ]
      },
      "properties": {
        "row_number": "89"
      }
    },
    {
      "type": "Feature",
      "geometry": {
        "type": "Point",
        "coordinates": [
          -0.976908835670185,
          51.5955919032752
        ]
      },
      "properties": {
        "row_number": "89"
      }
    },
    {
      "type": "Feature",
      "geometry": {
        "type": "Point",
        "coordinates": [
          -0.976966576440636,
          51.5955650435182
        ]
      },
      "properties": {
        "row_number": "89"
      }
    },
    {
      "type": "Feature",
      "geometry": {
        "type": "Point",
        "coordinates": [
          -0.977024057884641,
          51.5955382284486
        ]
      },
      "properties": {
        "row_number": "89"
      }
    },
    {
      "type": "Feature",
      "geometry": {
        "type": "Point",
        "coordinates": [
          -0.977082431888002,
          51.5955106270425
        ]
      },
      "properties": {
        "row_number": "89"
      }
    },
    {
      "type": "Feature",
      "geometry": {
        "type": "Point",
        "coordinates": [
          -0.977139270797993,
          51.595484149037
        ]
      },
      "properties": {
        "row_number": "89"
      }
    },
    {
      "type": "Feature",
      "geometry": {
        "type": "Point",
        "coordinates": [
          -0.977196762622572,
          51.5954574614135
        ]
      },
      "properties": {
        "row_number": "89"
      }
    },
    {
      "type": "Feature",
      "geometry": {
        "type": "Point",
        "coordinates": [
          -0.977253778522252,
          51.5954308016234
        ]
      },
      "properties": {
        "row_number": "89"
      }
    },
    {
      "type": "Feature",
      "geometry": {
        "type": "Point",
        "coordinates": [
          -0.977311165225002,
          51.5954035439356
        ]
      },
      "properties": {
        "row_number": "89"
      }
    },
    {
      "type": "Feature",
      "geometry": {
        "type": "Point",
        "coordinates": [
          -0.977368117519367,
          51.5953773214928
        ]
      },
      "properties": {
        "row_number": "89"
      }
    },
    {
      "type": "Feature",
      "geometry": {
        "type": "Point",
        "coordinates": [
          -0.977408646073583,
          51.5953576967799
        ]
      },
      "properties": {
        "row_number": "89"
      }
    },
    {
      "type": "Feature",
      "geometry": {
        "type": "LineString",
        "coordinates": [
          [
            -0.976330813257431,
            51.5958363327468
          ],
          [
            -0.97636705977958,
            51.5958188960492
          ],
          [
            -0.976424273609312,
            51.5957920760326
          ],
          [
            -0.976483792105171,
            51.595763706219
          ],
          [
            -0.976539322766461,
            51.5957376232278
          ],
          [
            -0.976598382680746,
            51.5957102266677
          ],
          [
            -0.976656577264358,
            51.5956825588046
          ],
          [
            -0.976713465876542,
            51.5956559560685
          ],
          [
            -0.976772508334728,
            51.5956285132023
          ],
          [
            -0.976829819840523,
            51.5956018301874
          ],
          [
            -0.976887753187539,
            51.5955748008262
          ],
          [
            -0.976945342929551,
            51.5955476903031
          ],
          [
            -0.977002079293952,
            51.5955209061744
          ],
          [
            -0.977060850401753,
            51.5954933401159
          ],
          [
            -0.977117378003727,
            51.5954664375322
          ],
          [
            -0.977175713038703,
            51.5954397094311
          ],
          [
            -0.977232650348753,
            51.5954134898503
          ],
          [
            -0.977289734522639,
            51.5953864734
          ],
          [
            -0.977346596405679,
            51.5953594993779
          ],
          [
            -0.977387176001867,
            51.595340781246
          ]
        ]
      },
      "properties": {
        "row_number": "90"
      }
    },
    {
      "type": "Feature",
      "geometry": {
        "type": "Point",
        "coordinates": [
          -0.976330813257431,
          51.5958363327468
        ]
      },
      "properties": {
        "row_number": "90"
      }
    },
    {
      "type": "Feature",
      "geometry": {
        "type": "Point",
        "coordinates": [
          -0.97636705977958,
          51.5958188960492
        ]
      },
      "properties": {
        "row_number": "90"
      }
    },
    {
      "type": "Feature",
      "geometry": {
        "type": "Point",
        "coordinates": [
          -0.976424273609312,
          51.5957920760326
        ]
      },
      "properties": {
        "row_number": "90"
      }
    },
    {
      "type": "Feature",
      "geometry": {
        "type": "Point",
        "coordinates": [
          -0.976483792105171,
          51.595763706219
        ]
      },
      "properties": {
        "row_number": "90"
      }
    },
    {
      "type": "Feature",
      "geometry": {
        "type": "Point",
        "coordinates": [
          -0.976539322766461,
          51.5957376232278
        ]
      },
      "properties": {
        "row_number": "90"
      }
    },
    {
      "type": "Feature",
      "geometry": {
        "type": "Point",
        "coordinates": [
          -0.976598382680746,
          51.5957102266677
        ]
      },
      "properties": {
        "row_number": "90"
      }
    },
    {
      "type": "Feature",
      "geometry": {
        "type": "Point",
        "coordinates": [
          -0.976656577264358,
          51.5956825588046
        ]
      },
      "properties": {
        "row_number": "90"
      }
    },
    {
      "type": "Feature",
      "geometry": {
        "type": "Point",
        "coordinates": [
          -0.976713465876542,
          51.5956559560685
        ]
      },
      "properties": {
        "row_number": "90"
      }
    },
    {
      "type": "Feature",
      "geometry": {
        "type": "Point",
        "coordinates": [
          -0.976772508334728,
          51.5956285132023
        ]
      },
      "properties": {
        "row_number": "90"
      }
    },
    {
      "type": "Feature",
      "geometry": {
        "type": "Point",
        "coordinates": [
          -0.976829819840523,
          51.5956018301874
        ]
      },
      "properties": {
        "row_number": "90"
      }
    },
    {
      "type": "Feature",
      "geometry": {
        "type": "Point",
        "coordinates": [
          -0.976887753187539,
          51.5955748008262
        ]
      },
      "properties": {
        "row_number": "90"
      }
    },
    {
      "type": "Feature",
      "geometry": {
        "type": "Point",
        "coordinates": [
          -0.976945342929551,
          51.5955476903031
        ]
      },
      "properties": {
        "row_number": "90"
      }
    },
    {
      "type": "Feature",
      "geometry": {
        "type": "Point",
        "coordinates": [
          -0.977002079293952,
          51.5955209061744
        ]
      },
      "properties": {
        "row_number": "90"
      }
    },
    {
      "type": "Feature",
      "geometry": {
        "type": "Point",
        "coordinates": [
          -0.977060850401753,
          51.5954933401159
        ]
      },
      "properties": {
        "row_number": "90"
      }
    },
    {
      "type": "Feature",
      "geometry": {
        "type": "Point",
        "coordinates": [
          -0.977117378003727,
          51.5954664375322
        ]
      },
      "properties": {
        "row_number": "90"
      }
    },
    {
      "type": "Feature",
      "geometry": {
        "type": "Point",
        "coordinates": [
          -0.977175713038703,
          51.5954397094311
        ]
      },
      "properties": {
        "row_number": "90"
      }
    },
    {
      "type": "Feature",
      "geometry": {
        "type": "Point",
        "coordinates": [
          -0.977232650348753,
          51.5954134898503
        ]
      },
      "properties": {
        "row_number": "90"
      }
    },
    {
      "type": "Feature",
      "geometry": {
        "type": "Point",
        "coordinates": [
          -0.977289734522639,
          51.5953864734
        ]
      },
      "properties": {
        "row_number": "90"
      }
    },
    {
      "type": "Feature",
      "geometry": {
        "type": "Point",
        "coordinates": [
          -0.977346596405679,
          51.5953594993779
        ]
      },
      "properties": {
        "row_number": "90"
      }
    },
    {
      "type": "Feature",
      "geometry": {
        "type": "Point",
        "coordinates": [
          -0.977387176001867,
          51.595340781246
        ]
      },
      "properties": {
        "row_number": "90"
      }
    },
    {
      "type": "Feature",
      "geometry": {
        "type": "LineString",
        "coordinates": [
          [
            -0.976309661108939,
            51.595819313617
          ],
          [
            -0.976346045606349,
            51.5958017890685
          ],
          [
            -0.976401856107547,
            51.5957754081861
          ],
          [
            -0.976462758930974,
            51.5957466787337
          ],
          [
            -0.976519616508124,
            51.5957191400529
          ],
          [
            -0.976577026669758,
            51.5956923544039
          ],
          [
            -0.976633813865411,
            51.59566617632
          ],
          [
            -0.976692763769048,
            51.5956383364235
          ],
          [
            -0.97675090272396,
            51.5956115355805
          ],
          [
            -0.976809248892332,
            51.5955835731486
          ],
          [
            -0.976866192727685,
            51.5955579698348
          ],
          [
            -0.976923344274952,
            51.5955312376158
          ],
          [
            -0.976981803922888,
            51.5955035317731
          ],
          [
            -0.977040333230514,
            51.5954763159147
          ],
          [
            -0.977097265064135,
            51.5954501238918
          ],
          [
            -0.977155261865127,
            51.5954225590299
          ],
          [
            -0.977211280381631,
            51.5953962777211
          ],
          [
            -0.9772687532001,
            51.5953693505671
          ],
          [
            -0.977325827278975,
            51.5953422656448
          ],
          [
            -0.977365362078336,
            51.5953240056135
          ]
        ]
      },
      "properties": {
        "row_number": "91"
      }
    },
    {
      "type": "Feature",
      "geometry": {
        "type": "Point",
        "coordinates": [
          -0.976309661108939,
          51.595819313617
        ]
      },
      "properties": {
        "row_number": "91"
      }
    },
    {
      "type": "Feature",
      "geometry": {
        "type": "Point",
        "coordinates": [
          -0.976346045606349,
          51.5958017890685
        ]
      },
      "properties": {
        "row_number": "91"
      }
    },
    {
      "type": "Feature",
      "geometry": {
        "type": "Point",
        "coordinates": [
          -0.976401856107547,
          51.5957754081861
        ]
      },
      "properties": {
        "row_number": "91"
      }
    },
    {
      "type": "Feature",
      "geometry": {
        "type": "Point",
        "coordinates": [
          -0.976462758930974,
          51.5957466787337
        ]
      },
      "properties": {
        "row_number": "91"
      }
    },
    {
      "type": "Feature",
      "geometry": {
        "type": "Point",
        "coordinates": [
          -0.976519616508124,
          51.5957191400529
        ]
      },
      "properties": {
        "row_number": "91"
      }
    },
    {
      "type": "Feature",
      "geometry": {
        "type": "Point",
        "coordinates": [
          -0.976577026669758,
          51.5956923544039
        ]
      },
      "properties": {
        "row_number": "91"
      }
    },
    {
      "type": "Feature",
      "geometry": {
        "type": "Point",
        "coordinates": [
          -0.976633813865411,
          51.59566617632
        ]
      },
      "properties": {
        "row_number": "91"
      }
    },
    {
      "type": "Feature",
      "geometry": {
        "type": "Point",
        "coordinates": [
          -0.976692763769048,
          51.5956383364235
        ]
      },
      "properties": {
        "row_number": "91"
      }
    },
    {
      "type": "Feature",
      "geometry": {
        "type": "Point",
        "coordinates": [
          -0.97675090272396,
          51.5956115355805
        ]
      },
      "properties": {
        "row_number": "91"
      }
    },
    {
      "type": "Feature",
      "geometry": {
        "type": "Point",
        "coordinates": [
          -0.976809248892332,
          51.5955835731486
        ]
      },
      "properties": {
        "row_number": "91"
      }
    },
    {
      "type": "Feature",
      "geometry": {
        "type": "Point",
        "coordinates": [
          -0.976866192727685,
          51.5955579698348
        ]
      },
      "properties": {
        "row_number": "91"
      }
    },
    {
      "type": "Feature",
      "geometry": {
        "type": "Point",
        "coordinates": [
          -0.976923344274952,
          51.5955312376158
        ]
      },
      "properties": {
        "row_number": "91"
      }
    },
    {
      "type": "Feature",
      "geometry": {
        "type": "Point",
        "coordinates": [
          -0.976981803922888,
          51.5955035317731
        ]
      },
      "properties": {
        "row_number": "91"
      }
    },
    {
      "type": "Feature",
      "geometry": {
        "type": "Point",
        "coordinates": [
          -0.977040333230514,
          51.5954763159147
        ]
      },
      "properties": {
        "row_number": "91"
      }
    },
    {
      "type": "Feature",
      "geometry": {
        "type": "Point",
        "coordinates": [
          -0.977097265064135,
          51.5954501238918
        ]
      },
      "properties": {
        "row_number": "91"
      }
    },
    {
      "type": "Feature",
      "geometry": {
        "type": "Point",
        "coordinates": [
          -0.977155261865127,
          51.5954225590299
        ]
      },
      "properties": {
        "row_number": "91"
      }
    },
    {
      "type": "Feature",
      "geometry": {
        "type": "Point",
        "coordinates": [
          -0.977211280381631,
          51.5953962777211
        ]
      },
      "properties": {
        "row_number": "91"
      }
    },
    {
      "type": "Feature",
      "geometry": {
        "type": "Point",
        "coordinates": [
          -0.9772687532001,
          51.5953693505671
        ]
      },
      "properties": {
        "row_number": "91"
      }
    },
    {
      "type": "Feature",
      "geometry": {
        "type": "Point",
        "coordinates": [
          -0.977325827278975,
          51.5953422656448
        ]
      },
      "properties": {
        "row_number": "91"
      }
    },
    {
      "type": "Feature",
      "geometry": {
        "type": "Point",
        "coordinates": [
          -0.977365362078336,
          51.5953240056135
        ]
      },
      "properties": {
        "row_number": "91"
      }
    },
    {
      "type": "Feature",
      "geometry": {
        "type": "LineString",
        "coordinates": [
          [
            -0.976904139400914,
            51.5955133656279
          ],
          [
            -0.976962225120599,
            51.5954860560877
          ],
          [
            -0.977020881132078,
            51.5954590054586
          ],
          [
            -0.977077171287404,
            51.5954326359675
          ],
          [
            -0.977134134776342,
            51.595405799237
          ],
          [
            -0.977190077646302,
            51.5953795959935
          ],
          [
            -0.977247386964805,
            51.5953520446733
          ],
          [
            -0.977304607731098,
            51.5953248989455
          ],
          [
            -0.97734451310645,
            51.5953065357495
          ]
        ]
      },
      "properties": {
        "row_number": "92"
      }
    },
    {
      "type": "Feature",
      "geometry": {
        "type": "Point",
        "coordinates": [
          -0.976904139400914,
          51.5955133656279
        ]
      },
      "properties": {
        "row_number": "92"
      }
    },
    {
      "type": "Feature",
      "geometry": {
        "type": "Point",
        "coordinates": [
          -0.976962225120599,
          51.5954860560877
        ]
      },
      "properties": {
        "row_number": "92"
      }
    },
    {
      "type": "Feature",
      "geometry": {
        "type": "Point",
        "coordinates": [
          -0.977020881132078,
          51.5954590054586
        ]
      },
      "properties": {
        "row_number": "92"
      }
    },
    {
      "type": "Feature",
      "geometry": {
        "type": "Point",
        "coordinates": [
          -0.977077171287404,
          51.5954326359675
        ]
      },
      "properties": {
        "row_number": "92"
      }
    },
    {
      "type": "Feature",
      "geometry": {
        "type": "Point",
        "coordinates": [
          -0.977134134776342,
          51.595405799237
        ]
      },
      "properties": {
        "row_number": "92"
      }
    },
    {
      "type": "Feature",
      "geometry": {
        "type": "Point",
        "coordinates": [
          -0.977190077646302,
          51.5953795959935
        ]
      },
      "properties": {
        "row_number": "92"
      }
    },
    {
      "type": "Feature",
      "geometry": {
        "type": "Point",
        "coordinates": [
          -0.977247386964805,
          51.5953520446733
        ]
      },
      "properties": {
        "row_number": "92"
      }
    },
    {
      "type": "Feature",
      "geometry": {
        "type": "Point",
        "coordinates": [
          -0.977304607731098,
          51.5953248989455
        ]
      },
      "properties": {
        "row_number": "92"
      }
    },
    {
      "type": "Feature",
      "geometry": {
        "type": "Point",
        "coordinates": [
          -0.97734451310645,
          51.5953065357495
        ]
      },
      "properties": {
        "row_number": "92"
      }
    }
  ]
}