{
"type": "FeatureCollection",
"name": "Detected_PostPositions_UTM_shifted",
"features": [
{ "type": "Feature", "properties": { "LAYER": "Created, never classified", "ELEVATION": 0, "RETURN_CNT": 1, "RETURN_NUM": 1 }, "geometry": { "type": "Point", "coordinates": [ -0.9784459, 51.5972719 ] } },
{ "type": "Feature", "properties": { "LAYER": "Created, never classified", "ELEVATION": 0, "RETURN_CNT": 1, "RETURN_NUM": 1 }, "geometry": { "type": "Point", "coordinates": [ -0.9783968, 51.5972682 ] } },
{ "type": "Feature", "properties": { "LAYER": "Created, never classified", "ELEVATION": 0, "RETURN_CNT": 1, "RETURN_NUM": 1 }, "geometry": { "type": "Point", "coordinates": [ -0.9783476, 51.5972642 ] } },
{ "type": "Feature", "properties": { "LAYER": "Created, never classified", "ELEVATION": 0, "RETURN_CNT": 1, "RETURN_NUM": 1 }, "geometry": { "type": "Point", "coordinates": [ -0.9782988, 51.5972612 ] } },
{ "type": "Feature", "properties": { "LAYER": "Created, never classified", "ELEVATION": 0, "RETURN_CNT": 1, "RETURN_NUM": 1 }, "geometry": { "type": "Point", "coordinates": [ -0.9785289, 51.5972331 ] } },
{ "type": "Feature", "properties": { "LAYER": "Created, never classified", "ELEVATION": 0, "RETURN_CNT": 1, "RETURN_NUM": 1 }, "geometry": { "type": "Point", "coordinates": [ -0.9784511, 51.597243 ] } },
{ "type": "Feature", "properties": { "LAYER": "Created, never classified", "ELEVATION": 0, "RETURN_CNT": 1, "RETURN_NUM": 1 }, "geometry": { "type": "Point", "coordinates": [ -0.9784297, 51.5972256 ] } },
{ "type": "Feature", "properties": { "LAYER": "Created, never classified", "ELEVATION": 0, "RETURN_CNT": 1, "RETURN_NUM": 1 }, "geometry": { "type": "Point", "coordinates": [ -0.9785874, 51.597206 ] } },
{ "type": "Feature", "properties": { "LAYER": "Created, never classified", "ELEVATION": 0, "RETURN_CNT": 1, "RETURN_NUM": 1 }, "geometry": { "type": "Point", "coordinates": [ -0.97841, 51.5972086 ] } },
{ "type": "Feature", "properties": { "LAYER": "Created, never classified", "ELEVATION": 0, "RETURN_CNT": 1, "RETURN_NUM": 1 }, "geometry": { "type": "Point", "coordinates": [ -0.978331, 51.5972184 ] } },
{ "type": "Feature", "properties": { "LAYER": "Created, never classified", "ELEVATION": 0, "RETURN_CNT": 1, "RETURN_NUM": 1 }, "geometry": { "type": "Point", "coordinates": [ -0.9784878, 51.597199 ] } },
{ "type": "Feature", "properties": { "LAYER": "Created, never classified", "ELEVATION": 0, "RETURN_CNT": 1, "RETURN_NUM": 1 }, "geometry": { "type": "Point", "coordinates": [ -0.9784687, 51.5971814 ] } },
{ "type": "Feature", "properties": { "LAYER": "Created, never classified", "ELEVATION": 0, "RETURN_CNT": 1, "RETURN_NUM": 1 }, "geometry": { "type": "Point", "coordinates": [ -0.9783873, 51.597192 ] } },
{ "type": "Feature", "properties": { "LAYER": "Created, never classified", "ELEVATION": 0, "RETURN_CNT": 1, "RETURN_NUM": 1 }, "geometry": { "type": "Point", "coordinates": [ -0.9785456, 51.5971718 ] } },
{ "type": "Feature", "properties": { "LAYER": "Created, never classified", "ELEVATION": 0, "RETURN_CNT": 1, "RETURN_NUM": 1 }, "geometry": { "type": "Point", "coordinates": [ -0.9784465, 51.5971642 ] } },
{ "type": "Feature", "properties": { "LAYER": "Created, never classified", "ELEVATION": 0, "RETURN_CNT": 1, "RETURN_NUM": 1 }, "geometry": { "type": "Point", "coordinates": [ -0.9783689, 51.5971742 ] } },
{ "type": "Feature", "properties": { "LAYER": "Created, never classified", "ELEVATION": 0, "RETURN_CNT": 1, "RETURN_NUM": 1 }, "geometry": { "type": "Point", "coordinates": [ -0.9783474, 51.5971573 ] } },
{ "type": "Feature", "properties": { "LAYER": "Created, never classified", "ELEVATION": 0, "RETURN_CNT": 1, "RETURN_NUM": 1 }, "geometry": { "type": "Point", "coordinates": [ -0.978268, 51.5971667 ] } },
{ "type": "Feature", "properties": { "LAYER": "Created, never classified", "ELEVATION": 0, "RETURN_CNT": 1, "RETURN_NUM": 1 }, "geometry": { "type": "Point", "coordinates": [ -0.9786067, 51.5971427 ] } },
{ "type": "Feature", "properties": { "LAYER": "Created, never classified", "ELEVATION": 0, "RETURN_CNT": 1, "RETURN_NUM": 1 }, "geometry": { "type": "Point", "coordinates": [ -0.9785246, 51.5971546 ] } },
{ "type": "Feature", "properties": { "LAYER": "Created, never classified", "ELEVATION": 0, "RETURN_CNT": 1, "RETURN_NUM": 1 }, "geometry": { "type": "Point", "coordinates": [ -0.9785041, 51.5971375 ] } },
{ "type": "Feature", "properties": { "LAYER": "Created, never classified", "ELEVATION": 0, "RETURN_CNT": 1, "RETURN_NUM": 1 }, "geometry": { "type": "Point", "coordinates": [ -0.9784267, 51.5971466 ] } },
{ "type": "Feature", "properties": { "LAYER": "Created, never classified", "ELEVATION": 0, "RETURN_CNT": 1, "RETURN_NUM": 1 }, "geometry": { "type": "Point", "coordinates": [ -0.978327, 51.5971392 ] } },
{ "type": "Feature", "properties": { "LAYER": "Created, never classified", "ELEVATION": 0, "RETURN_CNT": 1, "RETURN_NUM": 1 }, "geometry": { "type": "Point", "coordinates": [ -0.9786057, 51.5971164 ] } },
{ "type": "Feature", "properties": { "LAYER": "Created, never classified", "ELEVATION": 0, "RETURN_CNT": 1, "RETURN_NUM": 1 }, "geometry": { "type": "Point", "coordinates": [ -0.978485, 51.5971192 ] } },
{ "type": "Feature", "properties": { "LAYER": "Created, never classified", "ELEVATION": 0, "RETURN_CNT": 1, "RETURN_NUM": 1 }, "geometry": { "type": "Point", "coordinates": [ -0.9784063, 51.5971297 ] } },
{ "type": "Feature", "properties": { "LAYER": "Created, never classified", "ELEVATION": 0, "RETURN_CNT": 1, "RETURN_NUM": 1 }, "geometry": { "type": "Point", "coordinates": [ -0.9783835, 51.5971128 ] } },
{ "type": "Feature", "properties": { "LAYER": "Created, never classified", "ELEVATION": 0, "RETURN_CNT": 1, "RETURN_NUM": 1 }, "geometry": { "type": "Point", "coordinates": [ -0.978305, 51.5971215 ] } },
{ "type": "Feature", "properties": { "LAYER": "Created, never classified", "ELEVATION": 0, "RETURN_CNT": 1, "RETURN_NUM": 1 }, "geometry": { "type": "Point", "coordinates": [ -0.9786028, 51.5970901 ] } },
{ "type": "Feature", "properties": { "LAYER": "Created, never classified", "ELEVATION": 0, "RETURN_CNT": 1, "RETURN_NUM": 1 }, "geometry": { "type": "Point", "coordinates": [ -0.9785614, 51.5971099 ] } },
{ "type": "Feature", "properties": { "LAYER": "Created, never classified", "ELEVATION": 0, "RETURN_CNT": 1, "RETURN_NUM": 1 }, "geometry": { "type": "Point", "coordinates": [ -0.978463, 51.5971032 ] } },
{ "type": "Feature", "properties": { "LAYER": "Created, never classified", "ELEVATION": 0, "RETURN_CNT": 1, "RETURN_NUM": 1 }, "geometry": { "type": "Point", "coordinates": [ -0.9785203, 51.597076 ] } },
{ "type": "Feature", "properties": { "LAYER": "Created, never classified", "ELEVATION": 0, "RETURN_CNT": 1, "RETURN_NUM": 1 }, "geometry": { "type": "Point", "coordinates": [ -0.9784204, 51.5970682 ] } },
{ "type": "Feature", "properties": { "LAYER": "Created, never classified", "ELEVATION": 0, "RETURN_CNT": 1, "RETURN_NUM": 1 }, "geometry": { "type": "Point", "coordinates": [ -0.9783423, 51.5970777 ] } },
{ "type": "Feature", "properties": { "LAYER": "Created, never classified", "ELEVATION": 0, "RETURN_CNT": 1, "RETURN_NUM": 1 }, "geometry": { "type": "Point", "coordinates": [ -0.9784984, 51.597059 ] } },
{ "type": "Feature", "properties": { "LAYER": "Created, never classified", "ELEVATION": 0, "RETURN_CNT": 1, "RETURN_NUM": 1 }, "geometry": { "type": "Point", "coordinates": [ -0.9784001, 51.5970508 ] } },
{ "type": "Feature", "properties": { "LAYER": "Created, never classified", "ELEVATION": 0, "RETURN_CNT": 1, "RETURN_NUM": 1 }, "geometry": { "type": "Point", "coordinates": [ -0.9783205, 51.5970615 ] } },
{ "type": "Feature", "properties": { "LAYER": "Created, never classified", "ELEVATION": 0, "RETURN_CNT": 1, "RETURN_NUM": 1 }, "geometry": { "type": "Point", "coordinates": [ -0.9786002, 51.5970378 ] } },
{ "type": "Feature", "properties": { "LAYER": "Created, never classified", "ELEVATION": 0, "RETURN_CNT": 1, "RETURN_NUM": 1 }, "geometry": { "type": "Point", "coordinates": [ -0.9784566, 51.597024 ] } },
{ "type": "Feature", "properties": { "LAYER": "Created, never classified", "ELEVATION": 0, "RETURN_CNT": 1, "RETURN_NUM": 1 }, "geometry": { "type": "Point", "coordinates": [ -0.9783808, 51.5970344 ] } },
{ "type": "Feature", "properties": { "LAYER": "Created, never classified", "ELEVATION": 0, "RETURN_CNT": 1, "RETURN_NUM": 1 }, "geometry": { "type": "Point", "coordinates": [ -0.9782797, 51.5970268 ] } },
{ "type": "Feature", "properties": { "LAYER": "Created, never classified", "ELEVATION": 0, "RETURN_CNT": 1, "RETURN_NUM": 1 }, "geometry": { "type": "Point", "coordinates": [ -0.9785961, 51.5970133 ] } },
{ "type": "Feature", "properties": { "LAYER": "Created, never classified", "ELEVATION": 0, "RETURN_CNT": 1, "RETURN_NUM": 1 }, "geometry": { "type": "Point", "coordinates": [ -0.9785343, 51.5970141 ] } },
{ "type": "Feature", "properties": { "LAYER": "Created, never classified", "ELEVATION": 0, "RETURN_CNT": 1, "RETURN_NUM": 1 }, "geometry": { "type": "Point", "coordinates": [ -0.9784376, 51.5970072 ] } },
{ "type": "Feature", "properties": { "LAYER": "Created, never classified", "ELEVATION": 0, "RETURN_CNT": 1, "RETURN_NUM": 1 }, "geometry": { "type": "Point", "coordinates": [ -0.9785948, 51.5969852 ] } },
{ "type": "Feature", "properties": { "LAYER": "Created, never classified", "ELEVATION": 0, "RETURN_CNT": 1, "RETURN_NUM": 1 }, "geometry": { "type": "Point", "coordinates": [ -0.9784886, 51.596983 ] } },
{ "type": "Feature", "properties": { "LAYER": "Created, never classified", "ELEVATION": 0, "RETURN_CNT": 1, "RETURN_NUM": 1 }, "geometry": { "type": "Point", "coordinates": [ -0.9784148, 51.5969898 ] } },
{ "type": "Feature", "properties": { "LAYER": "Created, never classified", "ELEVATION": 0, "RETURN_CNT": 1, "RETURN_NUM": 1 }, "geometry": { "type": "Point", "coordinates": [ -0.978593, 51.5969593 ] } },
{ "type": "Feature", "properties": { "LAYER": "Created, never classified", "ELEVATION": 0, "RETURN_CNT": 1, "RETURN_NUM": 1 }, "geometry": { "type": "Point", "coordinates": [ -0.9785517, 51.5969527 ] } },
{ "type": "Feature", "properties": { "LAYER": "Created, never classified", "ELEVATION": 0, "RETURN_CNT": 1, "RETURN_NUM": 1 }, "geometry": { "type": "Point", "coordinates": [ -0.9784736, 51.5969622 ] } },
{ "type": "Feature", "properties": { "LAYER": "Created, never classified", "ELEVATION": 0, "RETURN_CNT": 1, "RETURN_NUM": 1 }, "geometry": { "type": "Point", "coordinates": [ -0.9783746, 51.596956 ] } },
{ "type": "Feature", "properties": { "LAYER": "Created, never classified", "ELEVATION": 0, "RETURN_CNT": 1, "RETURN_NUM": 1 }, "geometry": { "type": "Point", "coordinates": [ -0.9785896, 51.5969349 ] } },
{ "type": "Feature", "properties": { "LAYER": "Created, never classified", "ELEVATION": 0, "RETURN_CNT": 1, "RETURN_NUM": 1 }, "geometry": { "type": "Point", "coordinates": [ -0.9784318, 51.5969282 ] } },
{ "type": "Feature", "properties": { "LAYER": "Created, never classified", "ELEVATION": 0, "RETURN_CNT": 1, "RETURN_NUM": 1 }, "geometry": { "type": "Point", "coordinates": [ -0.9782822, 51.5969454 ] } },
{ "type": "Feature", "properties": { "LAYER": "Created, never classified", "ELEVATION": 0, "RETURN_CNT": 1, "RETURN_NUM": 1 }, "geometry": { "type": "Point", "coordinates": [ -0.9785863, 51.5969087 ] } },
{ "type": "Feature", "properties": { "LAYER": "Created, never classified", "ELEVATION": 0, "RETURN_CNT": 1, "RETURN_NUM": 1 }, "geometry": { "type": "Point", "coordinates": [ -0.9785104, 51.5969182 ] } },
{ "type": "Feature", "properties": { "LAYER": "Created, never classified", "ELEVATION": 0, "RETURN_CNT": 1, "RETURN_NUM": 1 }, "geometry": { "type": "Point", "coordinates": [ -0.978413, 51.596911 ] } },
{ "type": "Feature", "properties": { "LAYER": "Created, never classified", "ELEVATION": 0, "RETURN_CNT": 1, "RETURN_NUM": 1 }, "geometry": { "type": "Point", "coordinates": [ -0.97849, 51.5969016 ] } },
{ "type": "Feature", "properties": { "LAYER": "Created, never classified", "ELEVATION": 0, "RETURN_CNT": 1, "RETURN_NUM": 1 }, "geometry": { "type": "Point", "coordinates": [ -0.9783915, 51.5968933 ] } },
{ "type": "Feature", "properties": { "LAYER": "Created, never classified", "ELEVATION": 0, "RETURN_CNT": 1, "RETURN_NUM": 1 }, "geometry": { "type": "Point", "coordinates": [ -0.9785866, 51.5968823 ] } },
{ "type": "Feature", "properties": { "LAYER": "Created, never classified", "ELEVATION": 0, "RETURN_CNT": 1, "RETURN_NUM": 1 }, "geometry": { "type": "Point", "coordinates": [ -0.9783712, 51.5968759 ] } },
{ "type": "Feature", "properties": { "LAYER": "Created, never classified", "ELEVATION": 0, "RETURN_CNT": 1, "RETURN_NUM": 1 }, "geometry": { "type": "Point", "coordinates": [ -0.9785861, 51.5968559 ] } },
{ "type": "Feature", "properties": { "LAYER": "Created, never classified", "ELEVATION": 0, "RETURN_CNT": 1, "RETURN_NUM": 1 }, "geometry": { "type": "Point", "coordinates": [ -0.9783272, 51.5968421 ] } },
{ "type": "Feature", "properties": { "LAYER": "Created, never classified", "ELEVATION": 0, "RETURN_CNT": 1, "RETURN_NUM": 1 }, "geometry": { "type": "Point", "coordinates": [ -0.9784791, 51.5968258 ] } },
{ "type": "Feature", "properties": { "LAYER": "Created, never classified", "ELEVATION": 0, "RETURN_CNT": 1, "RETURN_NUM": 1 }, "geometry": { "type": "Point", "coordinates": [ -0.9784066, 51.5968326 ] } },
{ "type": "Feature", "properties": { "LAYER": "Created, never classified", "ELEVATION": 0, "RETURN_CNT": 1, "RETURN_NUM": 1 }, "geometry": { "type": "Point", "coordinates": [ -0.9783082, 51.5968249 ] } },
{ "type": "Feature", "properties": { "LAYER": "Created, never classified", "ELEVATION": 0, "RETURN_CNT": 1, "RETURN_NUM": 1 }, "geometry": { "type": "Point", "coordinates": [ -0.9785819, 51.5968036 ] } },
{ "type": "Feature", "properties": { "LAYER": "Created, never classified", "ELEVATION": 0, "RETURN_CNT": 1, "RETURN_NUM": 1 }, "geometry": { "type": "Point", "coordinates": [ -0.978543, 51.5967953 ] } },
{ "type": "Feature", "properties": { "LAYER": "Created, never classified", "ELEVATION": 0, "RETURN_CNT": 1, "RETURN_NUM": 1 }, "geometry": { "type": "Point", "coordinates": [ -0.9782864, 51.596808 ] } },
{ "type": "Feature", "properties": { "LAYER": "Created, never classified", "ELEVATION": 0, "RETURN_CNT": 1, "RETURN_NUM": 1 }, "geometry": { "type": "Point", "coordinates": [ -0.9785759, 51.5967803 ] } },
{ "type": "Feature", "properties": { "LAYER": "Created, never classified", "ELEVATION": 0, "RETURN_CNT": 1, "RETURN_NUM": 1 }, "geometry": { "type": "Point", "coordinates": [ -0.9784436, 51.5967876 ] } },
{ "type": "Feature", "properties": { "LAYER": "Created, never classified", "ELEVATION": 0, "RETURN_CNT": 1, "RETURN_NUM": 1 }, "geometry": { "type": "Point", "coordinates": [ -0.9784231, 51.5967709 ] } },
{ "type": "Feature", "properties": { "LAYER": "Created, never classified", "ELEVATION": 0, "RETURN_CNT": 1, "RETURN_NUM": 1 }, "geometry": { "type": "Point", "coordinates": [ -0.9783451, 51.5967802 ] } },
{ "type": "Feature", "properties": { "LAYER": "Created, never classified", "ELEVATION": 0, "RETURN_CNT": 1, "RETURN_NUM": 1 }, "geometry": { "type": "Point", "coordinates": [ -0.9783238, 51.5967635 ] } },
{ "type": "Feature", "properties": { "LAYER": "Created, never classified", "ELEVATION": 0, "RETURN_CNT": 1, "RETURN_NUM": 1 }, "geometry": { "type": "Point", "coordinates": [ -0.9785721, 51.5967551 ] } },
{ "type": "Feature", "properties": { "LAYER": "Created, never classified", "ELEVATION": 0, "RETURN_CNT": 1, "RETURN_NUM": 1 }, "geometry": { "type": "Point", "coordinates": [ -0.9785016, 51.5967606 ] } },
{ "type": "Feature", "properties": { "LAYER": "Created, never classified", "ELEVATION": 0, "RETURN_CNT": 1, "RETURN_NUM": 1 }, "geometry": { "type": "Point", "coordinates": [ -0.9784018, 51.5967535 ] } },
{ "type": "Feature", "properties": { "LAYER": "Created, never classified", "ELEVATION": 0, "RETURN_CNT": 1, "RETURN_NUM": 1 }, "geometry": { "type": "Point", "coordinates": [ -0.9783054, 51.5967456 ] } },
{ "type": "Feature", "properties": { "LAYER": "Created, never classified", "ELEVATION": 0, "RETURN_CNT": 1, "RETURN_NUM": 1 }, "geometry": { "type": "Point", "coordinates": [ -0.9785671, 51.5967295 ] } },
{ "type": "Feature", "properties": { "LAYER": "Created, never classified", "ELEVATION": 0, "RETURN_CNT": 1, "RETURN_NUM": 1 }, "geometry": { "type": "Point", "coordinates": [ -0.9782873, 51.5967256 ] } },
{ "type": "Feature", "properties": { "LAYER": "Created, never classified", "ELEVATION": 0, "RETURN_CNT": 1, "RETURN_NUM": 1 }, "geometry": { "type": "Point", "coordinates": [ -0.9785632, 51.5967047 ] } },
{ "type": "Feature", "properties": { "LAYER": "Created, never classified", "ELEVATION": 0, "RETURN_CNT": 1, "RETURN_NUM": 1 }, "geometry": { "type": "Point", "coordinates": [ -0.9785393, 51.596716 ] } },
{ "type": "Feature", "properties": { "LAYER": "Created, never classified", "ELEVATION": 0, "RETURN_CNT": 1, "RETURN_NUM": 1 }, "geometry": { "type": "Point", "coordinates": [ -0.9785184, 51.5966983 ] } },
{ "type": "Feature", "properties": { "LAYER": "Created, never classified", "ELEVATION": 0, "RETURN_CNT": 1, "RETURN_NUM": 1 }, "geometry": { "type": "Point", "coordinates": [ -0.9783397, 51.596701 ] } },
{ "type": "Feature", "properties": { "LAYER": "Created, never classified", "ELEVATION": 0, "RETURN_CNT": 1, "RETURN_NUM": 1 }, "geometry": { "type": "Point", "coordinates": [ -0.9785598, 51.5966791 ] } },
{ "type": "Feature", "properties": { "LAYER": "Created, never classified", "ELEVATION": 0, "RETURN_CNT": 1, "RETURN_NUM": 1 }, "geometry": { "type": "Point", "coordinates": [ -0.9784189, 51.5966916 ] } },
{ "type": "Feature", "properties": { "LAYER": "Created, never classified", "ELEVATION": 0, "RETURN_CNT": 1, "RETURN_NUM": 1 }, "geometry": { "type": "Point", "coordinates": [ -0.9783969, 51.5966745 ] } },
{ "type": "Feature", "properties": { "LAYER": "Created, never classified", "ELEVATION": 0, "RETURN_CNT": 1, "RETURN_NUM": 1 }, "geometry": { "type": "Point", "coordinates": [ -0.9783188, 51.5966847 ] } },
{ "type": "Feature", "properties": { "LAYER": "Created, never classified", "ELEVATION": 0, "RETURN_CNT": 1, "RETURN_NUM": 1 }, "geometry": { "type": "Point", "coordinates": [ -0.9784764, 51.5966649 ] } },
{ "type": "Feature", "properties": { "LAYER": "Created, never classified", "ELEVATION": 0, "RETURN_CNT": 1, "RETURN_NUM": 1 }, "geometry": { "type": "Point", "coordinates": [ -0.9784355, 51.5966298 ] } },
{ "type": "Feature", "properties": { "LAYER": "Created, never classified", "ELEVATION": 0, "RETURN_CNT": 1, "RETURN_NUM": 1 }, "geometry": { "type": "Point", "coordinates": [ -0.9783554, 51.5966402 ] } },
{ "type": "Feature", "properties": { "LAYER": "Created, never classified", "ELEVATION": 0, "RETURN_CNT": 1, "RETURN_NUM": 1 }, "geometry": { "type": "Point", "coordinates": [ -0.9785514, 51.5966278 ] } },
{ "type": "Feature", "properties": { "LAYER": "Created, never classified", "ELEVATION": 0, "RETURN_CNT": 1, "RETURN_NUM": 1 }, "geometry": { "type": "Point", "coordinates": [ -0.9785104, 51.5966216 ] } },
{ "type": "Feature", "properties": { "LAYER": "Created, never classified", "ELEVATION": 0, "RETURN_CNT": 1, "RETURN_NUM": 1 }, "geometry": { "type": "Point", "coordinates": [ -0.9784141, 51.5966129 ] } },
{ "type": "Feature", "properties": { "LAYER": "Created, never classified", "ELEVATION": 0, "RETURN_CNT": 1, "RETURN_NUM": 1 }, "geometry": { "type": "Point", "coordinates": [ -0.9783146, 51.5966059 ] } },
{ "type": "Feature", "properties": { "LAYER": "Created, never classified", "ELEVATION": 0, "RETURN_CNT": 1, "RETURN_NUM": 1 }, "geometry": { "type": "Point", "coordinates": [ -0.9785498, 51.5966026 ] } },
{ "type": "Feature", "properties": { "LAYER": "Created, never classified", "ELEVATION": 0, "RETURN_CNT": 1, "RETURN_NUM": 1 }, "geometry": { "type": "Point", "coordinates": [ -0.9784917, 51.5966033 ] } },
{ "type": "Feature", "properties": { "LAYER": "Created, never classified", "ELEVATION": 0, "RETURN_CNT": 1, "RETURN_NUM": 1 }, "geometry": { "type": "Point", "coordinates": [ -0.9784713, 51.5965861 ] } },
{ "type": "Feature", "properties": { "LAYER": "Created, never classified", "ELEVATION": 0, "RETURN_CNT": 1, "RETURN_NUM": 1 }, "geometry": { "type": "Point", "coordinates": [ -0.978293, 51.5965885 ] } },
{ "type": "Feature", "properties": { "LAYER": "Created, never classified", "ELEVATION": 0, "RETURN_CNT": 1, "RETURN_NUM": 1 }, "geometry": { "type": "Point", "coordinates": [ -0.9785468, 51.596577 ] } },
{ "type": "Feature", "properties": { "LAYER": "Created, never classified", "ELEVATION": 0, "RETURN_CNT": 1, "RETURN_NUM": 1 }, "geometry": { "type": "Point", "coordinates": [ -0.9784496, 51.5965693 ] } },
{ "type": "Feature", "properties": { "LAYER": "Created, never classified", "ELEVATION": 0, "RETURN_CNT": 1, "RETURN_NUM": 1 }, "geometry": { "type": "Point", "coordinates": [ -0.9783727, 51.5965789 ] } },
{ "type": "Feature", "properties": { "LAYER": "Created, never classified", "ELEVATION": 0, "RETURN_CNT": 1, "RETURN_NUM": 1 }, "geometry": { "type": "Point", "coordinates": [ -0.978352, 51.5965608 ] } },
{ "type": "Feature", "properties": { "LAYER": "Created, never classified", "ELEVATION": 0, "RETURN_CNT": 1, "RETURN_NUM": 1 }, "geometry": { "type": "Point", "coordinates": [ -0.9785444, 51.5965518 ] } },
{ "type": "Feature", "properties": { "LAYER": "Created, never classified", "ELEVATION": 0, "RETURN_CNT": 1, "RETURN_NUM": 1 }, "geometry": { "type": "Point", "coordinates": [ -0.9784086, 51.596534 ] } },
{ "type": "Feature", "properties": { "LAYER": "Created, never classified", "ELEVATION": 0, "RETURN_CNT": 1, "RETURN_NUM": 1 }, "geometry": { "type": "Point", "coordinates": [ -0.9783309, 51.596544 ] } },
{ "type": "Feature", "properties": { "LAYER": "Created, never classified", "ELEVATION": 0, "RETURN_CNT": 1, "RETURN_NUM": 1 }, "geometry": { "type": "Point", "coordinates": [ -0.9784873, 51.5965245 ] } },
{ "type": "Feature", "properties": { "LAYER": "Created, never classified", "ELEVATION": 0, "RETURN_CNT": 1, "RETURN_NUM": 1 }, "geometry": { "type": "Point", "coordinates": [ -0.9783886, 51.5965171 ] } },
{ "type": "Feature", "properties": { "LAYER": "Created, never classified", "ELEVATION": 0, "RETURN_CNT": 1, "RETURN_NUM": 1 }, "geometry": { "type": "Point", "coordinates": [ -0.9785363, 51.5965015 ] } },
{ "type": "Feature", "properties": { "LAYER": "Created, never classified", "ELEVATION": 0, "RETURN_CNT": 1, "RETURN_NUM": 1 }, "geometry": { "type": "Point", "coordinates": [ -0.9783691, 51.5965005 ] } },
{ "type": "Feature", "properties": { "LAYER": "Created, never classified", "ELEVATION": 0, "RETURN_CNT": 1, "RETURN_NUM": 1 }, "geometry": { "type": "Point", "coordinates": [ -0.978531, 51.5964765 ] } },
{ "type": "Feature", "properties": { "LAYER": "Created, never classified", "ELEVATION": 0, "RETURN_CNT": 1, "RETURN_NUM": 1 }, "geometry": { "type": "Point", "coordinates": [ -0.9783455, 51.5964822 ] } },
{ "type": "Feature", "properties": { "LAYER": "Created, never classified", "ELEVATION": 0, "RETURN_CNT": 1, "RETURN_NUM": 1 }, "geometry": { "type": "Point", "coordinates": [ -0.9785263, 51.5964529 ] } },
{ "type": "Feature", "properties": { "LAYER": "Created, never classified", "ELEVATION": 0, "RETURN_CNT": 1, "RETURN_NUM": 1 }, "geometry": { "type": "Point", "coordinates": [ -0.978483, 51.5964451 ] } },
{ "type": "Feature", "properties": { "LAYER": "Created, never classified", "ELEVATION": 0, "RETURN_CNT": 1, "RETURN_NUM": 1 }, "geometry": { "type": "Point", "coordinates": [ -0.9784058, 51.5964548 ] } },
{ "type": "Feature", "properties": { "LAYER": "Created, never classified", "ELEVATION": 0, "RETURN_CNT": 1, "RETURN_NUM": 1 }, "geometry": { "type": "Point", "coordinates": [ -0.9784612, 51.5964286 ] } },
{ "type": "Feature", "properties": { "LAYER": "Created, never classified", "ELEVATION": 0, "RETURN_CNT": 1, "RETURN_NUM": 1 }, "geometry": { "type": "Point", "coordinates": [ -0.9785198, 51.5964016 ] } },
{ "type": "Feature", "properties": { "LAYER": "Created, never classified", "ELEVATION": 0, "RETURN_CNT": 1, "RETURN_NUM": 1 }, "geometry": { "type": "Point", "coordinates": [ -0.9785178, 51.5963746 ] } },
{ "type": "Feature", "properties": { "LAYER": "Created, never classified", "ELEVATION": 0, "RETURN_CNT": 1, "RETURN_NUM": 1 }, "geometry": { "type": "Point", "coordinates": [ -0.9784766, 51.5963681 ] } },
{ "type": "Feature", "properties": { "LAYER": "Created, never classified", "ELEVATION": 0, "RETURN_CNT": 1, "RETURN_NUM": 1 }, "geometry": { "type": "Point", "coordinates": [ -0.9785134, 51.5963497 ] } },
{ "type": "Feature", "properties": { "LAYER": "Created, never classified", "ELEVATION": 0, "RETURN_CNT": 1, "RETURN_NUM": 1 }, "geometry": { "type": "Point", "coordinates": [ -0.978435, 51.5963323 ] } },
{ "type": "Feature", "properties": { "LAYER": "Created, never classified", "ELEVATION": 0, "RETURN_CNT": 1, "RETURN_NUM": 1 }, "geometry": { "type": "Point", "coordinates": [ -0.9784149, 51.596315 ] } },
{ "type": "Feature", "properties": { "LAYER": "Created, never classified", "ELEVATION": 0, "RETURN_CNT": 1, "RETURN_NUM": 1 }, "geometry": { "type": "Point", "coordinates": [ -0.9782485, 51.5972575 ] } },
{ "type": "Feature", "properties": { "LAYER": "Created, never classified", "ELEVATION": 0, "RETURN_CNT": 1, "RETURN_NUM": 1 }, "geometry": { "type": "Point", "coordinates": [ -0.9782002, 51.5972534 ] } },
{ "type": "Feature", "properties": { "LAYER": "Created, never classified", "ELEVATION": 0, "RETURN_CNT": 1, "RETURN_NUM": 1 }, "geometry": { "type": "Point", "coordinates": [ -0.978147, 51.5972514 ] } },
{ "type": "Feature", "properties": { "LAYER": "Created, never classified", "ELEVATION": 0, "RETURN_CNT": 1, "RETURN_NUM": 1 }, "geometry": { "type": "Point", "coordinates": [ -0.9780976, 51.5972479 ] } },
{ "type": "Feature", "properties": { "LAYER": "Created, never classified", "ELEVATION": 0, "RETURN_CNT": 1, "RETURN_NUM": 1 }, "geometry": { "type": "Point", "coordinates": [ -0.9780473, 51.5972443 ] } },
{ "type": "Feature", "properties": { "LAYER": "Created, never classified", "ELEVATION": 0, "RETURN_CNT": 1, "RETURN_NUM": 1 }, "geometry": { "type": "Point", "coordinates": [ -0.9782548, 51.5972273 ] } },
{ "type": "Feature", "properties": { "LAYER": "Created, never classified", "ELEVATION": 0, "RETURN_CNT": 1, "RETURN_NUM": 1 }, "geometry": { "type": "Point", "coordinates": [ -0.9781683, 51.5972413 ] } },
{ "type": "Feature", "properties": { "LAYER": "Created, never classified", "ELEVATION": 0, "RETURN_CNT": 1, "RETURN_NUM": 1 }, "geometry": { "type": "Point", "coordinates": [ -0.9779979, 51.5972408 ] } },
{ "type": "Feature", "properties": { "LAYER": "Created, never classified", "ELEVATION": 0, "RETURN_CNT": 1, "RETURN_NUM": 1 }, "geometry": { "type": "Point", "coordinates": [ -0.9779471, 51.597237 ] } },
{ "type": "Feature", "properties": { "LAYER": "Created, never classified", "ELEVATION": 0, "RETURN_CNT": 1, "RETURN_NUM": 1 }, "geometry": { "type": "Point", "coordinates": [ -0.9782333, 51.5972104 ] } },
{ "type": "Feature", "properties": { "LAYER": "Created, never classified", "ELEVATION": 0, "RETURN_CNT": 1, "RETURN_NUM": 1 }, "geometry": { "type": "Point", "coordinates": [ -0.9781553, 51.5972206 ] } },
{ "type": "Feature", "properties": { "LAYER": "Created, never classified", "ELEVATION": 0, "RETURN_CNT": 1, "RETURN_NUM": 1 }, "geometry": { "type": "Point", "coordinates": [ -0.9781318, 51.5972036 ] } },
{ "type": "Feature", "properties": { "LAYER": "Created, never classified", "ELEVATION": 0, "RETURN_CNT": 1, "RETURN_NUM": 1 }, "geometry": { "type": "Point", "coordinates": [ -0.9780544, 51.5972133 ] } },
{ "type": "Feature", "properties": { "LAYER": "Created, never classified", "ELEVATION": 0, "RETURN_CNT": 1, "RETURN_NUM": 1 }, "geometry": { "type": "Point", "coordinates": [ -0.9779541, 51.5972064 ] } },
{ "type": "Feature", "properties": { "LAYER": "Created, never classified", "ELEVATION": 0, "RETURN_CNT": 1, "RETURN_NUM": 1 }, "geometry": { "type": "Point", "coordinates": [ -0.9782124, 51.5971934 ] } },
{ "type": "Feature", "properties": { "LAYER": "Created, never classified", "ELEVATION": 0, "RETURN_CNT": 1, "RETURN_NUM": 1 }, "geometry": { "type": "Point", "coordinates": [ -0.9781905, 51.5971761 ] } },
{ "type": "Feature", "properties": { "LAYER": "Created, never classified", "ELEVATION": 0, "RETURN_CNT": 1, "RETURN_NUM": 1 }, "geometry": { "type": "Point", "coordinates": [ -0.978113, 51.5971859 ] } },
{ "type": "Feature", "properties": { "LAYER": "Created, never classified", "ELEVATION": 0, "RETURN_CNT": 1, "RETURN_NUM": 1 }, "geometry": { "type": "Point", "coordinates": [ -0.9780135, 51.5971783 ] } },
{ "type": "Feature", "properties": { "LAYER": "Created, never classified", "ELEVATION": 0, "RETURN_CNT": 1, "RETURN_NUM": 1 }, "geometry": { "type": "Point", "coordinates": [ -0.9779306, 51.5971895 ] } },
{ "type": "Feature", "properties": { "LAYER": "Created, never classified", "ELEVATION": 0, "RETURN_CNT": 1, "RETURN_NUM": 1 }, "geometry": { "type": "Point", "coordinates": [ -0.9781708, 51.5971586 ] } },
{ "type": "Feature", "properties": { "LAYER": "Created, never classified", "ELEVATION": 0, "RETURN_CNT": 1, "RETURN_NUM": 1 }, "geometry": { "type": "Point", "coordinates": [ -0.9780919, 51.5971685 ] } },
{ "type": "Feature", "properties": { "LAYER": "Created, never classified", "ELEVATION": 0, "RETURN_CNT": 1, "RETURN_NUM": 1 }, "geometry": { "type": "Point", "coordinates": [ -0.9779929, 51.5971606 ] } },
{ "type": "Feature", "properties": { "LAYER": "Created, never classified", "ELEVATION": 0, "RETURN_CNT": 1, "RETURN_NUM": 1 }, "geometry": { "type": "Point", "coordinates": [ -0.9782473, 51.5971488 ] } },
{ "type": "Feature", "properties": { "LAYER": "Created, never classified", "ELEVATION": 0, "RETURN_CNT": 1, "RETURN_NUM": 1 }, "geometry": { "type": "Point", "coordinates": [ -0.9782267, 51.5971324 ] } },
{ "type": "Feature", "properties": { "LAYER": "Created, never classified", "ELEVATION": 0, "RETURN_CNT": 1, "RETURN_NUM": 1 }, "geometry": { "type": "Point", "coordinates": [ -0.9780505, 51.5971333 ] } },
{ "type": "Feature", "properties": { "LAYER": "Created, never classified", "ELEVATION": 0, "RETURN_CNT": 1, "RETURN_NUM": 1 }, "geometry": { "type": "Point", "coordinates": [ -0.9782067, 51.5971145 ] } },
{ "type": "Feature", "properties": { "LAYER": "Created, never classified", "ELEVATION": 0, "RETURN_CNT": 1, "RETURN_NUM": 1 }, "geometry": { "type": "Point", "coordinates": [ -0.9781283, 51.597124 ] } },
{ "type": "Feature", "properties": { "LAYER": "Created, never classified", "ELEVATION": 0, "RETURN_CNT": 1, "RETURN_NUM": 1 }, "geometry": { "type": "Point", "coordinates": [ -0.978107, 51.5971066 ] } },
{ "type": "Feature", "properties": { "LAYER": "Created, never classified", "ELEVATION": 0, "RETURN_CNT": 1, "RETURN_NUM": 1 }, "geometry": { "type": "Point", "coordinates": [ -0.9780309, 51.5971166 ] } },
{ "type": "Feature", "properties": { "LAYER": "Created, never classified", "ELEVATION": 0, "RETURN_CNT": 1, "RETURN_NUM": 1 }, "geometry": { "type": "Point", "coordinates": [ -0.9781871, 51.5970965 ] } },
{ "type": "Feature", "properties": { "LAYER": "Created, never classified", "ELEVATION": 0, "RETURN_CNT": 1, "RETURN_NUM": 1 }, "geometry": { "type": "Point", "coordinates": [ -0.9780866, 51.5970902 ] } },
{ "type": "Feature", "properties": { "LAYER": "Created, never classified", "ELEVATION": 0, "RETURN_CNT": 1, "RETURN_NUM": 1 }, "geometry": { "type": "Point", "coordinates": [ -0.9779873, 51.5970826 ] } },
{ "type": "Feature", "properties": { "LAYER": "Created, never classified", "ELEVATION": 0, "RETURN_CNT": 1, "RETURN_NUM": 1 }, "geometry": { "type": "Point", "coordinates": [ -0.978242, 51.5970704 ] } },
{ "type": "Feature", "properties": { "LAYER": "Created, never classified", "ELEVATION": 0, "RETURN_CNT": 1, "RETURN_NUM": 1 }, "geometry": { "type": "Point", "coordinates": [ -0.9781447, 51.5970629 ] } },
{ "type": "Feature", "properties": { "LAYER": "Created, never classified", "ELEVATION": 0, "RETURN_CNT": 1, "RETURN_NUM": 1 }, "geometry": { "type": "Point", "coordinates": [ -0.9780667, 51.5970725 ] } },
{ "type": "Feature", "properties": { "LAYER": "Created, never classified", "ELEVATION": 0, "RETURN_CNT": 1, "RETURN_NUM": 1 }, "geometry": { "type": "Point", "coordinates": [ -0.9782221, 51.5970527 ] } },
{ "type": "Feature", "properties": { "LAYER": "Created, never classified", "ELEVATION": 0, "RETURN_CNT": 1, "RETURN_NUM": 1 }, "geometry": { "type": "Point", "coordinates": [ -0.9780248, 51.5970384 ] } },
{ "type": "Feature", "properties": { "LAYER": "Created, never classified", "ELEVATION": 0, "RETURN_CNT": 1, "RETURN_NUM": 1 }, "geometry": { "type": "Point", "coordinates": [ -0.9782015, 51.5970365 ] } },
{ "type": "Feature", "properties": { "LAYER": "Created, never classified", "ELEVATION": 0, "RETURN_CNT": 1, "RETURN_NUM": 1 }, "geometry": { "type": "Point", "coordinates": [ -0.9782393, 51.596992 ] } },
{ "type": "Feature", "properties": { "LAYER": "Created, never classified", "ELEVATION": 0, "RETURN_CNT": 1, "RETURN_NUM": 1 }, "geometry": { "type": "Point", "coordinates": [ -0.9779601, 51.5969871 ] } },
{ "type": "Feature", "properties": { "LAYER": "Created, never classified", "ELEVATION": 0, "RETURN_CNT": 1, "RETURN_NUM": 1 }, "geometry": { "type": "Point", "coordinates": [ -0.978118, 51.5969678 ] } },
{ "type": "Feature", "properties": { "LAYER": "Created, never classified", "ELEVATION": 0, "RETURN_CNT": 1, "RETURN_NUM": 1 }, "geometry": { "type": "Point", "coordinates": [ -0.9780407, 51.5969769 ] } },
{ "type": "Feature", "properties": { "LAYER": "Created, never classified", "ELEVATION": 0, "RETURN_CNT": 1, "RETURN_NUM": 1 }, "geometry": { "type": "Point", "coordinates": [ -0.9781975, 51.5969577 ] } },
{ "type": "Feature", "properties": { "LAYER": "Created, never classified", "ELEVATION": 0, "RETURN_CNT": 1, "RETURN_NUM": 1 }, "geometry": { "type": "Point", "coordinates": [ -0.9780971, 51.5969504 ] } },
{ "type": "Feature", "properties": { "LAYER": "Created, never classified", "ELEVATION": 0, "RETURN_CNT": 1, "RETURN_NUM": 1 }, "geometry": { "type": "Point", "coordinates": [ -0.9779983, 51.5969423 ] } },
{ "type": "Feature", "properties": { "LAYER": "Created, never classified", "ELEVATION": 0, "RETURN_CNT": 1, "RETURN_NUM": 1 }, "geometry": { "type": "Point", "coordinates": [ -0.978177, 51.5969402 ] } },
{ "type": "Feature", "properties": { "LAYER": "Created, never classified", "ELEVATION": 0, "RETURN_CNT": 1, "RETURN_NUM": 1 }, "geometry": { "type": "Point", "coordinates": [ -0.9779771, 51.5969256 ] } },
{ "type": "Feature", "properties": { "LAYER": "Created, never classified", "ELEVATION": 0, "RETURN_CNT": 1, "RETURN_NUM": 1 }, "geometry": { "type": "Point", "coordinates": [ -0.9780542, 51.5969164 ] } },
{ "type": "Feature", "properties": { "LAYER": "Created, never classified", "ELEVATION": 0, "RETURN_CNT": 1, "RETURN_NUM": 1 }, "geometry": { "type": "Point", "coordinates": [ -0.9779565, 51.596908 ] } },
{ "type": "Feature", "properties": { "LAYER": "Created, never classified", "ELEVATION": 0, "RETURN_CNT": 1, "RETURN_NUM": 1 }, "geometry": { "type": "Point", "coordinates": [ -0.9782125, 51.596896 ] } },
{ "type": "Feature", "properties": { "LAYER": "Created, never classified", "ELEVATION": 0, "RETURN_CNT": 1, "RETURN_NUM": 1 }, "geometry": { "type": "Point", "coordinates": [ -0.9781916, 51.5968787 ] } },
{ "type": "Feature", "properties": { "LAYER": "Created, never classified", "ELEVATION": 0, "RETURN_CNT": 1, "RETURN_NUM": 1 }, "geometry": { "type": "Point", "coordinates": [ -0.9780136, 51.5968816 ] } },
{ "type": "Feature", "properties": { "LAYER": "Created, never classified", "ELEVATION": 0, "RETURN_CNT": 1, "RETURN_NUM": 1 }, "geometry": { "type": "Point", "coordinates": [ -0.9782709, 51.596869 ] } },
{ "type": "Feature", "properties": { "LAYER": "Created, never classified", "ELEVATION": 0, "RETURN_CNT": 1, "RETURN_NUM": 1 }, "geometry": { "type": "Point", "coordinates": [ -0.9780913, 51.5968718 ] } },
{ "type": "Feature", "properties": { "LAYER": "Created, never classified", "ELEVATION": 0, "RETURN_CNT": 1, "RETURN_NUM": 1 }, "geometry": { "type": "Point", "coordinates": [ -0.9780737, 51.596854 ] } },
{ "type": "Feature", "properties": { "LAYER": "Created, never classified", "ELEVATION": 0, "RETURN_CNT": 1, "RETURN_NUM": 1 }, "geometry": { "type": "Point", "coordinates": [ -0.9782288, 51.5968348 ] } },
{ "type": "Feature", "properties": { "LAYER": "Created, never classified", "ELEVATION": 0, "RETURN_CNT": 1, "RETURN_NUM": 1 }, "geometry": { "type": "Point", "coordinates": [ -0.9781511, 51.596844 ] } },
{ "type": "Feature", "properties": { "LAYER": "Created, never classified", "ELEVATION": 0, "RETURN_CNT": 1, "RETURN_NUM": 1 }, "geometry": { "type": "Point", "coordinates": [ -0.9780502, 51.5968369 ] } },
{ "type": "Feature", "properties": { "LAYER": "Created, never classified", "ELEVATION": 0, "RETURN_CNT": 1, "RETURN_NUM": 1 }, "geometry": { "type": "Point", "coordinates": [ -0.9779518, 51.5968293 ] } },
{ "type": "Feature", "properties": { "LAYER": "Created, never classified", "ELEVATION": 0, "RETURN_CNT": 1, "RETURN_NUM": 1 }, "geometry": { "type": "Point", "coordinates": [ -0.9781096, 51.5968092 ] } },
{ "type": "Feature", "properties": { "LAYER": "Created, never classified", "ELEVATION": 0, "RETURN_CNT": 1, "RETURN_NUM": 1 }, "geometry": { "type": "Point", "coordinates": [ -0.9780302, 51.5968195 ] } },
{ "type": "Feature", "properties": { "LAYER": "Created, never classified", "ELEVATION": 0, "RETURN_CNT": 1, "RETURN_NUM": 1 }, "geometry": { "type": "Point", "coordinates": [ -0.9782671, 51.5967902 ] } },
{ "type": "Feature", "properties": { "LAYER": "Created, never classified", "ELEVATION": 0, "RETURN_CNT": 1, "RETURN_NUM": 1 }, "geometry": { "type": "Point", "coordinates": [ -0.9781895, 51.5967994 ] } },
{ "type": "Feature", "properties": { "LAYER": "Created, never classified", "ELEVATION": 0, "RETURN_CNT": 1, "RETURN_NUM": 1 }, "geometry": { "type": "Point", "coordinates": [ -0.9780873, 51.5967926 ] } },
{ "type": "Feature", "properties": { "LAYER": "Created, never classified", "ELEVATION": 0, "RETURN_CNT": 1, "RETURN_NUM": 1 }, "geometry": { "type": "Point", "coordinates": [ -0.9782461, 51.5967725 ] } },
{ "type": "Feature", "properties": { "LAYER": "Created, never classified", "ELEVATION": 0, "RETURN_CNT": 1, "RETURN_NUM": 1 }, "geometry": { "type": "Point", "coordinates": [ -0.9781664, 51.5967828 ] } },
{ "type": "Feature", "properties": { "LAYER": "Created, never classified", "ELEVATION": 0, "RETURN_CNT": 1, "RETURN_NUM": 1 }, "geometry": { "type": "Point", "coordinates": [ -0.9781461, 51.5967658 ] } },
{ "type": "Feature", "properties": { "LAYER": "Created, never classified", "ELEVATION": 0, "RETURN_CNT": 1, "RETURN_NUM": 1 }, "geometry": { "type": "Point", "coordinates": [ -0.9782241, 51.5967556 ] } },
{ "type": "Feature", "properties": { "LAYER": "Created, never classified", "ELEVATION": 0, "RETURN_CNT": 1, "RETURN_NUM": 1 }, "geometry": { "type": "Point", "coordinates": [ -0.9782037, 51.596739 ] } },
{ "type": "Feature", "properties": { "LAYER": "Created, never classified", "ELEVATION": 0, "RETURN_CNT": 1, "RETURN_NUM": 1 }, "geometry": { "type": "Point", "coordinates": [ -0.9781257, 51.5967495 ] } },
{ "type": "Feature", "properties": { "LAYER": "Created, never classified", "ELEVATION": 0, "RETURN_CNT": 1, "RETURN_NUM": 1 }, "geometry": { "type": "Point", "coordinates": [ -0.9780478, 51.5967575 ] } },
{ "type": "Feature", "properties": { "LAYER": "Created, never classified", "ELEVATION": 0, "RETURN_CNT": 1, "RETURN_NUM": 1 }, "geometry": { "type": "Point", "coordinates": [ -0.9780259, 51.5967409 ] } },
{ "type": "Feature", "properties": { "LAYER": "Created, never classified", "ELEVATION": 0, "RETURN_CNT": 1, "RETURN_NUM": 1 }, "geometry": { "type": "Point", "coordinates": [ -0.9781834, 51.5967219 ] } },
{ "type": "Feature", "properties": { "LAYER": "Created, never classified", "ELEVATION": 0, "RETURN_CNT": 1, "RETURN_NUM": 1 }, "geometry": { "type": "Point", "coordinates": [ -0.9781049, 51.5967309 ] } },
{ "type": "Feature", "properties": { "LAYER": "Created, never classified", "ELEVATION": 0, "RETURN_CNT": 1, "RETURN_NUM": 1 }, "geometry": { "type": "Point", "coordinates": [ -0.9780056, 51.5967232 ] } },
{ "type": "Feature", "properties": { "LAYER": "Created, never classified", "ELEVATION": 0, "RETURN_CNT": 1, "RETURN_NUM": 1 }, "geometry": { "type": "Point", "coordinates": [ -0.9782633, 51.5967116 ] } },
{ "type": "Feature", "properties": { "LAYER": "Created, never classified", "ELEVATION": 0, "RETURN_CNT": 1, "RETURN_NUM": 1 }, "geometry": { "type": "Point", "coordinates": [ -0.9782428, 51.5966942 ] } },
{ "type": "Feature", "properties": { "LAYER": "Created, never classified", "ELEVATION": 0, "RETURN_CNT": 1, "RETURN_NUM": 1 }, "geometry": { "type": "Point", "coordinates": [ -0.9781631, 51.5967043 ] } },
{ "type": "Feature", "properties": { "LAYER": "Created, never classified", "ELEVATION": 0, "RETURN_CNT": 1, "RETURN_NUM": 1 }, "geometry": { "type": "Point", "coordinates": [ -0.9780643, 51.596696 ] } },
{ "type": "Feature", "properties": { "LAYER": "Created, never classified", "ELEVATION": 0, "RETURN_CNT": 1, "RETURN_NUM": 1 }, "geometry": { "type": "Point", "coordinates": [ -0.9779844, 51.5967061 ] } },
{ "type": "Feature", "properties": { "LAYER": "Created, never classified", "ELEVATION": 0, "RETURN_CNT": 1, "RETURN_NUM": 1 }, "geometry": { "type": "Point", "coordinates": [ -0.9782187, 51.5966777 ] } },
{ "type": "Feature", "properties": { "LAYER": "Created, never classified", "ELEVATION": 0, "RETURN_CNT": 1, "RETURN_NUM": 1 }, "geometry": { "type": "Point", "coordinates": [ -0.9781206, 51.596669 ] } },
{ "type": "Feature", "properties": { "LAYER": "Created, never classified", "ELEVATION": 0, "RETURN_CNT": 1, "RETURN_NUM": 1 }, "geometry": { "type": "Point", "coordinates": [ -0.9782774, 51.5966496 ] } },
{ "type": "Feature", "properties": { "LAYER": "Created, never classified", "ELEVATION": 0, "RETURN_CNT": 1, "RETURN_NUM": 1 }, "geometry": { "type": "Point", "coordinates": [ -0.9780985, 51.5966533 ] } },
{ "type": "Feature", "properties": { "LAYER": "Created, never classified", "ELEVATION": 0, "RETURN_CNT": 1, "RETURN_NUM": 1 }, "geometry": { "type": "Point", "coordinates": [ -0.9779998, 51.5966454 ] } },
{ "type": "Feature", "properties": { "LAYER": "Created, never classified", "ELEVATION": 0, "RETURN_CNT": 1, "RETURN_NUM": 1 }, "geometry": { "type": "Point", "coordinates": [ -0.9782585, 51.5966327 ] } },
{ "type": "Feature", "properties": { "LAYER": "Created, never classified", "ELEVATION": 0, "RETURN_CNT": 1, "RETURN_NUM": 1 }, "geometry": { "type": "Point", "coordinates": [ -0.9781794, 51.596642 ] } },
{ "type": "Feature", "properties": { "LAYER": "Created, never classified", "ELEVATION": 0, "RETURN_CNT": 1, "RETURN_NUM": 1 }, "geometry": { "type": "Point", "coordinates": [ -0.9781587, 51.5966248 ] } },
{ "type": "Feature", "properties": { "LAYER": "Created, never classified", "ELEVATION": 0, "RETURN_CNT": 1, "RETURN_NUM": 1 }, "geometry": { "type": "Point", "coordinates": [ -0.9779794, 51.5966275 ] } },
{ "type": "Feature", "properties": { "LAYER": "Created, never classified", "ELEVATION": 0, "RETURN_CNT": 1, "RETURN_NUM": 1 }, "geometry": { "type": "Point", "coordinates": [ -0.9781372, 51.5966078 ] } },
{ "type": "Feature", "properties": { "LAYER": "Created, never classified", "ELEVATION": 0, "RETURN_CNT": 1, "RETURN_NUM": 1 }, "geometry": { "type": "Point", "coordinates": [ -0.9780372, 51.5966004 ] } },
{ "type": "Feature", "properties": { "LAYER": "Created, never classified", "ELEVATION": 0, "RETURN_CNT": 1, "RETURN_NUM": 1 }, "geometry": { "type": "Point", "coordinates": [ -0.978215, 51.5965987 ] } },
{ "type": "Feature", "properties": { "LAYER": "Created, never classified", "ELEVATION": 0, "RETURN_CNT": 1, "RETURN_NUM": 1 }, "geometry": { "type": "Point", "coordinates": [ -0.9781944, 51.5965814 ] } },
{ "type": "Feature", "properties": { "LAYER": "Created, never classified", "ELEVATION": 0, "RETURN_CNT": 1, "RETURN_NUM": 1 }, "geometry": { "type": "Point", "coordinates": [ -0.9780183, 51.5965824 ] } },
{ "type": "Feature", "properties": { "LAYER": "Created, never classified", "ELEVATION": 0, "RETURN_CNT": 1, "RETURN_NUM": 1 }, "geometry": { "type": "Point", "coordinates": [ -0.978273, 51.5965715 ] } },
{ "type": "Feature", "properties": { "LAYER": "Created, never classified", "ELEVATION": 0, "RETURN_CNT": 1, "RETURN_NUM": 1 }, "geometry": { "type": "Point", "coordinates": [ -0.9780967, 51.5965728 ] } },
{ "type": "Feature", "properties": { "LAYER": "Created, never classified", "ELEVATION": 0, "RETURN_CNT": 1, "RETURN_NUM": 1 }, "geometry": { "type": "Point", "coordinates": [ -0.9779966, 51.5965655 ] } },
{ "type": "Feature", "properties": { "LAYER": "Created, never classified", "ELEVATION": 0, "RETURN_CNT": 1, "RETURN_NUM": 1 }, "geometry": { "type": "Point", "coordinates": [ -0.9779744, 51.596548 ] } },
{ "type": "Feature", "properties": { "LAYER": "Created, never classified", "ELEVATION": 0, "RETURN_CNT": 1, "RETURN_NUM": 1 }, "geometry": { "type": "Point", "coordinates": [ -0.9782157, 51.5965168 ] } },
{ "type": "Feature", "properties": { "LAYER": "Created, never classified", "ELEVATION": 0, "RETURN_CNT": 1, "RETURN_NUM": 1 }, "geometry": { "type": "Point", "coordinates": [ -0.9780329, 51.5965212 ] } },
{ "type": "Feature", "properties": { "LAYER": "Created, never classified", "ELEVATION": 0, "RETURN_CNT": 1, "RETURN_NUM": 1 }, "geometry": { "type": "Point", "coordinates": [ -0.9782683, 51.5964918 ] } },
{ "type": "Feature", "properties": { "LAYER": "Created, never classified", "ELEVATION": 0, "RETURN_CNT": 1, "RETURN_NUM": 1 }, "geometry": { "type": "Point", "coordinates": [ -0.9780696, 51.5964774 ] } },
{ "type": "Feature", "properties": { "LAYER": "Created, never classified", "ELEVATION": 0, "RETURN_CNT": 1, "RETURN_NUM": 1 }, "geometry": { "type": "Point", "coordinates": [ -0.9779706, 51.5964699 ] } },
{ "type": "Feature", "properties": { "LAYER": "Created, never classified", "ELEVATION": 0, "RETURN_CNT": 1, "RETURN_NUM": 1 }, "geometry": { "type": "Point", "coordinates": [ -0.9781851, 51.5964234 ] } },
{ "type": "Feature", "properties": { "LAYER": "Created, never classified", "ELEVATION": 0, "RETURN_CNT": 1, "RETURN_NUM": 1 }, "geometry": { "type": "Point", "coordinates": [ -0.9780842, 51.596416 ] } },
{ "type": "Feature", "properties": { "LAYER": "Created, never classified", "ELEVATION": 0, "RETURN_CNT": 1, "RETURN_NUM": 1 }, "geometry": { "type": "Point", "coordinates": [ -0.978007, 51.596425 ] } },
{ "type": "Feature", "properties": { "LAYER": "Created, never classified", "ELEVATION": 0, "RETURN_CNT": 1, "RETURN_NUM": 1 }, "geometry": { "type": "Point", "coordinates": [ -0.9779644, 51.5963915 ] } },
{ "type": "Feature", "properties": { "LAYER": "Created, never classified", "ELEVATION": 0, "RETURN_CNT": 1, "RETURN_NUM": 1 }, "geometry": { "type": "Point", "coordinates": [ -0.9781436, 51.5963884 ] } },
{ "type": "Feature", "properties": { "LAYER": "Created, never classified", "ELEVATION": 0, "RETURN_CNT": 1, "RETURN_NUM": 1 }, "geometry": { "type": "Point", "coordinates": [ -0.9780433, 51.5963817 ] } },
{ "type": "Feature", "properties": { "LAYER": "Created, never classified", "ELEVATION": 0, "RETURN_CNT": 1, "RETURN_NUM": 1 }, "geometry": { "type": "Point", "coordinates": [ -0.9782004, 51.5963618 ] } },
{ "type": "Feature", "properties": { "LAYER": "Created, never classified", "ELEVATION": 0, "RETURN_CNT": 1, "RETURN_NUM": 1 }, "geometry": { "type": "Point", "coordinates": [ -0.9781008, 51.5963543 ] } },
{ "type": "Feature", "properties": { "LAYER": "Created, never classified", "ELEVATION": 0, "RETURN_CNT": 1, "RETURN_NUM": 1 }, "geometry": { "type": "Point", "coordinates": [ -0.9780219, 51.5963647 ] } },
{ "type": "Feature", "properties": { "LAYER": "Created, never classified", "ELEVATION": 0, "RETURN_CNT": 1, "RETURN_NUM": 1 }, "geometry": { "type": "Point", "coordinates": [ -0.9779997, 51.5963476 ] } },
{ "type": "Feature", "properties": { "LAYER": "Created, never classified", "ELEVATION": 0, "RETURN_CNT": 1, "RETURN_NUM": 1 }, "geometry": { "type": "Point", "coordinates": [ -0.9782576, 51.5963352 ] } },
{ "type": "Feature", "properties": { "LAYER": "Created, never classified", "ELEVATION": 0, "RETURN_CNT": 1, "RETURN_NUM": 1 }, "geometry": { "type": "Point", "coordinates": [ -0.9781784, 51.5963444 ] } },
{ "type": "Feature", "properties": { "LAYER": "Created, never classified", "ELEVATION": 0, "RETURN_CNT": 1, "RETURN_NUM": 1 }, "geometry": { "type": "Point", "coordinates": [ -0.9780591, 51.5963203 ] } },
{ "type": "Feature", "properties": { "LAYER": "Created, never classified", "ELEVATION": 0, "RETURN_CNT": 1, "RETURN_NUM": 1 }, "geometry": { "type": "Point", "coordinates": [ -0.9779802, 51.5963295 ] } },
{ "type": "Feature", "properties": { "LAYER": "Created, never classified", "ELEVATION": 0, "RETURN_CNT": 1, "RETURN_NUM": 1 }, "geometry": { "type": "Point", "coordinates": [ -0.9782154, 51.5963001 ] } },
{ "type": "Feature", "properties": { "LAYER": "Created, never classified", "ELEVATION": 0, "RETURN_CNT": 1, "RETURN_NUM": 1 }, "geometry": { "type": "Point", "coordinates": [ -0.9781361, 51.5963102 ] } },
{ "type": "Feature", "properties": { "LAYER": "Created, never classified", "ELEVATION": 0, "RETURN_CNT": 1, "RETURN_NUM": 1 }, "geometry": { "type": "Point", "coordinates": [ -0.9780379, 51.5963022 ] } },
{ "type": "Feature", "properties": { "LAYER": "Created, never classified", "ELEVATION": 0, "RETURN_CNT": 1, "RETURN_NUM": 1 }, "geometry": { "type": "Point", "coordinates": [ -0.977896, 51.5972339 ] } },
{ "type": "Feature", "properties": { "LAYER": "Created, never classified", "ELEVATION": 0, "RETURN_CNT": 1, "RETURN_NUM": 1 }, "geometry": { "type": "Point", "coordinates": [ -0.9778486, 51.59723 ] } },
{ "type": "Feature", "properties": { "LAYER": "Created, never classified", "ELEVATION": 0, "RETURN_CNT": 1, "RETURN_NUM": 1 }, "geometry": { "type": "Point", "coordinates": [ -0.9777949, 51.5972277 ] } },
{ "type": "Feature", "properties": { "LAYER": "Created, never classified", "ELEVATION": 0, "RETURN_CNT": 1, "RETURN_NUM": 1 }, "geometry": { "type": "Point", "coordinates": [ -0.9777463, 51.5972231 ] } },
{ "type": "Feature", "properties": { "LAYER": "Created, never classified", "ELEVATION": 0, "RETURN_CNT": 1, "RETURN_NUM": 1 }, "geometry": { "type": "Point", "coordinates": [ -0.9776933, 51.5972202 ] } },
{ "type": "Feature", "properties": { "LAYER": "Created, never classified", "ELEVATION": 0, "RETURN_CNT": 1, "RETURN_NUM": 1 }, "geometry": { "type": "Point", "coordinates": [ -0.9776455, 51.5972171 ] } },
{ "type": "Feature", "properties": { "LAYER": "Created, never classified", "ELEVATION": 0, "RETURN_CNT": 1, "RETURN_NUM": 1 }, "geometry": { "type": "Point", "coordinates": [ -0.9775931, 51.5972134 ] } },
{ "type": "Feature", "properties": { "LAYER": "Created, never classified", "ELEVATION": 0, "RETURN_CNT": 1, "RETURN_NUM": 1 }, "geometry": { "type": "Point", "coordinates": [ -0.9778542, 51.5971991 ] } },
{ "type": "Feature", "properties": { "LAYER": "Created, never classified", "ELEVATION": 0, "RETURN_CNT": 1, "RETURN_NUM": 1 }, "geometry": { "type": "Point", "coordinates": [ -0.9777361, 51.5971733 ] } },
{ "type": "Feature", "properties": { "LAYER": "Created, never classified", "ELEVATION": 0, "RETURN_CNT": 1, "RETURN_NUM": 1 }, "geometry": { "type": "Point", "coordinates": [ -0.9778921, 51.5971546 ] } },
{ "type": "Feature", "properties": { "LAYER": "Created, never classified", "ELEVATION": 0, "RETURN_CNT": 1, "RETURN_NUM": 1 }, "geometry": { "type": "Point", "coordinates": [ -0.9778126, 51.5971642 ] } },
{ "type": "Feature", "properties": { "LAYER": "Created, never classified", "ELEVATION": 0, "RETURN_CNT": 1, "RETURN_NUM": 1 }, "geometry": { "type": "Point", "coordinates": [ -0.9776731, 51.5971215 ] } },
{ "type": "Feature", "properties": { "LAYER": "Created, never classified", "ELEVATION": 0, "RETURN_CNT": 1, "RETURN_NUM": 1 }, "geometry": { "type": "Point", "coordinates": [ -0.977595, 51.5971313 ] } },
{ "type": "Feature", "properties": { "LAYER": "Created, never classified", "ELEVATION": 0, "RETURN_CNT": 1, "RETURN_NUM": 1 }, "geometry": { "type": "Point", "coordinates": [ -0.97785, 51.5971204 ] } },
{ "type": "Feature", "properties": { "LAYER": "Created, never classified", "ELEVATION": 0, "RETURN_CNT": 1, "RETURN_NUM": 1 }, "geometry": { "type": "Point", "coordinates": [ -0.9777506, 51.5971124 ] } },
{ "type": "Feature", "properties": { "LAYER": "Created, never classified", "ELEVATION": 0, "RETURN_CNT": 1, "RETURN_NUM": 1 }, "geometry": { "type": "Point", "coordinates": [ -0.9776531, 51.5971039 ] } },
{ "type": "Feature", "properties": { "LAYER": "Created, never classified", "ELEVATION": 0, "RETURN_CNT": 1, "RETURN_NUM": 1 }, "geometry": { "type": "Point", "coordinates": [ -0.9779095, 51.5970925 ] } },
{ "type": "Feature", "properties": { "LAYER": "Created, never classified", "ELEVATION": 0, "RETURN_CNT": 1, "RETURN_NUM": 1 }, "geometry": { "type": "Point", "coordinates": [ -0.9778089, 51.5970855 ] } },
{ "type": "Feature", "properties": { "LAYER": "Created, never classified", "ELEVATION": 0, "RETURN_CNT": 1, "RETURN_NUM": 1 }, "geometry": { "type": "Point", "coordinates": [ -0.9777303, 51.5970951 ] } },
{ "type": "Feature", "properties": { "LAYER": "Created, never classified", "ELEVATION": 0, "RETURN_CNT": 1, "RETURN_NUM": 1 }, "geometry": { "type": "Point", "coordinates": [ -0.9777092, 51.5970772 ] } },
{ "type": "Feature", "properties": { "LAYER": "Created, never classified", "ELEVATION": 0, "RETURN_CNT": 1, "RETURN_NUM": 1 }, "geometry": { "type": "Point", "coordinates": [ -0.9776306, 51.5970879 ] } },
{ "type": "Feature", "properties": { "LAYER": "Created, never classified", "ELEVATION": 0, "RETURN_CNT": 1, "RETURN_NUM": 1 }, "geometry": { "type": "Point", "coordinates": [ -0.9778673, 51.5970579 ] } },
{ "type": "Feature", "properties": { "LAYER": "Created, never classified", "ELEVATION": 0, "RETURN_CNT": 1, "RETURN_NUM": 1 }, "geometry": { "type": "Point", "coordinates": [ -0.9776885, 51.5970602 ] } },
{ "type": "Feature", "properties": { "LAYER": "Created, never classified", "ELEVATION": 0, "RETURN_CNT": 1, "RETURN_NUM": 1 }, "geometry": { "type": "Point", "coordinates": [ -0.9776113, 51.5970696 ] } },
{ "type": "Feature", "properties": { "LAYER": "Created, never classified", "ELEVATION": 0, "RETURN_CNT": 1, "RETURN_NUM": 1 }, "geometry": { "type": "Point", "coordinates": [ -0.9775912, 51.5970521 ] } },
{ "type": "Feature", "properties": { "LAYER": "Created, never classified", "ELEVATION": 0, "RETURN_CNT": 1, "RETURN_NUM": 1 }, "geometry": { "type": "Point", "coordinates": [ -0.9778452, 51.5970409 ] } },
{ "type": "Feature", "properties": { "LAYER": "Created, never classified", "ELEVATION": 0, "RETURN_CNT": 1, "RETURN_NUM": 1 }, "geometry": { "type": "Point", "coordinates": [ -0.9777464, 51.5970331 ] } },
{ "type": "Feature", "properties": { "LAYER": "Created, never classified", "ELEVATION": 0, "RETURN_CNT": 1, "RETURN_NUM": 1 }, "geometry": { "type": "Point", "coordinates": [ -0.9779257, 51.5970305 ] } },
{ "type": "Feature", "properties": { "LAYER": "Created, never classified", "ELEVATION": 0, "RETURN_CNT": 1, "RETURN_NUM": 1 }, "geometry": { "type": "Point", "coordinates": [ -0.9778262, 51.5970231 ] } },
{ "type": "Feature", "properties": { "LAYER": "Created, never classified", "ELEVATION": 0, "RETURN_CNT": 1, "RETURN_NUM": 1 }, "geometry": { "type": "Point", "coordinates": [ -0.9776266, 51.5970083 ] } },
{ "type": "Feature", "properties": { "LAYER": "Created, never classified", "ELEVATION": 0, "RETURN_CNT": 1, "RETURN_NUM": 1 }, "geometry": { "type": "Point", "coordinates": [ -0.9778836, 51.5969965 ] } },
{ "type": "Feature", "properties": { "LAYER": "Created, never classified", "ELEVATION": 0, "RETURN_CNT": 1, "RETURN_NUM": 1 }, "geometry": { "type": "Point", "coordinates": [ -0.9777843, 51.5969887 ] } },
{ "type": "Feature", "properties": { "LAYER": "Created, never classified", "ELEVATION": 0, "RETURN_CNT": 1, "RETURN_NUM": 1 }, "geometry": { "type": "Point", "coordinates": [ -0.9778618, 51.5969795 ] } },
{ "type": "Feature", "properties": { "LAYER": "Created, never classified", "ELEVATION": 0, "RETURN_CNT": 1, "RETURN_NUM": 1 }, "geometry": { "type": "Point", "coordinates": [ -0.9776843, 51.5969813 ] } },
{ "type": "Feature", "properties": { "LAYER": "Created, never classified", "ELEVATION": 0, "RETURN_CNT": 1, "RETURN_NUM": 1 }, "geometry": { "type": "Point", "coordinates": [ -0.9776635, 51.596965 ] } },
{ "type": "Feature", "properties": { "LAYER": "Created, never classified", "ELEVATION": 0, "RETURN_CNT": 1, "RETURN_NUM": 1 }, "geometry": { "type": "Point", "coordinates": [ -0.9779206, 51.5969521 ] } },
{ "type": "Feature", "properties": { "LAYER": "Created, never classified", "ELEVATION": 0, "RETURN_CNT": 1, "RETURN_NUM": 1 }, "geometry": { "type": "Point", "coordinates": [ -0.9777409, 51.596955 ] } },
{ "type": "Feature", "properties": { "LAYER": "Created, never classified", "ELEVATION": 0, "RETURN_CNT": 1, "RETURN_NUM": 1 }, "geometry": { "type": "Point", "coordinates": [ -0.9779006, 51.5969344 ] } },
{ "type": "Feature", "properties": { "LAYER": "Created, never classified", "ELEVATION": 0, "RETURN_CNT": 1, "RETURN_NUM": 1 }, "geometry": { "type": "Point", "coordinates": [ -0.9777994, 51.5969273 ] } },
{ "type": "Feature", "properties": { "LAYER": "Created, never classified", "ELEVATION": 0, "RETURN_CNT": 1, "RETURN_NUM": 1 }, "geometry": { "type": "Point", "coordinates": [ -0.9777016, 51.5969201 ] } },
{ "type": "Feature", "properties": { "LAYER": "Created, never classified", "ELEVATION": 0, "RETURN_CNT": 1, "RETURN_NUM": 1 }, "geometry": { "type": "Point", "coordinates": [ -0.9776211, 51.5969307 ] } },
{ "type": "Feature", "properties": { "LAYER": "Created, never classified", "ELEVATION": 0, "RETURN_CNT": 1, "RETURN_NUM": 1 }, "geometry": { "type": "Point", "coordinates": [ -0.9775999, 51.5969132 ] } },
{ "type": "Feature", "properties": { "LAYER": "Created, never classified", "ELEVATION": 0, "RETURN_CNT": 1, "RETURN_NUM": 1 }, "geometry": { "type": "Point", "coordinates": [ -0.9778554, 51.5969014 ] } },
{ "type": "Feature", "properties": { "LAYER": "Created, never classified", "ELEVATION": 0, "RETURN_CNT": 1, "RETURN_NUM": 1 }, "geometry": { "type": "Point", "coordinates": [ -0.9777797, 51.5969106 ] } },
{ "type": "Feature", "properties": { "LAYER": "Created, never classified", "ELEVATION": 0, "RETURN_CNT": 1, "RETURN_NUM": 1 }, "geometry": { "type": "Point", "coordinates": [ -0.9777581, 51.5968933 ] } },
{ "type": "Feature", "properties": { "LAYER": "Created, never classified", "ELEVATION": 0, "RETURN_CNT": 1, "RETURN_NUM": 1 }, "geometry": { "type": "Point", "coordinates": [ -0.9779348, 51.5968907 ] } },
{ "type": "Feature", "properties": { "LAYER": "Created, never classified", "ELEVATION": 0, "RETURN_CNT": 1, "RETURN_NUM": 1 }, "geometry": { "type": "Point", "coordinates": [ -0.977836, 51.5968831 ] } },
{ "type": "Feature", "properties": { "LAYER": "Created, never classified", "ELEVATION": 0, "RETURN_CNT": 1, "RETURN_NUM": 1 }, "geometry": { "type": "Point", "coordinates": [ -0.9776589, 51.5968859 ] } },
{ "type": "Feature", "properties": { "LAYER": "Created, never classified", "ELEVATION": 0, "RETURN_CNT": 1, "RETURN_NUM": 1 }, "geometry": { "type": "Point", "coordinates": [ -0.977636, 51.5968688 ] } },
{ "type": "Feature", "properties": { "LAYER": "Created, never classified", "ELEVATION": 0, "RETURN_CNT": 1, "RETURN_NUM": 1 }, "geometry": { "type": "Point", "coordinates": [ -0.9777942, 51.596849 ] } },
{ "type": "Feature", "properties": { "LAYER": "Created, never classified", "ELEVATION": 0, "RETURN_CNT": 1, "RETURN_NUM": 1 }, "geometry": { "type": "Point", "coordinates": [ -0.9778718, 51.5968395 ] } },
{ "type": "Feature", "properties": { "LAYER": "Created, never classified", "ELEVATION": 0, "RETURN_CNT": 1, "RETURN_NUM": 1 }, "geometry": { "type": "Point", "coordinates": [ -0.9777748, 51.5968318 ] } },
{ "type": "Feature", "properties": { "LAYER": "Created, never classified", "ELEVATION": 0, "RETURN_CNT": 1, "RETURN_NUM": 1 }, "geometry": { "type": "Point", "coordinates": [ -0.9778332, 51.5968043 ] } },
{ "type": "Feature", "properties": { "LAYER": "Created, never classified", "ELEVATION": 0, "RETURN_CNT": 1, "RETURN_NUM": 1 }, "geometry": { "type": "Point", "coordinates": [ -0.9777118, 51.5967798 ] } },
{ "type": "Feature", "properties": { "LAYER": "Created, never classified", "ELEVATION": 0, "RETURN_CNT": 1, "RETURN_NUM": 1 }, "geometry": { "type": "Point", "coordinates": [ -0.9778691, 51.5967601 ] } },
{ "type": "Feature", "properties": { "LAYER": "Created, never classified", "ELEVATION": 0, "RETURN_CNT": 1, "RETURN_NUM": 1 }, "geometry": { "type": "Point", "coordinates": [ -0.9776118, 51.5967726 ] } },
{ "type": "Feature", "properties": { "LAYER": "Created, never classified", "ELEVATION": 0, "RETURN_CNT": 1, "RETURN_NUM": 1 }, "geometry": { "type": "Point", "coordinates": [ -0.9776699, 51.5967457 ] } },
{ "type": "Feature", "properties": { "LAYER": "Created, never classified", "ELEVATION": 0, "RETURN_CNT": 1, "RETURN_NUM": 1 }, "geometry": { "type": "Point", "coordinates": [ -0.9777846, 51.5966914 ] } },
{ "type": "Feature", "properties": { "LAYER": "Created, never classified", "ELEVATION": 0, "RETURN_CNT": 1, "RETURN_NUM": 1 }, "geometry": { "type": "Point", "coordinates": [ -0.9776871, 51.5966836 ] } },
{ "type": "Feature", "properties": { "LAYER": "Created, never classified", "ELEVATION": 0, "RETURN_CNT": 1, "RETURN_NUM": 1 }, "geometry": { "type": "Point", "coordinates": [ -0.9779432, 51.5966717 ] } },
{ "type": "Feature", "properties": { "LAYER": "Created, never classified", "ELEVATION": 0, "RETURN_CNT": 1, "RETURN_NUM": 1 }, "geometry": { "type": "Point", "coordinates": [ -0.9777653, 51.5966744 ] } },
{ "type": "Feature", "properties": { "LAYER": "Created, never classified", "ELEVATION": 0, "RETURN_CNT": 1, "RETURN_NUM": 1 }, "geometry": { "type": "Point", "coordinates": [ -0.9778997, 51.5966376 ] } },
{ "type": "Feature", "properties": { "LAYER": "Created, never classified", "ELEVATION": 0, "RETURN_CNT": 1, "RETURN_NUM": 1 }, "geometry": { "type": "Point", "coordinates": [ -0.9778795, 51.5966204 ] } },
{ "type": "Feature", "properties": { "LAYER": "Created, never classified", "ELEVATION": 0, "RETURN_CNT": 1, "RETURN_NUM": 1 }, "geometry": { "type": "Point", "coordinates": [ -0.977702, 51.5966216 ] } },
{ "type": "Feature", "properties": { "LAYER": "Created, never classified", "ELEVATION": 0, "RETURN_CNT": 1, "RETURN_NUM": 1 }, "geometry": { "type": "Point", "coordinates": [ -0.977624, 51.5966319 ] } },
{ "type": "Feature", "properties": { "LAYER": "Created, never classified", "ELEVATION": 0, "RETURN_CNT": 1, "RETURN_NUM": 1 }, "geometry": { "type": "Point", "coordinates": [ -0.9777811, 51.5966123 ] } },
{ "type": "Feature", "properties": { "LAYER": "Created, never classified", "ELEVATION": 0, "RETURN_CNT": 1, "RETURN_NUM": 1 }, "geometry": { "type": "Point", "coordinates": [ -0.9779379, 51.5965934 ] } },
{ "type": "Feature", "properties": { "LAYER": "Created, never classified", "ELEVATION": 0, "RETURN_CNT": 1, "RETURN_NUM": 1 }, "geometry": { "type": "Point", "coordinates": [ -0.9779172, 51.5965752 ] } },
{ "type": "Feature", "properties": { "LAYER": "Created, never classified", "ELEVATION": 0, "RETURN_CNT": 1, "RETURN_NUM": 1 }, "geometry": { "type": "Point", "coordinates": [ -0.9778367, 51.5965857 ] } },
{ "type": "Feature", "properties": { "LAYER": "Created, never classified", "ELEVATION": 0, "RETURN_CNT": 1, "RETURN_NUM": 1 }, "geometry": { "type": "Point", "coordinates": [ -0.9777397, 51.5965782 ] } },
{ "type": "Feature", "properties": { "LAYER": "Created, never classified", "ELEVATION": 0, "RETURN_CNT": 1, "RETURN_NUM": 1 }, "geometry": { "type": "Point", "coordinates": [ -0.9776397, 51.5965699 ] } },
{ "type": "Feature", "properties": { "LAYER": "Created, never classified", "ELEVATION": 0, "RETURN_CNT": 1, "RETURN_NUM": 1 }, "geometry": { "type": "Point", "coordinates": [ -0.9778169, 51.596569 ] } },
{ "type": "Feature", "properties": { "LAYER": "Created, never classified", "ELEVATION": 0, "RETURN_CNT": 1, "RETURN_NUM": 1 }, "geometry": { "type": "Point", "coordinates": [ -0.9776193, 51.596554 ] } },
{ "type": "Feature", "properties": { "LAYER": "Created, never classified", "ELEVATION": 0, "RETURN_CNT": 1, "RETURN_NUM": 1 }, "geometry": { "type": "Point", "coordinates": [ -0.9778553, 51.5965242 ] } },
{ "type": "Feature", "properties": { "LAYER": "Created, never classified", "ELEVATION": 0, "RETURN_CNT": 1, "RETURN_NUM": 1 }, "geometry": { "type": "Point", "coordinates": [ -0.9778334, 51.5965062 ] } },
{ "type": "Feature", "properties": { "LAYER": "Created, never classified", "ELEVATION": 0, "RETURN_CNT": 1, "RETURN_NUM": 1 }, "geometry": { "type": "Point", "coordinates": [ -0.9777547, 51.5965164 ] } },
{ "type": "Feature", "properties": { "LAYER": "Created, never classified", "ELEVATION": 0, "RETURN_CNT": 1, "RETURN_NUM": 1 }, "geometry": { "type": "Point", "coordinates": [ -0.9777331, 51.5964996 ] } },
{ "type": "Feature", "properties": { "LAYER": "Created, never classified", "ELEVATION": 0, "RETURN_CNT": 1, "RETURN_NUM": 1 }, "geometry": { "type": "Point", "coordinates": [ -0.9776548, 51.5965095 ] } },
{ "type": "Feature", "properties": { "LAYER": "Created, never classified", "ELEVATION": 0, "RETURN_CNT": 1, "RETURN_NUM": 1 }, "geometry": { "type": "Point", "coordinates": [ -0.977912, 51.596497 ] } },
{ "type": "Feature", "properties": { "LAYER": "Created, never classified", "ELEVATION": 0, "RETURN_CNT": 1, "RETURN_NUM": 1 }, "geometry": { "type": "Point", "coordinates": [ -0.9778905, 51.5964795 ] } },
{ "type": "Feature", "properties": { "LAYER": "Created, never classified", "ELEVATION": 0, "RETURN_CNT": 1, "RETURN_NUM": 1 }, "geometry": { "type": "Point", "coordinates": [ -0.9778127, 51.5964894 ] } },
{ "type": "Feature", "properties": { "LAYER": "Created, never classified", "ELEVATION": 0, "RETURN_CNT": 1, "RETURN_NUM": 1 }, "geometry": { "type": "Point", "coordinates": [ -0.977712, 51.5964825 ] } },
{ "type": "Feature", "properties": { "LAYER": "Created, never classified", "ELEVATION": 0, "RETURN_CNT": 1, "RETURN_NUM": 1 }, "geometry": { "type": "Point", "coordinates": [ -0.977871, 51.5964625 ] } },
{ "type": "Feature", "properties": { "LAYER": "Created, never classified", "ELEVATION": 0, "RETURN_CNT": 1, "RETURN_NUM": 1 }, "geometry": { "type": "Point", "coordinates": [ -0.9777921, 51.5964723 ] } },
{ "type": "Feature", "properties": { "LAYER": "Created, never classified", "ELEVATION": 0, "RETURN_CNT": 1, "RETURN_NUM": 1 }, "geometry": { "type": "Point", "coordinates": [ -0.9776918, 51.5964648 ] } },
{ "type": "Feature", "properties": { "LAYER": "Created, never classified", "ELEVATION": 0, "RETURN_CNT": 1, "RETURN_NUM": 1 }, "geometry": { "type": "Point", "coordinates": [ -0.9779276, 51.5964352 ] } },
{ "type": "Feature", "properties": { "LAYER": "Created, never classified", "ELEVATION": 0, "RETURN_CNT": 1, "RETURN_NUM": 1 }, "geometry": { "type": "Point", "coordinates": [ -0.9778512, 51.5964447 ] } },
{ "type": "Feature", "properties": { "LAYER": "Created, never classified", "ELEVATION": 0, "RETURN_CNT": 1, "RETURN_NUM": 1 }, "geometry": { "type": "Point", "coordinates": [ -0.9776492, 51.5964308 ] } },
{ "type": "Feature", "properties": { "LAYER": "Created, never classified", "ELEVATION": 0, "RETURN_CNT": 1, "RETURN_NUM": 1 }, "geometry": { "type": "Point", "coordinates": [ -0.9779075, 51.5964186 ] } },
{ "type": "Feature", "properties": { "LAYER": "Created, never classified", "ELEVATION": 0, "RETURN_CNT": 1, "RETURN_NUM": 1 }, "geometry": { "type": "Point", "coordinates": [ -0.9778076, 51.5964108 ] } },
{ "type": "Feature", "properties": { "LAYER": "Created, never classified", "ELEVATION": 0, "RETURN_CNT": 1, "RETURN_NUM": 1 }, "geometry": { "type": "Point", "coordinates": [ -0.9777272, 51.5964212 ] } },
{ "type": "Feature", "properties": { "LAYER": "Created, never classified", "ELEVATION": 0, "RETURN_CNT": 1, "RETURN_NUM": 1 }, "geometry": { "type": "Point", "coordinates": [ -0.977886, 51.5964013 ] } },
{ "type": "Feature", "properties": { "LAYER": "Created, never classified", "ELEVATION": 0, "RETURN_CNT": 1, "RETURN_NUM": 1 }, "geometry": { "type": "Point", "coordinates": [ -0.9777869, 51.5963932 ] } },
{ "type": "Feature", "properties": { "LAYER": "Created, never classified", "ELEVATION": 0, "RETURN_CNT": 1, "RETURN_NUM": 1 }, "geometry": { "type": "Point", "coordinates": [ -0.9776866, 51.5963867 ] } },
{ "type": "Feature", "properties": { "LAYER": "Created, never classified", "ELEVATION": 0, "RETURN_CNT": 1, "RETURN_NUM": 1 }, "geometry": { "type": "Point", "coordinates": [ -0.9779434, 51.5963742 ] } },
{ "type": "Feature", "properties": { "LAYER": "Created, never classified", "ELEVATION": 0, "RETURN_CNT": 1, "RETURN_NUM": 1 }, "geometry": { "type": "Point", "coordinates": [ -0.9778653, 51.5963839 ] } },
{ "type": "Feature", "properties": { "LAYER": "Created, never classified", "ELEVATION": 0, "RETURN_CNT": 1, "RETURN_NUM": 1 }, "geometry": { "type": "Point", "coordinates": [ -0.9778448, 51.5963667 ] } },
{ "type": "Feature", "properties": { "LAYER": "Created, never classified", "ELEVATION": 0, "RETURN_CNT": 1, "RETURN_NUM": 1 }, "geometry": { "type": "Point", "coordinates": [ -0.9776658, 51.5963686 ] } },
{ "type": "Feature", "properties": { "LAYER": "Created, never classified", "ELEVATION": 0, "RETURN_CNT": 1, "RETURN_NUM": 1 }, "geometry": { "type": "Point", "coordinates": [ -0.9779225, 51.5963568 ] } },
{ "type": "Feature", "properties": { "LAYER": "Created, never classified", "ELEVATION": 0, "RETURN_CNT": 1, "RETURN_NUM": 1 }, "geometry": { "type": "Point", "coordinates": [ -0.9777457, 51.5963588 ] } },
{ "type": "Feature", "properties": { "LAYER": "Created, never classified", "ELEVATION": 0, "RETURN_CNT": 1, "RETURN_NUM": 1 }, "geometry": { "type": "Point", "coordinates": [ -0.9777239, 51.596342 ] } },
{ "type": "Feature", "properties": { "LAYER": "Created, never classified", "ELEVATION": 0, "RETURN_CNT": 1, "RETURN_NUM": 1 }, "geometry": { "type": "Point", "coordinates": [ -0.9776458, 51.5963515 ] } },
{ "type": "Feature", "properties": { "LAYER": "Created, never classified", "ELEVATION": 0, "RETURN_CNT": 1, "RETURN_NUM": 1 }, "geometry": { "type": "Point", "coordinates": [ -0.9779021, 51.5963395 ] } },
{ "type": "Feature", "properties": { "LAYER": "Created, never classified", "ELEVATION": 0, "RETURN_CNT": 1, "RETURN_NUM": 1 }, "geometry": { "type": "Point", "coordinates": [ -0.9778032, 51.5963322 ] } },
{ "type": "Feature", "properties": { "LAYER": "Created, never classified", "ELEVATION": 0, "RETURN_CNT": 1, "RETURN_NUM": 1 }, "geometry": { "type": "Point", "coordinates": [ -0.9779596, 51.5963125 ] } },
{ "type": "Feature", "properties": { "LAYER": "Created, never classified", "ELEVATION": 0, "RETURN_CNT": 1, "RETURN_NUM": 1 }, "geometry": { "type": "Point", "coordinates": [ -0.9778607, 51.5963057 ] } },
{ "type": "Feature", "properties": { "LAYER": "Created, never classified", "ELEVATION": 0, "RETURN_CNT": 1, "RETURN_NUM": 1 }, "geometry": { "type": "Point", "coordinates": [ -0.9777819, 51.596315 ] } },
{ "type": "Feature", "properties": { "LAYER": "Created, never classified", "ELEVATION": 0, "RETURN_CNT": 1, "RETURN_NUM": 1 }, "geometry": { "type": "Point", "coordinates": [ -0.977761, 51.5962976 ] } },
{ "type": "Feature", "properties": { "LAYER": "Created, never classified", "ELEVATION": 0, "RETURN_CNT": 1, "RETURN_NUM": 1 }, "geometry": { "type": "Point", "coordinates": [ -0.977683, 51.5963071 ] } },
{ "type": "Feature", "properties": { "LAYER": "Created, never classified", "ELEVATION": 0, "RETURN_CNT": 1, "RETURN_NUM": 1 }, "geometry": { "type": "Point", "coordinates": [ -0.9774409, 51.5972037 ] } },
{ "type": "Feature", "properties": { "LAYER": "Created, never classified", "ELEVATION": 0, "RETURN_CNT": 1, "RETURN_NUM": 1 }, "geometry": { "type": "Point", "coordinates": [ -0.9774067, 51.5971932 ] } },
{ "type": "Feature", "properties": { "LAYER": "Created, never classified", "ELEVATION": 0, "RETURN_CNT": 1, "RETURN_NUM": 1 }, "geometry": { "type": "Point", "coordinates": [ -0.9775578, 51.5971755 ] } },
{ "type": "Feature", "properties": { "LAYER": "Created, never classified", "ELEVATION": 0, "RETURN_CNT": 1, "RETURN_NUM": 1 }, "geometry": { "type": "Point", "coordinates": [ -0.9774779, 51.5971856 ] } },
{ "type": "Feature", "properties": { "LAYER": "Created, never classified", "ELEVATION": 0, "RETURN_CNT": 1, "RETURN_NUM": 1 }, "geometry": { "type": "Point", "coordinates": [ -0.9773921, 51.5971741 ] } },
{ "type": "Feature", "properties": { "LAYER": "Created, never classified", "ELEVATION": 0, "RETURN_CNT": 1, "RETURN_NUM": 1 }, "geometry": { "type": "Point", "coordinates": [ -0.9775365, 51.5971579 ] } },
{ "type": "Feature", "properties": { "LAYER": "Created, never classified", "ELEVATION": 0, "RETURN_CNT": 1, "RETURN_NUM": 1 }, "geometry": { "type": "Point", "coordinates": [ -0.9774387, 51.5971514 ] } },
{ "type": "Feature", "properties": { "LAYER": "Created, never classified", "ELEVATION": 0, "RETURN_CNT": 1, "RETURN_NUM": 1 }, "geometry": { "type": "Point", "coordinates": [ -0.9773754, 51.5971533 ] } },
{ "type": "Feature", "properties": { "LAYER": "Created, never classified", "ELEVATION": 0, "RETURN_CNT": 1, "RETURN_NUM": 1 }, "geometry": { "type": "Point", "coordinates": [ -0.9774947, 51.5971244 ] } },
{ "type": "Feature", "properties": { "LAYER": "Created, never classified", "ELEVATION": 0, "RETURN_CNT": 1, "RETURN_NUM": 1 }, "geometry": { "type": "Point", "coordinates": [ -0.977396, 51.5971166 ] } },
{ "type": "Feature", "properties": { "LAYER": "Created, never classified", "ELEVATION": 0, "RETURN_CNT": 1, "RETURN_NUM": 1 }, "geometry": { "type": "Point", "coordinates": [ -0.9773579, 51.5971339 ] } },
{ "type": "Feature", "properties": { "LAYER": "Created, never classified", "ELEVATION": 0, "RETURN_CNT": 1, "RETURN_NUM": 1 }, "geometry": { "type": "Point", "coordinates": [ -0.9775745, 51.5971146 ] } },
{ "type": "Feature", "properties": { "LAYER": "Created, never classified", "ELEVATION": 0, "RETURN_CNT": 1, "RETURN_NUM": 1 }, "geometry": { "type": "Point", "coordinates": [ -0.9774741, 51.5971069 ] } },
{ "type": "Feature", "properties": { "LAYER": "Created, never classified", "ELEVATION": 0, "RETURN_CNT": 1, "RETURN_NUM": 1 }, "geometry": { "type": "Point", "coordinates": [ -0.9773439, 51.5971143 ] } },
{ "type": "Feature", "properties": { "LAYER": "Created, never classified", "ELEVATION": 0, "RETURN_CNT": 1, "RETURN_NUM": 1 }, "geometry": { "type": "Point", "coordinates": [ -0.9775314, 51.59708 ] } },
{ "type": "Feature", "properties": { "LAYER": "Created, never classified", "ELEVATION": 0, "RETURN_CNT": 1, "RETURN_NUM": 1 }, "geometry": { "type": "Point", "coordinates": [ -0.9774538, 51.5970897 ] } },
{ "type": "Feature", "properties": { "LAYER": "Created, never classified", "ELEVATION": 0, "RETURN_CNT": 1, "RETURN_NUM": 1 }, "geometry": { "type": "Point", "coordinates": [ -0.97751, 51.597063 ] } },
{ "type": "Feature", "properties": { "LAYER": "Created, never classified", "ELEVATION": 0, "RETURN_CNT": 1, "RETURN_NUM": 1 }, "geometry": { "type": "Point", "coordinates": [ -0.9774114, 51.5970557 ] } },
{ "type": "Feature", "properties": { "LAYER": "Created, never classified", "ELEVATION": 0, "RETURN_CNT": 1, "RETURN_NUM": 1 }, "geometry": { "type": "Point", "coordinates": [ -0.9772969, 51.5970559 ] } },
{ "type": "Feature", "properties": { "LAYER": "Created, never classified", "ELEVATION": 0, "RETURN_CNT": 1, "RETURN_NUM": 1 }, "geometry": { "type": "Point", "coordinates": [ -0.9775683, 51.5970361 ] } },
{ "type": "Feature", "properties": { "LAYER": "Created, never classified", "ELEVATION": 0, "RETURN_CNT": 1, "RETURN_NUM": 1 }, "geometry": { "type": "Point", "coordinates": [ -0.9774883, 51.5970464 ] } },
{ "type": "Feature", "properties": { "LAYER": "Created, never classified", "ELEVATION": 0, "RETURN_CNT": 1, "RETURN_NUM": 1 }, "geometry": { "type": "Point", "coordinates": [ -0.977548, 51.5970185 ] } },
{ "type": "Feature", "properties": { "LAYER": "Created, never classified", "ELEVATION": 0, "RETURN_CNT": 1, "RETURN_NUM": 1 }, "geometry": { "type": "Point", "coordinates": [ -0.9774487, 51.5970113 ] } },
{ "type": "Feature", "properties": { "LAYER": "Created, never classified", "ELEVATION": 0, "RETURN_CNT": 1, "RETURN_NUM": 1 }, "geometry": { "type": "Point", "coordinates": [ -0.977369, 51.5970218 ] } },
{ "type": "Feature", "properties": { "LAYER": "Created, never classified", "ELEVATION": 0, "RETURN_CNT": 1, "RETURN_NUM": 1 }, "geometry": { "type": "Point", "coordinates": [ -0.97735, 51.597003 ] } },
{ "type": "Feature", "properties": { "LAYER": "Created, never classified", "ELEVATION": 0, "RETURN_CNT": 1, "RETURN_NUM": 1 }, "geometry": { "type": "Point", "coordinates": [ -0.9772653, 51.5970159 ] } },
{ "type": "Feature", "properties": { "LAYER": "Created, never classified", "ELEVATION": 0, "RETURN_CNT": 1, "RETURN_NUM": 1 }, "geometry": { "type": "Point", "coordinates": [ -0.9775064, 51.5969841 ] } },
{ "type": "Feature", "properties": { "LAYER": "Created, never classified", "ELEVATION": 0, "RETURN_CNT": 1, "RETURN_NUM": 1 }, "geometry": { "type": "Point", "coordinates": [ -0.9774287, 51.596994 ] } },
{ "type": "Feature", "properties": { "LAYER": "Created, never classified", "ELEVATION": 0, "RETURN_CNT": 1, "RETURN_NUM": 1 }, "geometry": { "type": "Point", "coordinates": [ -0.9773292, 51.5969867 ] } },
{ "type": "Feature", "properties": { "LAYER": "Created, never classified", "ELEVATION": 0, "RETURN_CNT": 1, "RETURN_NUM": 1 }, "geometry": { "type": "Point", "coordinates": [ -0.9775849, 51.5969741 ] } },
{ "type": "Feature", "properties": { "LAYER": "Created, never classified", "ELEVATION": 0, "RETURN_CNT": 1, "RETURN_NUM": 1 }, "geometry": { "type": "Point", "coordinates": [ -0.9775632, 51.596957 ] } },
{ "type": "Feature", "properties": { "LAYER": "Created, never classified", "ELEVATION": 0, "RETURN_CNT": 1, "RETURN_NUM": 1 }, "geometry": { "type": "Point", "coordinates": [ -0.9774855, 51.5969672 ] } },
{ "type": "Feature", "properties": { "LAYER": "Created, never classified", "ELEVATION": 0, "RETURN_CNT": 1, "RETURN_NUM": 1 }, "geometry": { "type": "Point", "coordinates": [ -0.9774071, 51.5969766 ] } },
{ "type": "Feature", "properties": { "LAYER": "Created, never classified", "ELEVATION": 0, "RETURN_CNT": 1, "RETURN_NUM": 1 }, "geometry": { "type": "Point", "coordinates": [ -0.977543, 51.5969402 ] } },
{ "type": "Feature", "properties": { "LAYER": "Created, never classified", "ELEVATION": 0, "RETURN_CNT": 1, "RETURN_NUM": 1 }, "geometry": { "type": "Point", "coordinates": [ -0.9774655, 51.5969493 ] } },
{ "type": "Feature", "properties": { "LAYER": "Created, never classified", "ELEVATION": 0, "RETURN_CNT": 1, "RETURN_NUM": 1 }, "geometry": { "type": "Point", "coordinates": [ -0.9774439, 51.5969323 ] } },
{ "type": "Feature", "properties": { "LAYER": "Created, never classified", "ELEVATION": 0, "RETURN_CNT": 1, "RETURN_NUM": 1 }, "geometry": { "type": "Point", "coordinates": [ -0.977364, 51.5969431 ] } },
{ "type": "Feature", "properties": { "LAYER": "Created, never classified", "ELEVATION": 0, "RETURN_CNT": 1, "RETURN_NUM": 1 }, "geometry": { "type": "Point", "coordinates": [ -0.9773239, 51.5969084 ] } },
{ "type": "Feature", "properties": { "LAYER": "Created, never classified", "ELEVATION": 0, "RETURN_CNT": 1, "RETURN_NUM": 1 }, "geometry": { "type": "Point", "coordinates": [ -0.9775022, 51.5969052 ] } },
{ "type": "Feature", "properties": { "LAYER": "Created, never classified", "ELEVATION": 0, "RETURN_CNT": 1, "RETURN_NUM": 1 }, "geometry": { "type": "Point", "coordinates": [ -0.9775597, 51.5968785 ] } },
{ "type": "Feature", "properties": { "LAYER": "Created, never classified", "ELEVATION": 0, "RETURN_CNT": 1, "RETURN_NUM": 1 }, "geometry": { "type": "Point", "coordinates": [ -0.9773395, 51.5968461 ] } },
{ "type": "Feature", "properties": { "LAYER": "Created, never classified", "ELEVATION": 0, "RETURN_CNT": 1, "RETURN_NUM": 1 }, "geometry": { "type": "Point", "coordinates": [ -0.9772611, 51.5968563 ] } },
{ "type": "Feature", "properties": { "LAYER": "Created, never classified", "ELEVATION": 0, "RETURN_CNT": 1, "RETURN_NUM": 1 }, "geometry": { "type": "Point", "coordinates": [ -0.9773196, 51.5968289 ] } },
{ "type": "Feature", "properties": { "LAYER": "Created, never classified", "ELEVATION": 0, "RETURN_CNT": 1, "RETURN_NUM": 1 }, "geometry": { "type": "Point", "coordinates": [ -0.9772983, 51.5968122 ] } },
{ "type": "Feature", "properties": { "LAYER": "Created, never classified", "ELEVATION": 0, "RETURN_CNT": 1, "RETURN_NUM": 1 }, "geometry": { "type": "Point", "coordinates": [ -0.9772768, 51.596795 ] } },
{ "type": "Feature", "properties": { "LAYER": "Created, never classified", "ELEVATION": 0, "RETURN_CNT": 1, "RETURN_NUM": 1 }, "geometry": { "type": "Point", "coordinates": [ -0.9775328, 51.5967829 ] } },
{ "type": "Feature", "properties": { "LAYER": "Created, never classified", "ELEVATION": 0, "RETURN_CNT": 1, "RETURN_NUM": 1 }, "geometry": { "type": "Point", "coordinates": [ -0.9774335, 51.5967752 ] } },
{ "type": "Feature", "properties": { "LAYER": "Created, never classified", "ELEVATION": 0, "RETURN_CNT": 1, "RETURN_NUM": 1 }, "geometry": { "type": "Point", "coordinates": [ -0.9775131, 51.5967648 ] } },
{ "type": "Feature", "properties": { "LAYER": "Created, never classified", "ELEVATION": 0, "RETURN_CNT": 1, "RETURN_NUM": 1 }, "geometry": { "type": "Point", "coordinates": [ -0.9773142, 51.5967501 ] } },
{ "type": "Feature", "properties": { "LAYER": "Created, never classified", "ELEVATION": 0, "RETURN_CNT": 1, "RETURN_NUM": 1 }, "geometry": { "type": "Point", "coordinates": [ -0.9774925, 51.5967477 ] } },
{ "type": "Feature", "properties": { "LAYER": "Created, never classified", "ELEVATION": 0, "RETURN_CNT": 1, "RETURN_NUM": 1 }, "geometry": { "type": "Point", "coordinates": [ -0.9773929, 51.5967403 ] } },
{ "type": "Feature", "properties": { "LAYER": "Created, never classified", "ELEVATION": 0, "RETURN_CNT": 1, "RETURN_NUM": 1 }, "geometry": { "type": "Point", "coordinates": [ -0.9772924, 51.5967334 ] } },
{ "type": "Feature", "properties": { "LAYER": "Created, never classified", "ELEVATION": 0, "RETURN_CNT": 1, "RETURN_NUM": 1 }, "geometry": { "type": "Point", "coordinates": [ -0.9774082, 51.5966786 ] } },
{ "type": "Feature", "properties": { "LAYER": "Created, never classified", "ELEVATION": 0, "RETURN_CNT": 1, "RETURN_NUM": 1 }, "geometry": { "type": "Point", "coordinates": [ -0.9775663, 51.5966591 ] } },
{ "type": "Feature", "properties": { "LAYER": "Created, never classified", "ELEVATION": 0, "RETURN_CNT": 1, "RETURN_NUM": 1 }, "geometry": { "type": "Point", "coordinates": [ -0.9774857, 51.5966693 ] } },
{ "type": "Feature", "properties": { "LAYER": "Created, never classified", "ELEVATION": 0, "RETURN_CNT": 1, "RETURN_NUM": 1 }, "geometry": { "type": "Point", "coordinates": [ -0.9773087, 51.5966718 ] } },
{ "type": "Feature", "properties": { "LAYER": "Created, never classified", "ELEVATION": 0, "RETURN_CNT": 1, "RETURN_NUM": 1 }, "geometry": { "type": "Point", "coordinates": [ -0.9772886, 51.5966543 ] } },
{ "type": "Feature", "properties": { "LAYER": "Created, never classified", "ELEVATION": 0, "RETURN_CNT": 1, "RETURN_NUM": 1 }, "geometry": { "type": "Point", "coordinates": [ -0.9774661, 51.5966515 ] } },
{ "type": "Feature", "properties": { "LAYER": "Created, never classified", "ELEVATION": 0, "RETURN_CNT": 1, "RETURN_NUM": 1 }, "geometry": { "type": "Point", "coordinates": [ -0.9774451, 51.596635 ] } },
{ "type": "Feature", "properties": { "LAYER": "Created, never classified", "ELEVATION": 0, "RETURN_CNT": 1, "RETURN_NUM": 1 }, "geometry": { "type": "Point", "coordinates": [ -0.9773668, 51.5966446 ] } },
{ "type": "Feature", "properties": { "LAYER": "Created, never classified", "ELEVATION": 0, "RETURN_CNT": 1, "RETURN_NUM": 1 }, "geometry": { "type": "Point", "coordinates": [ -0.9776032, 51.5966141 ] } },
{ "type": "Feature", "properties": { "LAYER": "Created, never classified", "ELEVATION": 0, "RETURN_CNT": 1, "RETURN_NUM": 1 }, "geometry": { "type": "Point", "coordinates": [ -0.9775232, 51.5966252 ] } },
{ "type": "Feature", "properties": { "LAYER": "Created, never classified", "ELEVATION": 0, "RETURN_CNT": 1, "RETURN_NUM": 1 }, "geometry": { "type": "Point", "coordinates": [ -0.9773461, 51.5966271 ] } },
{ "type": "Feature", "properties": { "LAYER": "Created, never classified", "ELEVATION": 0, "RETURN_CNT": 1, "RETURN_NUM": 1 }, "geometry": { "type": "Point", "coordinates": [ -0.9773255, 51.5966096 ] } },
{ "type": "Feature", "properties": { "LAYER": "Created, never classified", "ELEVATION": 0, "RETURN_CNT": 1, "RETURN_NUM": 1 }, "geometry": { "type": "Point", "coordinates": [ -0.9775022, 51.596608 ] } },
{ "type": "Feature", "properties": { "LAYER": "Created, never classified", "ELEVATION": 0, "RETURN_CNT": 1, "RETURN_NUM": 1 }, "geometry": { "type": "Point", "coordinates": [ -0.9775613, 51.5965807 ] } },
{ "type": "Feature", "properties": { "LAYER": "Created, never classified", "ELEVATION": 0, "RETURN_CNT": 1, "RETURN_NUM": 1 }, "geometry": { "type": "Point", "coordinates": [ -0.9773612, 51.5965665 ] } },
{ "type": "Feature", "properties": { "LAYER": "Created, never classified", "ELEVATION": 0, "RETURN_CNT": 1, "RETURN_NUM": 1 }, "geometry": { "type": "Point", "coordinates": [ -0.9772831, 51.5965756 ] } },
{ "type": "Feature", "properties": { "LAYER": "Created, never classified", "ELEVATION": 0, "RETURN_CNT": 1, "RETURN_NUM": 1 }, "geometry": { "type": "Point", "coordinates": [ -0.9775417, 51.5965631 ] } },
{ "type": "Feature", "properties": { "LAYER": "Created, never classified", "ELEVATION": 0, "RETURN_CNT": 1, "RETURN_NUM": 1 }, "geometry": { "type": "Point", "coordinates": [ -0.9775192, 51.5965458 ] } },
{ "type": "Feature", "properties": { "LAYER": "Created, never classified", "ELEVATION": 0, "RETURN_CNT": 1, "RETURN_NUM": 1 }, "geometry": { "type": "Point", "coordinates": [ -0.9774404, 51.5965556 ] } },
{ "type": "Feature", "properties": { "LAYER": "Created, never classified", "ELEVATION": 0, "RETURN_CNT": 1, "RETURN_NUM": 1 }, "geometry": { "type": "Point", "coordinates": [ -0.9773416, 51.5965488 ] } },
{ "type": "Feature", "properties": { "LAYER": "Created, never classified", "ELEVATION": 0, "RETURN_CNT": 1, "RETURN_NUM": 1 }, "geometry": { "type": "Point", "coordinates": [ -0.9775974, 51.5965367 ] } },
{ "type": "Feature", "properties": { "LAYER": "Created, never classified", "ELEVATION": 0, "RETURN_CNT": 1, "RETURN_NUM": 1 }, "geometry": { "type": "Point", "coordinates": [ -0.9774986, 51.5965288 ] } },
{ "type": "Feature", "properties": { "LAYER": "Created, never classified", "ELEVATION": 0, "RETURN_CNT": 1, "RETURN_NUM": 1 }, "geometry": { "type": "Point", "coordinates": [ -0.9773205, 51.5965308 ] } },
{ "type": "Feature", "properties": { "LAYER": "Created, never classified", "ELEVATION": 0, "RETURN_CNT": 1, "RETURN_NUM": 1 }, "geometry": { "type": "Point", "coordinates": [ -0.9772987, 51.5965145 ] } },
{ "type": "Feature", "properties": { "LAYER": "Created, never classified", "ELEVATION": 0, "RETURN_CNT": 1, "RETURN_NUM": 1 }, "geometry": { "type": "Point", "coordinates": [ -0.9775769, 51.5965185 ] } },
{ "type": "Feature", "properties": { "LAYER": "Created, never classified", "ELEVATION": 0, "RETURN_CNT": 1, "RETURN_NUM": 1 }, "geometry": { "type": "Point", "coordinates": [ -0.977557, 51.5965013 ] } },
{ "type": "Feature", "properties": { "LAYER": "Created, never classified", "ELEVATION": 0, "RETURN_CNT": 1, "RETURN_NUM": 1 }, "geometry": { "type": "Point", "coordinates": [ -0.9774766, 51.5965114 ] } },
{ "type": "Feature", "properties": { "LAYER": "Created, never classified", "ELEVATION": 0, "RETURN_CNT": 1, "RETURN_NUM": 1 }, "geometry": { "type": "Point", "coordinates": [ -0.977378, 51.5965037 ] } },
{ "type": "Feature", "properties": { "LAYER": "Created, never classified", "ELEVATION": 0, "RETURN_CNT": 1, "RETURN_NUM": 1 }, "geometry": { "type": "Point", "coordinates": [ -0.9775355, 51.5964841 ] } },
{ "type": "Feature", "properties": { "LAYER": "Created, never classified", "ELEVATION": 0, "RETURN_CNT": 1, "RETURN_NUM": 1 }, "geometry": { "type": "Point", "coordinates": [ -0.9774558, 51.5964936 ] } },
{ "type": "Feature", "properties": { "LAYER": "Created, never classified", "ELEVATION": 0, "RETURN_CNT": 1, "RETURN_NUM": 1 }, "geometry": { "type": "Point", "coordinates": [ -0.9774373, 51.596476 ] } },
{ "type": "Feature", "properties": { "LAYER": "Created, never classified", "ELEVATION": 0, "RETURN_CNT": 1, "RETURN_NUM": 1 }, "geometry": { "type": "Point", "coordinates": [ -0.9773565, 51.5964875 ] } },
{ "type": "Feature", "properties": { "LAYER": "Created, never classified", "ELEVATION": 0, "RETURN_CNT": 1, "RETURN_NUM": 1 }, "geometry": { "type": "Point", "coordinates": [ -0.9775928, 51.5964572 ] } },
{ "type": "Feature", "properties": { "LAYER": "Created, never classified", "ELEVATION": 0, "RETURN_CNT": 1, "RETURN_NUM": 1 }, "geometry": { "type": "Point", "coordinates": [ -0.9775142, 51.5964673 ] } },
{ "type": "Feature", "properties": { "LAYER": "Created, never classified", "ELEVATION": 0, "RETURN_CNT": 1, "RETURN_NUM": 1 }, "geometry": { "type": "Point", "coordinates": [ -0.9773163, 51.5964524 ] } },
{ "type": "Feature", "properties": { "LAYER": "Created, never classified", "ELEVATION": 0, "RETURN_CNT": 1, "RETURN_NUM": 1 }, "geometry": { "type": "Point", "coordinates": [ -0.977572, 51.5964409 ] } },
{ "type": "Feature", "properties": { "LAYER": "Created, never classified", "ELEVATION": 0, "RETURN_CNT": 1, "RETURN_NUM": 1 }, "geometry": { "type": "Point", "coordinates": [ -0.9774721, 51.5964332 ] } },
{ "type": "Feature", "properties": { "LAYER": "Created, never classified", "ELEVATION": 0, "RETURN_CNT": 1, "RETURN_NUM": 1 }, "geometry": { "type": "Point", "coordinates": [ -0.9773939, 51.5964422 ] } },
{ "type": "Feature", "properties": { "LAYER": "Created, never classified", "ELEVATION": 0, "RETURN_CNT": 1, "RETURN_NUM": 1 }, "geometry": { "type": "Point", "coordinates": [ -0.977374, 51.5964252 ] } },
{ "type": "Feature", "properties": { "LAYER": "Created, never classified", "ELEVATION": 0, "RETURN_CNT": 1, "RETURN_NUM": 1 }, "geometry": { "type": "Point", "coordinates": [ -0.9772951, 51.5964358 ] } },
{ "type": "Feature", "properties": { "LAYER": "Created, never classified", "ELEVATION": 0, "RETURN_CNT": 1, "RETURN_NUM": 1 }, "geometry": { "type": "Point", "coordinates": [ -0.9775513, 51.5964226 ] } },
{ "type": "Feature", "properties": { "LAYER": "Created, never classified", "ELEVATION": 0, "RETURN_CNT": 1, "RETURN_NUM": 1 }, "geometry": { "type": "Point", "coordinates": [ -0.9774511, 51.5964154 ] } },
{ "type": "Feature", "properties": { "LAYER": "Created, never classified", "ELEVATION": 0, "RETURN_CNT": 1, "RETURN_NUM": 1 }, "geometry": { "type": "Point", "coordinates": [ -0.9773529, 51.5964078 ] } },
{ "type": "Feature", "properties": { "LAYER": "Created, never classified", "ELEVATION": 0, "RETURN_CNT": 1, "RETURN_NUM": 1 }, "geometry": { "type": "Point", "coordinates": [ -0.9776074, 51.5963963 ] } },
{ "type": "Feature", "properties": { "LAYER": "Created, never classified", "ELEVATION": 0, "RETURN_CNT": 1, "RETURN_NUM": 1 }, "geometry": { "type": "Point", "coordinates": [ -0.9775081, 51.596389 ] } },
{ "type": "Feature", "properties": { "LAYER": "Created, never classified", "ELEVATION": 0, "RETURN_CNT": 1, "RETURN_NUM": 1 }, "geometry": { "type": "Point", "coordinates": [ -0.977432, 51.5963995 ] } },
{ "type": "Feature", "properties": { "LAYER": "Created, never classified", "ELEVATION": 0, "RETURN_CNT": 1, "RETURN_NUM": 1 }, "geometry": { "type": "Point", "coordinates": [ -0.9773326, 51.5963905 ] } },
{ "type": "Feature", "properties": { "LAYER": "Created, never classified", "ELEVATION": 0, "RETURN_CNT": 1, "RETURN_NUM": 1 }, "geometry": { "type": "Point", "coordinates": [ -0.9775878, 51.5963793 ] } },
{ "type": "Feature", "properties": { "LAYER": "Created, never classified", "ELEVATION": 0, "RETURN_CNT": 1, "RETURN_NUM": 1 }, "geometry": { "type": "Point", "coordinates": [ -0.9775675, 51.5963614 ] } },
{ "type": "Feature", "properties": { "LAYER": "Created, never classified", "ELEVATION": 0, "RETURN_CNT": 1, "RETURN_NUM": 1 }, "geometry": { "type": "Point", "coordinates": [ -0.9772911, 51.5963559 ] } },
{ "type": "Feature", "properties": { "LAYER": "Created, never classified", "ELEVATION": 0, "RETURN_CNT": 1, "RETURN_NUM": 1 }, "geometry": { "type": "Point", "coordinates": [ -0.9775458, 51.5963446 ] } },
{ "type": "Feature", "properties": { "LAYER": "Created, never classified", "ELEVATION": 0, "RETURN_CNT": 1, "RETURN_NUM": 1 }, "geometry": { "type": "Point", "coordinates": [ -0.9776042, 51.596317 ] } },
{ "type": "Feature", "properties": { "LAYER": "Created, never classified", "ELEVATION": 0, "RETURN_CNT": 1, "RETURN_NUM": 1 }, "geometry": { "type": "Point", "coordinates": [ -0.9773269, 51.5963119 ] } },
{ "type": "Feature", "properties": { "LAYER": "Created, never classified", "ELEVATION": 0, "RETURN_CNT": 1, "RETURN_NUM": 1 }, "geometry": { "type": "Point", "coordinates": [ -0.977583, 51.5963007 ] } },
{ "type": "Feature", "properties": { "LAYER": "Created, never classified", "ELEVATION": 0, "RETURN_CNT": 1, "RETURN_NUM": 1 }, "geometry": { "type": "Point", "coordinates": [ -0.9775043, 51.5963102 ] } },
{ "type": "Feature", "properties": { "LAYER": "Created, never classified", "ELEVATION": 0, "RETURN_CNT": 1, "RETURN_NUM": 1 }, "geometry": { "type": "Point", "coordinates": [ -0.9772351, 51.5969767 ] } },
{ "type": "Feature", "properties": { "LAYER": "Created, never classified", "ELEVATION": 0, "RETURN_CNT": 1, "RETURN_NUM": 1 }, "geometry": { "type": "Point", "coordinates": [ -0.9772182, 51.5969578 ] } },
{ "type": "Feature", "properties": { "LAYER": "Created, never classified", "ELEVATION": 0, "RETURN_CNT": 1, "RETURN_NUM": 1 }, "geometry": { "type": "Point", "coordinates": [ -0.9772034, 51.5969366 ] } },
{ "type": "Feature", "properties": { "LAYER": "Created, never classified", "ELEVATION": 0, "RETURN_CNT": 1, "RETURN_NUM": 1 }, "geometry": { "type": "Point", "coordinates": [ -0.9771544, 51.5968797 ] } },
{ "type": "Feature", "properties": { "LAYER": "Created, never classified", "ELEVATION": 0, "RETURN_CNT": 1, "RETURN_NUM": 1 }, "geometry": { "type": "Point", "coordinates": [ -0.9772393, 51.596839 ] } },
{ "type": "Feature", "properties": { "LAYER": "Created, never classified", "ELEVATION": 0, "RETURN_CNT": 1, "RETURN_NUM": 1 }, "geometry": { "type": "Point", "coordinates": [ -0.9771223, 51.5968401 ] } },
{ "type": "Feature", "properties": { "LAYER": "Created, never classified", "ELEVATION": 0, "RETURN_CNT": 1, "RETURN_NUM": 1 }, "geometry": { "type": "Point", "coordinates": [ -0.9771091, 51.5968198 ] } },
{ "type": "Feature", "properties": { "LAYER": "Created, never classified", "ELEVATION": 0, "RETURN_CNT": 1, "RETURN_NUM": 1 }, "geometry": { "type": "Point", "coordinates": [ -0.9772011, 51.5968034 ] } },
{ "type": "Feature", "properties": { "LAYER": "Created, never classified", "ELEVATION": 0, "RETURN_CNT": 1, "RETURN_NUM": 1 }, "geometry": { "type": "Point", "coordinates": [ -0.9770954, 51.5968 ] } },
{ "type": "Feature", "properties": { "LAYER": "Created, never classified", "ELEVATION": 0, "RETURN_CNT": 1, "RETURN_NUM": 1 }, "geometry": { "type": "Point", "coordinates": [ -0.9772554, 51.5967773 ] } },
{ "type": "Feature", "properties": { "LAYER": "Created, never classified", "ELEVATION": 0, "RETURN_CNT": 1, "RETURN_NUM": 1 }, "geometry": { "type": "Point", "coordinates": [ -0.9770761, 51.5967814 ] } },
{ "type": "Feature", "properties": { "LAYER": "Created, never classified", "ELEVATION": 0, "RETURN_CNT": 1, "RETURN_NUM": 1 }, "geometry": { "type": "Point", "coordinates": [ -0.9771368, 51.5967527 ] } },
{ "type": "Feature", "properties": { "LAYER": "Created, never classified", "ELEVATION": 0, "RETURN_CNT": 1, "RETURN_NUM": 1 }, "geometry": { "type": "Point", "coordinates": [ -0.9770601, 51.5967616 ] } },
{ "type": "Feature", "properties": { "LAYER": "Created, never classified", "ELEVATION": 0, "RETURN_CNT": 1, "RETURN_NUM": 1 }, "geometry": { "type": "Point", "coordinates": [ -0.9770472, 51.5967409 ] } },
{ "type": "Feature", "properties": { "LAYER": "Created, never classified", "ELEVATION": 0, "RETURN_CNT": 1, "RETURN_NUM": 1 }, "geometry": { "type": "Point", "coordinates": [ -0.9772143, 51.5967431 ] } },
{ "type": "Feature", "properties": { "LAYER": "Created, never classified", "ELEVATION": 0, "RETURN_CNT": 1, "RETURN_NUM": 1 }, "geometry": { "type": "Point", "coordinates": [ -0.9771933, 51.596726 ] } },
{ "type": "Feature", "properties": { "LAYER": "Created, never classified", "ELEVATION": 0, "RETURN_CNT": 1, "RETURN_NUM": 1 }, "geometry": { "type": "Point", "coordinates": [ -0.9771152, 51.5967355 ] } },
{ "type": "Feature", "properties": { "LAYER": "Created, never classified", "ELEVATION": 0, "RETURN_CNT": 1, "RETURN_NUM": 1 }, "geometry": { "type": "Point", "coordinates": [ -0.9772514, 51.5966988 ] } },
{ "type": "Feature", "properties": { "LAYER": "Created, never classified", "ELEVATION": 0, "RETURN_CNT": 1, "RETURN_NUM": 1 }, "geometry": { "type": "Point", "coordinates": [ -0.9770941, 51.5967183 ] } },
{ "type": "Feature", "properties": { "LAYER": "Created, never classified", "ELEVATION": 0, "RETURN_CNT": 1, "RETURN_NUM": 1 }, "geometry": { "type": "Point", "coordinates": [ -0.9770129, 51.5967026 ] } },
{ "type": "Feature", "properties": { "LAYER": "Created, never classified", "ELEVATION": 0, "RETURN_CNT": 1, "RETURN_NUM": 1 }, "geometry": { "type": "Point", "coordinates": [ -0.977131, 51.5966742 ] } },
{ "type": "Feature", "properties": { "LAYER": "Created, never classified", "ELEVATION": 0, "RETURN_CNT": 1, "RETURN_NUM": 1 }, "geometry": { "type": "Point", "coordinates": [ -0.977052, 51.5966837 ] } },
{ "type": "Feature", "properties": { "LAYER": "Created, never classified", "ELEVATION": 0, "RETURN_CNT": 1, "RETURN_NUM": 1 }, "geometry": { "type": "Point", "coordinates": [ -0.9769982, 51.5966828 ] } },
{ "type": "Feature", "properties": { "LAYER": "Created, never classified", "ELEVATION": 0, "RETURN_CNT": 1, "RETURN_NUM": 1 }, "geometry": { "type": "Point", "coordinates": [ -0.9772103, 51.5966642 ] } },
{ "type": "Feature", "properties": { "LAYER": "Created, never classified", "ELEVATION": 0, "RETURN_CNT": 1, "RETURN_NUM": 1 }, "geometry": { "type": "Point", "coordinates": [ -0.9771106, 51.5966563 ] } },
{ "type": "Feature", "properties": { "LAYER": "Created, never classified", "ELEVATION": 0, "RETURN_CNT": 1, "RETURN_NUM": 1 }, "geometry": { "type": "Point", "coordinates": [ -0.9770324, 51.5966668 ] } },
{ "type": "Feature", "properties": { "LAYER": "Created, never classified", "ELEVATION": 0, "RETURN_CNT": 1, "RETURN_NUM": 1 }, "geometry": { "type": "Point", "coordinates": [ -0.9769818, 51.596663 ] } },
{ "type": "Feature", "properties": { "LAYER": "Created, never classified", "ELEVATION": 0, "RETURN_CNT": 1, "RETURN_NUM": 1 }, "geometry": { "type": "Point", "coordinates": [ -0.9772662, 51.5966376 ] } },
{ "type": "Feature", "properties": { "LAYER": "Created, never classified", "ELEVATION": 0, "RETURN_CNT": 1, "RETURN_NUM": 1 }, "geometry": { "type": "Point", "coordinates": [ -0.977089, 51.5966395 ] } },
{ "type": "Feature", "properties": { "LAYER": "Created, never classified", "ELEVATION": 0, "RETURN_CNT": 1, "RETURN_NUM": 1 }, "geometry": { "type": "Point", "coordinates": [ -0.9769666, 51.596644 ] } },
{ "type": "Feature", "properties": { "LAYER": "Created, never classified", "ELEVATION": 0, "RETURN_CNT": 1, "RETURN_NUM": 1 }, "geometry": { "type": "Point", "coordinates": [ -0.9771459, 51.5966129 ] } },
{ "type": "Feature", "properties": { "LAYER": "Created, never classified", "ELEVATION": 0, "RETURN_CNT": 1, "RETURN_NUM": 1 }, "geometry": { "type": "Point", "coordinates": [ -0.9770476, 51.5966052 ] } },
{ "type": "Feature", "properties": { "LAYER": "Created, never classified", "ELEVATION": 0, "RETURN_CNT": 1, "RETURN_NUM": 1 }, "geometry": { "type": "Point", "coordinates": [ -0.9769374, 51.5966031 ] } },
{ "type": "Feature", "properties": { "LAYER": "Created, never classified", "ELEVATION": 0, "RETURN_CNT": 1, "RETURN_NUM": 1 }, "geometry": { "type": "Point", "coordinates": [ -0.9772262, 51.5966027 ] } },
{ "type": "Feature", "properties": { "LAYER": "Created, never classified", "ELEVATION": 0, "RETURN_CNT": 1, "RETURN_NUM": 1 }, "geometry": { "type": "Point", "coordinates": [ -0.9771257, 51.5965954 ] } },
{ "type": "Feature", "properties": { "LAYER": "Created, never classified", "ELEVATION": 0, "RETURN_CNT": 1, "RETURN_NUM": 1 }, "geometry": { "type": "Point", "coordinates": [ -0.9770264, 51.5965882 ] } },
{ "type": "Feature", "properties": { "LAYER": "Created, never classified", "ELEVATION": 0, "RETURN_CNT": 1, "RETURN_NUM": 1 }, "geometry": { "type": "Point", "coordinates": [ -0.9771828, 51.5965685 ] } },
{ "type": "Feature", "properties": { "LAYER": "Created, never classified", "ELEVATION": 0, "RETURN_CNT": 1, "RETURN_NUM": 1 }, "geometry": { "type": "Point", "coordinates": [ -0.977105, 51.5965782 ] } },
{ "type": "Feature", "properties": { "LAYER": "Created, never classified", "ELEVATION": 0, "RETURN_CNT": 1, "RETURN_NUM": 1 }, "geometry": { "type": "Point", "coordinates": [ -0.9770858, 51.5965607 ] } },
{ "type": "Feature", "properties": { "LAYER": "Created, never classified", "ELEVATION": 0, "RETURN_CNT": 1, "RETURN_NUM": 1 }, "geometry": { "type": "Point", "coordinates": [ -0.9772627, 51.5965579 ] } },
{ "type": "Feature", "properties": { "LAYER": "Created, never classified", "ELEVATION": 0, "RETURN_CNT": 1, "RETURN_NUM": 1 }, "geometry": { "type": "Point", "coordinates": [ -0.9772418, 51.5965406 ] } },
{ "type": "Feature", "properties": { "LAYER": "Created, never classified", "ELEVATION": 0, "RETURN_CNT": 1, "RETURN_NUM": 1 }, "geometry": { "type": "Point", "coordinates": [ -0.9770636, 51.5965436 ] } },
{ "type": "Feature", "properties": { "LAYER": "Created, never classified", "ELEVATION": 0, "RETURN_CNT": 1, "RETURN_NUM": 1 }, "geometry": { "type": "Point", "coordinates": [ -0.9769855, 51.5965535 ] } },
{ "type": "Feature", "properties": { "LAYER": "Created, never classified", "ELEVATION": 0, "RETURN_CNT": 1, "RETURN_NUM": 1 }, "geometry": { "type": "Point", "coordinates": [ -0.9769648, 51.596536 ] } },
{ "type": "Feature", "properties": { "LAYER": "Created, never classified", "ELEVATION": 0, "RETURN_CNT": 1, "RETURN_NUM": 1 }, "geometry": { "type": "Point", "coordinates": [ -0.9771429, 51.5965343 ] } },
{ "type": "Feature", "properties": { "LAYER": "Created, never classified", "ELEVATION": 0, "RETURN_CNT": 1, "RETURN_NUM": 1 }, "geometry": { "type": "Point", "coordinates": [ -0.9771198, 51.596517 ] } },
{ "type": "Feature", "properties": { "LAYER": "Created, never classified", "ELEVATION": 0, "RETURN_CNT": 1, "RETURN_NUM": 1 }, "geometry": { "type": "Point", "coordinates": [ -0.9770429, 51.5965266 ] } },
{ "type": "Feature", "properties": { "LAYER": "Created, never classified", "ELEVATION": 0, "RETURN_CNT": 1, "RETURN_NUM": 1 }, "geometry": { "type": "Point", "coordinates": [ -0.9771002, 51.5964996 ] } },
{ "type": "Feature", "properties": { "LAYER": "Created, never classified", "ELEVATION": 0, "RETURN_CNT": 1, "RETURN_NUM": 1 }, "geometry": { "type": "Point", "coordinates": [ -0.9771589, 51.5964722 ] } },
{ "type": "Feature", "properties": { "LAYER": "Created, never classified", "ELEVATION": 0, "RETURN_CNT": 1, "RETURN_NUM": 1 }, "geometry": { "type": "Point", "coordinates": [ -0.9770587, 51.5964647 ] } },
{ "type": "Feature", "properties": { "LAYER": "Created, never classified", "ELEVATION": 0, "RETURN_CNT": 1, "RETURN_NUM": 1 }, "geometry": { "type": "Point", "coordinates": [ -0.977216, 51.596445 ] } },
{ "type": "Feature", "properties": { "LAYER": "Created, never classified", "ELEVATION": 0, "RETURN_CNT": 1, "RETURN_NUM": 1 }, "geometry": { "type": "Point", "coordinates": [ -0.9769792, 51.5964487 ] } },
{ "type": "Feature", "properties": { "LAYER": "Created, never classified", "ELEVATION": 0, "RETURN_CNT": 1, "RETURN_NUM": 1 }, "geometry": { "type": "Point", "coordinates": [ -0.9771961, 51.5964275 ] } },
{ "type": "Feature", "properties": { "LAYER": "Created, never classified", "ELEVATION": 0, "RETURN_CNT": 1, "RETURN_NUM": 1 }, "geometry": { "type": "Point", "coordinates": [ -0.9772735, 51.5964177 ] } },
{ "type": "Feature", "properties": { "LAYER": "Created, never classified", "ELEVATION": 0, "RETURN_CNT": 1, "RETURN_NUM": 1 }, "geometry": { "type": "Point", "coordinates": [ -0.9772695, 51.596339 ] } },
{ "type": "Feature", "properties": { "LAYER": "Created, never classified", "ELEVATION": 0, "RETURN_CNT": 1, "RETURN_NUM": 1 }, "geometry": { "type": "Point", "coordinates": [ -0.9769924, 51.5963341 ] } },
{ "type": "Feature", "properties": { "LAYER": "Created, never classified", "ELEVATION": 0, "RETURN_CNT": 1, "RETURN_NUM": 1 }, "geometry": { "type": "Point", "coordinates": [ -0.9772499, 51.596322 ] } },
{ "type": "Feature", "properties": { "LAYER": "Created, never classified", "ELEVATION": 0, "RETURN_CNT": 1, "RETURN_NUM": 1 }, "geometry": { "type": "Point", "coordinates": [ -0.9770709, 51.5963243 ] } },
{ "type": "Feature", "properties": { "LAYER": "Created, never classified", "ELEVATION": 0, "RETURN_CNT": 1, "RETURN_NUM": 1 }, "geometry": { "type": "Point", "coordinates": [ -0.9769697, 51.5963174 ] } },
{ "type": "Feature", "properties": { "LAYER": "Created, never classified", "ELEVATION": 0, "RETURN_CNT": 1, "RETURN_NUM": 1 }, "geometry": { "type": "Point", "coordinates": [ -0.9770277, 51.5962904 ] } },
{ "type": "Feature", "properties": { "LAYER": "Created, never classified", "ELEVATION": 0, "RETURN_CNT": 1, "RETURN_NUM": 1 }, "geometry": { "type": "Point", "coordinates": [ -0.976921, 51.596584 ] } },
{ "type": "Feature", "properties": { "LAYER": "Created, never classified", "ELEVATION": 0, "RETURN_CNT": 1, "RETURN_NUM": 1 }, "geometry": { "type": "Point", "coordinates": [ -0.9769197, 51.5965306 ] } },
{ "type": "Feature", "properties": { "LAYER": "Created, never classified", "ELEVATION": 0, "RETURN_CNT": 1, "RETURN_NUM": 1 }, "geometry": { "type": "Point", "coordinates": [ -0.9769209, 51.5964758 ] } },
{ "type": "Feature", "properties": { "LAYER": "Created, never classified", "ELEVATION": 0, "RETURN_CNT": 1, "RETURN_NUM": 1 }, "geometry": { "type": "Point", "coordinates": [ -0.9769157, 51.5964502 ] } },
{ "type": "Feature", "properties": { "LAYER": "Created, never classified", "ELEVATION": 0, "RETURN_CNT": 1, "RETURN_NUM": 1 }, "geometry": { "type": "Point", "coordinates": [ -0.9769127, 51.5963977 ] } },
{ "type": "Feature", "properties": { "LAYER": "Created, never classified", "ELEVATION": 0, "RETURN_CNT": 1, "RETURN_NUM": 1 }, "geometry": { "type": "Point", "coordinates": [ -0.976913, 51.5963719 ] } },
{ "type": "Feature", "properties": { "LAYER": "Created, never classified", "ELEVATION": 0, "RETURN_CNT": 1, "RETURN_NUM": 1 }, "geometry": { "type": "Point", "coordinates": [ -0.9769113, 51.5963451 ] } },
{ "type": "Feature", "properties": { "LAYER": "Created, never classified", "ELEVATION": 0, "RETURN_CNT": 1, "RETURN_NUM": 1 }, "geometry": { "type": "Point", "coordinates": [ -0.9768717, 51.5963102 ] } },
{ "type": "Feature", "properties": { "LAYER": "Created, never classified", "ELEVATION": 0, "RETURN_CNT": 1, "RETURN_NUM": 1 }, "geometry": { "type": "Point", "coordinates": [ -0.9769293, 51.5962822 ] } },
{ "type": "Feature", "properties": { "LAYER": "Created, never classified", "ELEVATION": 0, "RETURN_CNT": 1, "RETURN_NUM": 1 }, "geometry": { "type": "Point", "coordinates": [ -0.9768384, 51.5962986 ] } },
{ "type": "Feature", "properties": { "LAYER": "Created, never classified", "ELEVATION": 0, "RETURN_CNT": 1, "RETURN_NUM": 1 }, "geometry": { "type": "Point", "coordinates": [ -0.976804, 51.5962869 ] } },
{ "type": "Feature", "properties": { "LAYER": "Created, never classified", "ELEVATION": 0, "RETURN_CNT": 1, "RETURN_NUM": 1 }, "geometry": { "type": "Point", "coordinates": [ -0.9767735, 51.5962751 ] } },
{ "type": "Feature", "properties": { "LAYER": "Created, never classified", "ELEVATION": 0, "RETURN_CNT": 1, "RETURN_NUM": 1 }, "geometry": { "type": "Point", "coordinates": [ -0.9785056, 51.5963005 ] } },
{ "type": "Feature", "properties": { "LAYER": "Created, never classified", "ELEVATION": 0, "RETURN_CNT": 1, "RETURN_NUM": 1 }, "geometry": { "type": "Point", "coordinates": [ -0.9783943, 51.5962978 ] } },
{ "type": "Feature", "properties": { "LAYER": "Created, never classified", "ELEVATION": 0, "RETURN_CNT": 1, "RETURN_NUM": 1 }, "geometry": { "type": "Point", "coordinates": [ -0.9784513, 51.5962712 ] } },
{ "type": "Feature", "properties": { "LAYER": "Created, never classified", "ELEVATION": 0, "RETURN_CNT": 1, "RETURN_NUM": 1 }, "geometry": { "type": "Point", "coordinates": [ -0.9784981, 51.5962489 ] } },
{ "type": "Feature", "properties": { "LAYER": "Created, never classified", "ELEVATION": 0, "RETURN_CNT": 1, "RETURN_NUM": 1 }, "geometry": { "type": "Point", "coordinates": [ -0.9784313, 51.5962537 ] } },
{ "type": "Feature", "properties": { "LAYER": "Created, never classified", "ELEVATION": 0, "RETURN_CNT": 1, "RETURN_NUM": 1 }, "geometry": { "type": "Point", "coordinates": [ -0.978331, 51.596246 ] } },
{ "type": "Feature", "properties": { "LAYER": "Created, never classified", "ELEVATION": 0, "RETURN_CNT": 1, "RETURN_NUM": 1 }, "geometry": { "type": "Point", "coordinates": [ -0.9784927, 51.5962245 ] } },
{ "type": "Feature", "properties": { "LAYER": "Created, never classified", "ELEVATION": 0, "RETURN_CNT": 1, "RETURN_NUM": 1 }, "geometry": { "type": "Point", "coordinates": [ -0.9783888, 51.5962192 ] } },
{ "type": "Feature", "properties": { "LAYER": "Created, never classified", "ELEVATION": 0, "RETURN_CNT": 1, "RETURN_NUM": 1 }, "geometry": { "type": "Point", "coordinates": [ -0.9784914, 51.5961981 ] } },
{ "type": "Feature", "properties": { "LAYER": "Created, never classified", "ELEVATION": 0, "RETURN_CNT": 1, "RETURN_NUM": 1 }, "geometry": { "type": "Point", "coordinates": [ -0.9783682, 51.5962016 ] } },
{ "type": "Feature", "properties": { "LAYER": "Created, never classified", "ELEVATION": 0, "RETURN_CNT": 1, "RETURN_NUM": 1 }, "geometry": { "type": "Point", "coordinates": [ -0.9784878, 51.5961729 ] } },
{ "type": "Feature", "properties": { "LAYER": "Created, never classified", "ELEVATION": 0, "RETURN_CNT": 1, "RETURN_NUM": 1 }, "geometry": { "type": "Point", "coordinates": [ -0.9784251, 51.5961749 ] } },
{ "type": "Feature", "properties": { "LAYER": "Created, never classified", "ELEVATION": 0, "RETURN_CNT": 1, "RETURN_NUM": 1 }, "geometry": { "type": "Point", "coordinates": [ -0.9783477, 51.5961852 ] } },
{ "type": "Feature", "properties": { "LAYER": "Created, never classified", "ELEVATION": 0, "RETURN_CNT": 1, "RETURN_NUM": 1 }, "geometry": { "type": "Point", "coordinates": [ -0.9783261, 51.5961676 ] } },
{ "type": "Feature", "properties": { "LAYER": "Created, never classified", "ELEVATION": 0, "RETURN_CNT": 1, "RETURN_NUM": 1 }, "geometry": { "type": "Point", "coordinates": [ -0.9784803, 51.596149 ] } },
{ "type": "Feature", "properties": { "LAYER": "Created, never classified", "ELEVATION": 0, "RETURN_CNT": 1, "RETURN_NUM": 1 }, "geometry": { "type": "Point", "coordinates": [ -0.978405, 51.596158 ] } },
{ "type": "Feature", "properties": { "LAYER": "Created, never classified", "ELEVATION": 0, "RETURN_CNT": 1, "RETURN_NUM": 1 }, "geometry": { "type": "Point", "coordinates": [ -0.9784577, 51.5961335 ] } },
{ "type": "Feature", "properties": { "LAYER": "Created, never classified", "ELEVATION": 0, "RETURN_CNT": 1, "RETURN_NUM": 1 }, "geometry": { "type": "Point", "coordinates": [ -0.9783844, 51.5961401 ] } },
{ "type": "Feature", "properties": { "LAYER": "Created, never classified", "ELEVATION": 0, "RETURN_CNT": 1, "RETURN_NUM": 1 }, "geometry": { "type": "Point", "coordinates": [ -0.9783648, 51.5961228 ] } },
{ "type": "Feature", "properties": { "LAYER": "Created, never classified", "ELEVATION": 0, "RETURN_CNT": 1, "RETURN_NUM": 1 }, "geometry": { "type": "Point", "coordinates": [ -0.9784345, 51.5961166 ] } },
{ "type": "Feature", "properties": { "LAYER": "Created, never classified", "ELEVATION": 0, "RETURN_CNT": 1, "RETURN_NUM": 1 }, "geometry": { "type": "Point", "coordinates": [ -0.9783945, 51.5960812 ] } },
{ "type": "Feature", "properties": { "LAYER": "Created, never classified", "ELEVATION": 0, "RETURN_CNT": 1, "RETURN_NUM": 1 }, "geometry": { "type": "Point", "coordinates": [ -0.9783221, 51.5960885 ] } },
{ "type": "Feature", "properties": { "LAYER": "Created, never classified", "ELEVATION": 0, "RETURN_CNT": 1, "RETURN_NUM": 1 }, "geometry": { "type": "Point", "coordinates": [ -0.9783733, 51.5960642 ] } },
{ "type": "Feature", "properties": { "LAYER": "Created, never classified", "ELEVATION": 0, "RETURN_CNT": 1, "RETURN_NUM": 1 }, "geometry": { "type": "Point", "coordinates": [ -0.9783493, 51.5960484 ] } },
{ "type": "Feature", "properties": { "LAYER": "Created, never classified", "ELEVATION": 0, "RETURN_CNT": 1, "RETURN_NUM": 1 }, "geometry": { "type": "Point", "coordinates": [ -0.978332, 51.5960293 ] } },
{ "type": "Feature", "properties": { "LAYER": "Created, never classified", "ELEVATION": 0, "RETURN_CNT": 1, "RETURN_NUM": 1 }, "geometry": { "type": "Point", "coordinates": [ -0.9782929, 51.5962904 ] } },
{ "type": "Feature", "properties": { "LAYER": "Created, never classified", "ELEVATION": 0, "RETURN_CNT": 1, "RETURN_NUM": 1 }, "geometry": { "type": "Point", "coordinates": [ -0.9781954, 51.596283 ] } },
{ "type": "Feature", "properties": { "LAYER": "Created, never classified", "ELEVATION": 0, "RETURN_CNT": 1, "RETURN_NUM": 1 }, "geometry": { "type": "Point", "coordinates": [ -0.9780962, 51.5962751 ] } },
{ "type": "Feature", "properties": { "LAYER": "Created, never classified", "ELEVATION": 0, "RETURN_CNT": 1, "RETURN_NUM": 1 }, "geometry": { "type": "Point", "coordinates": [ -0.9782736, 51.5962736 ] } },
{ "type": "Feature", "properties": { "LAYER": "Created, never classified", "ELEVATION": 0, "RETURN_CNT": 1, "RETURN_NUM": 1 }, "geometry": { "type": "Point", "coordinates": [ -0.9781749, 51.5962662 ] } },
{ "type": "Feature", "properties": { "LAYER": "Created, never classified", "ELEVATION": 0, "RETURN_CNT": 1, "RETURN_NUM": 1 }, "geometry": { "type": "Point", "coordinates": [ -0.9780537, 51.5962408 ] } },
{ "type": "Feature", "properties": { "LAYER": "Created, never classified", "ELEVATION": 0, "RETURN_CNT": 1, "RETURN_NUM": 1 }, "geometry": { "type": "Point", "coordinates": [ -0.9782907, 51.5962113 ] } },
{ "type": "Feature", "properties": { "LAYER": "Created, never classified", "ELEVATION": 0, "RETURN_CNT": 1, "RETURN_NUM": 1 }, "geometry": { "type": "Point", "coordinates": [ -0.978211, 51.5962213 ] } },
{ "type": "Feature", "properties": { "LAYER": "Created, never classified", "ELEVATION": 0, "RETURN_CNT": 1, "RETURN_NUM": 1 }, "geometry": { "type": "Point", "coordinates": [ -0.9782701, 51.5961939 ] } },
{ "type": "Feature", "properties": { "LAYER": "Created, never classified", "ELEVATION": 0, "RETURN_CNT": 1, "RETURN_NUM": 1 }, "geometry": { "type": "Point", "coordinates": [ -0.9779925, 51.5961889 ] } },
{ "type": "Feature", "properties": { "LAYER": "Created, never classified", "ELEVATION": 0, "RETURN_CNT": 1, "RETURN_NUM": 1 }, "geometry": { "type": "Point", "coordinates": [ -0.9782482, 51.5961765 ] } },
{ "type": "Feature", "properties": { "LAYER": "Created, never classified", "ELEVATION": 0, "RETURN_CNT": 1, "RETURN_NUM": 1 }, "geometry": { "type": "Point", "coordinates": [ -0.9779704, 51.596172 ] } },
{ "type": "Feature", "properties": { "LAYER": "Created, never classified", "ELEVATION": 0, "RETURN_CNT": 1, "RETURN_NUM": 1 }, "geometry": { "type": "Point", "coordinates": [ -0.9782298, 51.5961589 ] } },
{ "type": "Feature", "properties": { "LAYER": "Created, never classified", "ELEVATION": 0, "RETURN_CNT": 1, "RETURN_NUM": 1 }, "geometry": { "type": "Point", "coordinates": [ -0.978207, 51.5961427 ] } },
{ "type": "Feature", "properties": { "LAYER": "Created, never classified", "ELEVATION": 0, "RETURN_CNT": 1, "RETURN_NUM": 1 }, "geometry": { "type": "Point", "coordinates": [ -0.9781276, 51.5961522 ] } },
{ "type": "Feature", "properties": { "LAYER": "Created, never classified", "ELEVATION": 0, "RETURN_CNT": 1, "RETURN_NUM": 1 }, "geometry": { "type": "Point", "coordinates": [ -0.9781858, 51.596125 ] } },
{ "type": "Feature", "properties": { "LAYER": "Created, never classified", "ELEVATION": 0, "RETURN_CNT": 1, "RETURN_NUM": 1 }, "geometry": { "type": "Point", "coordinates": [ -0.9781066, 51.5961352 ] } },
{ "type": "Feature", "properties": { "LAYER": "Created, never classified", "ELEVATION": 0, "RETURN_CNT": 1, "RETURN_NUM": 1 }, "geometry": { "type": "Point", "coordinates": [ -0.9782633, 51.5961156 ] } },
{ "type": "Feature", "properties": { "LAYER": "Created, never classified", "ELEVATION": 0, "RETURN_CNT": 1, "RETURN_NUM": 1 }, "geometry": { "type": "Point", "coordinates": [ -0.9781656, 51.5961077 ] } },
{ "type": "Feature", "properties": { "LAYER": "Created, never classified", "ELEVATION": 0, "RETURN_CNT": 1, "RETURN_NUM": 1 }, "geometry": { "type": "Point", "coordinates": [ -0.9780647, 51.5961006 ] } },
{ "type": "Feature", "properties": { "LAYER": "Created, never classified", "ELEVATION": 0, "RETURN_CNT": 1, "RETURN_NUM": 1 }, "geometry": { "type": "Point", "coordinates": [ -0.9779875, 51.5961104 ] } },
{ "type": "Feature", "properties": { "LAYER": "Created, never classified", "ELEVATION": 0, "RETURN_CNT": 1, "RETURN_NUM": 1 }, "geometry": { "type": "Point", "coordinates": [ -0.9782227, 51.5960807 ] } },
{ "type": "Feature", "properties": { "LAYER": "Created, never classified", "ELEVATION": 0, "RETURN_CNT": 1, "RETURN_NUM": 1 }, "geometry": { "type": "Point", "coordinates": [ -0.9781228, 51.5960731 ] } },
{ "type": "Feature", "properties": { "LAYER": "Created, never classified", "ELEVATION": 0, "RETURN_CNT": 1, "RETURN_NUM": 1 }, "geometry": { "type": "Point", "coordinates": [ -0.9780453, 51.5960835 ] } },
{ "type": "Feature", "properties": { "LAYER": "Created, never classified", "ELEVATION": 0, "RETURN_CNT": 1, "RETURN_NUM": 1 }, "geometry": { "type": "Point", "coordinates": [ -0.9780243, 51.5960658 ] } },
{ "type": "Feature", "properties": { "LAYER": "Created, never classified", "ELEVATION": 0, "RETURN_CNT": 1, "RETURN_NUM": 1 }, "geometry": { "type": "Point", "coordinates": [ -0.9782801, 51.5960534 ] } },
{ "type": "Feature", "properties": { "LAYER": "Created, never classified", "ELEVATION": 0, "RETURN_CNT": 1, "RETURN_NUM": 1 }, "geometry": { "type": "Point", "coordinates": [ -0.9780088, 51.5960469 ] } },
{ "type": "Feature", "properties": { "LAYER": "Created, never classified", "ELEVATION": 0, "RETURN_CNT": 1, "RETURN_NUM": 1 }, "geometry": { "type": "Point", "coordinates": [ -0.97816, 51.5960293 ] } },
{ "type": "Feature", "properties": { "LAYER": "Created, never classified", "ELEVATION": 0, "RETURN_CNT": 1, "RETURN_NUM": 1 }, "geometry": { "type": "Point", "coordinates": [ -0.9780822, 51.5960381 ] } },
{ "type": "Feature", "properties": { "LAYER": "Created, never classified", "ELEVATION": 0, "RETURN_CNT": 1, "RETURN_NUM": 1 }, "geometry": { "type": "Point", "coordinates": [ -0.978062, 51.5960217 ] } },
{ "type": "Feature", "properties": { "LAYER": "Created, never classified", "ELEVATION": 0, "RETURN_CNT": 1, "RETURN_NUM": 1 }, "geometry": { "type": "Point", "coordinates": [ -0.9779824, 51.5960318 ] } },
{ "type": "Feature", "properties": { "LAYER": "Created, never classified", "ELEVATION": 0, "RETURN_CNT": 1, "RETURN_NUM": 1 }, "geometry": { "type": "Point", "coordinates": [ -0.978311, 51.5960129 ] } },
{ "type": "Feature", "properties": { "LAYER": "Created, never classified", "ELEVATION": 0, "RETURN_CNT": 1, "RETURN_NUM": 1 }, "geometry": { "type": "Point", "coordinates": [ -0.9782387, 51.5960196 ] } },
{ "type": "Feature", "properties": { "LAYER": "Created, never classified", "ELEVATION": 0, "RETURN_CNT": 1, "RETURN_NUM": 1 }, "geometry": { "type": "Point", "coordinates": [ -0.9781394, 51.5960121 ] } },
{ "type": "Feature", "properties": { "LAYER": "Created, never classified", "ELEVATION": 0, "RETURN_CNT": 1, "RETURN_NUM": 1 }, "geometry": { "type": "Point", "coordinates": [ -0.9780398, 51.5960045 ] } },
{ "type": "Feature", "properties": { "LAYER": "Created, never classified", "ELEVATION": 0, "RETURN_CNT": 1, "RETURN_NUM": 1 }, "geometry": { "type": "Point", "coordinates": [ -0.9782888, 51.5959964 ] } },
{ "type": "Feature", "properties": { "LAYER": "Created, never classified", "ELEVATION": 0, "RETURN_CNT": 1, "RETURN_NUM": 1 }, "geometry": { "type": "Point", "coordinates": [ -0.9781957, 51.5959855 ] } },
{ "type": "Feature", "properties": { "LAYER": "Created, never classified", "ELEVATION": 0, "RETURN_CNT": 1, "RETURN_NUM": 1 }, "geometry": { "type": "Point", "coordinates": [ -0.9781197, 51.5959948 ] } },
{ "type": "Feature", "properties": { "LAYER": "Created, never classified", "ELEVATION": 0, "RETURN_CNT": 1, "RETURN_NUM": 1 }, "geometry": { "type": "Point", "coordinates": [ -0.9782462, 51.5959612 ] } },
{ "type": "Feature", "properties": { "LAYER": "Created, never classified", "ELEVATION": 0, "RETURN_CNT": 1, "RETURN_NUM": 1 }, "geometry": { "type": "Point", "coordinates": [ -0.9780769, 51.59596 ] } },
{ "type": "Feature", "properties": { "LAYER": "Created, never classified", "ELEVATION": 0, "RETURN_CNT": 1, "RETURN_NUM": 1 }, "geometry": { "type": "Point", "coordinates": [ -0.9782242, 51.5959453 ] } },
{ "type": "Feature", "properties": { "LAYER": "Created, never classified", "ELEVATION": 0, "RETURN_CNT": 1, "RETURN_NUM": 1 }, "geometry": { "type": "Point", "coordinates": [ -0.9781334, 51.5959335 ] } },
{ "type": "Feature", "properties": { "LAYER": "Created, never classified", "ELEVATION": 0, "RETURN_CNT": 1, "RETURN_NUM": 1 }, "geometry": { "type": "Point", "coordinates": [ -0.9782041, 51.5959277 ] } },
{ "type": "Feature", "properties": { "LAYER": "Created, never classified", "ELEVATION": 0, "RETURN_CNT": 1, "RETURN_NUM": 1 }, "geometry": { "type": "Point", "coordinates": [ -0.9781838, 51.5959097 ] } },
{ "type": "Feature", "properties": { "LAYER": "Created, never classified", "ELEVATION": 0, "RETURN_CNT": 1, "RETURN_NUM": 1 }, "geometry": { "type": "Point", "coordinates": [ -0.9781132, 51.5959163 ] } },
{ "type": "Feature", "properties": { "LAYER": "Created, never classified", "ELEVATION": 0, "RETURN_CNT": 1, "RETURN_NUM": 1 }, "geometry": { "type": "Point", "coordinates": [ -0.978014, 51.5959087 ] } },
{ "type": "Feature", "properties": { "LAYER": "Created, never classified", "ELEVATION": 0, "RETURN_CNT": 1, "RETURN_NUM": 1 }, "geometry": { "type": "Point", "coordinates": [ -0.9781641, 51.5958925 ] } },
{ "type": "Feature", "properties": { "LAYER": "Created, never classified", "ELEVATION": 0, "RETURN_CNT": 1, "RETURN_NUM": 1 }, "geometry": { "type": "Point", "coordinates": [ -0.978092, 51.5958987 ] } },
{ "type": "Feature", "properties": { "LAYER": "Created, never classified", "ELEVATION": 0, "RETURN_CNT": 1, "RETURN_NUM": 1 }, "geometry": { "type": "Point", "coordinates": [ -0.9779939, 51.5958913 ] } },
{ "type": "Feature", "properties": { "LAYER": "Created, never classified", "ELEVATION": 0, "RETURN_CNT": 1, "RETURN_NUM": 1 }, "geometry": { "type": "Point", "coordinates": [ -0.9780714, 51.5958812 ] } },
{ "type": "Feature", "properties": { "LAYER": "Created, never classified", "ELEVATION": 0, "RETURN_CNT": 1, "RETURN_NUM": 1 }, "geometry": { "type": "Point", "coordinates": [ -0.9781213, 51.5958578 ] } },
{ "type": "Feature", "properties": { "LAYER": "Created, never classified", "ELEVATION": 0, "RETURN_CNT": 1, "RETURN_NUM": 1 }, "geometry": { "type": "Point", "coordinates": [ -0.9780301, 51.5958468 ] } },
{ "type": "Feature", "properties": { "LAYER": "Created, never classified", "ELEVATION": 0, "RETURN_CNT": 1, "RETURN_NUM": 1 }, "geometry": { "type": "Point", "coordinates": [ -0.9780564, 51.5958074 ] } },
{ "type": "Feature", "properties": { "LAYER": "Created, never classified", "ELEVATION": 0, "RETURN_CNT": 1, "RETURN_NUM": 1 }, "geometry": { "type": "Point", "coordinates": [ -0.9780055, 51.5957783 ] } },
{ "type": "Feature", "properties": { "LAYER": "Created, never classified", "ELEVATION": 0, "RETURN_CNT": 1, "RETURN_NUM": 1 }, "geometry": { "type": "Point", "coordinates": [ -0.9779186, 51.5962783 ] } },
{ "type": "Feature", "properties": { "LAYER": "Created, never classified", "ELEVATION": 0, "RETURN_CNT": 1, "RETURN_NUM": 1 }, "geometry": { "type": "Point", "coordinates": [ -0.9778388, 51.5962877 ] } },
{ "type": "Feature", "properties": { "LAYER": "Created, never classified", "ELEVATION": 0, "RETURN_CNT": 1, "RETURN_NUM": 1 }, "geometry": { "type": "Point", "coordinates": [ -0.9778191, 51.5962707 ] } },
{ "type": "Feature", "properties": { "LAYER": "Created, never classified", "ELEVATION": 0, "RETURN_CNT": 1, "RETURN_NUM": 1 }, "geometry": { "type": "Point", "coordinates": [ -0.9777391, 51.5962806 ] } },
{ "type": "Feature", "properties": { "LAYER": "Created, never classified", "ELEVATION": 0, "RETURN_CNT": 1, "RETURN_NUM": 1 }, "geometry": { "type": "Point", "coordinates": [ -0.9776634, 51.5962899 ] } },
{ "type": "Feature", "properties": { "LAYER": "Created, never classified", "ELEVATION": 0, "RETURN_CNT": 1, "RETURN_NUM": 1 }, "geometry": { "type": "Point", "coordinates": [ -0.9778962, 51.5962611 ] } },
{ "type": "Feature", "properties": { "LAYER": "Created, never classified", "ELEVATION": 0, "RETURN_CNT": 1, "RETURN_NUM": 1 }, "geometry": { "type": "Point", "coordinates": [ -0.9779549, 51.5962334 ] } },
{ "type": "Feature", "properties": { "LAYER": "Created, never classified", "ELEVATION": 0, "RETURN_CNT": 1, "RETURN_NUM": 1 }, "geometry": { "type": "Point", "coordinates": [ -0.9777782, 51.5962358 ] } },
{ "type": "Feature", "properties": { "LAYER": "Created, never classified", "ELEVATION": 0, "RETURN_CNT": 1, "RETURN_NUM": 1 }, "geometry": { "type": "Point", "coordinates": [ -0.9776786, 51.596228 ] } },
{ "type": "Feature", "properties": { "LAYER": "Created, never classified", "ELEVATION": 0, "RETURN_CNT": 1, "RETURN_NUM": 1 }, "geometry": { "type": "Point", "coordinates": [ -0.9779351, 51.5962162 ] } },
{ "type": "Feature", "properties": { "LAYER": "Created, never classified", "ELEVATION": 0, "RETURN_CNT": 1, "RETURN_NUM": 1 }, "geometry": { "type": "Point", "coordinates": [ -0.9776581, 51.5962113 ] } },
{ "type": "Feature", "properties": { "LAYER": "Created, never classified", "ELEVATION": 0, "RETURN_CNT": 1, "RETURN_NUM": 1 }, "geometry": { "type": "Point", "coordinates": [ -0.9776303, 51.5961976 ] } },
{ "type": "Feature", "properties": { "LAYER": "Created, never classified", "ELEVATION": 0, "RETURN_CNT": 1, "RETURN_NUM": 1 }, "geometry": { "type": "Point", "coordinates": [ -0.977908, 51.5962016 ] } },
{ "type": "Feature", "properties": { "LAYER": "Created, never classified", "ELEVATION": 0, "RETURN_CNT": 1, "RETURN_NUM": 1 }, "geometry": { "type": "Point", "coordinates": [ -0.9778716, 51.5961643 ] } },
{ "type": "Feature", "properties": { "LAYER": "Created, never classified", "ELEVATION": 0, "RETURN_CNT": 1, "RETURN_NUM": 1 }, "geometry": { "type": "Point", "coordinates": [ -0.9777761, 51.5961562 ] } },
{ "type": "Feature", "properties": { "LAYER": "Created, never classified", "ELEVATION": 0, "RETURN_CNT": 1, "RETURN_NUM": 1 }, "geometry": { "type": "Point", "coordinates": [ -0.9779494, 51.596155 ] } },
{ "type": "Feature", "properties": { "LAYER": "Created, never classified", "ELEVATION": 0, "RETURN_CNT": 1, "RETURN_NUM": 1 }, "geometry": { "type": "Point", "coordinates": [ -0.9779292, 51.5961377 ] } },
{ "type": "Feature", "properties": { "LAYER": "Created, never classified", "ELEVATION": 0, "RETURN_CNT": 1, "RETURN_NUM": 1 }, "geometry": { "type": "Point", "coordinates": [ -0.9777508, 51.5961408 ] } },
{ "type": "Feature", "properties": { "LAYER": "Created, never classified", "ELEVATION": 0, "RETURN_CNT": 1, "RETURN_NUM": 1 }, "geometry": { "type": "Point", "coordinates": [ -0.9776524, 51.5961323 ] } },
{ "type": "Feature", "properties": { "LAYER": "Created, never classified", "ELEVATION": 0, "RETURN_CNT": 1, "RETURN_NUM": 1 }, "geometry": { "type": "Point", "coordinates": [ -0.9778299, 51.5961307 ] } },
{ "type": "Feature", "properties": { "LAYER": "Created, never classified", "ELEVATION": 0, "RETURN_CNT": 1, "RETURN_NUM": 1 }, "geometry": { "type": "Point", "coordinates": [ -0.9779666, 51.596093 ] } },
{ "type": "Feature", "properties": { "LAYER": "Created, never classified", "ELEVATION": 0, "RETURN_CNT": 1, "RETURN_NUM": 1 }, "geometry": { "type": "Point", "coordinates": [ -0.9778889, 51.5961032 ] } },
{ "type": "Feature", "properties": { "LAYER": "Created, never classified", "ELEVATION": 0, "RETURN_CNT": 1, "RETURN_NUM": 1 }, "geometry": { "type": "Point", "coordinates": [ -0.9777889, 51.5960954 ] } },
{ "type": "Feature", "properties": { "LAYER": "Created, never classified", "ELEVATION": 0, "RETURN_CNT": 1, "RETURN_NUM": 1 }, "geometry": { "type": "Point", "coordinates": [ -0.9777105, 51.5961057 ] } },
{ "type": "Feature", "properties": { "LAYER": "Created, never classified", "ELEVATION": 0, "RETURN_CNT": 1, "RETURN_NUM": 1 }, "geometry": { "type": "Point", "coordinates": [ -0.9776895, 51.5960889 ] } },
{ "type": "Feature", "properties": { "LAYER": "Created, never classified", "ELEVATION": 0, "RETURN_CNT": 1, "RETURN_NUM": 1 }, "geometry": { "type": "Point", "coordinates": [ -0.9779447, 51.596076 ] } },
{ "type": "Feature", "properties": { "LAYER": "Created, never classified", "ELEVATION": 0, "RETURN_CNT": 1, "RETURN_NUM": 1 }, "geometry": { "type": "Point", "coordinates": [ -0.9778461, 51.5960685 ] } },
{ "type": "Feature", "properties": { "LAYER": "Created, never classified", "ELEVATION": 0, "RETURN_CNT": 1, "RETURN_NUM": 1 }, "geometry": { "type": "Point", "coordinates": [ -0.9777684, 51.5960783 ] } },
{ "type": "Feature", "properties": { "LAYER": "Created, never classified", "ELEVATION": 0, "RETURN_CNT": 1, "RETURN_NUM": 1 }, "geometry": { "type": "Point", "coordinates": [ -0.9779254, 51.5960587 ] } },
{ "type": "Feature", "properties": { "LAYER": "Created, never classified", "ELEVATION": 0, "RETURN_CNT": 1, "RETURN_NUM": 1 }, "geometry": { "type": "Point", "coordinates": [ -0.9779043, 51.5960411 ] } },
{ "type": "Feature", "properties": { "LAYER": "Created, never classified", "ELEVATION": 0, "RETURN_CNT": 1, "RETURN_NUM": 1 }, "geometry": { "type": "Point", "coordinates": [ -0.9776497, 51.596053 ] } },
{ "type": "Feature", "properties": { "LAYER": "Created, never classified", "ELEVATION": 0, "RETURN_CNT": 1, "RETURN_NUM": 1 }, "geometry": { "type": "Point", "coordinates": [ -0.9778039, 51.5960345 ] } },
{ "type": "Feature", "properties": { "LAYER": "Created, never classified", "ELEVATION": 0, "RETURN_CNT": 1, "RETURN_NUM": 1 }, "geometry": { "type": "Point", "coordinates": [ -0.9777046, 51.5960268 ] } },
{ "type": "Feature", "properties": { "LAYER": "Created, never classified", "ELEVATION": 0, "RETURN_CNT": 1, "RETURN_NUM": 1 }, "geometry": { "type": "Point", "coordinates": [ -0.9776635, 51.5959927 ] } },
{ "type": "Feature", "properties": { "LAYER": "Created, never classified", "ELEVATION": 0, "RETURN_CNT": 1, "RETURN_NUM": 1 }, "geometry": { "type": "Point", "coordinates": [ -0.9778401, 51.5959899 ] } },
{ "type": "Feature", "properties": { "LAYER": "Created, never classified", "ELEVATION": 0, "RETURN_CNT": 1, "RETURN_NUM": 1 }, "geometry": { "type": "Point", "coordinates": [ -0.977899, 51.5959628 ] } },
{ "type": "Feature", "properties": { "LAYER": "Created, never classified", "ELEVATION": 0, "RETURN_CNT": 1, "RETURN_NUM": 1 }, "geometry": { "type": "Point", "coordinates": [ -0.9777989, 51.5959551 ] } },
{ "type": "Feature", "properties": { "LAYER": "Created, never classified", "ELEVATION": 0, "RETURN_CNT": 1, "RETURN_NUM": 1 }, "geometry": { "type": "Point", "coordinates": [ -0.9777212, 51.5959653 ] } },
{ "type": "Feature", "properties": { "LAYER": "Created, never classified", "ELEVATION": 0, "RETURN_CNT": 1, "RETURN_NUM": 1 }, "geometry": { "type": "Point", "coordinates": [ -0.9779554, 51.5959359 ] } },
{ "type": "Feature", "properties": { "LAYER": "Created, never classified", "ELEVATION": 0, "RETURN_CNT": 1, "RETURN_NUM": 1 }, "geometry": { "type": "Point", "coordinates": [ -0.9778787, 51.5959452 ] } },
{ "type": "Feature", "properties": { "LAYER": "Created, never classified", "ELEVATION": 0, "RETURN_CNT": 1, "RETURN_NUM": 1 }, "geometry": { "type": "Point", "coordinates": [ -0.977857, 51.5959276 ] } },
{ "type": "Feature", "properties": { "LAYER": "Created, never classified", "ELEVATION": 0, "RETURN_CNT": 1, "RETURN_NUM": 1 }, "geometry": { "type": "Point", "coordinates": [ -0.9776785, 51.5959308 ] } },
{ "type": "Feature", "properties": { "LAYER": "Created, never classified", "ELEVATION": 0, "RETURN_CNT": 1, "RETURN_NUM": 1 }, "geometry": { "type": "Point", "coordinates": [ -0.9779361, 51.5959182 ] } },
{ "type": "Feature", "properties": { "LAYER": "Created, never classified", "ELEVATION": 0, "RETURN_CNT": 1, "RETURN_NUM": 1 }, "geometry": { "type": "Point", "coordinates": [ -0.9778366, 51.5959111 ] } },
{ "type": "Feature", "properties": { "LAYER": "Created, never classified", "ELEVATION": 0, "RETURN_CNT": 1, "RETURN_NUM": 1 }, "geometry": { "type": "Point", "coordinates": [ -0.9777375, 51.5959036 ] } },
{ "type": "Feature", "properties": { "LAYER": "Created, never classified", "ELEVATION": 0, "RETURN_CNT": 1, "RETURN_NUM": 1 }, "geometry": { "type": "Point", "coordinates": [ -0.9776602, 51.5959132 ] } },
{ "type": "Feature", "properties": { "LAYER": "Created, never classified", "ELEVATION": 0, "RETURN_CNT": 1, "RETURN_NUM": 1 }, "geometry": { "type": "Point", "coordinates": [ -0.9779145, 51.5959006 ] } },
{ "type": "Feature", "properties": { "LAYER": "Created, never classified", "ELEVATION": 0, "RETURN_CNT": 1, "RETURN_NUM": 1 }, "geometry": { "type": "Point", "coordinates": [ -0.9778943, 51.5958842 ] } },
{ "type": "Feature", "properties": { "LAYER": "Created, never classified", "ELEVATION": 0, "RETURN_CNT": 1, "RETURN_NUM": 1 }, "geometry": { "type": "Point", "coordinates": [ -0.977972, 51.595874 ] } },
{ "type": "Feature", "properties": { "LAYER": "Created, never classified", "ELEVATION": 0, "RETURN_CNT": 1, "RETURN_NUM": 1 }, "geometry": { "type": "Point", "coordinates": [ -0.9779527, 51.5958573 ] } },
{ "type": "Feature", "properties": { "LAYER": "Created, never classified", "ELEVATION": 0, "RETURN_CNT": 1, "RETURN_NUM": 1 }, "geometry": { "type": "Point", "coordinates": [ -0.977794, 51.5958765 ] } },
{ "type": "Feature", "properties": { "LAYER": "Created, never classified", "ELEVATION": 0, "RETURN_CNT": 1, "RETURN_NUM": 1 }, "geometry": { "type": "Point", "coordinates": [ -0.9777738, 51.5958593 ] } },
{ "type": "Feature", "properties": { "LAYER": "Created, never classified", "ELEVATION": 0, "RETURN_CNT": 1, "RETURN_NUM": 1 }, "geometry": { "type": "Point", "coordinates": [ -0.9778515, 51.5958499 ] } },
{ "type": "Feature", "properties": { "LAYER": "Created, never classified", "ELEVATION": 0, "RETURN_CNT": 1, "RETURN_NUM": 1 }, "geometry": { "type": "Point", "coordinates": [ -0.9777519, 51.5958423 ] } },
{ "type": "Feature", "properties": { "LAYER": "Created, never classified", "ELEVATION": 0, "RETURN_CNT": 1, "RETURN_NUM": 1 }, "geometry": { "type": "Point", "coordinates": [ -0.9776775, 51.5958506 ] } },
{ "type": "Feature", "properties": { "LAYER": "Created, never classified", "ELEVATION": 0, "RETURN_CNT": 1, "RETURN_NUM": 1 }, "geometry": { "type": "Point", "coordinates": [ -0.9776526, 51.5958348 ] } },
{ "type": "Feature", "properties": { "LAYER": "Created, never classified", "ELEVATION": 0, "RETURN_CNT": 1, "RETURN_NUM": 1 }, "geometry": { "type": "Point", "coordinates": [ -0.9779102, 51.5958226 ] } },
{ "type": "Feature", "properties": { "LAYER": "Created, never classified", "ELEVATION": 0, "RETURN_CNT": 1, "RETURN_NUM": 1 }, "geometry": { "type": "Point", "coordinates": [ -0.97781, 51.5958152 ] } },
{ "type": "Feature", "properties": { "LAYER": "Created, never classified", "ELEVATION": 0, "RETURN_CNT": 1, "RETURN_NUM": 1 }, "geometry": { "type": "Point", "coordinates": [ -0.9779666, 51.5957958 ] } },
{ "type": "Feature", "properties": { "LAYER": "Created, never classified", "ELEVATION": 0, "RETURN_CNT": 1, "RETURN_NUM": 1 }, "geometry": { "type": "Point", "coordinates": [ -0.9778898, 51.5958057 ] } },
{ "type": "Feature", "properties": { "LAYER": "Created, never classified", "ELEVATION": 0, "RETURN_CNT": 1, "RETURN_NUM": 1 }, "geometry": { "type": "Point", "coordinates": [ -0.9778684, 51.595788 ] } },
{ "type": "Feature", "properties": { "LAYER": "Created, never classified", "ELEVATION": 0, "RETURN_CNT": 1, "RETURN_NUM": 1 }, "geometry": { "type": "Point", "coordinates": [ -0.9776905, 51.5957905 ] } },
{ "type": "Feature", "properties": { "LAYER": "Created, never classified", "ELEVATION": 0, "RETURN_CNT": 1, "RETURN_NUM": 1 }, "geometry": { "type": "Point", "coordinates": [ -0.9779472, 51.5957788 ] } },
{ "type": "Feature", "properties": { "LAYER": "Created, never classified", "ELEVATION": 0, "RETURN_CNT": 1, "RETURN_NUM": 1 }, "geometry": { "type": "Point", "coordinates": [ -0.9778476, 51.5957705 ] } },
{ "type": "Feature", "properties": { "LAYER": "Created, never classified", "ELEVATION": 0, "RETURN_CNT": 1, "RETURN_NUM": 1 }, "geometry": { "type": "Point", "coordinates": [ -0.9779254, 51.5957615 ] } },
{ "type": "Feature", "properties": { "LAYER": "Created, never classified", "ELEVATION": 0, "RETURN_CNT": 1, "RETURN_NUM": 1 }, "geometry": { "type": "Point", "coordinates": [ -0.9778266, 51.5957536 ] } },
{ "type": "Feature", "properties": { "LAYER": "Created, never classified", "ELEVATION": 0, "RETURN_CNT": 1, "RETURN_NUM": 1 }, "geometry": { "type": "Point", "coordinates": [ -0.9777268, 51.5957464 ] } },
{ "type": "Feature", "properties": { "LAYER": "Created, never classified", "ELEVATION": 0, "RETURN_CNT": 1, "RETURN_NUM": 1 }, "geometry": { "type": "Point", "coordinates": [ -0.9776485, 51.5957556 ] } },
{ "type": "Feature", "properties": { "LAYER": "Created, never classified", "ELEVATION": 0, "RETURN_CNT": 1, "RETURN_NUM": 1 }, "geometry": { "type": "Point", "coordinates": [ -0.977937, 51.5957285 ] } },
{ "type": "Feature", "properties": { "LAYER": "Created, never classified", "ELEVATION": 0, "RETURN_CNT": 1, "RETURN_NUM": 1 }, "geometry": { "type": "Point", "coordinates": [ -0.9779133, 51.5957129 ] } },
{ "type": "Feature", "properties": { "LAYER": "Created, never classified", "ELEVATION": 0, "RETURN_CNT": 1, "RETURN_NUM": 1 }, "geometry": { "type": "Point", "coordinates": [ -0.9778905, 51.5956962 ] } },
{ "type": "Feature", "properties": { "LAYER": "Created, never classified", "ELEVATION": 0, "RETURN_CNT": 1, "RETURN_NUM": 1 }, "geometry": { "type": "Point", "coordinates": [ -0.9776646, 51.5956945 ] } },
{ "type": "Feature", "properties": { "LAYER": "Created, never classified", "ELEVATION": 0, "RETURN_CNT": 1, "RETURN_NUM": 1 }, "geometry": { "type": "Point", "coordinates": [ -0.9778659, 51.5956805 ] } },
{ "type": "Feature", "properties": { "LAYER": "Created, never classified", "ELEVATION": 0, "RETURN_CNT": 1, "RETURN_NUM": 1 }, "geometry": { "type": "Point", "coordinates": [ -0.977845, 51.5956639 ] } },
{ "type": "Feature", "properties": { "LAYER": "Created, never classified", "ELEVATION": 0, "RETURN_CNT": 1, "RETURN_NUM": 1 }, "geometry": { "type": "Point", "coordinates": [ -0.977722, 51.5956674 ] } },
{ "type": "Feature", "properties": { "LAYER": "Created, never classified", "ELEVATION": 0, "RETURN_CNT": 1, "RETURN_NUM": 1 }, "geometry": { "type": "Point", "coordinates": [ -0.9777008, 51.5956506 ] } },
{ "type": "Feature", "properties": { "LAYER": "Created, never classified", "ELEVATION": 0, "RETURN_CNT": 1, "RETURN_NUM": 1 }, "geometry": { "type": "Point", "coordinates": [ -0.9777991, 51.5956311 ] } },
{ "type": "Feature", "properties": { "LAYER": "Created, never classified", "ELEVATION": 0, "RETURN_CNT": 1, "RETURN_NUM": 1 }, "geometry": { "type": "Point", "coordinates": [ -0.9776796, 51.5956333 ] } },
{ "type": "Feature", "properties": { "LAYER": "Created, never classified", "ELEVATION": 0, "RETURN_CNT": 1, "RETURN_NUM": 1 }, "geometry": { "type": "Point", "coordinates": [ -0.9777766, 51.5956148 ] } },
{ "type": "Feature", "properties": { "LAYER": "Created, never classified", "ELEVATION": 0, "RETURN_CNT": 1, "RETURN_NUM": 1 }, "geometry": { "type": "Point", "coordinates": [ -0.9776605, 51.5956154 ] } },
{ "type": "Feature", "properties": { "LAYER": "Created, never classified", "ELEVATION": 0, "RETURN_CNT": 1, "RETURN_NUM": 1 }, "geometry": { "type": "Point", "coordinates": [ -0.977751, 51.5955995 ] } },
{ "type": "Feature", "properties": { "LAYER": "Created, never classified", "ELEVATION": 0, "RETURN_CNT": 1, "RETURN_NUM": 1 }, "geometry": { "type": "Point", "coordinates": [ -0.977707, 51.5955658 ] } },
{ "type": "Feature", "properties": { "LAYER": "Created, never classified", "ELEVATION": 0, "RETURN_CNT": 1, "RETURN_NUM": 1 }, "geometry": { "type": "Point", "coordinates": [ -0.9776852, 51.5955495 ] } },
{ "type": "Feature", "properties": { "LAYER": "Created, never classified", "ELEVATION": 0, "RETURN_CNT": 1, "RETURN_NUM": 1 }, "geometry": { "type": "Point", "coordinates": [ -0.9776612, 51.5955334 ] } },
{ "type": "Feature", "properties": { "LAYER": "Created, never classified", "ELEVATION": 0, "RETURN_CNT": 1, "RETURN_NUM": 1 }, "geometry": { "type": "Point", "coordinates": [ -0.9775582, 51.5962045 ] } },
{ "type": "Feature", "properties": { "LAYER": "Created, never classified", "ELEVATION": 0, "RETURN_CNT": 1, "RETURN_NUM": 1 }, "geometry": { "type": "Point", "coordinates": [ -0.9773583, 51.596189 ] } },
{ "type": "Feature", "properties": { "LAYER": "Created, never classified", "ELEVATION": 0, "RETURN_CNT": 1, "RETURN_NUM": 1 }, "geometry": { "type": "Point", "coordinates": [ -0.9774964, 51.5961519 ] } },
{ "type": "Feature", "properties": { "LAYER": "Created, never classified", "ELEVATION": 0, "RETURN_CNT": 1, "RETURN_NUM": 1 }, "geometry": { "type": "Point", "coordinates": [ -0.9773742, 51.5961282 ] } },
{ "type": "Feature", "properties": { "LAYER": "Created, never classified", "ELEVATION": 0, "RETURN_CNT": 1, "RETURN_NUM": 1 }, "geometry": { "type": "Point", "coordinates": [ -0.9775528, 51.5961251 ] } },
{ "type": "Feature", "properties": { "LAYER": "Created, never classified", "ELEVATION": 0, "RETURN_CNT": 1, "RETURN_NUM": 1 }, "geometry": { "type": "Point", "coordinates": [ -0.9774542, 51.5961168 ] } },
{ "type": "Feature", "properties": { "LAYER": "Created, never classified", "ELEVATION": 0, "RETURN_CNT": 1, "RETURN_NUM": 1 }, "geometry": { "type": "Point", "coordinates": [ -0.9774324, 51.5961008 ] } },
{ "type": "Feature", "properties": { "LAYER": "Created, never classified", "ELEVATION": 0, "RETURN_CNT": 1, "RETURN_NUM": 1 }, "geometry": { "type": "Point", "coordinates": [ -0.9773318, 51.5960935 ] } },
{ "type": "Feature", "properties": { "LAYER": "Created, never classified", "ELEVATION": 0, "RETURN_CNT": 1, "RETURN_NUM": 1 }, "geometry": { "type": "Point", "coordinates": [ -0.9775897, 51.596081 ] } },
{ "type": "Feature", "properties": { "LAYER": "Created, never classified", "ELEVATION": 0, "RETURN_CNT": 1, "RETURN_NUM": 1 }, "geometry": { "type": "Point", "coordinates": [ -0.9774915, 51.5960737 ] } },
{ "type": "Feature", "properties": { "LAYER": "Created, never classified", "ELEVATION": 0, "RETURN_CNT": 1, "RETURN_NUM": 1 }, "geometry": { "type": "Point", "coordinates": [ -0.9773908, 51.596066 ] } },
{ "type": "Feature", "properties": { "LAYER": "Created, never classified", "ELEVATION": 0, "RETURN_CNT": 1, "RETURN_NUM": 1 }, "geometry": { "type": "Point", "coordinates": [ -0.9773115, 51.5960761 ] } },
{ "type": "Feature", "properties": { "LAYER": "Created, never classified", "ELEVATION": 0, "RETURN_CNT": 1, "RETURN_NUM": 1 }, "geometry": { "type": "Point", "coordinates": [ -0.9776265, 51.5960363 ] } },
{ "type": "Feature", "properties": { "LAYER": "Created, never classified", "ELEVATION": 0, "RETURN_CNT": 1, "RETURN_NUM": 1 }, "geometry": { "type": "Point", "coordinates": [ -0.9774482, 51.5960385 ] } },
{ "type": "Feature", "properties": { "LAYER": "Created, never classified", "ELEVATION": 0, "RETURN_CNT": 1, "RETURN_NUM": 1 }, "geometry": { "type": "Point", "coordinates": [ -0.9773493, 51.5960311 ] } },
{ "type": "Feature", "properties": { "LAYER": "Created, never classified", "ELEVATION": 0, "RETURN_CNT": 1, "RETURN_NUM": 1 }, "geometry": { "type": "Point", "coordinates": [ -0.9776049, 51.5960202 ] } },
{ "type": "Feature", "properties": { "LAYER": "Created, never classified", "ELEVATION": 0, "RETURN_CNT": 1, "RETURN_NUM": 1 }, "geometry": { "type": "Point", "coordinates": [ -0.9775057, 51.5960117 ] } },
{ "type": "Feature", "properties": { "LAYER": "Created, never classified", "ELEVATION": 0, "RETURN_CNT": 1, "RETURN_NUM": 1 }, "geometry": { "type": "Point", "coordinates": [ -0.9774279, 51.5960211 ] } },
{ "type": "Feature", "properties": { "LAYER": "Created, never classified", "ELEVATION": 0, "RETURN_CNT": 1, "RETURN_NUM": 1 }, "geometry": { "type": "Point", "coordinates": [ -0.9773284, 51.5960144 ] } },
{ "type": "Feature", "properties": { "LAYER": "Created, never classified", "ELEVATION": 0, "RETURN_CNT": 1, "RETURN_NUM": 1 }, "geometry": { "type": "Point", "coordinates": [ -0.9774069, 51.5960052 ] } },
{ "type": "Feature", "properties": { "LAYER": "Created, never classified", "ELEVATION": 0, "RETURN_CNT": 1, "RETURN_NUM": 1 }, "geometry": { "type": "Point", "coordinates": [ -0.9773864, 51.5959872 ] } },
{ "type": "Feature", "properties": { "LAYER": "Created, never classified", "ELEVATION": 0, "RETURN_CNT": 1, "RETURN_NUM": 1 }, "geometry": { "type": "Point", "coordinates": [ -0.9775645, 51.595984 ] } },
{ "type": "Feature", "properties": { "LAYER": "Created, never classified", "ELEVATION": 0, "RETURN_CNT": 1, "RETURN_NUM": 1 }, "geometry": { "type": "Point", "coordinates": [ -0.977543, 51.5959674 ] } },
{ "type": "Feature", "properties": { "LAYER": "Created, never classified", "ELEVATION": 0, "RETURN_CNT": 1, "RETURN_NUM": 1 }, "geometry": { "type": "Point", "coordinates": [ -0.9774648, 51.5959772 ] } },
{ "type": "Feature", "properties": { "LAYER": "Created, never classified", "ELEVATION": 0, "RETURN_CNT": 1, "RETURN_NUM": 1 }, "geometry": { "type": "Point", "coordinates": [ -0.9773643, 51.59597 ] } },
{ "type": "Feature", "properties": { "LAYER": "Created, never classified", "ELEVATION": 0, "RETURN_CNT": 1, "RETURN_NUM": 1 }, "geometry": { "type": "Point", "coordinates": [ -0.9776211, 51.5959578 ] } },
{ "type": "Feature", "properties": { "LAYER": "Created, never classified", "ELEVATION": 0, "RETURN_CNT": 1, "RETURN_NUM": 1 }, "geometry": { "type": "Point", "coordinates": [ -0.9775223, 51.5959501 ] } },
{ "type": "Feature", "properties": { "LAYER": "Created, never classified", "ELEVATION": 0, "RETURN_CNT": 1, "RETURN_NUM": 1 }, "geometry": { "type": "Point", "coordinates": [ -0.9774224, 51.5959428 ] } },
{ "type": "Feature", "properties": { "LAYER": "Created, never classified", "ELEVATION": 0, "RETURN_CNT": 1, "RETURN_NUM": 1 }, "geometry": { "type": "Point", "coordinates": [ -0.977344, 51.5959524 ] } },
{ "type": "Feature", "properties": { "LAYER": "Created, never classified", "ELEVATION": 0, "RETURN_CNT": 1, "RETURN_NUM": 1 }, "geometry": { "type": "Point", "coordinates": [ -0.9776008, 51.5959404 ] } },
{ "type": "Feature", "properties": { "LAYER": "Created, never classified", "ELEVATION": 0, "RETURN_CNT": 1, "RETURN_NUM": 1 }, "geometry": { "type": "Point", "coordinates": [ -0.9775023, 51.595933 ] } },
{ "type": "Feature", "properties": { "LAYER": "Created, never classified", "ELEVATION": 0, "RETURN_CNT": 1, "RETURN_NUM": 1 }, "geometry": { "type": "Point", "coordinates": [ -0.9773225, 51.5959362 ] } },
{ "type": "Feature", "properties": { "LAYER": "Created, never classified", "ELEVATION": 0, "RETURN_CNT": 1, "RETURN_NUM": 1 }, "geometry": { "type": "Point", "coordinates": [ -0.977559, 51.5959062 ] } },
{ "type": "Feature", "properties": { "LAYER": "Created, never classified", "ELEVATION": 0, "RETURN_CNT": 1, "RETURN_NUM": 1 }, "geometry": { "type": "Point", "coordinates": [ -0.9774798, 51.5959157 ] } },
{ "type": "Feature", "properties": { "LAYER": "Created, never classified", "ELEVATION": 0, "RETURN_CNT": 1, "RETURN_NUM": 1 }, "geometry": { "type": "Point", "coordinates": [ -0.9776376, 51.5958963 ] } },
{ "type": "Feature", "properties": { "LAYER": "Created, never classified", "ELEVATION": 0, "RETURN_CNT": 1, "RETURN_NUM": 1 }, "geometry": { "type": "Point", "coordinates": [ -0.9776182, 51.5958783 ] } },
{ "type": "Feature", "properties": { "LAYER": "Created, never classified", "ELEVATION": 0, "RETURN_CNT": 1, "RETURN_NUM": 1 }, "geometry": { "type": "Point", "coordinates": [ -0.9775382, 51.5958886 ] } },
{ "type": "Feature", "properties": { "LAYER": "Created, never classified", "ELEVATION": 0, "RETURN_CNT": 1, "RETURN_NUM": 1 }, "geometry": { "type": "Point", "coordinates": [ -0.9774375, 51.5958823 ] } },
{ "type": "Feature", "properties": { "LAYER": "Created, never classified", "ELEVATION": 0, "RETURN_CNT": 1, "RETURN_NUM": 1 }, "geometry": { "type": "Point", "coordinates": [ -0.977358, 51.5958914 ] } },
{ "type": "Feature", "properties": { "LAYER": "Created, never classified", "ELEVATION": 0, "RETURN_CNT": 1, "RETURN_NUM": 1 }, "geometry": { "type": "Point", "coordinates": [ -0.9775979, 51.595861 ] } },
{ "type": "Feature", "properties": { "LAYER": "Created, never classified", "ELEVATION": 0, "RETURN_CNT": 1, "RETURN_NUM": 1 }, "geometry": { "type": "Point", "coordinates": [ -0.9774953, 51.5958549 ] } },
{ "type": "Feature", "properties": { "LAYER": "Created, never classified", "ELEVATION": 0, "RETURN_CNT": 1, "RETURN_NUM": 1 }, "geometry": { "type": "Point", "coordinates": [ -0.9774733, 51.5958378 ] } },
{ "type": "Feature", "properties": { "LAYER": "Created, never classified", "ELEVATION": 0, "RETURN_CNT": 1, "RETURN_NUM": 1 }, "geometry": { "type": "Point", "coordinates": [ -0.9776327, 51.5958176 ] } },
{ "type": "Feature", "properties": { "LAYER": "Created, never classified", "ELEVATION": 0, "RETURN_CNT": 1, "RETURN_NUM": 1 }, "geometry": { "type": "Point", "coordinates": [ -0.977554, 51.595827 ] } },
{ "type": "Feature", "properties": { "LAYER": "Created, never classified", "ELEVATION": 0, "RETURN_CNT": 1, "RETURN_NUM": 1 }, "geometry": { "type": "Point", "coordinates": [ -0.9775343, 51.5958093 ] } },
{ "type": "Feature", "properties": { "LAYER": "Created, never classified", "ELEVATION": 0, "RETURN_CNT": 1, "RETURN_NUM": 1 }, "geometry": { "type": "Point", "coordinates": [ -0.9776123, 51.5958003 ] } },
{ "type": "Feature", "properties": { "LAYER": "Created, never classified", "ELEVATION": 0, "RETURN_CNT": 1, "RETURN_NUM": 1 }, "geometry": { "type": "Point", "coordinates": [ -0.9775911, 51.595783 ] } },
{ "type": "Feature", "properties": { "LAYER": "Created, never classified", "ELEVATION": 0, "RETURN_CNT": 1, "RETURN_NUM": 1 }, "geometry": { "type": "Point", "coordinates": [ -0.9774129, 51.595786 ] } },
{ "type": "Feature", "properties": { "LAYER": "Created, never classified", "ELEVATION": 0, "RETURN_CNT": 1, "RETURN_NUM": 1 }, "geometry": { "type": "Point", "coordinates": [ -0.9773345, 51.5957957 ] } },
{ "type": "Feature", "properties": { "LAYER": "Created, never classified", "ELEVATION": 0, "RETURN_CNT": 1, "RETURN_NUM": 1 }, "geometry": { "type": "Point", "coordinates": [ -0.9773135, 51.5957776 ] } },
{ "type": "Feature", "properties": { "LAYER": "Created, never classified", "ELEVATION": 0, "RETURN_CNT": 1, "RETURN_NUM": 1 }, "geometry": { "type": "Point", "coordinates": [ -0.9774919, 51.5957753 ] } },
{ "type": "Feature", "properties": { "LAYER": "Created, never classified", "ELEVATION": 0, "RETURN_CNT": 1, "RETURN_NUM": 1 }, "geometry": { "type": "Point", "coordinates": [ -0.9774703, 51.5957586 ] } },
{ "type": "Feature", "properties": { "LAYER": "Created, never classified", "ELEVATION": 0, "RETURN_CNT": 1, "RETURN_NUM": 1 }, "geometry": { "type": "Point", "coordinates": [ -0.977628, 51.595738 ] } },
{ "type": "Feature", "properties": { "LAYER": "Created, never classified", "ELEVATION": 0, "RETURN_CNT": 1, "RETURN_NUM": 1 }, "geometry": { "type": "Point", "coordinates": [ -0.9773714, 51.5957509 ] } },
{ "type": "Feature", "properties": { "LAYER": "Created, never classified", "ELEVATION": 0, "RETURN_CNT": 1, "RETURN_NUM": 1 }, "geometry": { "type": "Point", "coordinates": [ -0.977351, 51.5957336 ] } },
{ "type": "Feature", "properties": { "LAYER": "Created, never classified", "ELEVATION": 0, "RETURN_CNT": 1, "RETURN_NUM": 1 }, "geometry": { "type": "Point", "coordinates": [ -0.9776073, 51.5957211 ] } },
{ "type": "Feature", "properties": { "LAYER": "Created, never classified", "ELEVATION": 0, "RETURN_CNT": 1, "RETURN_NUM": 1 }, "geometry": { "type": "Point", "coordinates": [ -0.9775296, 51.5957307 ] } },
{ "type": "Feature", "properties": { "LAYER": "Created, never classified", "ELEVATION": 0, "RETURN_CNT": 1, "RETURN_NUM": 1 }, "geometry": { "type": "Point", "coordinates": [ -0.9775082, 51.5957143 ] } },
{ "type": "Feature", "properties": { "LAYER": "Created, never classified", "ELEVATION": 0, "RETURN_CNT": 1, "RETURN_NUM": 1 }, "geometry": { "type": "Point", "coordinates": [ -0.9775874, 51.5957041 ] } },
{ "type": "Feature", "properties": { "LAYER": "Created, never classified", "ELEVATION": 0, "RETURN_CNT": 1, "RETURN_NUM": 1 }, "geometry": { "type": "Point", "coordinates": [ -0.9774073, 51.5957081 ] } },
{ "type": "Feature", "properties": { "LAYER": "Created, never classified", "ELEVATION": 0, "RETURN_CNT": 1, "RETURN_NUM": 1 }, "geometry": { "type": "Point", "coordinates": [ -0.9773868, 51.5956891 ] } },
{ "type": "Feature", "properties": { "LAYER": "Created, never classified", "ELEVATION": 0, "RETURN_CNT": 1, "RETURN_NUM": 1 }, "geometry": { "type": "Point", "coordinates": [ -0.9773094, 51.5956991 ] } },
{ "type": "Feature", "properties": { "LAYER": "Created, never classified", "ELEVATION": 0, "RETURN_CNT": 1, "RETURN_NUM": 1 }, "geometry": { "type": "Point", "coordinates": [ -0.9776434, 51.5956775 ] } },
{ "type": "Feature", "properties": { "LAYER": "Created, never classified", "ELEVATION": 0, "RETURN_CNT": 1, "RETURN_NUM": 1 }, "geometry": { "type": "Point", "coordinates": [ -0.9774263, 51.5956448 ] } },
{ "type": "Feature", "properties": { "LAYER": "Created, never classified", "ELEVATION": 0, "RETURN_CNT": 1, "RETURN_NUM": 1 }, "geometry": { "type": "Point", "coordinates": [ -0.9773463, 51.5956545 ] } },
{ "type": "Feature", "properties": { "LAYER": "Created, never classified", "ELEVATION": 0, "RETURN_CNT": 1, "RETURN_NUM": 1 }, "geometry": { "type": "Point", "coordinates": [ -0.9773257, 51.5956374 ] } },
{ "type": "Feature", "properties": { "LAYER": "Created, never classified", "ELEVATION": 0, "RETURN_CNT": 1, "RETURN_NUM": 1 }, "geometry": { "type": "Point", "coordinates": [ -0.9774828, 51.595618 ] } },
{ "type": "Feature", "properties": { "LAYER": "Created, never classified", "ELEVATION": 0, "RETURN_CNT": 1, "RETURN_NUM": 1 }, "geometry": { "type": "Point", "coordinates": [ -0.9776181, 51.5955808 ] } },
{ "type": "Feature", "properties": { "LAYER": "Created, never classified", "ELEVATION": 0, "RETURN_CNT": 1, "RETURN_NUM": 1 }, "geometry": { "type": "Point", "coordinates": [ -0.977541, 51.5955909 ] } },
{ "type": "Feature", "properties": { "LAYER": "Created, never classified", "ELEVATION": 0, "RETURN_CNT": 1, "RETURN_NUM": 1 }, "geometry": { "type": "Point", "coordinates": [ -0.9774407, 51.5955835 ] } },
{ "type": "Feature", "properties": { "LAYER": "Created, never classified", "ELEVATION": 0, "RETURN_CNT": 1, "RETURN_NUM": 1 }, "geometry": { "type": "Point", "coordinates": [ -0.977477, 51.5955395 ] } },
{ "type": "Feature", "properties": { "LAYER": "Created, never classified", "ELEVATION": 0, "RETURN_CNT": 1, "RETURN_NUM": 1 }, "geometry": { "type": "Point", "coordinates": [ -0.9776133, 51.595503 ] } },
{ "type": "Feature", "properties": { "LAYER": "Created, never classified", "ELEVATION": 0, "RETURN_CNT": 1, "RETURN_NUM": 1 }, "geometry": { "type": "Point", "coordinates": [ -0.9775904, 51.5954859 ] } },
{ "type": "Feature", "properties": { "LAYER": "Created, never classified", "ELEVATION": 0, "RETURN_CNT": 1, "RETURN_NUM": 1 }, "geometry": { "type": "Point", "coordinates": [ -0.9775138, 51.5954956 ] } },
{ "type": "Feature", "properties": { "LAYER": "Created, never classified", "ELEVATION": 0, "RETURN_CNT": 1, "RETURN_NUM": 1 }, "geometry": { "type": "Point", "coordinates": [ -0.9775673, 51.5954707 ] } },
{ "type": "Feature", "properties": { "LAYER": "Created, never classified", "ELEVATION": 0, "RETURN_CNT": 1, "RETURN_NUM": 1 }, "geometry": { "type": "Point", "coordinates": [ -0.9774913, 51.5954784 ] } },
{ "type": "Feature", "properties": { "LAYER": "Created, never classified", "ELEVATION": 0, "RETURN_CNT": 1, "RETURN_NUM": 1 }, "geometry": { "type": "Point", "coordinates": [ -0.9773942, 51.5954706 ] } },
{ "type": "Feature", "properties": { "LAYER": "Created, never classified", "ELEVATION": 0, "RETURN_CNT": 1, "RETURN_NUM": 1 }, "geometry": { "type": "Point", "coordinates": [ -0.9775229, 51.5954365 ] } },
{ "type": "Feature", "properties": { "LAYER": "Created, never classified", "ELEVATION": 0, "RETURN_CNT": 1, "RETURN_NUM": 1 }, "geometry": { "type": "Point", "coordinates": [ -0.9773844, 51.5953399 ] } },
{ "type": "Feature", "properties": { "LAYER": "Created, never classified", "ELEVATION": 0, "RETURN_CNT": 1, "RETURN_NUM": 1 }, "geometry": { "type": "Point", "coordinates": [ -0.977164, 51.5962533 ] } },
{ "type": "Feature", "properties": { "LAYER": "Created, never classified", "ELEVATION": 0, "RETURN_CNT": 1, "RETURN_NUM": 1 }, "geometry": { "type": "Point", "coordinates": [ -0.977144, 51.5962365 ] } },
{ "type": "Feature", "properties": { "LAYER": "Created, never classified", "ELEVATION": 0, "RETURN_CNT": 1, "RETURN_NUM": 1 }, "geometry": { "type": "Point", "coordinates": [ -0.9769876, 51.596255 ] } },
{ "type": "Feature", "properties": { "LAYER": "Created, never classified", "ELEVATION": 0, "RETURN_CNT": 1, "RETURN_NUM": 1 }, "geometry": { "type": "Point", "coordinates": [ -0.9769664, 51.5962385 ] } },
{ "type": "Feature", "properties": { "LAYER": "Created, never classified", "ELEVATION": 0, "RETURN_CNT": 1, "RETURN_NUM": 1 }, "geometry": { "type": "Point", "coordinates": [ -0.977044, 51.5962286 ] } },
{ "type": "Feature", "properties": { "LAYER": "Created, never classified", "ELEVATION": 0, "RETURN_CNT": 1, "RETURN_NUM": 1 }, "geometry": { "type": "Point", "coordinates": [ -0.9770238, 51.5962117 ] } },
{ "type": "Feature", "properties": { "LAYER": "Created, never classified", "ELEVATION": 0, "RETURN_CNT": 1, "RETURN_NUM": 1 }, "geometry": { "type": "Point", "coordinates": [ -0.9772017, 51.5962087 ] } },
{ "type": "Feature", "properties": { "LAYER": "Created, never classified", "ELEVATION": 0, "RETURN_CNT": 1, "RETURN_NUM": 1 }, "geometry": { "type": "Point", "coordinates": [ -0.9770025, 51.5961939 ] } },
{ "type": "Feature", "properties": { "LAYER": "Created, never classified", "ELEVATION": 0, "RETURN_CNT": 1, "RETURN_NUM": 1 }, "geometry": { "type": "Point", "coordinates": [ -0.9772606, 51.5961822 ] } },
{ "type": "Feature", "properties": { "LAYER": "Created, never classified", "ELEVATION": 0, "RETURN_CNT": 1, "RETURN_NUM": 1 }, "geometry": { "type": "Point", "coordinates": [ -0.9771592, 51.5961742 ] } },
{ "type": "Feature", "properties": { "LAYER": "Created, never classified", "ELEVATION": 0, "RETURN_CNT": 1, "RETURN_NUM": 1 }, "geometry": { "type": "Point", "coordinates": [ -0.9770592, 51.5961676 ] } },
{ "type": "Feature", "properties": { "LAYER": "Created, never classified", "ELEVATION": 0, "RETURN_CNT": 1, "RETURN_NUM": 1 }, "geometry": { "type": "Point", "coordinates": [ -0.9770394, 51.59615 ] } },
{ "type": "Feature", "properties": { "LAYER": "Created, never classified", "ELEVATION": 0, "RETURN_CNT": 1, "RETURN_NUM": 1 }, "geometry": { "type": "Point", "coordinates": [ -0.9769605, 51.5961598 ] } },
{ "type": "Feature", "properties": { "LAYER": "Created, never classified", "ELEVATION": 0, "RETURN_CNT": 1, "RETURN_NUM": 1 }, "geometry": { "type": "Point", "coordinates": [ -0.9771977, 51.5961297 ] } },
{ "type": "Feature", "properties": { "LAYER": "Created, never classified", "ELEVATION": 0, "RETURN_CNT": 1, "RETURN_NUM": 1 }, "geometry": { "type": "Point", "coordinates": [ -0.9771184, 51.5961397 ] } },
{ "type": "Feature", "properties": { "LAYER": "Created, never classified", "ELEVATION": 0, "RETURN_CNT": 1, "RETURN_NUM": 1 }, "geometry": { "type": "Point", "coordinates": [ -0.9770189, 51.5961324 ] } },
{ "type": "Feature", "properties": { "LAYER": "Created, never classified", "ELEVATION": 0, "RETURN_CNT": 1, "RETURN_NUM": 1 }, "geometry": { "type": "Point", "coordinates": [ -0.9772756, 51.59612 ] } },
{ "type": "Feature", "properties": { "LAYER": "Created, never classified", "ELEVATION": 0, "RETURN_CNT": 1, "RETURN_NUM": 1 }, "geometry": { "type": "Point", "coordinates": [ -0.9772549, 51.5961029 ] } },
{ "type": "Feature", "properties": { "LAYER": "Created, never classified", "ELEVATION": 0, "RETURN_CNT": 1, "RETURN_NUM": 1 }, "geometry": { "type": "Point", "coordinates": [ -0.9771755, 51.5961127 ] } },
{ "type": "Feature", "properties": { "LAYER": "Created, never classified", "ELEVATION": 0, "RETURN_CNT": 1, "RETURN_NUM": 1 }, "geometry": { "type": "Point", "coordinates": [ -0.9770769, 51.5961048 ] } },
{ "type": "Feature", "properties": { "LAYER": "Created, never classified", "ELEVATION": 0, "RETURN_CNT": 1, "RETURN_NUM": 1 }, "geometry": { "type": "Point", "coordinates": [ -0.9769975, 51.5961153 ] } },
{ "type": "Feature", "properties": { "LAYER": "Created, never classified", "ELEVATION": 0, "RETURN_CNT": 1, "RETURN_NUM": 1 }, "geometry": { "type": "Point", "coordinates": [ -0.9769764, 51.5960979 ] } },
{ "type": "Feature", "properties": { "LAYER": "Created, never classified", "ELEVATION": 0, "RETURN_CNT": 1, "RETURN_NUM": 1 }, "geometry": { "type": "Point", "coordinates": [ -0.9772341, 51.5960853 ] } },
{ "type": "Feature", "properties": { "LAYER": "Created, never classified", "ELEVATION": 0, "RETURN_CNT": 1, "RETURN_NUM": 1 }, "geometry": { "type": "Point", "coordinates": [ -0.9771553, 51.5960957 ] } },
{ "type": "Feature", "properties": { "LAYER": "Created, never classified", "ELEVATION": 0, "RETURN_CNT": 1, "RETURN_NUM": 1 }, "geometry": { "type": "Point", "coordinates": [ -0.9770561, 51.5960879 ] } },
{ "type": "Feature", "properties": { "LAYER": "Created, never classified", "ELEVATION": 0, "RETURN_CNT": 1, "RETURN_NUM": 1 }, "geometry": { "type": "Point", "coordinates": [ -0.9769564, 51.5960807 ] } },
{ "type": "Feature", "properties": { "LAYER": "Created, never classified", "ELEVATION": 0, "RETURN_CNT": 1, "RETURN_NUM": 1 }, "geometry": { "type": "Point", "coordinates": [ -0.9772912, 51.5960583 ] } },
{ "type": "Feature", "properties": { "LAYER": "Created, never classified", "ELEVATION": 0, "RETURN_CNT": 1, "RETURN_NUM": 1 }, "geometry": { "type": "Point", "coordinates": [ -0.9772133, 51.596068 ] } },
{ "type": "Feature", "properties": { "LAYER": "Created, never classified", "ELEVATION": 0, "RETURN_CNT": 1, "RETURN_NUM": 1 }, "geometry": { "type": "Point", "coordinates": [ -0.9771142, 51.5960607 ] } },
{ "type": "Feature", "properties": { "LAYER": "Created, never classified", "ELEVATION": 0, "RETURN_CNT": 1, "RETURN_NUM": 1 }, "geometry": { "type": "Point", "coordinates": [ -0.9770334, 51.5960712 ] } },
{ "type": "Feature", "properties": { "LAYER": "Created, never classified", "ELEVATION": 0, "RETURN_CNT": 1, "RETURN_NUM": 1 }, "geometry": { "type": "Point", "coordinates": [ -0.9770152, 51.5960533 ] } },
{ "type": "Feature", "properties": { "LAYER": "Created, never classified", "ELEVATION": 0, "RETURN_CNT": 1, "RETURN_NUM": 1 }, "geometry": { "type": "Point", "coordinates": [ -0.9772684, 51.5960422 ] } },
{ "type": "Feature", "properties": { "LAYER": "Created, never classified", "ELEVATION": 0, "RETURN_CNT": 1, "RETURN_NUM": 1 }, "geometry": { "type": "Point", "coordinates": [ -0.9771716, 51.5960338 ] } },
{ "type": "Feature", "properties": { "LAYER": "Created, never classified", "ELEVATION": 0, "RETURN_CNT": 1, "RETURN_NUM": 1 }, "geometry": { "type": "Point", "coordinates": [ -0.9770923, 51.5960438 ] } },
{ "type": "Feature", "properties": { "LAYER": "Created, never classified", "ELEVATION": 0, "RETURN_CNT": 1, "RETURN_NUM": 1 }, "geometry": { "type": "Point", "coordinates": [ -0.9772294, 51.5960067 ] } },
{ "type": "Feature", "properties": { "LAYER": "Created, never classified", "ELEVATION": 0, "RETURN_CNT": 1, "RETURN_NUM": 1 }, "geometry": { "type": "Point", "coordinates": [ -0.9769726, 51.5960186 ] } },
{ "type": "Feature", "properties": { "LAYER": "Created, never classified", "ELEVATION": 0, "RETURN_CNT": 1, "RETURN_NUM": 1 }, "geometry": { "type": "Point", "coordinates": [ -0.9771091, 51.5959814 ] } },
{ "type": "Feature", "properties": { "LAYER": "Created, never classified", "ELEVATION": 0, "RETURN_CNT": 1, "RETURN_NUM": 1 }, "geometry": { "type": "Point", "coordinates": [ -0.9772866, 51.5959795 ] } },
{ "type": "Feature", "properties": { "LAYER": "Created, never classified", "ELEVATION": 0, "RETURN_CNT": 1, "RETURN_NUM": 1 }, "geometry": { "type": "Point", "coordinates": [ -0.9772652, 51.5959627 ] } },
{ "type": "Feature", "properties": { "LAYER": "Created, never classified", "ELEVATION": 0, "RETURN_CNT": 1, "RETURN_NUM": 1 }, "geometry": { "type": "Point", "coordinates": [ -0.9771847, 51.5959731 ] } },
{ "type": "Feature", "properties": { "LAYER": "Created, never classified", "ELEVATION": 0, "RETURN_CNT": 1, "RETURN_NUM": 1 }, "geometry": { "type": "Point", "coordinates": [ -0.9770883, 51.5959645 ] } },
{ "type": "Feature", "properties": { "LAYER": "Created, never classified", "ELEVATION": 0, "RETURN_CNT": 1, "RETURN_NUM": 1 }, "geometry": { "type": "Point", "coordinates": [ -0.9772453, 51.5959444 ] } },
{ "type": "Feature", "properties": { "LAYER": "Created, never classified", "ELEVATION": 0, "RETURN_CNT": 1, "RETURN_NUM": 1 }, "geometry": { "type": "Point", "coordinates": [ -0.9771646, 51.5959554 ] } },
{ "type": "Feature", "properties": { "LAYER": "Created, never classified", "ELEVATION": 0, "RETURN_CNT": 1, "RETURN_NUM": 1 }, "geometry": { "type": "Point", "coordinates": [ -0.9769668, 51.59594 ] } },
{ "type": "Feature", "properties": { "LAYER": "Created, never classified", "ELEVATION": 0, "RETURN_CNT": 1, "RETURN_NUM": 1 }, "geometry": { "type": "Point", "coordinates": [ -0.9772252, 51.595927 ] } },
{ "type": "Feature", "properties": { "LAYER": "Created, never classified", "ELEVATION": 0, "RETURN_CNT": 1, "RETURN_NUM": 1 }, "geometry": { "type": "Point", "coordinates": [ -0.9772812, 51.5959009 ] } },
{ "type": "Feature", "properties": { "LAYER": "Created, never classified", "ELEVATION": 0, "RETURN_CNT": 1, "RETURN_NUM": 1 }, "geometry": { "type": "Point", "coordinates": [ -0.9770045, 51.5958959 ] } },
{ "type": "Feature", "properties": { "LAYER": "Created, never classified", "ELEVATION": 0, "RETURN_CNT": 1, "RETURN_NUM": 1 }, "geometry": { "type": "Point", "coordinates": [ -0.9772614, 51.5958839 ] } },
{ "type": "Feature", "properties": { "LAYER": "Created, never classified", "ELEVATION": 0, "RETURN_CNT": 1, "RETURN_NUM": 1 }, "geometry": { "type": "Point", "coordinates": [ -0.9771618, 51.5958766 ] } },
{ "type": "Feature", "properties": { "LAYER": "Created, never classified", "ELEVATION": 0, "RETURN_CNT": 1, "RETURN_NUM": 1 }, "geometry": { "type": "Point", "coordinates": [ -0.9770832, 51.5958858 ] } },
{ "type": "Feature", "properties": { "LAYER": "Created, never classified", "ELEVATION": 0, "RETURN_CNT": 1, "RETURN_NUM": 1 }, "geometry": { "type": "Point", "coordinates": [ -0.9770615, 51.5958698 ] } },
{ "type": "Feature", "properties": { "LAYER": "Created, never classified", "ELEVATION": 0, "RETURN_CNT": 1, "RETURN_NUM": 1 }, "geometry": { "type": "Point", "coordinates": [ -0.9772409, 51.5958662 ] } },
{ "type": "Feature", "properties": { "LAYER": "Created, never classified", "ELEVATION": 0, "RETURN_CNT": 1, "RETURN_NUM": 1 }, "geometry": { "type": "Point", "coordinates": [ -0.9772763, 51.5958229 ] } },
{ "type": "Feature", "properties": { "LAYER": "Created, never classified", "ELEVATION": 0, "RETURN_CNT": 1, "RETURN_NUM": 1 }, "geometry": { "type": "Point", "coordinates": [ -0.9771004, 51.5958241 ] } },
{ "type": "Feature", "properties": { "LAYER": "Created, never classified", "ELEVATION": 0, "RETURN_CNT": 1, "RETURN_NUM": 1 }, "geometry": { "type": "Point", "coordinates": [ -0.9770209, 51.5958337 ] } },
{ "type": "Feature", "properties": { "LAYER": "Created, never classified", "ELEVATION": 0, "RETURN_CNT": 1, "RETURN_NUM": 1 }, "geometry": { "type": "Point", "coordinates": [ -0.9771785, 51.5958144 ] } },
{ "type": "Feature", "properties": { "LAYER": "Created, never classified", "ELEVATION": 0, "RETURN_CNT": 1, "RETURN_NUM": 1 }, "geometry": { "type": "Point", "coordinates": [ -0.9771576, 51.5957972 ] } },
{ "type": "Feature", "properties": { "LAYER": "Created, never classified", "ELEVATION": 0, "RETURN_CNT": 1, "RETURN_NUM": 1 }, "geometry": { "type": "Point", "coordinates": [ -0.9770005, 51.5958168 ] } },
{ "type": "Feature", "properties": { "LAYER": "Created, never classified", "ELEVATION": 0, "RETURN_CNT": 1, "RETURN_NUM": 1 }, "geometry": { "type": "Point", "coordinates": [ -0.977055, 51.59571 ] } },
{ "type": "Feature", "properties": { "LAYER": "Created, never classified", "ELEVATION": 0, "RETURN_CNT": 1, "RETURN_NUM": 1 }, "geometry": { "type": "Point", "coordinates": [ -0.9772095, 51.5956916 ] } },
{ "type": "Feature", "properties": { "LAYER": "Created, never classified", "ELEVATION": 0, "RETURN_CNT": 1, "RETURN_NUM": 1 }, "geometry": { "type": "Point", "coordinates": [ -0.9772477, 51.595647 ] } },
{ "type": "Feature", "properties": { "LAYER": "Created, never classified", "ELEVATION": 0, "RETURN_CNT": 1, "RETURN_NUM": 1 }, "geometry": { "type": "Point", "coordinates": [ -0.9771693, 51.5956568 ] } },
{ "type": "Feature", "properties": { "LAYER": "Created, never classified", "ELEVATION": 0, "RETURN_CNT": 1, "RETURN_NUM": 1 }, "geometry": { "type": "Point", "coordinates": [ -0.9771482, 51.5956401 ] } },
{ "type": "Feature", "properties": { "LAYER": "Created, never classified", "ELEVATION": 0, "RETURN_CNT": 1, "RETURN_NUM": 1 }, "geometry": { "type": "Point", "coordinates": [ -0.9770274, 51.5956145 ] } },
{ "type": "Feature", "properties": { "LAYER": "Created, never classified", "ELEVATION": 0, "RETURN_CNT": 1, "RETURN_NUM": 1 }, "geometry": { "type": "Point", "coordinates": [ -0.9771433, 51.5955606 ] } },
{ "type": "Feature", "properties": { "LAYER": "Created, never classified", "ELEVATION": 0, "RETURN_CNT": 1, "RETURN_NUM": 1 }, "geometry": { "type": "Point", "coordinates": [ -0.977279, 51.5955243 ] } },
{ "type": "Feature", "properties": { "LAYER": "Created, never classified", "ELEVATION": 0, "RETURN_CNT": 1, "RETURN_NUM": 1 }, "geometry": { "type": "Point", "coordinates": [ -0.9770226, 51.5955359 ] } },
{ "type": "Feature", "properties": { "LAYER": "Created, never classified", "ELEVATION": 0, "RETURN_CNT": 1, "RETURN_NUM": 1 }, "geometry": { "type": "Point", "coordinates": [ -0.9772575, 51.5955067 ] } },
{ "type": "Feature", "properties": { "LAYER": "Created, never classified", "ELEVATION": 0, "RETURN_CNT": 1, "RETURN_NUM": 1 }, "geometry": { "type": "Point", "coordinates": [ -0.9773152, 51.5954798 ] } },
{ "type": "Feature", "properties": { "LAYER": "Created, never classified", "ELEVATION": 0, "RETURN_CNT": 1, "RETURN_NUM": 1 }, "geometry": { "type": "Point", "coordinates": [ -0.9768302, 51.5962747 ] } },
{ "type": "Feature", "properties": { "LAYER": "Created, never classified", "ELEVATION": 0, "RETURN_CNT": 1, "RETURN_NUM": 1 }, "geometry": { "type": "Point", "coordinates": [ -0.9767412, 51.5962632 ] } },
{ "type": "Feature", "properties": { "LAYER": "Created, never classified", "ELEVATION": 0, "RETURN_CNT": 1, "RETURN_NUM": 1 }, "geometry": { "type": "Point", "coordinates": [ -0.976708, 51.5962512 ] } },
{ "type": "Feature", "properties": { "LAYER": "Created, never classified", "ELEVATION": 0, "RETURN_CNT": 1, "RETURN_NUM": 1 }, "geometry": { "type": "Point", "coordinates": [ -0.9768879, 51.5962478 ] } },
{ "type": "Feature", "properties": { "LAYER": "Created, never classified", "ELEVATION": 0, "RETURN_CNT": 1, "RETURN_NUM": 1 }, "geometry": { "type": "Point", "coordinates": [ -0.9768679, 51.5962304 ] } },
{ "type": "Feature", "properties": { "LAYER": "Created, never classified", "ELEVATION": 0, "RETURN_CNT": 1, "RETURN_NUM": 1 }, "geometry": { "type": "Point", "coordinates": [ -0.9767883, 51.5962402 ] } },
{ "type": "Feature", "properties": { "LAYER": "Created, never classified", "ELEVATION": 0, "RETURN_CNT": 1, "RETURN_NUM": 1 }, "geometry": { "type": "Point", "coordinates": [ -0.9766446, 51.596228 ] } },
{ "type": "Feature", "properties": { "LAYER": "Created, never classified", "ELEVATION": 0, "RETURN_CNT": 1, "RETURN_NUM": 1 }, "geometry": { "type": "Point", "coordinates": [ -0.9769442, 51.5962211 ] } },
{ "type": "Feature", "properties": { "LAYER": "Created, never classified", "ELEVATION": 0, "RETURN_CNT": 1, "RETURN_NUM": 1 }, "geometry": { "type": "Point", "coordinates": [ -0.9768454, 51.5962133 ] } },
{ "type": "Feature", "properties": { "LAYER": "Created, never classified", "ELEVATION": 0, "RETURN_CNT": 1, "RETURN_NUM": 1 }, "geometry": { "type": "Point", "coordinates": [ -0.9767664, 51.5962234 ] } },
{ "type": "Feature", "properties": { "LAYER": "Created, never classified", "ELEVATION": 0, "RETURN_CNT": 1, "RETURN_NUM": 1 }, "geometry": { "type": "Point", "coordinates": [ -0.9767446, 51.5962066 ] } },
{ "type": "Feature", "properties": { "LAYER": "Created, never classified", "ELEVATION": 0, "RETURN_CNT": 1, "RETURN_NUM": 1 }, "geometry": { "type": "Point", "coordinates": [ -0.9766674, 51.5962164 ] } },
{ "type": "Feature", "properties": { "LAYER": "Created, never classified", "ELEVATION": 0, "RETURN_CNT": 1, "RETURN_NUM": 1 }, "geometry": { "type": "Point", "coordinates": [ -0.9766118, 51.5962158 ] } },
{ "type": "Feature", "properties": { "LAYER": "Created, never classified", "ELEVATION": 0, "RETURN_CNT": 1, "RETURN_NUM": 1 }, "geometry": { "type": "Point", "coordinates": [ -0.9769248, 51.5962039 ] } },
{ "type": "Feature", "properties": { "LAYER": "Created, never classified", "ELEVATION": 0, "RETURN_CNT": 1, "RETURN_NUM": 1 }, "geometry": { "type": "Point", "coordinates": [ -0.9766255, 51.5961816 ] } },
{ "type": "Feature", "properties": { "LAYER": "Created, never classified", "ELEVATION": 0, "RETURN_CNT": 1, "RETURN_NUM": 1 }, "geometry": { "type": "Point", "coordinates": [ -0.9768895, 51.5961662 ] } },
{ "type": "Feature", "properties": { "LAYER": "Created, never classified", "ELEVATION": 0, "RETURN_CNT": 1, "RETURN_NUM": 1 }, "geometry": { "type": "Point", "coordinates": [ -0.9767048, 51.596171 ] } },
{ "type": "Feature", "properties": { "LAYER": "Created, never classified", "ELEVATION": 0, "RETURN_CNT": 1, "RETURN_NUM": 1 }, "geometry": { "type": "Point", "coordinates": [ -0.9769397, 51.5961419 ] } },
{ "type": "Feature", "properties": { "LAYER": "Created, never classified", "ELEVATION": 0, "RETURN_CNT": 1, "RETURN_NUM": 1 }, "geometry": { "type": "Point", "coordinates": [ -0.9768616, 51.5961516 ] } },
{ "type": "Feature", "properties": { "LAYER": "Created, never classified", "ELEVATION": 0, "RETURN_CNT": 1, "RETURN_NUM": 1 }, "geometry": { "type": "Point", "coordinates": [ -0.9767614, 51.5961446 ] } },
{ "type": "Feature", "properties": { "LAYER": "Created, never classified", "ELEVATION": 0, "RETURN_CNT": 1, "RETURN_NUM": 1 }, "geometry": { "type": "Point", "coordinates": [ -0.9766416, 51.5961203 ] } },
{ "type": "Feature", "properties": { "LAYER": "Created, never classified", "ELEVATION": 0, "RETURN_CNT": 1, "RETURN_NUM": 1 }, "geometry": { "type": "Point", "coordinates": [ -0.9768983, 51.5961086 ] } },
{ "type": "Feature", "properties": { "LAYER": "Created, never classified", "ELEVATION": 0, "RETURN_CNT": 1, "RETURN_NUM": 1 }, "geometry": { "type": "Point", "coordinates": [ -0.9768, 51.5960998 ] } },
{ "type": "Feature", "properties": { "LAYER": "Created, never classified", "ELEVATION": 0, "RETURN_CNT": 1, "RETURN_NUM": 1 }, "geometry": { "type": "Point", "coordinates": [ -0.9767194, 51.5961102 ] } },
{ "type": "Feature", "properties": { "LAYER": "Created, never classified", "ELEVATION": 0, "RETURN_CNT": 1, "RETURN_NUM": 1 }, "geometry": { "type": "Point", "coordinates": [ -0.9768767, 51.5960907 ] } },
{ "type": "Feature", "properties": { "LAYER": "Created, never classified", "ELEVATION": 0, "RETURN_CNT": 1, "RETURN_NUM": 1 }, "geometry": { "type": "Point", "coordinates": [ -0.9768551, 51.596074 ] } },
{ "type": "Feature", "properties": { "LAYER": "Created, never classified", "ELEVATION": 0, "RETURN_CNT": 1, "RETURN_NUM": 1 }, "geometry": { "type": "Point", "coordinates": [ -0.97678, 51.5960826 ] } },
{ "type": "Feature", "properties": { "LAYER": "Created, never classified", "ELEVATION": 0, "RETURN_CNT": 1, "RETURN_NUM": 1 }, "geometry": { "type": "Point", "coordinates": [ -0.9766791, 51.5960755 ] } },
{ "type": "Feature", "properties": { "LAYER": "Created, never classified", "ELEVATION": 0, "RETURN_CNT": 1, "RETURN_NUM": 1 }, "geometry": { "type": "Point", "coordinates": [ -0.9768352, 51.5960569 ] } },
{ "type": "Feature", "properties": { "LAYER": "Created, never classified", "ELEVATION": 0, "RETURN_CNT": 1, "RETURN_NUM": 1 }, "geometry": { "type": "Point", "coordinates": [ -0.976737, 51.5960489 ] } },
{ "type": "Feature", "properties": { "LAYER": "Created, never classified", "ELEVATION": 0, "RETURN_CNT": 1, "RETURN_NUM": 1 }, "geometry": { "type": "Point", "coordinates": [ -0.9769135, 51.5960464 ] } },
{ "type": "Feature", "properties": { "LAYER": "Created, never classified", "ELEVATION": 0, "RETURN_CNT": 1, "RETURN_NUM": 1 }, "geometry": { "type": "Point", "coordinates": [ -0.9768928, 51.5960292 ] } },
{ "type": "Feature", "properties": { "LAYER": "Created, never classified", "ELEVATION": 0, "RETURN_CNT": 1, "RETURN_NUM": 1 }, "geometry": { "type": "Point", "coordinates": [ -0.9768146, 51.5960394 ] } },
{ "type": "Feature", "properties": { "LAYER": "Created, never classified", "ELEVATION": 0, "RETURN_CNT": 1, "RETURN_NUM": 1 }, "geometry": { "type": "Point", "coordinates": [ -0.9767929, 51.5960223 ] } },
{ "type": "Feature", "properties": { "LAYER": "Created, never classified", "ELEVATION": 0, "RETURN_CNT": 1, "RETURN_NUM": 1 }, "geometry": { "type": "Point", "coordinates": [ -0.9767159, 51.5960316 ] } },
{ "type": "Feature", "properties": { "LAYER": "Created, never classified", "ELEVATION": 0, "RETURN_CNT": 1, "RETURN_NUM": 1 }, "geometry": { "type": "Point", "coordinates": [ -0.9766166, 51.596024 ] } },
{ "type": "Feature", "properties": { "LAYER": "Created, never classified", "ELEVATION": 0, "RETURN_CNT": 1, "RETURN_NUM": 1 }, "geometry": { "type": "Point", "coordinates": [ -0.9768513, 51.5959948 ] } },
{ "type": "Feature", "properties": { "LAYER": "Created, never classified", "ELEVATION": 0, "RETURN_CNT": 1, "RETURN_NUM": 1 }, "geometry": { "type": "Point", "coordinates": [ -0.9767523, 51.5959876 ] } },
{ "type": "Feature", "properties": { "LAYER": "Created, never classified", "ELEVATION": 0, "RETURN_CNT": 1, "RETURN_NUM": 1 }, "geometry": { "type": "Point", "coordinates": [ -0.9769103, 51.5959669 ] } },
{ "type": "Feature", "properties": { "LAYER": "Created, never classified", "ELEVATION": 0, "RETURN_CNT": 1, "RETURN_NUM": 1 }, "geometry": { "type": "Point", "coordinates": [ -0.9767125, 51.5959524 ] } },
{ "type": "Feature", "properties": { "LAYER": "Created, never classified", "ELEVATION": 0, "RETURN_CNT": 1, "RETURN_NUM": 1 }, "geometry": { "type": "Point", "coordinates": [ -0.9766327, 51.5959627 ] } },
{ "type": "Feature", "properties": { "LAYER": "Created, never classified", "ELEVATION": 0, "RETURN_CNT": 1, "RETURN_NUM": 1 }, "geometry": { "type": "Point", "coordinates": [ -0.9769056, 51.5958879 ] } },
{ "type": "Feature", "properties": { "LAYER": "Created, never classified", "ELEVATION": 0, "RETURN_CNT": 1, "RETURN_NUM": 1 }, "geometry": { "type": "Point", "coordinates": [ -0.9766532, 51.5958994 ] } },
{ "type": "Feature", "properties": { "LAYER": "Created, never classified", "ELEVATION": 0, "RETURN_CNT": 1, "RETURN_NUM": 1 }, "geometry": { "type": "Point", "coordinates": [ -0.9768849, 51.595871 ] } },
{ "type": "Feature", "properties": { "LAYER": "Created, never classified", "ELEVATION": 0, "RETURN_CNT": 1, "RETURN_NUM": 1 }, "geometry": { "type": "Point", "coordinates": [ -0.9769429, 51.5958445 ] } },
{ "type": "Feature", "properties": { "LAYER": "Created, never classified", "ELEVATION": 0, "RETURN_CNT": 1, "RETURN_NUM": 1 }, "geometry": { "type": "Point", "coordinates": [ -0.9767641, 51.5958469 ] } },
{ "type": "Feature", "properties": { "LAYER": "Created, never classified", "ELEVATION": 0, "RETURN_CNT": 1, "RETURN_NUM": 1 }, "geometry": { "type": "Point", "coordinates": [ -0.9765485, 51.596192 ] } },
{ "type": "Feature", "properties": { "LAYER": "Created, never classified", "ELEVATION": 0, "RETURN_CNT": 1, "RETURN_NUM": 1 }, "geometry": { "type": "Point", "coordinates": [ -0.9765146, 51.5961807 ] } },
{ "type": "Feature", "properties": { "LAYER": "Created, never classified", "ELEVATION": 0, "RETURN_CNT": 1, "RETURN_NUM": 1 }, "geometry": { "type": "Point", "coordinates": [ -0.9766053, 51.5961643 ] } },
{ "type": "Feature", "properties": { "LAYER": "Created, never classified", "ELEVATION": 0, "RETURN_CNT": 1, "RETURN_NUM": 1 }, "geometry": { "type": "Point", "coordinates": [ -0.9764833, 51.5961697 ] } },
{ "type": "Feature", "properties": { "LAYER": "Created, never classified", "ELEVATION": 0, "RETURN_CNT": 1, "RETURN_NUM": 1 }, "geometry": { "type": "Point", "coordinates": [ -0.9764607, 51.5961518 ] } },
{ "type": "Feature", "properties": { "LAYER": "Created, never classified", "ELEVATION": 0, "RETURN_CNT": 1, "RETURN_NUM": 1 }, "geometry": { "type": "Point", "coordinates": [ -0.9764191, 51.5961166 ] } },
{ "type": "Feature", "properties": { "LAYER": "Created, never classified", "ELEVATION": 0, "RETURN_CNT": 1, "RETURN_NUM": 1 }, "geometry": { "type": "Point", "coordinates": [ -0.976523, 51.5960948 ] } },
{ "type": "Feature", "properties": { "LAYER": "Created, never classified", "ELEVATION": 0, "RETURN_CNT": 1, "RETURN_NUM": 1 }, "geometry": { "type": "Point", "coordinates": [ -0.9763985, 51.5960999 ] } },
{ "type": "Feature", "properties": { "LAYER": "Created, never classified", "ELEVATION": 0, "RETURN_CNT": 1, "RETURN_NUM": 1 }, "geometry": { "type": "Point", "coordinates": [ -0.9766004, 51.5960851 ] } },
{ "type": "Feature", "properties": { "LAYER": "Created, never classified", "ELEVATION": 0, "RETURN_CNT": 1, "RETURN_NUM": 1 }, "geometry": { "type": "Point", "coordinates": [ -0.9765029, 51.5960771 ] } },
{ "type": "Feature", "properties": { "LAYER": "Created, never classified", "ELEVATION": 0, "RETURN_CNT": 1, "RETURN_NUM": 1 }, "geometry": { "type": "Point", "coordinates": [ -0.976377, 51.596083 ] } },
{ "type": "Feature", "properties": { "LAYER": "Created, never classified", "ELEVATION": 0, "RETURN_CNT": 1, "RETURN_NUM": 1 }, "geometry": { "type": "Point", "coordinates": [ -0.9763573, 51.5960652 ] } },
{ "type": "Feature", "properties": { "LAYER": "Created, never classified", "ELEVATION": 0, "RETURN_CNT": 1, "RETURN_NUM": 1 }, "geometry": { "type": "Point", "coordinates": [ -0.9765589, 51.5960508 ] } },
{ "type": "Feature", "properties": { "LAYER": "Created, never classified", "ELEVATION": 0, "RETURN_CNT": 1, "RETURN_NUM": 1 }, "geometry": { "type": "Point", "coordinates": [ -0.9762945, 51.5960127 ] } },
{ "type": "Feature", "properties": { "LAYER": "Created, never classified", "ELEVATION": 0, "RETURN_CNT": 1, "RETURN_NUM": 1 }, "geometry": { "type": "Point", "coordinates": [ -0.9765776, 51.5959886 ] } },
{ "type": "Feature", "properties": { "LAYER": "Created, never classified", "ELEVATION": 0, "RETURN_CNT": 1, "RETURN_NUM": 1 }, "geometry": { "type": "Point", "coordinates": [ -0.9765542, 51.5959725 ] } },
{ "type": "Feature", "properties": { "LAYER": "Created, never classified", "ELEVATION": 0, "RETURN_CNT": 1, "RETURN_NUM": 1 }, "geometry": { "type": "Point", "coordinates": [ -0.9762517, 51.5959777 ] } },
{ "type": "Feature", "properties": { "LAYER": "Created, never classified", "ELEVATION": 0, "RETURN_CNT": 1, "RETURN_NUM": 1 }, "geometry": { "type": "Point", "coordinates": [ -0.9763296, 51.5958344 ] } },
{ "type": "Feature", "properties": { "LAYER": "Created, never classified", "ELEVATION": 0, "RETURN_CNT": 1, "RETURN_NUM": 1 }, "geometry": { "type": "Point", "coordinates": [ -0.9772983, 51.5953259 ] } },
{ "type": "Feature", "properties": { "LAYER": "Created, never classified", "ELEVATION": 0, "RETURN_CNT": 1, "RETURN_NUM": 1 }, "geometry": { "type": "Point", "coordinates": [ -0.9772588, 51.5953509 ] } },
{ "type": "Feature", "properties": { "LAYER": "Created, never classified", "ELEVATION": 0, "RETURN_CNT": 1, "RETURN_NUM": 1 }, "geometry": { "type": "Point", "coordinates": [ -0.9771883, 51.5953767 ] } },
{ "type": "Feature", "properties": { "LAYER": "Created, never classified", "ELEVATION": 0, "RETURN_CNT": 1, "RETURN_NUM": 1 }, "geometry": { "type": "Point", "coordinates": [ -0.9770808, 51.5954284 ] } },
{ "type": "Feature", "properties": { "LAYER": "Created, never classified", "ELEVATION": 0, "RETURN_CNT": 1, "RETURN_NUM": 1 }, "geometry": { "type": "Point", "coordinates": [ -0.9770174, 51.5954565 ] } },
{ "type": "Feature", "properties": { "LAYER": "Created, never classified", "ELEVATION": 0, "RETURN_CNT": 1, "RETURN_NUM": 1 }, "geometry": { "type": "Point", "coordinates": [ -0.9769016, 51.5955115 ] } },
{ "type": "Feature", "properties": { "LAYER": "Created, never classified", "ELEVATION": 0, "RETURN_CNT": 1, "RETURN_NUM": 1 }, "geometry": { "type": "Point", "coordinates": [ -0.9769579, 51.5954891 ] } },
{ "type": "Feature", "properties": { "LAYER": "Created, never classified", "ELEVATION": 0, "RETURN_CNT": 1, "RETURN_NUM": 1 }, "geometry": { "type": "Point", "coordinates": [ -0.978508, 51.5972166 ] } },
{ "type": "Feature", "properties": { "LAYER": "Created, never classified", "ELEVATION": 0, "RETURN_CNT": 1, "RETURN_NUM": 1 }, "geometry": { "type": "Point", "coordinates": [ -0.9783515, 51.5972359 ] } },
{ "type": "Feature", "properties": { "LAYER": "Created, never classified", "ELEVATION": 0, "RETURN_CNT": 1, "RETURN_NUM": 1 }, "geometry": { "type": "Point", "coordinates": [ -0.9784666, 51.5972622 ] } },
{ "type": "Feature", "properties": { "LAYER": "Created, never classified", "ELEVATION": 0, "RETURN_CNT": 1, "RETURN_NUM": 1 }, "geometry": { "type": "Point", "coordinates": [ -0.9783631, 51.5970947 ] } },
{ "type": "Feature", "properties": { "LAYER": "Created, never classified", "ELEVATION": 0, "RETURN_CNT": 1, "RETURN_NUM": 1 }, "geometry": { "type": "Point", "coordinates": [ -0.9784413, 51.5970855 ] } },
{ "type": "Feature", "properties": { "LAYER": "Created, never classified", "ELEVATION": 0, "RETURN_CNT": 1, "RETURN_NUM": 1 }, "geometry": { "type": "Point", "coordinates": [ -0.9785411, 51.5970927 ] } },
{ "type": "Feature", "properties": { "LAYER": "Created, never classified", "ELEVATION": 0, "RETURN_CNT": 1, "RETURN_NUM": 1 }, "geometry": { "type": "Point", "coordinates": [ -0.9785661, 51.597189 ] } },
{ "type": "Feature", "properties": { "LAYER": "Created, never classified", "ELEVATION": 0, "RETURN_CNT": 1, "RETURN_NUM": 1 }, "geometry": { "type": "Point", "coordinates": [ -0.97861, 51.597168 ] } },
{ "type": "Feature", "properties": { "LAYER": "Created, never classified", "ELEVATION": 0, "RETURN_CNT": 1, "RETURN_NUM": 1 }, "geometry": { "type": "Point", "coordinates": [ -0.9786134, 51.5971931 ] } },
{ "type": "Feature", "properties": { "LAYER": "Created, never classified", "ELEVATION": 0, "RETURN_CNT": 1, "RETURN_NUM": 1 }, "geometry": { "type": "Point", "coordinates": [ -0.9786017, 51.5970642 ] } },
{ "type": "Feature", "properties": { "LAYER": "Created, never classified", "ELEVATION": 0, "RETURN_CNT": 1, "RETURN_NUM": 1 }, "geometry": { "type": "Point", "coordinates": [ -0.9785793, 51.5968307 ] } },
{ "type": "Feature", "properties": { "LAYER": "Created, never classified", "ELEVATION": 0, "RETURN_CNT": 1, "RETURN_NUM": 1 }, "geometry": { "type": "Point", "coordinates": [ -0.9785309, 51.5969352 ] } },
{ "type": "Feature", "properties": { "LAYER": "Created, never classified", "ELEVATION": 0, "RETURN_CNT": 1, "RETURN_NUM": 1 }, "geometry": { "type": "Point", "coordinates": [ -0.9784641, 51.596887 ] } },
{ "type": "Feature", "properties": { "LAYER": "Created, never classified", "ELEVATION": 0, "RETURN_CNT": 1, "RETURN_NUM": 1 }, "geometry": { "type": "Point", "coordinates": [ -0.9785098, 51.5968647 ] } },
{ "type": "Feature", "properties": { "LAYER": "Created, never classified", "ELEVATION": 0, "RETURN_CNT": 1, "RETURN_NUM": 1 }, "geometry": { "type": "Point", "coordinates": [ -0.9784582, 51.5968079 ] } },
{ "type": "Feature", "properties": { "LAYER": "Created, never classified", "ELEVATION": 0, "RETURN_CNT": 1, "RETURN_NUM": 1 }, "geometry": { "type": "Point", "coordinates": [ -0.9784483, 51.5968667 ] } },
{ "type": "Feature", "properties": { "LAYER": "Created, never classified", "ELEVATION": 0, "RETURN_CNT": 1, "RETURN_NUM": 1 }, "geometry": { "type": "Point", "coordinates": [ -0.978423, 51.5968478 ] } },
{ "type": "Feature", "properties": { "LAYER": "Created, never classified", "ELEVATION": 0, "RETURN_CNT": 1, "RETURN_NUM": 1 }, "geometry": { "type": "Point", "coordinates": [ -0.9783845, 51.5968155 ] } },
{ "type": "Feature", "properties": { "LAYER": "Created, never classified", "ELEVATION": 0, "RETURN_CNT": 1, "RETURN_NUM": 1 }, "geometry": { "type": "Point", "coordinates": [ -0.9783495, 51.596859 ] } },
{ "type": "Feature", "properties": { "LAYER": "Created, never classified", "ELEVATION": 0, "RETURN_CNT": 1, "RETURN_NUM": 1 }, "geometry": { "type": "Point", "coordinates": [ -0.9783536, 51.5969389 ] } },
{ "type": "Feature", "properties": { "LAYER": "Created, never classified", "ELEVATION": 0, "RETURN_CNT": 1, "RETURN_NUM": 1 }, "geometry": { "type": "Point", "coordinates": [ -0.9783741, 51.5969559 ] } },
{ "type": "Feature", "properties": { "LAYER": "Created, never classified", "ELEVATION": 0, "RETURN_CNT": 1, "RETURN_NUM": 1 }, "geometry": { "type": "Point", "coordinates": [ -0.9783433, 51.596997 ] } },
{ "type": "Feature", "properties": { "LAYER": "Created, never classified", "ELEVATION": 0, "RETURN_CNT": 1, "RETURN_NUM": 1 }, "geometry": { "type": "Point", "coordinates": [ -0.9783952, 51.5969723 ] } },
{ "type": "Feature", "properties": { "LAYER": "Created, never classified", "ELEVATION": 0, "RETURN_CNT": 1, "RETURN_NUM": 1 }, "geometry": { "type": "Point", "coordinates": [ -0.9784528, 51.5969448 ] } },
{ "type": "Feature", "properties": { "LAYER": "Created, never classified", "ELEVATION": 0, "RETURN_CNT": 1, "RETURN_NUM": 1 }, "geometry": { "type": "Point", "coordinates": [ -0.9784773, 51.5970412 ] } },
{ "type": "Feature", "properties": { "LAYER": "Created, never classified", "ELEVATION": 0, "RETURN_CNT": 1, "RETURN_NUM": 1 }, "geometry": { "type": "Point", "coordinates": [ -0.978358, 51.5970163 ] } },
{ "type": "Feature", "properties": { "LAYER": "Created, never classified", "ELEVATION": 0, "RETURN_CNT": 1, "RETURN_NUM": 1 }, "geometry": { "type": "Point", "coordinates": [ -0.9783008, 51.5970429 ] } },
{ "type": "Feature", "properties": { "LAYER": "Created, never classified", "ELEVATION": 0, "RETURN_CNT": 1, "RETURN_NUM": 1 }, "geometry": { "type": "Point", "coordinates": [ -0.9782601, 51.5970087 ] } },
{ "type": "Feature", "properties": { "LAYER": "Created, never classified", "ELEVATION": 0, "RETURN_CNT": 1, "RETURN_NUM": 1 }, "geometry": { "type": "Point", "coordinates": [ -0.9781797, 51.5970194 ] } },
{ "type": "Feature", "properties": { "LAYER": "Created, never classified", "ELEVATION": 0, "RETURN_CNT": 1, "RETURN_NUM": 1 }, "geometry": { "type": "Point", "coordinates": [ -0.9782178, 51.5969743 ] } },
{ "type": "Feature", "properties": { "LAYER": "Created, never classified", "ELEVATION": 0, "RETURN_CNT": 1, "RETURN_NUM": 1 }, "geometry": { "type": "Point", "coordinates": [ -0.9782965, 51.5969652 ] } },
{ "type": "Feature", "properties": { "LAYER": "Created, never classified", "ELEVATION": 0, "RETURN_CNT": 1, "RETURN_NUM": 1 }, "geometry": { "type": "Point", "coordinates": [ -0.978317, 51.5969817 ] } },
{ "type": "Feature", "properties": { "LAYER": "Created, never classified", "ELEVATION": 0, "RETURN_CNT": 1, "RETURN_NUM": 1 }, "geometry": { "type": "Point", "coordinates": [ -0.9783253, 51.5969236 ] } },
{ "type": "Feature", "properties": { "LAYER": "Created, never classified", "ELEVATION": 0, "RETURN_CNT": 1, "RETURN_NUM": 1 }, "geometry": { "type": "Point", "coordinates": [ -0.9783119, 51.5969043 ] } },
{ "type": "Feature", "properties": { "LAYER": "Created, never classified", "ELEVATION": 0, "RETURN_CNT": 1, "RETURN_NUM": 1 }, "geometry": { "type": "Point", "coordinates": [ -0.9782913, 51.5968867 ] } },
{ "type": "Feature", "properties": { "LAYER": "Created, never classified", "ELEVATION": 0, "RETURN_CNT": 1, "RETURN_NUM": 1 }, "geometry": { "type": "Point", "coordinates": [ -0.9782488, 51.5968524 ] } },
{ "type": "Feature", "properties": { "LAYER": "Created, never classified", "ELEVATION": 0, "RETURN_CNT": 1, "RETURN_NUM": 1 }, "geometry": { "type": "Point", "coordinates": [ -0.9782046, 51.5968206 ] } },
{ "type": "Feature", "properties": { "LAYER": "Created, never classified", "ELEVATION": 0, "RETURN_CNT": 1, "RETURN_NUM": 1 }, "geometry": { "type": "Point", "coordinates": [ -0.9782333, 51.5969137 ] } },
{ "type": "Feature", "properties": { "LAYER": "Created, never classified", "ELEVATION": 0, "RETURN_CNT": 1, "RETURN_NUM": 1 }, "geometry": { "type": "Point", "coordinates": [ -0.978254, 51.5969305 ] } },
{ "type": "Feature", "properties": { "LAYER": "Created, never classified", "ELEVATION": 0, "RETURN_CNT": 1, "RETURN_NUM": 1 }, "geometry": { "type": "Point", "coordinates": [ -0.9781553, 51.5969231 ] } },
{ "type": "Feature", "properties": { "LAYER": "Created, never classified", "ELEVATION": 0, "RETURN_CNT": 1, "RETURN_NUM": 1 }, "geometry": { "type": "Point", "coordinates": [ -0.9781325, 51.5969076 ] } },
{ "type": "Feature", "properties": { "LAYER": "Created, never classified", "ELEVATION": 0, "RETURN_CNT": 1, "RETURN_NUM": 1 }, "geometry": { "type": "Point", "coordinates": [ -0.9781136, 51.596889 ] } },
{ "type": "Feature", "properties": { "LAYER": "Created, never classified", "ELEVATION": 0, "RETURN_CNT": 1, "RETURN_NUM": 1 }, "geometry": { "type": "Point", "coordinates": [ -0.9781661, 51.596864 ] } },
{ "type": "Feature", "properties": { "LAYER": "Created, never classified", "ELEVATION": 0, "RETURN_CNT": 1, "RETURN_NUM": 1 }, "geometry": { "type": "Point", "coordinates": [ -0.9781296, 51.5968277 ] } },
{ "type": "Feature", "properties": { "LAYER": "Created, never classified", "ELEVATION": 0, "RETURN_CNT": 1, "RETURN_NUM": 1 }, "geometry": { "type": "Point", "coordinates": [ -0.9780095, 51.5968024 ] } },
{ "type": "Feature", "properties": { "LAYER": "Created, never classified", "ELEVATION": 0, "RETURN_CNT": 1, "RETURN_NUM": 1 }, "geometry": { "type": "Point", "coordinates": [ -0.9780346, 51.596899 ] } },
{ "type": "Feature", "properties": { "LAYER": "Created, never classified", "ELEVATION": 0, "RETURN_CNT": 1, "RETURN_NUM": 1 }, "geometry": { "type": "Point", "coordinates": [ -0.9780196, 51.5969595 ] } },
{ "type": "Feature", "properties": { "LAYER": "Created, never classified", "ELEVATION": 0, "RETURN_CNT": 1, "RETURN_NUM": 1 }, "geometry": { "type": "Point", "coordinates": [ -0.9780674, 51.5969915 ] } },
{ "type": "Feature", "properties": { "LAYER": "Created, never classified", "ELEVATION": 0, "RETURN_CNT": 1, "RETURN_NUM": 1 }, "geometry": { "type": "Point", "coordinates": [ -0.9780762, 51.5969328 ] } },
{ "type": "Feature", "properties": { "LAYER": "Created, never classified", "ELEVATION": 0, "RETURN_CNT": 1, "RETURN_NUM": 1 }, "geometry": { "type": "Point", "coordinates": [ -0.9781338, 51.5969876 ] } },
{ "type": "Feature", "properties": { "LAYER": "Created, never classified", "ELEVATION": 0, "RETURN_CNT": 1, "RETURN_NUM": 1 }, "geometry": { "type": "Point", "coordinates": [ -0.9781542, 51.5970047 ] } },
{ "type": "Feature", "properties": { "LAYER": "Created, never classified", "ELEVATION": 0, "RETURN_CNT": 1, "RETURN_NUM": 1 }, "geometry": { "type": "Point", "coordinates": [ -0.9781235, 51.5970457 ] } },
{ "type": "Feature", "properties": { "LAYER": "Created, never classified", "ELEVATION": 0, "RETURN_CNT": 1, "RETURN_NUM": 1 }, "geometry": { "type": "Point", "coordinates": [ -0.9780986, 51.5970305 ] } },
{ "type": "Feature", "properties": { "LAYER": "Created, never classified", "ELEVATION": 0, "RETURN_CNT": 1, "RETURN_NUM": 1 }, "geometry": { "type": "Point", "coordinates": [ -0.9780451, 51.5970551 ] } },
{ "type": "Feature", "properties": { "LAYER": "Created, never classified", "ELEVATION": 0, "RETURN_CNT": 1, "RETURN_NUM": 1 }, "geometry": { "type": "Point", "coordinates": [ -0.9780792, 51.5970116 ] } },
{ "type": "Feature", "properties": { "LAYER": "Created, never classified", "ELEVATION": 0, "RETURN_CNT": 1, "RETURN_NUM": 1 }, "geometry": { "type": "Point", "coordinates": [ -0.9780036, 51.5970209 ] } },
{ "type": "Feature", "properties": { "LAYER": "Created, never classified", "ELEVATION": 0, "RETURN_CNT": 1, "RETURN_NUM": 1 }, "geometry": { "type": "Point", "coordinates": [ -0.9780087, 51.5970996 ] } },
{ "type": "Feature", "properties": { "LAYER": "Created, never classified", "ELEVATION": 0, "RETURN_CNT": 1, "RETURN_NUM": 1 }, "geometry": { "type": "Point", "coordinates": [ -0.9780711, 51.5971515 ] } },
{ "type": "Feature", "properties": { "LAYER": "Created, never classified", "ELEVATION": 0, "RETURN_CNT": 1, "RETURN_NUM": 1 }, "geometry": { "type": "Point", "coordinates": [ -0.9781491, 51.5971414 ] } },
{ "type": "Feature", "properties": { "LAYER": "Created, never classified", "ELEVATION": 0, "RETURN_CNT": 1, "RETURN_NUM": 1 }, "geometry": { "type": "Point", "coordinates": [ -0.9781643, 51.5970796 ] } },
{ "type": "Feature", "properties": { "LAYER": "Created, never classified", "ELEVATION": 0, "RETURN_CNT": 1, "RETURN_NUM": 1 }, "geometry": { "type": "Point", "coordinates": [ -0.9782634, 51.5970878 ] } },
{ "type": "Feature", "properties": { "LAYER": "Created, never classified", "ELEVATION": 0, "RETURN_CNT": 1, "RETURN_NUM": 1 }, "geometry": { "type": "Point", "coordinates": [ -0.9782843, 51.5971053 ] } },
{ "type": "Feature", "properties": { "LAYER": "Created, never classified", "ELEVATION": 0, "RETURN_CNT": 1, "RETURN_NUM": 1 }, "geometry": { "type": "Point", "coordinates": [ -0.9782891, 51.5971848 ] } },
{ "type": "Feature", "properties": { "LAYER": "Created, never classified", "ELEVATION": 0, "RETURN_CNT": 1, "RETURN_NUM": 1 }, "geometry": { "type": "Point", "coordinates": [ -0.9783094, 51.5972023 ] } },
{ "type": "Feature", "properties": { "LAYER": "Created, never classified", "ELEVATION": 0, "RETURN_CNT": 1, "RETURN_NUM": 1 }, "geometry": { "type": "Point", "coordinates": [ -0.9780335, 51.5971958 ] } },
{ "type": "Feature", "properties": { "LAYER": "Created, never classified", "ELEVATION": 0, "RETURN_CNT": 1, "RETURN_NUM": 1 }, "geometry": { "type": "Point", "coordinates": [ -0.9785216, 51.5967779 ] } },
{ "type": "Feature", "properties": { "LAYER": "Created, never classified", "ELEVATION": 0, "RETURN_CNT": 1, "RETURN_NUM": 1 }, "geometry": { "type": "Point", "coordinates": [ -0.9784838, 51.5967456 ] } },
{ "type": "Feature", "properties": { "LAYER": "Created, never classified", "ELEVATION": 0, "RETURN_CNT": 1, "RETURN_NUM": 1 }, "geometry": { "type": "Point", "coordinates": [ -0.9783651, 51.5967979 ] } },
{ "type": "Feature", "properties": { "LAYER": "Created, never classified", "ELEVATION": 0, "RETURN_CNT": 1, "RETURN_NUM": 1 }, "geometry": { "type": "Point", "coordinates": [ -0.9783822, 51.5967359 ] } },
{ "type": "Feature", "properties": { "LAYER": "Created, never classified", "ELEVATION": 0, "RETURN_CNT": 1, "RETURN_NUM": 1 }, "geometry": { "type": "Point", "coordinates": [ -0.9783603, 51.5967192 ] } },
{ "type": "Feature", "properties": { "LAYER": "Created, never classified", "ELEVATION": 0, "RETURN_CNT": 1, "RETURN_NUM": 1 }, "geometry": { "type": "Point", "coordinates": [ -0.9784398, 51.5967084 ] } },
{ "type": "Feature", "properties": { "LAYER": "Created, never classified", "ELEVATION": 0, "RETURN_CNT": 1, "RETURN_NUM": 1 }, "geometry": { "type": "Point", "coordinates": [ -0.9784538, 51.5967292 ] } },
{ "type": "Feature", "properties": { "LAYER": "Created, never classified", "ELEVATION": 0, "RETURN_CNT": 1, "RETURN_NUM": 1 }, "geometry": { "type": "Point", "coordinates": [ -0.9784971, 51.5966816 ] } },
{ "type": "Feature", "properties": { "LAYER": "Created, never classified", "ELEVATION": 0, "RETURN_CNT": 1, "RETURN_NUM": 1 }, "geometry": { "type": "Point", "coordinates": [ -0.9784551, 51.5966474 ] } },
{ "type": "Feature", "properties": { "LAYER": "Created, never classified", "ELEVATION": 0, "RETURN_CNT": 1, "RETURN_NUM": 1 }, "geometry": { "type": "Point", "coordinates": [ -0.9783765, 51.5966594 ] } },
{ "type": "Feature", "properties": { "LAYER": "Created, never classified", "ELEVATION": 0, "RETURN_CNT": 1, "RETURN_NUM": 1 }, "geometry": { "type": "Point", "coordinates": [ -0.9784301, 51.5965519 ] } },
{ "type": "Feature", "properties": { "LAYER": "Created, never classified", "ELEVATION": 0, "RETURN_CNT": 1, "RETURN_NUM": 1 }, "geometry": { "type": "Point", "coordinates": [ -0.9785285, 51.5966414 ] } },
{ "type": "Feature", "properties": { "LAYER": "Created, never classified", "ELEVATION": 0, "RETURN_CNT": 1, "RETURN_NUM": 1 }, "geometry": { "type": "Point", "coordinates": [ -0.9785583, 51.5966529 ] } },
{ "type": "Feature", "properties": { "LAYER": "Created, never classified", "ELEVATION": 0, "RETURN_CNT": 1, "RETURN_NUM": 1 }, "geometry": { "type": "Point", "coordinates": [ -0.9785386, 51.5965267 ] } },
{ "type": "Feature", "properties": { "LAYER": "Created, never classified", "ELEVATION": 0, "RETURN_CNT": 1, "RETURN_NUM": 1 }, "geometry": { "type": "Point", "coordinates": [ -0.9785057, 51.5963264 ] } },
{ "type": "Feature", "properties": { "LAYER": "Created, never classified", "ELEVATION": 0, "RETURN_CNT": 1, "RETURN_NUM": 1 }, "geometry": { "type": "Point", "coordinates": [ -0.9784584, 51.5963497 ] } },
{ "type": "Feature", "properties": { "LAYER": "Created, never classified", "ELEVATION": 0, "RETURN_CNT": 1, "RETURN_NUM": 1 }, "geometry": { "type": "Point", "coordinates": [ -0.9783783, 51.5963592 ] } },
{ "type": "Feature", "properties": { "LAYER": "Created, never classified", "ELEVATION": 0, "RETURN_CNT": 1, "RETURN_NUM": 1 }, "geometry": { "type": "Point", "coordinates": [ -0.9783983, 51.5963776 ] } },
{ "type": "Feature", "properties": { "LAYER": "Created, never classified", "ELEVATION": 0, "RETURN_CNT": 1, "RETURN_NUM": 1 }, "geometry": { "type": "Point", "coordinates": [ -0.9784143, 51.5963972 ] } },
{ "type": "Feature", "properties": { "LAYER": "Created, never classified", "ELEVATION": 0, "RETURN_CNT": 1, "RETURN_NUM": 1 }, "geometry": { "type": "Point", "coordinates": [ -0.9784422, 51.5964122 ] } },
{ "type": "Feature", "properties": { "LAYER": "Created, never classified", "ELEVATION": 0, "RETURN_CNT": 1, "RETURN_NUM": 1 }, "geometry": { "type": "Point", "coordinates": [ -0.9783675, 51.5964198 ] } },
{ "type": "Feature", "properties": { "LAYER": "Created, never classified", "ELEVATION": 0, "RETURN_CNT": 1, "RETURN_NUM": 1 }, "geometry": { "type": "Point", "coordinates": [ -0.9783839, 51.5964382 ] } },
{ "type": "Feature", "properties": { "LAYER": "Created, never classified", "ELEVATION": 0, "RETURN_CNT": 1, "RETURN_NUM": 1 }, "geometry": { "type": "Point", "coordinates": [ -0.9784248, 51.5964723 ] } },
{ "type": "Feature", "properties": { "LAYER": "Created, never classified", "ELEVATION": 0, "RETURN_CNT": 1, "RETURN_NUM": 1 }, "geometry": { "type": "Point", "coordinates": [ -0.9785233, 51.5964256 ] } },
{ "type": "Feature", "properties": { "LAYER": "Created, never classified", "ELEVATION": 0, "RETURN_CNT": 1, "RETURN_NUM": 1 }, "geometry": { "type": "Point", "coordinates": [ -0.9784679, 51.5965069 ] } },
{ "type": "Feature", "properties": { "LAYER": "Created, never classified", "ELEVATION": 0, "RETURN_CNT": 1, "RETURN_NUM": 1 }, "geometry": { "type": "Point", "coordinates": [ -0.9784445, 51.5964904 ] } },
{ "type": "Feature", "properties": { "LAYER": "Created, never classified", "ELEVATION": 0, "RETURN_CNT": 1, "RETURN_NUM": 1 }, "geometry": { "type": "Point", "coordinates": [ -0.9782896, 51.5965087 ] } },
{ "type": "Feature", "properties": { "LAYER": "Created, never classified", "ELEVATION": 0, "RETURN_CNT": 1, "RETURN_NUM": 1 }, "geometry": { "type": "Point", "coordinates": [ -0.97831, 51.5965267 ] } },
{ "type": "Feature", "properties": { "LAYER": "Created, never classified", "ELEVATION": 0, "RETURN_CNT": 1, "RETURN_NUM": 1 }, "geometry": { "type": "Point", "coordinates": [ -0.978231, 51.5965364 ] } },
{ "type": "Feature", "properties": { "LAYER": "Created, never classified", "ELEVATION": 0, "RETURN_CNT": 1, "RETURN_NUM": 1 }, "geometry": { "type": "Point", "coordinates": [ -0.9781958, 51.5965004 ] } },
{ "type": "Feature", "properties": { "LAYER": "Created, never classified", "ELEVATION": 0, "RETURN_CNT": 1, "RETURN_NUM": 1 }, "geometry": { "type": "Point", "coordinates": [ -0.9782465, 51.5964752 ] } },
{ "type": "Feature", "properties": { "LAYER": "Created, never classified", "ELEVATION": 0, "RETURN_CNT": 1, "RETURN_NUM": 1 }, "geometry": { "type": "Point", "coordinates": [ -0.9782326, 51.5964575 ] } },
{ "type": "Feature", "properties": { "LAYER": "Created, never classified", "ELEVATION": 0, "RETURN_CNT": 1, "RETURN_NUM": 1 }, "geometry": { "type": "Point", "coordinates": [ -0.9782057, 51.5964398 ] } },
{ "type": "Feature", "properties": { "LAYER": "Created, never classified", "ELEVATION": 0, "RETURN_CNT": 1, "RETURN_NUM": 1 }, "geometry": { "type": "Point", "coordinates": [ -0.9782784, 51.5964298 ] } },
{ "type": "Feature", "properties": { "LAYER": "Created, never classified", "ELEVATION": 0, "RETURN_CNT": 1, "RETURN_NUM": 1 }, "geometry": { "type": "Point", "coordinates": [ -0.978264, 51.596413 ] } },
{ "type": "Feature", "properties": { "LAYER": "Created, never classified", "ELEVATION": 0, "RETURN_CNT": 1, "RETURN_NUM": 1 }, "geometry": { "type": "Point", "coordinates": [ -0.9783049, 51.5964489 ] } },
{ "type": "Feature", "properties": { "LAYER": "Created, never classified", "ELEVATION": 0, "RETURN_CNT": 1, "RETURN_NUM": 1 }, "geometry": { "type": "Point", "coordinates": [ -0.978325, 51.5964654 ] } },
{ "type": "Feature", "properties": { "LAYER": "Created, never classified", "ELEVATION": 0, "RETURN_CNT": 1, "RETURN_NUM": 1 }, "geometry": { "type": "Point", "coordinates": [ -0.978346, 51.5964015 ] } },
{ "type": "Feature", "properties": { "LAYER": "Created, never classified", "ELEVATION": 0, "RETURN_CNT": 1, "RETURN_NUM": 1 }, "geometry": { "type": "Point", "coordinates": [ -0.9783207, 51.5963859 ] } },
{ "type": "Feature", "properties": { "LAYER": "Created, never classified", "ELEVATION": 0, "RETURN_CNT": 1, "RETURN_NUM": 1 }, "geometry": { "type": "Point", "coordinates": [ -0.9783043, 51.5963668 ] } },
{ "type": "Feature", "properties": { "LAYER": "Created, never classified", "ELEVATION": 0, "RETURN_CNT": 1, "RETURN_NUM": 1 }, "geometry": { "type": "Point", "coordinates": [ -0.9783581, 51.596342 ] } },
{ "type": "Feature", "properties": { "LAYER": "Created, never classified", "ELEVATION": 0, "RETURN_CNT": 1, "RETURN_NUM": 1 }, "geometry": { "type": "Point", "coordinates": [ -0.9783355, 51.5963255 ] } },
{ "type": "Feature", "properties": { "LAYER": "Created, never classified", "ELEVATION": 0, "RETURN_CNT": 1, "RETURN_NUM": 1 }, "geometry": { "type": "Point", "coordinates": [ -0.9783164, 51.5963083 ] } },
{ "type": "Feature", "properties": { "LAYER": "Created, never classified", "ELEVATION": 0, "RETURN_CNT": 1, "RETURN_NUM": 1 }, "geometry": { "type": "Point", "coordinates": [ -0.9782353, 51.5963177 ] } },
{ "type": "Feature", "properties": { "LAYER": "Created, never classified", "ELEVATION": 0, "RETURN_CNT": 1, "RETURN_NUM": 1 }, "geometry": { "type": "Point", "coordinates": [ -0.9782203, 51.596379 ] } },
{ "type": "Feature", "properties": { "LAYER": "Created, never classified", "ELEVATION": 0, "RETURN_CNT": 1, "RETURN_NUM": 1 }, "geometry": { "type": "Point", "coordinates": [ -0.9782778, 51.596352 ] } },
{ "type": "Feature", "properties": { "LAYER": "Created, never classified", "ELEVATION": 0, "RETURN_CNT": 1, "RETURN_NUM": 1 }, "geometry": { "type": "Point", "coordinates": [ -0.9782421, 51.5963962 ] } },
{ "type": "Feature", "properties": { "LAYER": "Created, never classified", "ELEVATION": 0, "RETURN_CNT": 1, "RETURN_NUM": 1 }, "geometry": { "type": "Point", "coordinates": [ -0.9781624, 51.5964059 ] } },
{ "type": "Feature", "properties": { "LAYER": "Created, never classified", "ELEVATION": 0, "RETURN_CNT": 1, "RETURN_NUM": 1 }, "geometry": { "type": "Point", "coordinates": [ -0.9781284, 51.5963708 ] } },
{ "type": "Feature", "properties": { "LAYER": "Created, never classified", "ELEVATION": 0, "RETURN_CNT": 1, "RETURN_NUM": 1 }, "geometry": { "type": "Point", "coordinates": [ -0.9781583, 51.5963272 ] } },
{ "type": "Feature", "properties": { "LAYER": "Created, never classified", "ELEVATION": 0, "RETURN_CNT": 1, "RETURN_NUM": 1 }, "geometry": { "type": "Point", "coordinates": [ -0.9781167, 51.5962929 ] } },
{ "type": "Feature", "properties": { "LAYER": "Created, never classified", "ELEVATION": 0, "RETURN_CNT": 1, "RETURN_NUM": 1 }, "geometry": { "type": "Point", "coordinates": [ -0.9780801, 51.5963373 ] } },
{ "type": "Feature", "properties": { "LAYER": "Created, never classified", "ELEVATION": 0, "RETURN_CNT": 1, "RETURN_NUM": 1 }, "geometry": { "type": "Point", "coordinates": [ -0.978062, 51.5963987 ] } },
{ "type": "Feature", "properties": { "LAYER": "Created, never classified", "ELEVATION": 0, "RETURN_CNT": 1, "RETURN_NUM": 1 }, "geometry": { "type": "Point", "coordinates": [ -0.9780323, 51.5964408 ] } },
{ "type": "Feature", "properties": { "LAYER": "Created, never classified", "ELEVATION": 0, "RETURN_CNT": 1, "RETURN_NUM": 1 }, "geometry": { "type": "Point", "coordinates": [ -0.9780425, 51.5964643 ] } },
{ "type": "Feature", "properties": { "LAYER": "Created, never classified", "ELEVATION": 0, "RETURN_CNT": 1, "RETURN_NUM": 1 }, "geometry": { "type": "Point", "coordinates": [ -0.9781055, 51.5964331 ] } },
{ "type": "Feature", "properties": { "LAYER": "Created, never classified", "ELEVATION": 0, "RETURN_CNT": 1, "RETURN_NUM": 1 }, "geometry": { "type": "Point", "coordinates": [ -0.9781473, 51.5964676 ] } },
{ "type": "Feature", "properties": { "LAYER": "Created, never classified", "ELEVATION": 0, "RETURN_CNT": 1, "RETURN_NUM": 1 }, "geometry": { "type": "Point", "coordinates": [ -0.9781283, 51.5964506 ] } },
{ "type": "Feature", "properties": { "LAYER": "Created, never classified", "ELEVATION": 0, "RETURN_CNT": 1, "RETURN_NUM": 1 }, "geometry": { "type": "Point", "coordinates": [ -0.9781685, 51.5964861 ] } },
{ "type": "Feature", "properties": { "LAYER": "Created, never classified", "ELEVATION": 0, "RETURN_CNT": 1, "RETURN_NUM": 1 }, "geometry": { "type": "Point", "coordinates": [ -0.9781341, 51.5965293 ] } },
{ "type": "Feature", "properties": { "LAYER": "Created, never classified", "ELEVATION": 0, "RETURN_CNT": 1, "RETURN_NUM": 1 }, "geometry": { "type": "Point", "coordinates": [ -0.9781124, 51.5965127 ] } },
{ "type": "Feature", "properties": { "LAYER": "Created, never classified", "ELEVATION": 0, "RETURN_CNT": 1, "RETURN_NUM": 1 }, "geometry": { "type": "Point", "coordinates": [ -0.9780632, 51.5965385 ] } },
{ "type": "Feature", "properties": { "LAYER": "Created, never classified", "ELEVATION": 0, "RETURN_CNT": 1, "RETURN_NUM": 1 }, "geometry": { "type": "Point", "coordinates": [ -0.9780902, 51.5964957 ] } },
{ "type": "Feature", "properties": { "LAYER": "Created, never classified", "ELEVATION": 0, "RETURN_CNT": 1, "RETURN_NUM": 1 }, "geometry": { "type": "Point", "coordinates": [ -0.9780739, 51.5965559 ] } },
{ "type": "Feature", "properties": { "LAYER": "Created, never classified", "ELEVATION": 0, "RETURN_CNT": 1, "RETURN_NUM": 1 }, "geometry": { "type": "Point", "coordinates": [ -0.978058, 51.5966182 ] } },
{ "type": "Feature", "properties": { "LAYER": "Created, never classified", "ELEVATION": 0, "RETURN_CNT": 1, "RETURN_NUM": 1 }, "geometry": { "type": "Point", "coordinates": [ -0.9780212, 51.5966622 ] } },
{ "type": "Feature", "properties": { "LAYER": "Created, never classified", "ELEVATION": 0, "RETURN_CNT": 1, "RETURN_NUM": 1 }, "geometry": { "type": "Point", "coordinates": [ -0.9780785, 51.5966354 ] } },
{ "type": "Feature", "properties": { "LAYER": "Created, never classified", "ELEVATION": 0, "RETURN_CNT": 1, "RETURN_NUM": 1 }, "geometry": { "type": "Point", "coordinates": [ -0.9781145, 51.5965911 ] } },
{ "type": "Feature", "properties": { "LAYER": "Created, never classified", "ELEVATION": 0, "RETURN_CNT": 1, "RETURN_NUM": 1 }, "geometry": { "type": "Point", "coordinates": [ -0.9781461, 51.5965494 ] } },
{ "type": "Feature", "properties": { "LAYER": "Created, never classified", "ELEVATION": 0, "RETURN_CNT": 1, "RETURN_NUM": 1 }, "geometry": { "type": "Point", "coordinates": [ -0.9781735, 51.5965633 ] } },
{ "type": "Feature", "properties": { "LAYER": "Created, never classified", "ELEVATION": 0, "RETURN_CNT": 1, "RETURN_NUM": 1 }, "geometry": { "type": "Point", "coordinates": [ -0.9782521, 51.5965542 ] } },
{ "type": "Feature", "properties": { "LAYER": "Created, never classified", "ELEVATION": 0, "RETURN_CNT": 1, "RETURN_NUM": 1 }, "geometry": { "type": "Point", "coordinates": [ -0.9782991, 51.5966673 ] } },
{ "type": "Feature", "properties": { "LAYER": "Created, never classified", "ELEVATION": 0, "RETURN_CNT": 1, "RETURN_NUM": 1 }, "geometry": { "type": "Point", "coordinates": [ -0.978236, 51.5966153 ] } },
{ "type": "Feature", "properties": { "LAYER": "Created, never classified", "ELEVATION": 0, "RETURN_CNT": 1, "RETURN_NUM": 1 }, "geometry": { "type": "Point", "coordinates": [ -0.9781975, 51.5966603 ] } },
{ "type": "Feature", "properties": { "LAYER": "Created, never classified", "ELEVATION": 0, "RETURN_CNT": 1, "RETURN_NUM": 1 }, "geometry": { "type": "Point", "coordinates": [ -0.9781417, 51.5966865 ] } },
{ "type": "Feature", "properties": { "LAYER": "Created, never classified", "ELEVATION": 0, "RETURN_CNT": 1, "RETURN_NUM": 1 }, "geometry": { "type": "Point", "coordinates": [ -0.9780838, 51.5967137 ] } },
{ "type": "Feature", "properties": { "LAYER": "Created, never classified", "ELEVATION": 0, "RETURN_CNT": 1, "RETURN_NUM": 1 }, "geometry": { "type": "Point", "coordinates": [ -0.978037, 51.596677 ] } },
{ "type": "Feature", "properties": { "LAYER": "Created, never classified", "ELEVATION": 0, "RETURN_CNT": 1, "RETURN_NUM": 1 }, "geometry": { "type": "Point", "coordinates": [ -0.9780667, 51.5967758 ] } },
{ "type": "Feature", "properties": { "LAYER": "Created, never classified", "ELEVATION": 0, "RETURN_CNT": 1, "RETURN_NUM": 1 }, "geometry": { "type": "Point", "coordinates": [ -0.9779615, 51.5967708 ] } },
{ "type": "Feature", "properties": { "LAYER": "Created, never classified", "ELEVATION": 0, "RETURN_CNT": 1, "RETURN_NUM": 1 }, "geometry": { "type": "Point", "coordinates": [ -0.9779463, 51.5967507 ] } },
{ "type": "Feature", "properties": { "LAYER": "Created, never classified", "ELEVATION": 0, "RETURN_CNT": 1, "RETURN_NUM": 1 }, "geometry": { "type": "Point", "coordinates": [ -0.9779628, 51.5966893 ] } },
{ "type": "Feature", "properties": { "LAYER": "Created, never classified", "ELEVATION": 0, "RETURN_CNT": 1, "RETURN_NUM": 1 }, "geometry": { "type": "Point", "coordinates": [ -0.9778989, 51.5967157 ] } },
{ "type": "Feature", "properties": { "LAYER": "Created, never classified", "ELEVATION": 0, "RETURN_CNT": 1, "RETURN_NUM": 1 }, "geometry": { "type": "Point", "coordinates": [ -0.9778858, 51.596699 ] } },
{ "type": "Feature", "properties": { "LAYER": "Created, never classified", "ELEVATION": 0, "RETURN_CNT": 1, "RETURN_NUM": 1 }, "geometry": { "type": "Point", "coordinates": [ -0.9778629, 51.5966827 ] } },
{ "type": "Feature", "properties": { "LAYER": "Created, never classified", "ELEVATION": 0, "RETURN_CNT": 1, "RETURN_NUM": 1 }, "geometry": { "type": "Point", "coordinates": [ -0.9778448, 51.5967458 ] } },
{ "type": "Feature", "properties": { "LAYER": "Created, never classified", "ELEVATION": 0, "RETURN_CNT": 1, "RETURN_NUM": 1 }, "geometry": { "type": "Point", "coordinates": [ -0.9779257, 51.5967339 ] } },
{ "type": "Feature", "properties": { "LAYER": "Created, never classified", "ELEVATION": 0, "RETURN_CNT": 1, "RETURN_NUM": 1 }, "geometry": { "type": "Point", "coordinates": [ -0.9778876, 51.5967754 ] } },
{ "type": "Feature", "properties": { "LAYER": "Created, never classified", "ELEVATION": 0, "RETURN_CNT": 1, "RETURN_NUM": 1 }, "geometry": { "type": "Point", "coordinates": [ -0.9779109, 51.5967945 ] } },
{ "type": "Feature", "properties": { "LAYER": "Created, never classified", "ELEVATION": 0, "RETURN_CNT": 1, "RETURN_NUM": 1 }, "geometry": { "type": "Point", "coordinates": [ -0.9778119, 51.5967867 ] } },
{ "type": "Feature", "properties": { "LAYER": "Created, never classified", "ELEVATION": 0, "RETURN_CNT": 1, "RETURN_NUM": 1 }, "geometry": { "type": "Point", "coordinates": [ -0.9777719, 51.5967541 ] } },
{ "type": "Feature", "properties": { "LAYER": "Created, never classified", "ELEVATION": 0, "RETURN_CNT": 1, "RETURN_NUM": 1 }, "geometry": { "type": "Point", "coordinates": [ -0.9777962, 51.5967691 ] } },
{ "type": "Feature", "properties": { "LAYER": "Created, never classified", "ELEVATION": 0, "RETURN_CNT": 1, "RETURN_NUM": 1 }, "geometry": { "type": "Point", "coordinates": [ -0.9776904, 51.5967626 ] } },
{ "type": "Feature", "properties": { "LAYER": "Created, never classified", "ELEVATION": 0, "RETURN_CNT": 1, "RETURN_NUM": 1 }, "geometry": { "type": "Point", "coordinates": [ -0.9777503, 51.5967355 ] } },
{ "type": "Feature", "properties": { "LAYER": "Created, never classified", "ELEVATION": 0, "RETURN_CNT": 1, "RETURN_NUM": 1 }, "geometry": { "type": "Point", "coordinates": [ -0.9777273, 51.5967203 ] } },
{ "type": "Feature", "properties": { "LAYER": "Created, never classified", "ELEVATION": 0, "RETURN_CNT": 1, "RETURN_NUM": 1 }, "geometry": { "type": "Point", "coordinates": [ -0.9777066, 51.596702 ] } },
{ "type": "Feature", "properties": { "LAYER": "Created, never classified", "ELEVATION": 0, "RETURN_CNT": 1, "RETURN_NUM": 1 }, "geometry": { "type": "Point", "coordinates": [ -0.9778052, 51.5967087 ] } },
{ "type": "Feature", "properties": { "LAYER": "Created, never classified", "ELEVATION": 0, "RETURN_CNT": 1, "RETURN_NUM": 1 }, "geometry": { "type": "Point", "coordinates": [ -0.9778269, 51.5967263 ] } },
{ "type": "Feature", "properties": { "LAYER": "Created, never classified", "ELEVATION": 0, "RETURN_CNT": 1, "RETURN_NUM": 1 }, "geometry": { "type": "Point", "coordinates": [ -0.9778429, 51.5966643 ] } },
{ "type": "Feature", "properties": { "LAYER": "Created, never classified", "ELEVATION": 0, "RETURN_CNT": 1, "RETURN_NUM": 1 }, "geometry": { "type": "Point", "coordinates": [ -0.9778191, 51.596644 ] } },
{ "type": "Feature", "properties": { "LAYER": "Created, never classified", "ELEVATION": 0, "RETURN_CNT": 1, "RETURN_NUM": 1 }, "geometry": { "type": "Point", "coordinates": [ -0.9778021, 51.596629 ] } },
{ "type": "Feature", "properties": { "LAYER": "Created, never classified", "ELEVATION": 0, "RETURN_CNT": 1, "RETURN_NUM": 1 }, "geometry": { "type": "Point", "coordinates": [ -0.977747, 51.5966596 ] } },
{ "type": "Feature", "properties": { "LAYER": "Created, never classified", "ELEVATION": 0, "RETURN_CNT": 1, "RETURN_NUM": 1 }, "geometry": { "type": "Point", "coordinates": [ -0.977723, 51.5966393 ] } },
{ "type": "Feature", "properties": { "LAYER": "Created, never classified", "ELEVATION": 0, "RETURN_CNT": 1, "RETURN_NUM": 1 }, "geometry": { "type": "Point", "coordinates": [ -0.9776851, 51.5966053 ] } },
{ "type": "Feature", "properties": { "LAYER": "Created, never classified", "ELEVATION": 0, "RETURN_CNT": 1, "RETURN_NUM": 1 }, "geometry": { "type": "Point", "coordinates": [ -0.9777592, 51.5965958 ] } },
{ "type": "Feature", "properties": { "LAYER": "Created, never classified", "ELEVATION": 0, "RETURN_CNT": 1, "RETURN_NUM": 1 }, "geometry": { "type": "Point", "coordinates": [ -0.9777187, 51.5965606 ] } },
{ "type": "Feature", "properties": { "LAYER": "Created, never classified", "ELEVATION": 0, "RETURN_CNT": 1, "RETURN_NUM": 1 }, "geometry": { "type": "Point", "coordinates": [ -0.9777028, 51.596541 ] } },
{ "type": "Feature", "properties": { "LAYER": "Created, never classified", "ELEVATION": 0, "RETURN_CNT": 1, "RETURN_NUM": 1 }, "geometry": { "type": "Point", "coordinates": [ -0.9777967, 51.5965516 ] } },
{ "type": "Feature", "properties": { "LAYER": "Created, never classified", "ELEVATION": 0, "RETURN_CNT": 1, "RETURN_NUM": 1 }, "geometry": { "type": "Point", "coordinates": [ -0.9778747, 51.5965417 ] } },
{ "type": "Feature", "properties": { "LAYER": "Created, never classified", "ELEVATION": 0, "RETURN_CNT": 1, "RETURN_NUM": 1 }, "geometry": { "type": "Point", "coordinates": [ -0.9778962, 51.5965581 ] } },
{ "type": "Feature", "properties": { "LAYER": "Created, never classified", "ELEVATION": 0, "RETURN_CNT": 1, "RETURN_NUM": 1 }, "geometry": { "type": "Point", "coordinates": [ -0.9778531, 51.5966018 ] } },
{ "type": "Feature", "properties": { "LAYER": "Created, never classified", "ELEVATION": 0, "RETURN_CNT": 1, "RETURN_NUM": 1 }, "geometry": { "type": "Point", "coordinates": [ -0.9779202, 51.5966547 ] } },
{ "type": "Feature", "properties": { "LAYER": "Created, never classified", "ELEVATION": 0, "RETURN_CNT": 1, "RETURN_NUM": 1 }, "geometry": { "type": "Point", "coordinates": [ -0.9779588, 51.5966103 ] } },
{ "type": "Feature", "properties": { "LAYER": "Created, never classified", "ELEVATION": 0, "RETURN_CNT": 1, "RETURN_NUM": 1 }, "geometry": { "type": "Point", "coordinates": [ -0.9780114, 51.5965044 ] } },
{ "type": "Feature", "properties": { "LAYER": "Created, never classified", "ELEVATION": 0, "RETURN_CNT": 1, "RETURN_NUM": 1 }, "geometry": { "type": "Point", "coordinates": [ -0.9779905, 51.5964872 ] } },
{ "type": "Feature", "properties": { "LAYER": "Created, never classified", "ELEVATION": 0, "RETURN_CNT": 1, "RETURN_NUM": 1 }, "geometry": { "type": "Point", "coordinates": [ -0.9779559, 51.5965327 ] } },
{ "type": "Feature", "properties": { "LAYER": "Created, never classified", "ELEVATION": 0, "RETURN_CNT": 1, "RETURN_NUM": 1 }, "geometry": { "type": "Point", "coordinates": [ -0.9779334, 51.596514 ] } },
{ "type": "Feature", "properties": { "LAYER": "Created, never classified", "ELEVATION": 0, "RETURN_CNT": 1, "RETURN_NUM": 1 }, "geometry": { "type": "Point", "coordinates": [ -0.9779483, 51.5964533 ] } },
{ "type": "Feature", "properties": { "LAYER": "Created, never classified", "ELEVATION": 0, "RETURN_CNT": 1, "RETURN_NUM": 1 }, "geometry": { "type": "Point", "coordinates": [ -0.977986, 51.5964084 ] } },
{ "type": "Feature", "properties": { "LAYER": "Created, never classified", "ELEVATION": 0, "RETURN_CNT": 1, "RETURN_NUM": 1 }, "geometry": { "type": "Point", "coordinates": [ -0.9780184, 51.5962862 ] } },
{ "type": "Feature", "properties": { "LAYER": "Created, never classified", "ELEVATION": 0, "RETURN_CNT": 1, "RETURN_NUM": 1 }, "geometry": { "type": "Point", "coordinates": [ -0.9779394, 51.5962954 ] } },
{ "type": "Feature", "properties": { "LAYER": "Created, never classified", "ELEVATION": 0, "RETURN_CNT": 1, "RETURN_NUM": 1 }, "geometry": { "type": "Point", "coordinates": [ -0.9778804, 51.5963222 ] } },
{ "type": "Feature", "properties": { "LAYER": "Created, never classified", "ELEVATION": 0, "RETURN_CNT": 1, "RETURN_NUM": 1 }, "geometry": { "type": "Point", "coordinates": [ -0.9778246, 51.596349 ] } },
{ "type": "Feature", "properties": { "LAYER": "Created, never classified", "ELEVATION": 0, "RETURN_CNT": 1, "RETURN_NUM": 1 }, "geometry": { "type": "Point", "coordinates": [ -0.9777081, 51.5963232 ] } },
{ "type": "Feature", "properties": { "LAYER": "Created, never classified", "ELEVATION": 0, "RETURN_CNT": 1, "RETURN_NUM": 1 }, "geometry": { "type": "Point", "coordinates": [ -0.9777657, 51.5963762 ] } },
{ "type": "Feature", "properties": { "LAYER": "Created, never classified", "ELEVATION": 0, "RETURN_CNT": 1, "RETURN_NUM": 1 }, "geometry": { "type": "Point", "coordinates": [ -0.977708, 51.5964035 ] } },
{ "type": "Feature", "properties": { "LAYER": "Created, never classified", "ELEVATION": 0, "RETURN_CNT": 1, "RETURN_NUM": 1 }, "geometry": { "type": "Point", "coordinates": [ -0.9777447, 51.5964402 ] } },
{ "type": "Feature", "properties": { "LAYER": "Created, never classified", "ELEVATION": 0, "RETURN_CNT": 1, "RETURN_NUM": 1 }, "geometry": { "type": "Point", "coordinates": [ -0.9778293, 51.5964277 ] } },
{ "type": "Feature", "properties": { "LAYER": "Created, never classified", "ELEVATION": 0, "RETURN_CNT": 1, "RETURN_NUM": 1 }, "geometry": { "type": "Point", "coordinates": [ -0.9777703, 51.5964549 ] } },
{ "type": "Feature", "properties": { "LAYER": "Created, never classified", "ELEVATION": 0, "RETURN_CNT": 1, "RETURN_NUM": 1 }, "geometry": { "type": "Point", "coordinates": [ -0.9777763, 51.5965346 ] } },
{ "type": "Feature", "properties": { "LAYER": "Created, never classified", "ELEVATION": 0, "RETURN_CNT": 1, "RETURN_NUM": 1 }, "geometry": { "type": "Point", "coordinates": [ -0.977676, 51.5965264 ] } },
{ "type": "Feature", "properties": { "LAYER": "Created, never classified", "ELEVATION": 0, "RETURN_CNT": 1, "RETURN_NUM": 1 }, "geometry": { "type": "Point", "coordinates": [ -0.9776292, 51.5964955 ] } },
{ "type": "Feature", "properties": { "LAYER": "Created, never classified", "ELEVATION": 0, "RETURN_CNT": 1, "RETURN_NUM": 1 }, "geometry": { "type": "Point", "coordinates": [ -0.9775313, 51.5964057 ] } },
{ "type": "Feature", "properties": { "LAYER": "Created, never classified", "ELEVATION": 0, "RETURN_CNT": 1, "RETURN_NUM": 1 }, "geometry": { "type": "Point", "coordinates": [ -0.9776291, 51.5964142 ] } },
{ "type": "Feature", "properties": { "LAYER": "Created, never classified", "ELEVATION": 0, "RETURN_CNT": 1, "RETURN_NUM": 1 }, "geometry": { "type": "Point", "coordinates": [ -0.9776415, 51.5962733 ] } },
{ "type": "Feature", "properties": { "LAYER": "Created, never classified", "ELEVATION": 0, "RETURN_CNT": 1, "RETURN_NUM": 1 }, "geometry": { "type": "Point", "coordinates": [ -0.9776245, 51.5963344 ] } },
{ "type": "Feature", "properties": { "LAYER": "Created, never classified", "ELEVATION": 0, "RETURN_CNT": 1, "RETURN_NUM": 1 }, "geometry": { "type": "Point", "coordinates": [ -0.9775635, 51.5962827 ] } },
{ "type": "Feature", "properties": { "LAYER": "Created, never classified", "ELEVATION": 0, "RETURN_CNT": 1, "RETURN_NUM": 1 }, "geometry": { "type": "Point", "coordinates": [ -0.9774899, 51.5963709 ] } },
{ "type": "Feature", "properties": { "LAYER": "Created, never classified", "ELEVATION": 0, "RETURN_CNT": 1, "RETURN_NUM": 1 }, "geometry": { "type": "Point", "coordinates": [ -0.9774673, 51.5963546 ] } },
{ "type": "Feature", "properties": { "LAYER": "Created, never classified", "ELEVATION": 0, "RETURN_CNT": 1, "RETURN_NUM": 1 }, "geometry": { "type": "Point", "coordinates": [ -0.9774429, 51.5963363 ] } },
{ "type": "Feature", "properties": { "LAYER": "Created, never classified", "ELEVATION": 0, "RETURN_CNT": 1, "RETURN_NUM": 1 }, "geometry": { "type": "Point", "coordinates": [ -0.9775156, 51.5963281 ] } },
{ "type": "Feature", "properties": { "LAYER": "Created, never classified", "ELEVATION": 0, "RETURN_CNT": 1, "RETURN_NUM": 1 }, "geometry": { "type": "Point", "coordinates": [ -0.9774906, 51.5962896 ] } },
{ "type": "Feature", "properties": { "LAYER": "Created, never classified", "ELEVATION": 0, "RETURN_CNT": 1, "RETURN_NUM": 1 }, "geometry": { "type": "Point", "coordinates": [ -0.9774631, 51.5962755 ] } },
{ "type": "Feature", "properties": { "LAYER": "Created, never classified", "ELEVATION": 0, "RETURN_CNT": 1, "RETURN_NUM": 1 }, "geometry": { "type": "Point", "coordinates": [ -0.977415, 51.5963255 ] } },
{ "type": "Feature", "properties": { "LAYER": "Created, never classified", "ELEVATION": 0, "RETURN_CNT": 1, "RETURN_NUM": 1 }, "geometry": { "type": "Point", "coordinates": [ -0.9773996, 51.596301 ] } },
{ "type": "Feature", "properties": { "LAYER": "Created, never classified", "ELEVATION": 0, "RETURN_CNT": 1, "RETURN_NUM": 1 }, "geometry": { "type": "Point", "coordinates": [ -0.9773845, 51.5962852 ] } },
{ "type": "Feature", "properties": { "LAYER": "Created, never classified", "ELEVATION": 0, "RETURN_CNT": 1, "RETURN_NUM": 1 }, "geometry": { "type": "Point", "coordinates": [ -0.9773655, 51.5962737 ] } },
{ "type": "Feature", "properties": { "LAYER": "Created, never classified", "ELEVATION": 0, "RETURN_CNT": 1, "RETURN_NUM": 1 }, "geometry": { "type": "Point", "coordinates": [ -0.9773481, 51.5963295 ] } },
{ "type": "Feature", "properties": { "LAYER": "Created, never classified", "ELEVATION": 0, "RETURN_CNT": 1, "RETURN_NUM": 1 }, "geometry": { "type": "Point", "coordinates": [ -0.9773684, 51.5963471 ] } },
{ "type": "Feature", "properties": { "LAYER": "Created, never classified", "ELEVATION": 0, "RETURN_CNT": 1, "RETURN_NUM": 1 }, "geometry": { "type": "Point", "coordinates": [ -0.9773892, 51.5963638 ] } },
{ "type": "Feature", "properties": { "LAYER": "Created, never classified", "ELEVATION": 0, "RETURN_CNT": 1, "RETURN_NUM": 1 }, "geometry": { "type": "Point", "coordinates": [ -0.9774051, 51.5963841 ] } },
{ "type": "Feature", "properties": { "LAYER": "Created, never classified", "ELEVATION": 0, "RETURN_CNT": 1, "RETURN_NUM": 1 }, "geometry": { "type": "Point", "coordinates": [ -0.9774141, 51.59646 ] } },
{ "type": "Feature", "properties": { "LAYER": "Created, never classified", "ELEVATION": 0, "RETURN_CNT": 1, "RETURN_NUM": 1 }, "geometry": { "type": "Point", "coordinates": [ -0.9774931, 51.5964502 ] } },
{ "type": "Feature", "properties": { "LAYER": "Created, never classified", "ELEVATION": 0, "RETURN_CNT": 1, "RETURN_NUM": 1 }, "geometry": { "type": "Point", "coordinates": [ -0.9773987, 51.5965215 ] } },
{ "type": "Feature", "properties": { "LAYER": "Created, never classified", "ELEVATION": 0, "RETURN_CNT": 1, "RETURN_NUM": 1 }, "geometry": { "type": "Point", "coordinates": [ -0.9774022, 51.5966013 ] } },
{ "type": "Feature", "properties": { "LAYER": "Created, never classified", "ELEVATION": 0, "RETURN_CNT": 1, "RETURN_NUM": 1 }, "geometry": { "type": "Point", "coordinates": [ -0.9774227, 51.5966217 ] } },
{ "type": "Feature", "properties": { "LAYER": "Created, never classified", "ELEVATION": 0, "RETURN_CNT": 1, "RETURN_NUM": 1 }, "geometry": { "type": "Point", "coordinates": [ -0.9774675, 51.5965704 ] } },
{ "type": "Feature", "properties": { "LAYER": "Created, never classified", "ELEVATION": 0, "RETURN_CNT": 1, "RETURN_NUM": 1 }, "geometry": { "type": "Point", "coordinates": [ -0.9774783, 51.5965925 ] } },
{ "type": "Feature", "properties": { "LAYER": "Created, never classified", "ELEVATION": 0, "RETURN_CNT": 1, "RETURN_NUM": 1 }, "geometry": { "type": "Point", "coordinates": [ -0.9774243, 51.5965397 ] } },
{ "type": "Feature", "properties": { "LAYER": "Created, never classified", "ELEVATION": 0, "RETURN_CNT": 1, "RETURN_NUM": 1 }, "geometry": { "type": "Point", "coordinates": [ -0.9776595, 51.5965878 ] } },
{ "type": "Feature", "properties": { "LAYER": "Created, never classified", "ELEVATION": 0, "RETURN_CNT": 1, "RETURN_NUM": 1 }, "geometry": { "type": "Point", "coordinates": [ -0.9776463, 51.5966498 ] } },
{ "type": "Feature", "properties": { "LAYER": "Created, never classified", "ELEVATION": 0, "RETURN_CNT": 1, "RETURN_NUM": 1 }, "geometry": { "type": "Point", "coordinates": [ -0.9775833, 51.5965972 ] } },
{ "type": "Feature", "properties": { "LAYER": "Created, never classified", "ELEVATION": 0, "RETURN_CNT": 1, "RETURN_NUM": 1 }, "geometry": { "type": "Point", "coordinates": [ -0.9775449, 51.5966427 ] } },
{ "type": "Feature", "properties": { "LAYER": "Created, never classified", "ELEVATION": 0, "RETURN_CNT": 1, "RETURN_NUM": 1 }, "geometry": { "type": "Point", "coordinates": [ -0.9775081, 51.5966873 ] } },
{ "type": "Feature", "properties": { "LAYER": "Created, never classified", "ELEVATION": 0, "RETURN_CNT": 1, "RETURN_NUM": 1 }, "geometry": { "type": "Point", "coordinates": [ -0.9775341, 51.5967028 ] } },
{ "type": "Feature", "properties": { "LAYER": "Created, never classified", "ELEVATION": 0, "RETURN_CNT": 1, "RETURN_NUM": 1 }, "geometry": { "type": "Point", "coordinates": [ -0.977549, 51.5967217 ] } },
{ "type": "Feature", "properties": { "LAYER": "Created, never classified", "ELEVATION": 0, "RETURN_CNT": 1, "RETURN_NUM": 1 }, "geometry": { "type": "Point", "coordinates": [ -0.977593, 51.5966756 ] } },
{ "type": "Feature", "properties": { "LAYER": "Created, never classified", "ELEVATION": 0, "RETURN_CNT": 1, "RETURN_NUM": 1 }, "geometry": { "type": "Point", "coordinates": [ -0.9776067, 51.596694 ] } },
{ "type": "Feature", "properties": { "LAYER": "Created, never classified", "ELEVATION": 0, "RETURN_CNT": 1, "RETURN_NUM": 1 }, "geometry": { "type": "Point", "coordinates": [ -0.9776625, 51.5966651 ] } },
{ "type": "Feature", "properties": { "LAYER": "Created, never classified", "ELEVATION": 0, "RETURN_CNT": 1, "RETURN_NUM": 1 }, "geometry": { "type": "Point", "coordinates": [ -0.9776455, 51.5967263 ] } },
{ "type": "Feature", "properties": { "LAYER": "Created, never classified", "ELEVATION": 0, "RETURN_CNT": 1, "RETURN_NUM": 1 }, "geometry": { "type": "Point", "coordinates": [ -0.9776286, 51.5967166 ] } },
{ "type": "Feature", "properties": { "LAYER": "Created, never classified", "ELEVATION": 0, "RETURN_CNT": 1, "RETURN_NUM": 1 }, "geometry": { "type": "Point", "coordinates": [ -0.9775922, 51.5967566 ] } },
{ "type": "Feature", "properties": { "LAYER": "Created, never classified", "ELEVATION": 0, "RETURN_CNT": 1, "RETURN_NUM": 1 }, "geometry": { "type": "Point", "coordinates": [ -0.9776336, 51.596791 ] } },
{ "type": "Feature", "properties": { "LAYER": "Created, never classified", "ELEVATION": 0, "RETURN_CNT": 1, "RETURN_NUM": 1 }, "geometry": { "type": "Point", "coordinates": [ -0.9775704, 51.5967381 ] } },
{ "type": "Feature", "properties": { "LAYER": "Created, never classified", "ELEVATION": 0, "RETURN_CNT": 1, "RETURN_NUM": 1 }, "geometry": { "type": "Point", "coordinates": [ -0.9774708, 51.5967305 ] } },
{ "type": "Feature", "properties": { "LAYER": "Created, never classified", "ELEVATION": 0, "RETURN_CNT": 1, "RETURN_NUM": 1 }, "geometry": { "type": "Point", "coordinates": [ -0.9774271, 51.5967008 ] } },
{ "type": "Feature", "properties": { "LAYER": "Created, never classified", "ELEVATION": 0, "RETURN_CNT": 1, "RETURN_NUM": 1 }, "geometry": { "type": "Point", "coordinates": [ -0.9774552, 51.5967113 ] } },
{ "type": "Feature", "properties": { "LAYER": "Created, never classified", "ELEVATION": 0, "RETURN_CNT": 1, "RETURN_NUM": 1 }, "geometry": { "type": "Point", "coordinates": [ -0.9773813, 51.5966645 ] } },
{ "type": "Feature", "properties": { "LAYER": "Created, never classified", "ELEVATION": 0, "RETURN_CNT": 1, "RETURN_NUM": 1 }, "geometry": { "type": "Point", "coordinates": [ -0.9773719, 51.5967237 ] } },
{ "type": "Feature", "properties": { "LAYER": "Created, never classified", "ELEVATION": 0, "RETURN_CNT": 1, "RETURN_NUM": 1 }, "geometry": { "type": "Point", "coordinates": [ -0.9773498, 51.5967074 ] } },
{ "type": "Feature", "properties": { "LAYER": "Created, never classified", "ELEVATION": 0, "RETURN_CNT": 1, "RETURN_NUM": 1 }, "geometry": { "type": "Point", "coordinates": [ -0.9774123, 51.5967583 ] } },
{ "type": "Feature", "properties": { "LAYER": "Created, never classified", "ELEVATION": 0, "RETURN_CNT": 1, "RETURN_NUM": 1 }, "geometry": { "type": "Point", "coordinates": [ -0.9773562, 51.5967848 ] } },
{ "type": "Feature", "properties": { "LAYER": "Created, never classified", "ELEVATION": 0, "RETURN_CNT": 1, "RETURN_NUM": 1 }, "geometry": { "type": "Point", "coordinates": [ -0.977342, 51.5967652 ] } },
{ "type": "Feature", "properties": { "LAYER": "Created, never classified", "ELEVATION": 0, "RETURN_CNT": 1, "RETURN_NUM": 1 }, "geometry": { "type": "Point", "coordinates": [ -0.9776705, 51.5972043 ] } },
{ "type": "Feature", "properties": { "LAYER": "Created, never classified", "ELEVATION": 0, "RETURN_CNT": 1, "RETURN_NUM": 1 }, "geometry": { "type": "Point", "coordinates": [ -0.9777553, 51.5971902 ] } },
{ "type": "Feature", "properties": { "LAYER": "Created, never classified", "ELEVATION": 0, "RETURN_CNT": 1, "RETURN_NUM": 1 }, "geometry": { "type": "Point", "coordinates": [ -0.9777922, 51.597147 ] } },
{ "type": "Feature", "properties": { "LAYER": "Created, never classified", "ELEVATION": 0, "RETURN_CNT": 1, "RETURN_NUM": 1 }, "geometry": { "type": "Point", "coordinates": [ -0.9777714, 51.5971301 ] } },
{ "type": "Feature", "properties": { "LAYER": "Created, never classified", "ELEVATION": 0, "RETURN_CNT": 1, "RETURN_NUM": 1 }, "geometry": { "type": "Point", "coordinates": [ -0.9777154, 51.5971562 ] } },
{ "type": "Feature", "properties": { "LAYER": "Created, never classified", "ELEVATION": 0, "RETURN_CNT": 1, "RETURN_NUM": 1 }, "geometry": { "type": "Point", "coordinates": [ -0.9776581, 51.5971831 ] } },
{ "type": "Feature", "properties": { "LAYER": "Created, never classified", "ELEVATION": 0, "RETURN_CNT": 1, "RETURN_NUM": 1 }, "geometry": { "type": "Point", "coordinates": [ -0.977694, 51.5971407 ] } },
{ "type": "Feature", "properties": { "LAYER": "Created, never classified", "ELEVATION": 0, "RETURN_CNT": 1, "RETURN_NUM": 1 }, "geometry": { "type": "Point", "coordinates": [ -0.9777889, 51.5970683 ] } },
{ "type": "Feature", "properties": { "LAYER": "Created, never classified", "ELEVATION": 0, "RETURN_CNT": 1, "RETURN_NUM": 1 }, "geometry": { "type": "Point", "coordinates": [ -0.9778937, 51.5970745 ] } },
{ "type": "Feature", "properties": { "LAYER": "Created, never classified", "ELEVATION": 0, "RETURN_CNT": 1, "RETURN_NUM": 1 }, "geometry": { "type": "Point", "coordinates": [ -0.9778333, 51.5971063 ] } },
{ "type": "Feature", "properties": { "LAYER": "Created, never classified", "ELEVATION": 0, "RETURN_CNT": 1, "RETURN_NUM": 1 }, "geometry": { "type": "Point", "coordinates": [ -0.9778701, 51.5971373 ] } },
{ "type": "Feature", "properties": { "LAYER": "Created, never classified", "ELEVATION": 0, "RETURN_CNT": 1, "RETURN_NUM": 1 }, "geometry": { "type": "Point", "coordinates": [ -0.9779447, 51.5971299 ] } },
{ "type": "Feature", "properties": { "LAYER": "Created, never classified", "ELEVATION": 0, "RETURN_CNT": 1, "RETURN_NUM": 1 }, "geometry": { "type": "Point", "coordinates": [ -0.9779124, 51.597173 ] } },
{ "type": "Feature", "properties": { "LAYER": "Created, never classified", "ELEVATION": 0, "RETURN_CNT": 1, "RETURN_NUM": 1 }, "geometry": { "type": "Point", "coordinates": [ -0.9779698, 51.5971445 ] } },
{ "type": "Feature", "properties": { "LAYER": "Created, never classified", "ELEVATION": 0, "RETURN_CNT": 1, "RETURN_NUM": 1 }, "geometry": { "type": "Point", "coordinates": [ -0.9779296, 51.5971095 ] } },
{ "type": "Feature", "properties": { "LAYER": "Created, never classified", "ELEVATION": 0, "RETURN_CNT": 1, "RETURN_NUM": 1 }, "geometry": { "type": "Point", "coordinates": [ -0.9779679, 51.597066 ] } },
{ "type": "Feature", "properties": { "LAYER": "Created, never classified", "ELEVATION": 0, "RETURN_CNT": 1, "RETURN_NUM": 1 }, "geometry": { "type": "Point", "coordinates": [ -0.9779811, 51.5970047 ] } },
{ "type": "Feature", "properties": { "LAYER": "Created, never classified", "ELEVATION": 0, "RETURN_CNT": 1, "RETURN_NUM": 1 }, "geometry": { "type": "Point", "coordinates": [ -0.9779459, 51.5970482 ] } },
{ "type": "Feature", "properties": { "LAYER": "Created, never classified", "ELEVATION": 0, "RETURN_CNT": 1, "RETURN_NUM": 1 }, "geometry": { "type": "Point", "coordinates": [ -0.9779092, 51.5970153 ] } },
{ "type": "Feature", "properties": { "LAYER": "Created, never classified", "ELEVATION": 0, "RETURN_CNT": 1, "RETURN_NUM": 1 }, "geometry": { "type": "Point", "coordinates": [ -0.9778423, 51.5969617 ] } },
{ "type": "Feature", "properties": { "LAYER": "Created, never classified", "ELEVATION": 0, "RETURN_CNT": 1, "RETURN_NUM": 1 }, "geometry": { "type": "Point", "coordinates": [ -0.9779341, 51.5969728 ] } },
{ "type": "Feature", "properties": { "LAYER": "Created, never classified", "ELEVATION": 0, "RETURN_CNT": 1, "RETURN_NUM": 1 }, "geometry": { "type": "Point", "coordinates": [ -0.977995, 51.5968629 ] } },
{ "type": "Feature", "properties": { "LAYER": "Created, never classified", "ELEVATION": 0, "RETURN_CNT": 1, "RETURN_NUM": 1 }, "geometry": { "type": "Point", "coordinates": [ -0.9779731, 51.5968465 ] } },
{ "type": "Feature", "properties": { "LAYER": "Created, never classified", "ELEVATION": 0, "RETURN_CNT": 1, "RETURN_NUM": 1 }, "geometry": { "type": "Point", "coordinates": [ -0.9778953, 51.5968561 ] } },
{ "type": "Feature", "properties": { "LAYER": "Created, never classified", "ELEVATION": 0, "RETURN_CNT": 1, "RETURN_NUM": 1 }, "geometry": { "type": "Point", "coordinates": [ -0.9778588, 51.596822 ] } },
{ "type": "Feature", "properties": { "LAYER": "Created, never classified", "ELEVATION": 0, "RETURN_CNT": 1, "RETURN_NUM": 1 }, "geometry": { "type": "Point", "coordinates": [ -0.9779143, 51.5968736 ] } },
{ "type": "Feature", "properties": { "LAYER": "Created, never classified", "ELEVATION": 0, "RETURN_CNT": 1, "RETURN_NUM": 1 }, "geometry": { "type": "Point", "coordinates": [ -0.9778824, 51.5969194 ] } },
{ "type": "Feature", "properties": { "LAYER": "Created, never classified", "ELEVATION": 0, "RETURN_CNT": 1, "RETURN_NUM": 1 }, "geometry": { "type": "Point", "coordinates": [ -0.9778164, 51.5968659 ] } },
{ "type": "Feature", "properties": { "LAYER": "Created, never classified", "ELEVATION": 0, "RETURN_CNT": 1, "RETURN_NUM": 1 }, "geometry": { "type": "Point", "coordinates": [ -0.977716, 51.5968591 ] } },
{ "type": "Feature", "properties": { "LAYER": "Created, never classified", "ELEVATION": 0, "RETURN_CNT": 1, "RETURN_NUM": 1 }, "geometry": { "type": "Point", "coordinates": [ -0.977752, 51.5968146 ] } },
{ "type": "Feature", "properties": { "LAYER": "Created, never classified", "ELEVATION": 0, "RETURN_CNT": 1, "RETURN_NUM": 1 }, "geometry": { "type": "Point", "coordinates": [ -0.9777347, 51.5967991 ] } },
{ "type": "Feature", "properties": { "LAYER": "Created, never classified", "ELEVATION": 0, "RETURN_CNT": 1, "RETURN_NUM": 1 }, "geometry": { "type": "Point", "coordinates": [ -0.977675, 51.5968253 ] } },
{ "type": "Feature", "properties": { "LAYER": "Created, never classified", "ELEVATION": 0, "RETURN_CNT": 1, "RETURN_NUM": 1 }, "geometry": { "type": "Point", "coordinates": [ -0.977695, 51.5968414 ] } },
{ "type": "Feature", "properties": { "LAYER": "Created, never classified", "ELEVATION": 0, "RETURN_CNT": 1, "RETURN_NUM": 1 }, "geometry": { "type": "Point", "coordinates": [ -0.9777372, 51.5968755 ] } },
{ "type": "Feature", "properties": { "LAYER": "Created, never classified", "ELEVATION": 0, "RETURN_CNT": 1, "RETURN_NUM": 1 }, "geometry": { "type": "Point", "coordinates": [ -0.9776793, 51.5969031 ] } },
{ "type": "Feature", "properties": { "LAYER": "Created, never classified", "ELEVATION": 0, "RETURN_CNT": 1, "RETURN_NUM": 1 }, "geometry": { "type": "Point", "coordinates": [ -0.9777209, 51.5969378 ] } },
{ "type": "Feature", "properties": { "LAYER": "Created, never classified", "ELEVATION": 0, "RETURN_CNT": 1, "RETURN_NUM": 1 }, "geometry": { "type": "Point", "coordinates": [ -0.9778214, 51.5969445 ] } },
{ "type": "Feature", "properties": { "LAYER": "Created, never classified", "ELEVATION": 0, "RETURN_CNT": 1, "RETURN_NUM": 1 }, "geometry": { "type": "Point", "coordinates": [ -0.9777632, 51.596972 ] } },
{ "type": "Feature", "properties": { "LAYER": "Created, never classified", "ELEVATION": 0, "RETURN_CNT": 1, "RETURN_NUM": 1 }, "geometry": { "type": "Point", "coordinates": [ -0.977804, 51.5970063 ] } },
{ "type": "Feature", "properties": { "LAYER": "Created, never classified", "ELEVATION": 0, "RETURN_CNT": 1, "RETURN_NUM": 1 }, "geometry": { "type": "Point", "coordinates": [ -0.9777662, 51.5970513 ] } },
{ "type": "Feature", "properties": { "LAYER": "Created, never classified", "ELEVATION": 0, "RETURN_CNT": 1, "RETURN_NUM": 1 }, "geometry": { "type": "Point", "coordinates": [ -0.977726, 51.597016 ] } },
{ "type": "Feature", "properties": { "LAYER": "Created, never classified", "ELEVATION": 0, "RETURN_CNT": 1, "RETURN_NUM": 1 }, "geometry": { "type": "Point", "coordinates": [ -0.9777046, 51.5969993 ] } },
{ "type": "Feature", "properties": { "LAYER": "Created, never classified", "ELEVATION": 0, "RETURN_CNT": 1, "RETURN_NUM": 1 }, "geometry": { "type": "Point", "coordinates": [ -0.9776663, 51.5970436 ] } },
{ "type": "Feature", "properties": { "LAYER": "Created, never classified", "ELEVATION": 0, "RETURN_CNT": 1, "RETURN_NUM": 1 }, "geometry": { "type": "Point", "coordinates": [ -0.9776479, 51.5970261 ] } },
{ "type": "Feature", "properties": { "LAYER": "Created, never classified", "ELEVATION": 0, "RETURN_CNT": 1, "RETURN_NUM": 1 }, "geometry": { "type": "Point", "coordinates": [ -0.9776046, 51.596992 ] } },
{ "type": "Feature", "properties": { "LAYER": "Created, never classified", "ELEVATION": 0, "RETURN_CNT": 1, "RETURN_NUM": 1 }, "geometry": { "type": "Point", "coordinates": [ -0.9775276, 51.5970012 ] } },
{ "type": "Feature", "properties": { "LAYER": "Created, never classified", "ELEVATION": 0, "RETURN_CNT": 1, "RETURN_NUM": 1 }, "geometry": { "type": "Point", "coordinates": [ -0.9775218, 51.5969225 ] } },
{ "type": "Feature", "properties": { "LAYER": "Created, never classified", "ELEVATION": 0, "RETURN_CNT": 1, "RETURN_NUM": 1 }, "geometry": { "type": "Point", "coordinates": [ -0.9776423, 51.5969476 ] } },
{ "type": "Feature", "properties": { "LAYER": "Created, never classified", "ELEVATION": 0, "RETURN_CNT": 1, "RETURN_NUM": 1 }, "geometry": { "type": "Point", "coordinates": [ -0.9776529, 51.5968076 ] } },
{ "type": "Feature", "properties": { "LAYER": "Created, never classified", "ELEVATION": 0, "RETURN_CNT": 1, "RETURN_NUM": 1 }, "geometry": { "type": "Point", "coordinates": [ -0.977596, 51.596835 ] } },
{ "type": "Feature", "properties": { "LAYER": "Created, never classified", "ELEVATION": 0, "RETURN_CNT": 1, "RETURN_NUM": 1 }, "geometry": { "type": "Point", "coordinates": [ -0.9776162, 51.596852 ] } },
{ "type": "Feature", "properties": { "LAYER": "Created, never classified", "ELEVATION": 0, "RETURN_CNT": 1, "RETURN_NUM": 1 }, "geometry": { "type": "Point", "coordinates": [ -0.9775747, 51.5968172 ] } },
{ "type": "Feature", "properties": { "LAYER": "Created, never classified", "ELEVATION": 0, "RETURN_CNT": 1, "RETURN_NUM": 1 }, "geometry": { "type": "Point", "coordinates": [ -0.9775546, 51.5968008 ] } },
{ "type": "Feature", "properties": { "LAYER": "Created, never classified", "ELEVATION": 0, "RETURN_CNT": 1, "RETURN_NUM": 1 }, "geometry": { "type": "Point", "coordinates": [ -0.9774969, 51.5968272 ] } },
{ "type": "Feature", "properties": { "LAYER": "Created, never classified", "ELEVATION": 0, "RETURN_CNT": 1, "RETURN_NUM": 1 }, "geometry": { "type": "Point", "coordinates": [ -0.9775204, 51.5968436 ] } },
{ "type": "Feature", "properties": { "LAYER": "Created, never classified", "ELEVATION": 0, "RETURN_CNT": 1, "RETURN_NUM": 1 }, "geometry": { "type": "Point", "coordinates": [ -0.9775383, 51.596862 ] } },
{ "type": "Feature", "properties": { "LAYER": "Created, never classified", "ELEVATION": 0, "RETURN_CNT": 1, "RETURN_NUM": 1 }, "geometry": { "type": "Point", "coordinates": [ -0.9775775, 51.5968963 ] } },
{ "type": "Feature", "properties": { "LAYER": "Created, never classified", "ELEVATION": 0, "RETURN_CNT": 1, "RETURN_NUM": 1 }, "geometry": { "type": "Point", "coordinates": [ -0.97742, 51.5969169 ] } },
{ "type": "Feature", "properties": { "LAYER": "Created, never classified", "ELEVATION": 0, "RETURN_CNT": 1, "RETURN_NUM": 1 }, "geometry": { "type": "Point", "coordinates": [ -0.97746, 51.5968715 ] } },
{ "type": "Feature", "properties": { "LAYER": "Created, never classified", "ELEVATION": 0, "RETURN_CNT": 1, "RETURN_NUM": 1 }, "geometry": { "type": "Point", "coordinates": [ -0.9774806, 51.5968881 ] } },
{ "type": "Feature", "properties": { "LAYER": "Created, never classified", "ELEVATION": 0, "RETURN_CNT": 1, "RETURN_NUM": 1 }, "geometry": { "type": "Point", "coordinates": [ -0.9774727, 51.5968055 ] } },
{ "type": "Feature", "properties": { "LAYER": "Created, never classified", "ELEVATION": 0, "RETURN_CNT": 1, "RETURN_NUM": 1 }, "geometry": { "type": "Point", "coordinates": [ -0.9774537, 51.5967923 ] } },
{ "type": "Feature", "properties": { "LAYER": "Created, never classified", "ELEVATION": 0, "RETURN_CNT": 1, "RETURN_NUM": 1 }, "geometry": { "type": "Point", "coordinates": [ -0.97742, 51.5968367 ] } },
{ "type": "Feature", "properties": { "LAYER": "Created, never classified", "ELEVATION": 0, "RETURN_CNT": 1, "RETURN_NUM": 1 }, "geometry": { "type": "Point", "coordinates": [ -0.9774439, 51.5968538 ] } },
{ "type": "Feature", "properties": { "LAYER": "Created, never classified", "ELEVATION": 0, "RETURN_CNT": 1, "RETURN_NUM": 1 }, "geometry": { "type": "Point", "coordinates": [ -0.9773972, 51.596819 ] } },
{ "type": "Feature", "properties": { "LAYER": "Created, never classified", "ELEVATION": 0, "RETURN_CNT": 1, "RETURN_NUM": 1 }, "geometry": { "type": "Point", "coordinates": [ -0.9773712, 51.5968046 ] } },
{ "type": "Feature", "properties": { "LAYER": "Created, never classified", "ELEVATION": 0, "RETURN_CNT": 1, "RETURN_NUM": 1 }, "geometry": { "type": "Point", "coordinates": [ -0.9773598, 51.5968633 ] } },
{ "type": "Feature", "properties": { "LAYER": "Created, never classified", "ELEVATION": 0, "RETURN_CNT": 1, "RETURN_NUM": 1 }, "geometry": { "type": "Point", "coordinates": [ -0.9773818, 51.5968808 ] } },
{ "type": "Feature", "properties": { "LAYER": "Created, never classified", "ELEVATION": 0, "RETURN_CNT": 1, "RETURN_NUM": 1 }, "geometry": { "type": "Point", "coordinates": [ -0.977404, 51.5968985 ] } },
{ "type": "Feature", "properties": { "LAYER": "Created, never classified", "ELEVATION": 0, "RETURN_CNT": 1, "RETURN_NUM": 1 }, "geometry": { "type": "Point", "coordinates": [ -0.9773427, 51.5969278 ] } },
{ "type": "Feature", "properties": { "LAYER": "Created, never classified", "ELEVATION": 0, "RETURN_CNT": 1, "RETURN_NUM": 1 }, "geometry": { "type": "Point", "coordinates": [ -0.9773865, 51.5969601 ] } },
{ "type": "Feature", "properties": { "LAYER": "Created, never classified", "ELEVATION": 0, "RETURN_CNT": 1, "RETURN_NUM": 1 }, "geometry": { "type": "Point", "coordinates": [ -0.9774688, 51.5970288 ] } },
{ "type": "Feature", "properties": { "LAYER": "Created, never classified", "ELEVATION": 0, "RETURN_CNT": 1, "RETURN_NUM": 1 }, "geometry": { "type": "Point", "coordinates": [ -0.9773914, 51.5970386 ] } },
{ "type": "Feature", "properties": { "LAYER": "Created, never classified", "ELEVATION": 0, "RETURN_CNT": 1, "RETURN_NUM": 1 }, "geometry": { "type": "Point", "coordinates": [ -0.9773299, 51.5970941 ] } },
{ "type": "Feature", "properties": { "LAYER": "Created, never classified", "ELEVATION": 0, "RETURN_CNT": 1, "RETURN_NUM": 1 }, "geometry": { "type": "Point", "coordinates": [ -0.9774169, 51.5971339 ] } },
{ "type": "Feature", "properties": { "LAYER": "Created, never classified", "ELEVATION": 0, "RETURN_CNT": 1, "RETURN_NUM": 1 }, "geometry": { "type": "Point", "coordinates": [ -0.9774565, 51.5971691 ] } },
{ "type": "Feature", "properties": { "LAYER": "Created, never classified", "ELEVATION": 0, "RETURN_CNT": 1, "RETURN_NUM": 1 }, "geometry": { "type": "Point", "coordinates": [ -0.9774325, 51.5970726 ] } },
{ "type": "Feature", "properties": { "LAYER": "Created, never classified", "ELEVATION": 0, "RETURN_CNT": 1, "RETURN_NUM": 1 }, "geometry": { "type": "Point", "coordinates": [ -0.9775533, 51.5970974 ] } },
{ "type": "Feature", "properties": { "LAYER": "Created, never classified", "ELEVATION": 0, "RETURN_CNT": 1, "RETURN_NUM": 1 }, "geometry": { "type": "Point", "coordinates": [ -0.9776214, 51.5971494 ] } },
{ "type": "Feature", "properties": { "LAYER": "Created, never classified", "ELEVATION": 0, "RETURN_CNT": 1, "RETURN_NUM": 1 }, "geometry": { "type": "Point", "coordinates": [ -0.977636, 51.5971661 ] } },
{ "type": "Feature", "properties": { "LAYER": "Created, never classified", "ELEVATION": 0, "RETURN_CNT": 1, "RETURN_NUM": 1 }, "geometry": { "type": "Point", "coordinates": [ -0.977516, 51.5971415 ] } },
{ "type": "Feature", "properties": { "LAYER": "Created, never classified", "ELEVATION": 0, "RETURN_CNT": 1, "RETURN_NUM": 1 }, "geometry": { "type": "Point", "coordinates": [ -0.9774959, 51.5972058 ] } },
{ "type": "Feature", "properties": { "LAYER": "Created, never classified", "ELEVATION": 0, "RETURN_CNT": 1, "RETURN_NUM": 1 }, "geometry": { "type": "Point", "coordinates": [ -0.9775451, 51.5972097 ] } },
{ "type": "Feature", "properties": { "LAYER": "Created, never classified", "ELEVATION": 0, "RETURN_CNT": 1, "RETURN_NUM": 1 }, "geometry": { "type": "Point", "coordinates": [ -0.9775782, 51.5971938 ] } },
{ "type": "Feature", "properties": { "LAYER": "Created, never classified", "ELEVATION": 0, "RETURN_CNT": 1, "RETURN_NUM": 1 }, "geometry": { "type": "Point", "coordinates": [ -0.9784145, 51.5960991 ] } },
{ "type": "Feature", "properties": { "LAYER": "Created, never classified", "ELEVATION": 0, "RETURN_CNT": 1, "RETURN_NUM": 1 }, "geometry": { "type": "Point", "coordinates": [ -0.9784469, 51.5961918 ] } },
{ "type": "Feature", "properties": { "LAYER": "Created, never classified", "ELEVATION": 0, "RETURN_CNT": 1, "RETURN_NUM": 1 }, "geometry": { "type": "Point", "coordinates": [ -0.978501, 51.5962751 ] } },
{ "type": "Feature", "properties": { "LAYER": "Created, never classified", "ELEVATION": 0, "RETURN_CNT": 1, "RETURN_NUM": 1 }, "geometry": { "type": "Point", "coordinates": [ -0.9784098, 51.596236 ] } },
{ "type": "Feature", "properties": { "LAYER": "Created, never classified", "ELEVATION": 0, "RETURN_CNT": 1, "RETURN_NUM": 1 }, "geometry": { "type": "Point", "coordinates": [ -0.9783665, 51.596284 ] } },
{ "type": "Feature", "properties": { "LAYER": "Created, never classified", "ELEVATION": 0, "RETURN_CNT": 1, "RETURN_NUM": 1 }, "geometry": { "type": "Point", "coordinates": [ -0.9783579, 51.5962608 ] } },
{ "type": "Feature", "properties": { "LAYER": "Created, never classified", "ELEVATION": 0, "RETURN_CNT": 1, "RETURN_NUM": 1 }, "geometry": { "type": "Point", "coordinates": [ -0.9783118, 51.5962293 ] } },
{ "type": "Feature", "properties": { "LAYER": "Created, never classified", "ELEVATION": 0, "RETURN_CNT": 1, "RETURN_NUM": 1 }, "geometry": { "type": "Point", "coordinates": [ -0.9782297, 51.5962371 ] } },
{ "type": "Feature", "properties": { "LAYER": "Created, never classified", "ELEVATION": 0, "RETURN_CNT": 1, "RETURN_NUM": 1 }, "geometry": { "type": "Point", "coordinates": [ -0.9782527, 51.596256 ] } },
{ "type": "Feature", "properties": { "LAYER": "Created, never classified", "ELEVATION": 0, "RETURN_CNT": 1, "RETURN_NUM": 1 }, "geometry": { "type": "Point", "coordinates": [ -0.978138, 51.5962296 ] } },
{ "type": "Feature", "properties": { "LAYER": "Created, never classified", "ELEVATION": 0, "RETURN_CNT": 1, "RETURN_NUM": 1 }, "geometry": { "type": "Point", "coordinates": [ -0.9781538, 51.596248 ] } },
{ "type": "Feature", "properties": { "LAYER": "Created, never classified", "ELEVATION": 0, "RETURN_CNT": 1, "RETURN_NUM": 1 }, "geometry": { "type": "Point", "coordinates": [ -0.9780738, 51.5962587 ] } },
{ "type": "Feature", "properties": { "LAYER": "Created, never classified", "ELEVATION": 0, "RETURN_CNT": 1, "RETURN_NUM": 1 }, "geometry": { "type": "Point", "coordinates": [ -0.9781185, 51.5962111 ] } },
{ "type": "Feature", "properties": { "LAYER": "Created, never classified", "ELEVATION": 0, "RETURN_CNT": 1, "RETURN_NUM": 1 }, "geometry": { "type": "Point", "coordinates": [ -0.9780972, 51.5961944 ] } },
{ "type": "Feature", "properties": { "LAYER": "Created, never classified", "ELEVATION": 0, "RETURN_CNT": 1, "RETURN_NUM": 1 }, "geometry": { "type": "Point", "coordinates": [ -0.9780762, 51.5961767 ] } },
{ "type": "Feature", "properties": { "LAYER": "Created, never classified", "ELEVATION": 0, "RETURN_CNT": 1, "RETURN_NUM": 1 }, "geometry": { "type": "Point", "coordinates": [ -0.9780485, 51.5961628 ] } },
{ "type": "Feature", "properties": { "LAYER": "Created, never classified", "ELEVATION": 0, "RETURN_CNT": 1, "RETURN_NUM": 1 }, "geometry": { "type": "Point", "coordinates": [ -0.978155, 51.5961681 ] } },
{ "type": "Feature", "properties": { "LAYER": "Created, never classified", "ELEVATION": 0, "RETURN_CNT": 1, "RETURN_NUM": 1 }, "geometry": { "type": "Point", "coordinates": [ -0.9781709, 51.5961888 ] } },
{ "type": "Feature", "properties": { "LAYER": "Created, never classified", "ELEVATION": 0, "RETURN_CNT": 1, "RETURN_NUM": 1 }, "geometry": { "type": "Point", "coordinates": [ -0.97819, 51.5962046 ] } },
{ "type": "Feature", "properties": { "LAYER": "Created, never classified", "ELEVATION": 0, "RETURN_CNT": 1, "RETURN_NUM": 1 }, "geometry": { "type": "Point", "coordinates": [ -0.978149, 51.5960886 ] } },
{ "type": "Feature", "properties": { "LAYER": "Created, never classified", "ELEVATION": 0, "RETURN_CNT": 1, "RETURN_NUM": 1 }, "geometry": { "type": "Point", "coordinates": [ -0.9780856, 51.596118 ] } },
{ "type": "Feature", "properties": { "LAYER": "Created, never classified", "ELEVATION": 0, "RETURN_CNT": 1, "RETURN_NUM": 1 }, "geometry": { "type": "Point", "coordinates": [ -0.9781025, 51.5960564 ] } },
{ "type": "Feature", "properties": { "LAYER": "Created, never classified", "ELEVATION": 0, "RETURN_CNT": 1, "RETURN_NUM": 1 }, "geometry": { "type": "Point", "coordinates": [ -0.9782011, 51.5960639 ] } },
{ "type": "Feature", "properties": { "LAYER": "Created, never classified", "ELEVATION": 0, "RETURN_CNT": 1, "RETURN_NUM": 1 }, "geometry": { "type": "Point", "coordinates": [ -0.9781798, 51.5960469 ] } },
{ "type": "Feature", "properties": { "LAYER": "Created, never classified", "ELEVATION": 0, "RETURN_CNT": 1, "RETURN_NUM": 1 }, "geometry": { "type": "Point", "coordinates": [ -0.9782588, 51.5960367 ] } },
{ "type": "Feature", "properties": { "LAYER": "Created, never classified", "ELEVATION": 0, "RETURN_CNT": 1, "RETURN_NUM": 1 }, "geometry": { "type": "Point", "coordinates": [ -0.9782434, 51.5960983 ] } },
{ "type": "Feature", "properties": { "LAYER": "Created, never classified", "ELEVATION": 0, "RETURN_CNT": 1, "RETURN_NUM": 1 }, "geometry": { "type": "Point", "coordinates": [ -0.9782855, 51.5961326 ] } },
{ "type": "Feature", "properties": { "LAYER": "Created, never classified", "ELEVATION": 0, "RETURN_CNT": 1, "RETURN_NUM": 1 }, "geometry": { "type": "Point", "coordinates": [ -0.9782995, 51.5961492 ] } },
{ "type": "Feature", "properties": { "LAYER": "Created, never classified", "ELEVATION": 0, "RETURN_CNT": 1, "RETURN_NUM": 1 }, "geometry": { "type": "Point", "coordinates": [ -0.9783413, 51.5961052 ] } },
{ "type": "Feature", "properties": { "LAYER": "Created, never classified", "ELEVATION": 0, "RETURN_CNT": 1, "RETURN_NUM": 1 }, "geometry": { "type": "Point", "coordinates": [ -0.978301, 51.5960739 ] } },
{ "type": "Feature", "properties": { "LAYER": "Created, never classified", "ELEVATION": 0, "RETURN_CNT": 1, "RETURN_NUM": 1 }, "geometry": { "type": "Point", "coordinates": [ -0.9782675, 51.5959788 ] } },
{ "type": "Feature", "properties": { "LAYER": "Created, never classified", "ELEVATION": 0, "RETURN_CNT": 1, "RETURN_NUM": 1 }, "geometry": { "type": "Point", "coordinates": [ -0.9782181, 51.5960018 ] } },
{ "type": "Feature", "properties": { "LAYER": "Created, never classified", "ELEVATION": 0, "RETURN_CNT": 1, "RETURN_NUM": 1 }, "geometry": { "type": "Point", "coordinates": [ -0.9781692, 51.5959717 ] } },
{ "type": "Feature", "properties": { "LAYER": "Created, never classified", "ELEVATION": 0, "RETURN_CNT": 1, "RETURN_NUM": 1 }, "geometry": { "type": "Point", "coordinates": [ -0.9780979, 51.595978 ] } },
{ "type": "Feature", "properties": { "LAYER": "Created, never classified", "ELEVATION": 0, "RETURN_CNT": 1, "RETURN_NUM": 1 }, "geometry": { "type": "Point", "coordinates": [ -0.9780554, 51.5959436 ] } },
{ "type": "Feature", "properties": { "LAYER": "Created, never classified", "ELEVATION": 0, "RETURN_CNT": 1, "RETURN_NUM": 1 }, "geometry": { "type": "Point", "coordinates": [ -0.9781545, 51.5959508 ] } },
{ "type": "Feature", "properties": { "LAYER": "Created, never classified", "ELEVATION": 0, "RETURN_CNT": 1, "RETURN_NUM": 1 }, "geometry": { "type": "Point", "coordinates": [ -0.978141, 51.5958755 ] } },
{ "type": "Feature", "properties": { "LAYER": "Created, never classified", "ELEVATION": 0, "RETURN_CNT": 1, "RETURN_NUM": 1 }, "geometry": { "type": "Point", "coordinates": [ -0.9780774, 51.5958243 ] } },
{ "type": "Feature", "properties": { "LAYER": "Created, never classified", "ELEVATION": 0, "RETURN_CNT": 1, "RETURN_NUM": 1 }, "geometry": { "type": "Point", "coordinates": [ -0.9779587, 51.5957454 ] } },
{ "type": "Feature", "properties": { "LAYER": "Created, never classified", "ELEVATION": 0, "RETURN_CNT": 1, "RETURN_NUM": 1 }, "geometry": { "type": "Point", "coordinates": [ -0.9779063, 51.5957438 ] } },
{ "type": "Feature", "properties": { "LAYER": "Created, never classified", "ELEVATION": 0, "RETURN_CNT": 1, "RETURN_NUM": 1 }, "geometry": { "type": "Point", "coordinates": [ -0.9778045, 51.5957367 ] } },
{ "type": "Feature", "properties": { "LAYER": "Created, never classified", "ELEVATION": 0, "RETURN_CNT": 1, "RETURN_NUM": 1 }, "geometry": { "type": "Point", "coordinates": [ -0.9777854, 51.5957195 ] } },
{ "type": "Feature", "properties": { "LAYER": "Created, never classified", "ELEVATION": 0, "RETURN_CNT": 1, "RETURN_NUM": 1 }, "geometry": { "type": "Point", "coordinates": [ -0.9777587, 51.5957046 ] } },
{ "type": "Feature", "properties": { "LAYER": "Created, never classified", "ELEVATION": 0, "RETURN_CNT": 1, "RETURN_NUM": 1 }, "geometry": { "type": "Point", "coordinates": [ -0.977742, 51.5956849 ] } },
{ "type": "Feature", "properties": { "LAYER": "Created, never classified", "ELEVATION": 0, "RETURN_CNT": 1, "RETURN_NUM": 1 }, "geometry": { "type": "Point", "coordinates": [ -0.9778207, 51.5956476 ] } },
{ "type": "Feature", "properties": { "LAYER": "Created, never classified", "ELEVATION": 0, "RETURN_CNT": 1, "RETURN_NUM": 1 }, "geometry": { "type": "Point", "coordinates": [ -0.9777288, 51.5955833 ] } },
{ "type": "Feature", "properties": { "LAYER": "Created, never classified", "ELEVATION": 0, "RETURN_CNT": 1, "RETURN_NUM": 1 }, "geometry": { "type": "Point", "coordinates": [ -0.9774011, 51.5953576 ] } },
{ "type": "Feature", "properties": { "LAYER": "Created, never classified", "ELEVATION": 0, "RETURN_CNT": 1, "RETURN_NUM": 1 }, "geometry": { "type": "Point", "coordinates": [ -0.9774246, 51.5953746 ] } },
{ "type": "Feature", "properties": { "LAYER": "Created, never classified", "ELEVATION": 0, "RETURN_CNT": 1, "RETURN_NUM": 1 }, "geometry": { "type": "Point", "coordinates": [ -0.9773923, 51.5953895 ] } },
{ "type": "Feature", "properties": { "LAYER": "Created, never classified", "ELEVATION": 0, "RETURN_CNT": 1, "RETURN_NUM": 1 }, "geometry": { "type": "Point", "coordinates": [ -0.9774086, 51.5954133 ] } },
{ "type": "Feature", "properties": { "LAYER": "Created, never classified", "ELEVATION": 0, "RETURN_CNT": 1, "RETURN_NUM": 1 }, "geometry": { "type": "Point", "coordinates": [ -0.9774467, 51.5953899 ] } },
{ "type": "Feature", "properties": { "LAYER": "Created, never classified", "ELEVATION": 0, "RETURN_CNT": 1, "RETURN_NUM": 1 }, "geometry": { "type": "Point", "coordinates": [ -0.9774707, 51.5954067 ] } },
{ "type": "Feature", "properties": { "LAYER": "Created, never classified", "ELEVATION": 0, "RETURN_CNT": 1, "RETURN_NUM": 1 }, "geometry": { "type": "Point", "coordinates": [ -0.9774997, 51.5954214 ] } },
{ "type": "Feature", "properties": { "LAYER": "Created, never classified", "ELEVATION": 0, "RETURN_CNT": 1, "RETURN_NUM": 1 }, "geometry": { "type": "Point", "coordinates": [ -0.9775425, 51.5954543 ] } },
{ "type": "Feature", "properties": { "LAYER": "Created, never classified", "ELEVATION": 0, "RETURN_CNT": 1, "RETURN_NUM": 1 }, "geometry": { "type": "Point", "coordinates": [ -0.9774708, 51.5954614 ] } },
{ "type": "Feature", "properties": { "LAYER": "Created, never classified", "ELEVATION": 0, "RETURN_CNT": 1, "RETURN_NUM": 1 }, "geometry": { "type": "Point", "coordinates": [ -0.9774528, 51.5954464 ] } },
{ "type": "Feature", "properties": { "LAYER": "Created, never classified", "ELEVATION": 0, "RETURN_CNT": 1, "RETURN_NUM": 1 }, "geometry": { "type": "Point", "coordinates": [ -0.9774311, 51.5954272 ] } },
{ "type": "Feature", "properties": { "LAYER": "Created, never classified", "ELEVATION": 0, "RETURN_CNT": 1, "RETURN_NUM": 1 }, "geometry": { "type": "Point", "coordinates": [ -0.9774135, 51.5954883 ] } },
{ "type": "Feature", "properties": { "LAYER": "Created, never classified", "ELEVATION": 0, "RETURN_CNT": 1, "RETURN_NUM": 1 }, "geometry": { "type": "Point", "coordinates": [ -0.9774348, 51.5955052 ] } },
{ "type": "Feature", "properties": { "LAYER": "Created, never classified", "ELEVATION": 0, "RETURN_CNT": 1, "RETURN_NUM": 1 }, "geometry": { "type": "Point", "coordinates": [ -0.9774554, 51.5955221 ] } },
{ "type": "Feature", "properties": { "LAYER": "Created, never classified", "ELEVATION": 0, "RETURN_CNT": 1, "RETURN_NUM": 1 }, "geometry": { "type": "Point", "coordinates": [ -0.9773988, 51.5955489 ] } },
{ "type": "Feature", "properties": { "LAYER": "Created, never classified", "ELEVATION": 0, "RETURN_CNT": 1, "RETURN_NUM": 1 }, "geometry": { "type": "Point", "coordinates": [ -0.9774191, 51.5955671 ] } },
{ "type": "Feature", "properties": { "LAYER": "Created, never classified", "ELEVATION": 0, "RETURN_CNT": 1, "RETURN_NUM": 1 }, "geometry": { "type": "Point", "coordinates": [ -0.9773858, 51.5956136 ] } },
{ "type": "Feature", "properties": { "LAYER": "Created, never classified", "ELEVATION": 0, "RETURN_CNT": 1, "RETURN_NUM": 1 }, "geometry": { "type": "Point", "coordinates": [ -0.9774605, 51.5956018 ] } },
{ "type": "Feature", "properties": { "LAYER": "Created, never classified", "ELEVATION": 0, "RETURN_CNT": 1, "RETURN_NUM": 1 }, "geometry": { "type": "Point", "coordinates": [ -0.9774951, 51.5955563 ] } },
{ "type": "Feature", "properties": { "LAYER": "Created, never classified", "ELEVATION": 0, "RETURN_CNT": 1, "RETURN_NUM": 1 }, "geometry": { "type": "Point", "coordinates": [ -0.9775186, 51.5955738 ] } },
{ "type": "Feature", "properties": { "LAYER": "Created, never classified", "ELEVATION": 0, "RETURN_CNT": 1, "RETURN_NUM": 1 }, "geometry": { "type": "Point", "coordinates": [ -0.9774772, 51.5955394 ] } },
{ "type": "Feature", "properties": { "LAYER": "Created, never classified", "ELEVATION": 0, "RETURN_CNT": 1, "RETURN_NUM": 1 }, "geometry": { "type": "Point", "coordinates": [ -0.9775384, 51.5955158 ] } },
{ "type": "Feature", "properties": { "LAYER": "Created, never classified", "ELEVATION": 0, "RETURN_CNT": 1, "RETURN_NUM": 1 }, "geometry": { "type": "Point", "coordinates": [ -0.977563, 51.5955306 ] } },
{ "type": "Feature", "properties": { "LAYER": "Created, never classified", "ELEVATION": 0, "RETURN_CNT": 1, "RETURN_NUM": 1 }, "geometry": { "type": "Point", "coordinates": [ -0.9775732, 51.5955457 ] } },
{ "type": "Feature", "properties": { "LAYER": "Created, never classified", "ELEVATION": 0, "RETURN_CNT": 1, "RETURN_NUM": 1 }, "geometry": { "type": "Point", "coordinates": [ -0.9776368, 51.595518 ] } },
{ "type": "Feature", "properties": { "LAYER": "Created, never classified", "ELEVATION": 0, "RETURN_CNT": 1, "RETURN_NUM": 1 }, "geometry": { "type": "Point", "coordinates": [ -0.9776383, 51.5955985 ] } },
{ "type": "Feature", "properties": { "LAYER": "Created, never classified", "ELEVATION": 0, "RETURN_CNT": 1, "RETURN_NUM": 1 }, "geometry": { "type": "Point", "coordinates": [ -0.977597, 51.5955643 ] } },
{ "type": "Feature", "properties": { "LAYER": "Created, never classified", "ELEVATION": 0, "RETURN_CNT": 1, "RETURN_NUM": 1 }, "geometry": { "type": "Point", "coordinates": [ -0.977566, 51.5956058 ] } },
{ "type": "Feature", "properties": { "LAYER": "Created, never classified", "ELEVATION": 0, "RETURN_CNT": 1, "RETURN_NUM": 1 }, "geometry": { "type": "Point", "coordinates": [ -0.9775812, 51.5956254 ] } },
{ "type": "Feature", "properties": { "LAYER": "Created, never classified", "ELEVATION": 0, "RETURN_CNT": 1, "RETURN_NUM": 1 }, "geometry": { "type": "Point", "coordinates": [ -0.9776225, 51.5956604 ] } },
{ "type": "Feature", "properties": { "LAYER": "Created, never classified", "ELEVATION": 0, "RETURN_CNT": 1, "RETURN_NUM": 1 }, "geometry": { "type": "Point", "coordinates": [ -0.9776013, 51.5956471 ] } },
{ "type": "Feature", "properties": { "LAYER": "Created, never classified", "ELEVATION": 0, "RETURN_CNT": 1, "RETURN_NUM": 1 }, "geometry": { "type": "Point", "coordinates": [ -0.9776857, 51.5957125 ] } },
{ "type": "Feature", "properties": { "LAYER": "Created, never classified", "ELEVATION": 0, "RETURN_CNT": 1, "RETURN_NUM": 1 }, "geometry": { "type": "Point", "coordinates": [ -0.9777044, 51.5957297 ] } },
{ "type": "Feature", "properties": { "LAYER": "Created, never classified", "ELEVATION": 0, "RETURN_CNT": 1, "RETURN_NUM": 1 }, "geometry": { "type": "Point", "coordinates": [ -0.9775656, 51.5956872 ] } },
{ "type": "Feature", "properties": { "LAYER": "Created, never classified", "ELEVATION": 0, "RETURN_CNT": 1, "RETURN_NUM": 1 }, "geometry": { "type": "Point", "coordinates": [ -0.9774872, 51.5956972 ] } },
{ "type": "Feature", "properties": { "LAYER": "Created, never classified", "ELEVATION": 0, "RETURN_CNT": 1, "RETURN_NUM": 1 }, "geometry": { "type": "Point", "coordinates": [ -0.9775444, 51.5956701 ] } },
{ "type": "Feature", "properties": { "LAYER": "Created, never classified", "ELEVATION": 0, "RETURN_CNT": 1, "RETURN_NUM": 1 }, "geometry": { "type": "Point", "coordinates": [ -0.9775225, 51.5956537 ] } },
{ "type": "Feature", "properties": { "LAYER": "Created, never classified", "ELEVATION": 0, "RETURN_CNT": 1, "RETURN_NUM": 1 }, "geometry": { "type": "Point", "coordinates": [ -0.9775027, 51.5956351 ] } },
{ "type": "Feature", "properties": { "LAYER": "Created, never classified", "ELEVATION": 0, "RETURN_CNT": 1, "RETURN_NUM": 1 }, "geometry": { "type": "Point", "coordinates": [ -0.9774662, 51.595679 ] } },
{ "type": "Feature", "properties": { "LAYER": "Created, never classified", "ELEVATION": 0, "RETURN_CNT": 1, "RETURN_NUM": 1 }, "geometry": { "type": "Point", "coordinates": [ -0.9774457, 51.5956617 ] } },
{ "type": "Feature", "properties": { "LAYER": "Created, never classified", "ELEVATION": 0, "RETURN_CNT": 1, "RETURN_NUM": 1 }, "geometry": { "type": "Point", "coordinates": [ -0.9774454, 51.5956619 ] } },
{ "type": "Feature", "properties": { "LAYER": "Created, never classified", "ELEVATION": 0, "RETURN_CNT": 1, "RETURN_NUM": 1 }, "geometry": { "type": "Point", "coordinates": [ -0.9774032, 51.5956281 ] } },
{ "type": "Feature", "properties": { "LAYER": "Created, never classified", "ELEVATION": 0, "RETURN_CNT": 1, "RETURN_NUM": 1 }, "geometry": { "type": "Point", "coordinates": [ -0.9774232, 51.5957271 ] } },
{ "type": "Feature", "properties": { "LAYER": "Created, never classified", "ELEVATION": 0, "RETURN_CNT": 1, "RETURN_NUM": 1 }, "geometry": { "type": "Point", "coordinates": [ -0.9774495, 51.5957418 ] } },
{ "type": "Feature", "properties": { "LAYER": "Created, never classified", "ELEVATION": 0, "RETURN_CNT": 1, "RETURN_NUM": 1 }, "geometry": { "type": "Point", "coordinates": [ -0.9773869, 51.5957715 ] } },
{ "type": "Feature", "properties": { "LAYER": "Created, never classified", "ELEVATION": 0, "RETURN_CNT": 1, "RETURN_NUM": 1 }, "geometry": { "type": "Point", "coordinates": [ -0.9774304, 51.5958035 ] } },
{ "type": "Feature", "properties": { "LAYER": "Created, never classified", "ELEVATION": 0, "RETURN_CNT": 1, "RETURN_NUM": 1 }, "geometry": { "type": "Point", "coordinates": [ -0.9775124, 51.5957927 ] } },
{ "type": "Feature", "properties": { "LAYER": "Created, never classified", "ELEVATION": 0, "RETURN_CNT": 1, "RETURN_NUM": 1 }, "geometry": { "type": "Point", "coordinates": [ -0.9774599, 51.5958179 ] } },
{ "type": "Feature", "properties": { "LAYER": "Created, never classified", "ELEVATION": 0, "RETURN_CNT": 1, "RETURN_NUM": 1 }, "geometry": { "type": "Point", "coordinates": [ -0.9775177, 51.5958725 ] } },
{ "type": "Feature", "properties": { "LAYER": "Created, never classified", "ELEVATION": 0, "RETURN_CNT": 1, "RETURN_NUM": 1 }, "geometry": { "type": "Point", "coordinates": [ -0.9774174, 51.5958639 ] } },
{ "type": "Feature", "properties": { "LAYER": "Created, never classified", "ELEVATION": 0, "RETURN_CNT": 1, "RETURN_NUM": 1 }, "geometry": { "type": "Point", "coordinates": [ -0.9773752, 51.5958297 ] } },
{ "type": "Feature", "properties": { "LAYER": "Created, never classified", "ELEVATION": 0, "RETURN_CNT": 1, "RETURN_NUM": 1 }, "geometry": { "type": "Point", "coordinates": [ -0.9773961, 51.5958463 ] } },
{ "type": "Feature", "properties": { "LAYER": "Created, never classified", "ELEVATION": 0, "RETURN_CNT": 1, "RETURN_NUM": 1 }, "geometry": { "type": "Point", "coordinates": [ -0.9773956, 51.5959287 ] } },
{ "type": "Feature", "properties": { "LAYER": "Created, never classified", "ELEVATION": 0, "RETURN_CNT": 1, "RETURN_NUM": 1 }, "geometry": { "type": "Point", "coordinates": [ -0.9773809, 51.5959092 ] } },
{ "type": "Feature", "properties": { "LAYER": "Created, never classified", "ELEVATION": 0, "RETURN_CNT": 1, "RETURN_NUM": 1 }, "geometry": { "type": "Point", "coordinates": [ -0.9774441, 51.5959602 ] } },
{ "type": "Feature", "properties": { "LAYER": "Created, never classified", "ELEVATION": 0, "RETURN_CNT": 1, "RETURN_NUM": 1 }, "geometry": { "type": "Point", "coordinates": [ -0.9774905, 51.5959997 ] } },
{ "type": "Feature", "properties": { "LAYER": "Created, never classified", "ELEVATION": 0, "RETURN_CNT": 1, "RETURN_NUM": 1 }, "geometry": { "type": "Point", "coordinates": [ -0.9774603, 51.5958982 ] } },
{ "type": "Feature", "properties": { "LAYER": "Created, never classified", "ELEVATION": 0, "RETURN_CNT": 1, "RETURN_NUM": 1 }, "geometry": { "type": "Point", "coordinates": [ -0.9775797, 51.5959235 ] } },
{ "type": "Feature", "properties": { "LAYER": "Created, never classified", "ELEVATION": 0, "RETURN_CNT": 1, "RETURN_NUM": 1 }, "geometry": { "type": "Point", "coordinates": [ -0.9776837, 51.5960093 ] } },
{ "type": "Feature", "properties": { "LAYER": "Created, never classified", "ELEVATION": 0, "RETURN_CNT": 1, "RETURN_NUM": 1 }, "geometry": { "type": "Point", "coordinates": [ -0.9777008, 51.5958666 ] } },
{ "type": "Feature", "properties": { "LAYER": "Created, never classified", "ELEVATION": 0, "RETURN_CNT": 1, "RETURN_NUM": 1 }, "geometry": { "type": "Point", "coordinates": [ -0.9775815, 51.5958422 ] } },
{ "type": "Feature", "properties": { "LAYER": "Created, never classified", "ELEVATION": 0, "RETURN_CNT": 1, "RETURN_NUM": 1 }, "geometry": { "type": "Point", "coordinates": [ -0.9775693, 51.5957658 ] } },
{ "type": "Feature", "properties": { "LAYER": "Created, never classified", "ELEVATION": 0, "RETURN_CNT": 1, "RETURN_NUM": 1 }, "geometry": { "type": "Point", "coordinates": [ -0.9775493, 51.5957482 ] } },
{ "type": "Feature", "properties": { "LAYER": "Created, never classified", "ELEVATION": 0, "RETURN_CNT": 1, "RETURN_NUM": 1 }, "geometry": { "type": "Point", "coordinates": [ -0.97767, 51.5957724 ] } },
{ "type": "Feature", "properties": { "LAYER": "Created, never classified", "ELEVATION": 0, "RETURN_CNT": 1, "RETURN_NUM": 1 }, "geometry": { "type": "Point", "coordinates": [ -0.9777113, 51.5958075 ] } },
{ "type": "Feature", "properties": { "LAYER": "Created, never classified", "ELEVATION": 0, "RETURN_CNT": 1, "RETURN_NUM": 1 }, "geometry": { "type": "Point", "coordinates": [ -0.9777461, 51.5957638 ] } },
{ "type": "Feature", "properties": { "LAYER": "Created, never classified", "ELEVATION": 0, "RETURN_CNT": 1, "RETURN_NUM": 1 }, "geometry": { "type": "Point", "coordinates": [ -0.97777, 51.5957813 ] } },
{ "type": "Feature", "properties": { "LAYER": "Created, never classified", "ELEVATION": 0, "RETURN_CNT": 1, "RETURN_NUM": 1 }, "geometry": { "type": "Point", "coordinates": [ -0.9777886, 51.5957979 ] } },
{ "type": "Feature", "properties": { "LAYER": "Created, never classified", "ELEVATION": 0, "RETURN_CNT": 1, "RETURN_NUM": 1 }, "geometry": { "type": "Point", "coordinates": [ -0.9777316, 51.5958253 ] } },
{ "type": "Feature", "properties": { "LAYER": "Created, never classified", "ELEVATION": 0, "RETURN_CNT": 1, "RETURN_NUM": 1 }, "geometry": { "type": "Point", "coordinates": [ -0.9778318, 51.5958324 ] } },
{ "type": "Feature", "properties": { "LAYER": "Created, never classified", "ELEVATION": 0, "RETURN_CNT": 1, "RETURN_NUM": 1 }, "geometry": { "type": "Point", "coordinates": [ -0.9779831, 51.5957619 ] } },
{ "type": "Feature", "properties": { "LAYER": "Created, never classified", "ELEVATION": 0, "RETURN_CNT": 1, "RETURN_NUM": 1 }, "geometry": { "type": "Point", "coordinates": [ -0.9780082, 51.5958305 ] } },
{ "type": "Feature", "properties": { "LAYER": "Created, never classified", "ELEVATION": 0, "RETURN_CNT": 1, "RETURN_NUM": 1 }, "geometry": { "type": "Point", "coordinates": [ -0.9780502, 51.5958639 ] } },
{ "type": "Feature", "properties": { "LAYER": "Created, never classified", "ELEVATION": 0, "RETURN_CNT": 1, "RETURN_NUM": 1 }, "geometry": { "type": "Point", "coordinates": [ -0.9780282, 51.5959254 ] } },
{ "type": "Feature", "properties": { "LAYER": "Created, never classified", "ELEVATION": 0, "RETURN_CNT": 1, "RETURN_NUM": 1 }, "geometry": { "type": "Point", "coordinates": [ -0.9779771, 51.5959531 ] } },
{ "type": "Feature", "properties": { "LAYER": "Created, never classified", "ELEVATION": 0, "RETURN_CNT": 1, "RETURN_NUM": 1 }, "geometry": { "type": "Point", "coordinates": [ -0.9779987, 51.5959702 ] } },
{ "type": "Feature", "properties": { "LAYER": "Created, never classified", "ELEVATION": 0, "RETURN_CNT": 1, "RETURN_NUM": 1 }, "geometry": { "type": "Point", "coordinates": [ -0.9780194, 51.5959874 ] } },
{ "type": "Feature", "properties": { "LAYER": "Created, never classified", "ELEVATION": 0, "RETURN_CNT": 1, "RETURN_NUM": 1 }, "geometry": { "type": "Point", "coordinates": [ -0.9779633, 51.5960146 ] } },
{ "type": "Feature", "properties": { "LAYER": "Created, never classified", "ELEVATION": 0, "RETURN_CNT": 1, "RETURN_NUM": 1 }, "geometry": { "type": "Point", "coordinates": [ -0.9779395, 51.5959963 ] } },
{ "type": "Feature", "properties": { "LAYER": "Created, never classified", "ELEVATION": 0, "RETURN_CNT": 1, "RETURN_NUM": 1 }, "geometry": { "type": "Point", "coordinates": [ -0.9779182, 51.5959805 ] } },
{ "type": "Feature", "properties": { "LAYER": "Created, never classified", "ELEVATION": 0, "RETURN_CNT": 1, "RETURN_NUM": 1 }, "geometry": { "type": "Point", "coordinates": [ -0.9778675, 51.5960047 ] } },
{ "type": "Feature", "properties": { "LAYER": "Created, never classified", "ELEVATION": 0, "RETURN_CNT": 1, "RETURN_NUM": 1 }, "geometry": { "type": "Point", "coordinates": [ -0.9778194, 51.5959727 ] } },
{ "type": "Feature", "properties": { "LAYER": "Created, never classified", "ELEVATION": 0, "RETURN_CNT": 1, "RETURN_NUM": 1 }, "geometry": { "type": "Point", "coordinates": [ -0.9777729, 51.5959413 ] } },
{ "type": "Feature", "properties": { "LAYER": "Created, never classified", "ELEVATION": 0, "RETURN_CNT": 1, "RETURN_NUM": 1 }, "geometry": { "type": "Point", "coordinates": [ -0.9777163, 51.5958867 ] } },
{ "type": "Feature", "properties": { "LAYER": "Created, never classified", "ELEVATION": 0, "RETURN_CNT": 1, "RETURN_NUM": 1 }, "geometry": { "type": "Point", "coordinates": [ -0.9777624, 51.5959996 ] } },
{ "type": "Feature", "properties": { "LAYER": "Created, never classified", "ELEVATION": 0, "RETURN_CNT": 1, "RETURN_NUM": 1 }, "geometry": { "type": "Point", "coordinates": [ -0.9777449, 51.5959847 ] } },
{ "type": "Feature", "properties": { "LAYER": "Created, never classified", "ELEVATION": 0, "RETURN_CNT": 1, "RETURN_NUM": 1 }, "geometry": { "type": "Point", "coordinates": [ -0.9777267, 51.5960445 ] } },
{ "type": "Feature", "properties": { "LAYER": "Created, never classified", "ELEVATION": 0, "RETURN_CNT": 1, "RETURN_NUM": 1 }, "geometry": { "type": "Point", "coordinates": [ -0.9777368, 51.5961203 ] } },
{ "type": "Feature", "properties": { "LAYER": "Created, never classified", "ELEVATION": 0, "RETURN_CNT": 1, "RETURN_NUM": 1 }, "geometry": { "type": "Point", "coordinates": [ -0.97781, 51.5961128 ] } },
{ "type": "Feature", "properties": { "LAYER": "Created, never classified", "ELEVATION": 0, "RETURN_CNT": 1, "RETURN_NUM": 1 }, "geometry": { "type": "Point", "coordinates": [ -0.9778663, 51.5960864 ] } },
{ "type": "Feature", "properties": { "LAYER": "Created, never classified", "ELEVATION": 0, "RETURN_CNT": 1, "RETURN_NUM": 1 }, "geometry": { "type": "Point", "coordinates": [ -0.9778245, 51.5960516 ] } },
{ "type": "Feature", "properties": { "LAYER": "Created, never classified", "ELEVATION": 0, "RETURN_CNT": 1, "RETURN_NUM": 1 }, "geometry": { "type": "Point", "coordinates": [ -0.9777888, 51.5960151 ] } },
{ "type": "Feature", "properties": { "LAYER": "Created, never classified", "ELEVATION": 0, "RETURN_CNT": 1, "RETURN_NUM": 1 }, "geometry": { "type": "Point", "coordinates": [ -0.9778829, 51.5960228 ] } },
{ "type": "Feature", "properties": { "LAYER": "Created, never classified", "ELEVATION": 0, "RETURN_CNT": 1, "RETURN_NUM": 1 }, "geometry": { "type": "Point", "coordinates": [ -0.9780079, 51.5961284 ] } },
{ "type": "Feature", "properties": { "LAYER": "Created, never classified", "ELEVATION": 0, "RETURN_CNT": 1, "RETURN_NUM": 1 }, "geometry": { "type": "Point", "coordinates": [ -0.9780313, 51.5961436 ] } },
{ "type": "Feature", "properties": { "LAYER": "Created, never classified", "ELEVATION": 0, "RETURN_CNT": 1, "RETURN_NUM": 1 }, "geometry": { "type": "Point", "coordinates": [ -0.9779087, 51.5961209 ] } },
{ "type": "Feature", "properties": { "LAYER": "Created, never classified", "ELEVATION": 0, "RETURN_CNT": 1, "RETURN_NUM": 1 }, "geometry": { "type": "Point", "coordinates": [ -0.9778931, 51.5961816 ] } },
{ "type": "Feature", "properties": { "LAYER": "Created, never classified", "ELEVATION": 0, "RETURN_CNT": 1, "RETURN_NUM": 1 }, "geometry": { "type": "Point", "coordinates": [ -0.97802, 51.5962043 ] } },
{ "type": "Feature", "properties": { "LAYER": "Created, never classified", "ELEVATION": 0, "RETURN_CNT": 1, "RETURN_NUM": 1 }, "geometry": { "type": "Point", "coordinates": [ -0.9780273, 51.596222 ] } },
{ "type": "Feature", "properties": { "LAYER": "Created, never classified", "ELEVATION": 0, "RETURN_CNT": 1, "RETURN_NUM": 1 }, "geometry": { "type": "Point", "coordinates": [ -0.9779965, 51.5962679 ] } },
{ "type": "Feature", "properties": { "LAYER": "Created, never classified", "ELEVATION": 0, "RETURN_CNT": 1, "RETURN_NUM": 1 }, "geometry": { "type": "Point", "coordinates": [ -0.9779755, 51.5962508 ] } },
{ "type": "Feature", "properties": { "LAYER": "Created, never classified", "ELEVATION": 0, "RETURN_CNT": 1, "RETURN_NUM": 1 }, "geometry": { "type": "Point", "coordinates": [ -0.9778774, 51.5962432 ] } },
{ "type": "Feature", "properties": { "LAYER": "Created, never classified", "ELEVATION": 0, "RETURN_CNT": 1, "RETURN_NUM": 1 }, "geometry": { "type": "Point", "coordinates": [ -0.9777975, 51.5962531 ] } },
{ "type": "Feature", "properties": { "LAYER": "Created, never classified", "ELEVATION": 0, "RETURN_CNT": 1, "RETURN_NUM": 1 }, "geometry": { "type": "Point", "coordinates": [ -0.9778553, 51.596227 ] } },
{ "type": "Feature", "properties": { "LAYER": "Created, never classified", "ELEVATION": 0, "RETURN_CNT": 1, "RETURN_NUM": 1 }, "geometry": { "type": "Point", "coordinates": [ -0.9778344, 51.5962088 ] } },
{ "type": "Feature", "properties": { "LAYER": "Created, never classified", "ELEVATION": 0, "RETURN_CNT": 1, "RETURN_NUM": 1 }, "geometry": { "type": "Point", "coordinates": [ -0.9778516, 51.5961478 ] } },
{ "type": "Feature", "properties": { "LAYER": "Created, never classified", "ELEVATION": 0, "RETURN_CNT": 1, "RETURN_NUM": 1 }, "geometry": { "type": "Point", "coordinates": [ -0.9777915, 51.5961795 ] } },
{ "type": "Feature", "properties": { "LAYER": "Created, never classified", "ELEVATION": 0, "RETURN_CNT": 1, "RETURN_NUM": 1 }, "geometry": { "type": "Point", "coordinates": [ -0.9778127, 51.5961921 ] } },
{ "type": "Feature", "properties": { "LAYER": "Created, never classified", "ELEVATION": 0, "RETURN_CNT": 1, "RETURN_NUM": 1 }, "geometry": { "type": "Point", "coordinates": [ -0.977713, 51.5961852 ] } },
{ "type": "Feature", "properties": { "LAYER": "Created, never classified", "ELEVATION": 0, "RETURN_CNT": 1, "RETURN_NUM": 1 }, "geometry": { "type": "Point", "coordinates": [ -0.977736, 51.5962013 ] } },
{ "type": "Feature", "properties": { "LAYER": "Created, never classified", "ELEVATION": 0, "RETURN_CNT": 1, "RETURN_NUM": 1 }, "geometry": { "type": "Point", "coordinates": [ -0.977755, 51.5962191 ] } },
{ "type": "Feature", "properties": { "LAYER": "Created, never classified", "ELEVATION": 0, "RETURN_CNT": 1, "RETURN_NUM": 1 }, "geometry": { "type": "Point", "coordinates": [ -0.9777126, 51.5962669 ] } },
{ "type": "Feature", "properties": { "LAYER": "Created, never classified", "ELEVATION": 0, "RETURN_CNT": 1, "RETURN_NUM": 1 }, "geometry": { "type": "Point", "coordinates": [ -0.9776992, 51.5962462 ] } },
{ "type": "Feature", "properties": { "LAYER": "Created, never classified", "ELEVATION": 0, "RETURN_CNT": 1, "RETURN_NUM": 1 }, "geometry": { "type": "Point", "coordinates": [ -0.9776221, 51.5962555 ] } },
{ "type": "Feature", "properties": { "LAYER": "Created, never classified", "ELEVATION": 0, "RETURN_CNT": 1, "RETURN_NUM": 1 }, "geometry": { "type": "Point", "coordinates": [ -0.9776005, 51.5962385 ] } },
{ "type": "Feature", "properties": { "LAYER": "Created, never classified", "ELEVATION": 0, "RETURN_CNT": 1, "RETURN_NUM": 1 }, "geometry": { "type": "Point", "coordinates": [ -0.9775421, 51.5962656 ] } },
{ "type": "Feature", "properties": { "LAYER": "Created, never classified", "ELEVATION": 0, "RETURN_CNT": 1, "RETURN_NUM": 1 }, "geometry": { "type": "Point", "coordinates": [ -0.9775218, 51.5962479 ] } },
{ "type": "Feature", "properties": { "LAYER": "Created, never classified", "ELEVATION": 0, "RETURN_CNT": 1, "RETURN_NUM": 1 }, "geometry": { "type": "Point", "coordinates": [ -0.9775829, 51.5962191 ] } },
{ "type": "Feature", "properties": { "LAYER": "Created, never classified", "ELEVATION": 0, "RETURN_CNT": 1, "RETURN_NUM": 1 }, "geometry": { "type": "Point", "coordinates": [ -0.9775358, 51.596187 ] } },
{ "type": "Feature", "properties": { "LAYER": "Created, never classified", "ELEVATION": 0, "RETURN_CNT": 1, "RETURN_NUM": 1 }, "geometry": { "type": "Point", "coordinates": [ -0.9775794, 51.5961403 ] } },
{ "type": "Feature", "properties": { "LAYER": "Created, never classified", "ELEVATION": 0, "RETURN_CNT": 1, "RETURN_NUM": 1 }, "geometry": { "type": "Point", "coordinates": [ -0.9775942, 51.5961598 ] } },
{ "type": "Feature", "properties": { "LAYER": "Created, never classified", "ELEVATION": 0, "RETURN_CNT": 1, "RETURN_NUM": 1 }, "geometry": { "type": "Point", "coordinates": [ -0.977616, 51.5961767 ] } },
{ "type": "Feature", "properties": { "LAYER": "Created, never classified", "ELEVATION": 0, "RETURN_CNT": 1, "RETURN_NUM": 1 }, "geometry": { "type": "Point", "coordinates": [ -0.9776893, 51.5961702 ] } },
{ "type": "Feature", "properties": { "LAYER": "Created, never classified", "ELEVATION": 0, "RETURN_CNT": 1, "RETURN_NUM": 1 }, "geometry": { "type": "Point", "coordinates": [ -0.9776784, 51.5961469 ] } },
{ "type": "Feature", "properties": { "LAYER": "Created, never classified", "ELEVATION": 0, "RETURN_CNT": 1, "RETURN_NUM": 1 }, "geometry": { "type": "Point", "coordinates": [ -0.9776314, 51.5961156 ] } },
{ "type": "Feature", "properties": { "LAYER": "Created, never classified", "ELEVATION": 0, "RETURN_CNT": 1, "RETURN_NUM": 1 }, "geometry": { "type": "Point", "coordinates": [ -0.9776677, 51.5960711 ] } },
{ "type": "Feature", "properties": { "LAYER": "Created, never classified", "ELEVATION": 0, "RETURN_CNT": 1, "RETURN_NUM": 1 }, "geometry": { "type": "Point", "coordinates": [ -0.9775426, 51.5960496 ] } },
{ "type": "Feature", "properties": { "LAYER": "Created, never classified", "ELEVATION": 0, "RETURN_CNT": 1, "RETURN_NUM": 1 }, "geometry": { "type": "Point", "coordinates": [ -0.9775671, 51.5960638 ] } },
{ "type": "Feature", "properties": { "LAYER": "Created, never classified", "ELEVATION": 0, "RETURN_CNT": 1, "RETURN_NUM": 1 }, "geometry": { "type": "Point", "coordinates": [ -0.9776083, 51.596098 ] } },
{ "type": "Feature", "properties": { "LAYER": "Created, never classified", "ELEVATION": 0, "RETURN_CNT": 1, "RETURN_NUM": 1 }, "geometry": { "type": "Point", "coordinates": [ -0.9775338, 51.5961121 ] } },
{ "type": "Feature", "properties": { "LAYER": "Created, never classified", "ELEVATION": 0, "RETURN_CNT": 1, "RETURN_NUM": 1 }, "geometry": { "type": "Point", "coordinates": [ -0.9774723, 51.5961335 ] } },
{ "type": "Feature", "properties": { "LAYER": "Created, never classified", "ELEVATION": 0, "RETURN_CNT": 1, "RETURN_NUM": 1 }, "geometry": { "type": "Point", "coordinates": [ -0.9775049, 51.5960937 ] } },
{ "type": "Feature", "properties": { "LAYER": "Created, never classified", "ELEVATION": 0, "RETURN_CNT": 1, "RETURN_NUM": 1 }, "geometry": { "type": "Point", "coordinates": [ -0.9773702, 51.5960485 ] } },
{ "type": "Feature", "properties": { "LAYER": "Created, never classified", "ELEVATION": 0, "RETURN_CNT": 1, "RETURN_NUM": 1 }, "geometry": { "type": "Point", "coordinates": [ -0.9773897, 51.5961463 ] } },
{ "type": "Feature", "properties": { "LAYER": "Created, never classified", "ELEVATION": 0, "RETURN_CNT": 1, "RETURN_NUM": 1 }, "geometry": { "type": "Point", "coordinates": [ -0.9774327, 51.5961818 ] } },
{ "type": "Feature", "properties": { "LAYER": "Created, never classified", "ELEVATION": 0, "RETURN_CNT": 1, "RETURN_NUM": 1 }, "geometry": { "type": "Point", "coordinates": [ -0.9774209, 51.5961653 ] } },
{ "type": "Feature", "properties": { "LAYER": "Created, never classified", "ELEVATION": 0, "RETURN_CNT": 1, "RETURN_NUM": 1 }, "geometry": { "type": "Point", "coordinates": [ -0.9775161, 51.5961694 ] } },
{ "type": "Feature", "properties": { "LAYER": "Created, never classified", "ELEVATION": 0, "RETURN_CNT": 1, "RETURN_NUM": 1 }, "geometry": { "type": "Point", "coordinates": [ -0.9774584, 51.5961964 ] } },
{ "type": "Feature", "properties": { "LAYER": "Created, never classified", "ELEVATION": 0, "RETURN_CNT": 1, "RETURN_NUM": 1 }, "geometry": { "type": "Point", "coordinates": [ -0.9774795, 51.5962137 ] } },
{ "type": "Feature", "properties": { "LAYER": "Created, never classified", "ELEVATION": 0, "RETURN_CNT": 1, "RETURN_NUM": 1 }, "geometry": { "type": "Point", "coordinates": [ -0.9775001, 51.596231 ] } },
{ "type": "Feature", "properties": { "LAYER": "Created, never classified", "ELEVATION": 0, "RETURN_CNT": 1, "RETURN_NUM": 1 }, "geometry": { "type": "Point", "coordinates": [ -0.9774315, 51.5962589 ] } },
{ "type": "Feature", "properties": { "LAYER": "Created, never classified", "ELEVATION": 0, "RETURN_CNT": 1, "RETURN_NUM": 1 }, "geometry": { "type": "Point", "coordinates": [ -0.9774276, 51.5962388 ] } },
{ "type": "Feature", "properties": { "LAYER": "Created, never classified", "ELEVATION": 0, "RETURN_CNT": 1, "RETURN_NUM": 1 }, "geometry": { "type": "Point", "coordinates": [ -0.9774059, 51.5962215 ] } },
{ "type": "Feature", "properties": { "LAYER": "Created, never classified", "ELEVATION": 0, "RETURN_CNT": 1, "RETURN_NUM": 1 }, "geometry": { "type": "Point", "coordinates": [ -0.9773784, 51.5962073 ] } },
{ "type": "Feature", "properties": { "LAYER": "Created, never classified", "ELEVATION": 0, "RETURN_CNT": 1, "RETURN_NUM": 1 }, "geometry": { "type": "Point", "coordinates": [ -0.977342, 51.5962506 ] } },
{ "type": "Feature", "properties": { "LAYER": "Created, never classified", "ELEVATION": 0, "RETURN_CNT": 1, "RETURN_NUM": 1 }, "geometry": { "type": "Point", "coordinates": [ -0.9773226, 51.5962337 ] } },
{ "type": "Feature", "properties": { "LAYER": "Created, never classified", "ELEVATION": 0, "RETURN_CNT": 1, "RETURN_NUM": 1 }, "geometry": { "type": "Point", "coordinates": [ -0.9772689, 51.5962592 ] } },
{ "type": "Feature", "properties": { "LAYER": "Created, never classified", "ELEVATION": 0, "RETURN_CNT": 1, "RETURN_NUM": 1 }, "geometry": { "type": "Point", "coordinates": [ -0.9772812, 51.5962035 ] } },
{ "type": "Feature", "properties": { "LAYER": "Created, never classified", "ELEVATION": 0, "RETURN_CNT": 1, "RETURN_NUM": 1 }, "geometry": { "type": "Point", "coordinates": [ -0.9773003, 51.5962164 ] } },
{ "type": "Feature", "properties": { "LAYER": "Created, never classified", "ELEVATION": 0, "RETURN_CNT": 1, "RETURN_NUM": 1 }, "geometry": { "type": "Point", "coordinates": [ -0.9773385, 51.5961705 ] } },
{ "type": "Feature", "properties": { "LAYER": "Created, never classified", "ELEVATION": 0, "RETURN_CNT": 1, "RETURN_NUM": 1 }, "geometry": { "type": "Point", "coordinates": [ -0.9773155, 51.5961589 ] } },
{ "type": "Feature", "properties": { "LAYER": "Created, never classified", "ELEVATION": 0, "RETURN_CNT": 1, "RETURN_NUM": 1 }, "geometry": { "type": "Point", "coordinates": [ -0.9772174, 51.5961475 ] } },
{ "type": "Feature", "properties": { "LAYER": "Created, never classified", "ELEVATION": 0, "RETURN_CNT": 1, "RETURN_NUM": 1 }, "geometry": { "type": "Point", "coordinates": [ -0.9772219, 51.5962262 ] } },
{ "type": "Feature", "properties": { "LAYER": "Created, never classified", "ELEVATION": 0, "RETURN_CNT": 1, "RETURN_NUM": 1 }, "geometry": { "type": "Point", "coordinates": [ -0.9772435, 51.5962432 ] } },
{ "type": "Feature", "properties": { "LAYER": "Created, never classified", "ELEVATION": 0, "RETURN_CNT": 1, "RETURN_NUM": 1 }, "geometry": { "type": "Point", "coordinates": [ -0.9771028, 51.5962024 ] } },
{ "type": "Feature", "properties": { "LAYER": "Created, never classified", "ELEVATION": 0, "RETURN_CNT": 1, "RETURN_NUM": 1 }, "geometry": { "type": "Point", "coordinates": [ -0.9770816, 51.5961839 ] } },
{ "type": "Feature", "properties": { "LAYER": "Created, never classified", "ELEVATION": 0, "RETURN_CNT": 1, "RETURN_NUM": 1 }, "geometry": { "type": "Point", "coordinates": [ -0.9771395, 51.5961569 ] } },
{ "type": "Feature", "properties": { "LAYER": "Created, never classified", "ELEVATION": 0, "RETURN_CNT": 1, "RETURN_NUM": 1 }, "geometry": { "type": "Point", "coordinates": [ -0.9771339, 51.5960782 ] } },
{ "type": "Feature", "properties": { "LAYER": "Created, never classified", "ELEVATION": 0, "RETURN_CNT": 1, "RETURN_NUM": 1 }, "geometry": { "type": "Point", "coordinates": [ -0.9770986, 51.5961229 ] } },
{ "type": "Feature", "properties": { "LAYER": "Created, never classified", "ELEVATION": 0, "RETURN_CNT": 1, "RETURN_NUM": 1 }, "geometry": { "type": "Point", "coordinates": [ -0.9770504, 51.5960093 ] } },
{ "type": "Feature", "properties": { "LAYER": "Created, never classified", "ELEVATION": 0, "RETURN_CNT": 1, "RETURN_NUM": 1 }, "geometry": { "type": "Point", "coordinates": [ -0.9770712, 51.5960266 ] } },
{ "type": "Feature", "properties": { "LAYER": "Created, never classified", "ELEVATION": 0, "RETURN_CNT": 1, "RETURN_NUM": 1 }, "geometry": { "type": "Point", "coordinates": [ -0.9771504, 51.5960169 ] } },
{ "type": "Feature", "properties": { "LAYER": "Created, never classified", "ELEVATION": 0, "RETURN_CNT": 1, "RETURN_NUM": 1 }, "geometry": { "type": "Point", "coordinates": [ -0.9772487, 51.5960242 ] } },
{ "type": "Feature", "properties": { "LAYER": "Created, never classified", "ELEVATION": 0, "RETURN_CNT": 1, "RETURN_NUM": 1 }, "geometry": { "type": "Point", "coordinates": [ -0.9771924, 51.5960506 ] } },
{ "type": "Feature", "properties": { "LAYER": "Created, never classified", "ELEVATION": 0, "RETURN_CNT": 1, "RETURN_NUM": 1 }, "geometry": { "type": "Point", "coordinates": [ -0.9773081, 51.5959963 ] } },
{ "type": "Feature", "properties": { "LAYER": "Created, never classified", "ELEVATION": 0, "RETURN_CNT": 1, "RETURN_NUM": 1 }, "geometry": { "type": "Point", "coordinates": [ -0.9772071, 51.5959902 ] } },
{ "type": "Feature", "properties": { "LAYER": "Created, never classified", "ELEVATION": 0, "RETURN_CNT": 1, "RETURN_NUM": 1 }, "geometry": { "type": "Point", "coordinates": [ -0.9772034, 51.595911 ] } },
{ "type": "Feature", "properties": { "LAYER": "Created, never classified", "ELEVATION": 0, "RETURN_CNT": 1, "RETURN_NUM": 1 }, "geometry": { "type": "Point", "coordinates": [ -0.9772985, 51.5959186 ] } },
{ "type": "Feature", "properties": { "LAYER": "Created, never classified", "ELEVATION": 0, "RETURN_CNT": 1, "RETURN_NUM": 1 }, "geometry": { "type": "Point", "coordinates": [ -0.977338, 51.5958744 ] } },
{ "type": "Feature", "properties": { "LAYER": "Created, never classified", "ELEVATION": 0, "RETURN_CNT": 1, "RETURN_NUM": 1 }, "geometry": { "type": "Point", "coordinates": [ -0.9772924, 51.5958425 ] } },
{ "type": "Feature", "properties": { "LAYER": "Created, never classified", "ELEVATION": 0, "RETURN_CNT": 1, "RETURN_NUM": 1 }, "geometry": { "type": "Point", "coordinates": [ -0.977318, 51.5958569 ] } },
{ "type": "Feature", "properties": { "LAYER": "Created, never classified", "ELEVATION": 0, "RETURN_CNT": 1, "RETURN_NUM": 1 }, "geometry": { "type": "Point", "coordinates": [ -0.9773563, 51.5958123 ] } },
{ "type": "Feature", "properties": { "LAYER": "Created, never classified", "ELEVATION": 0, "RETURN_CNT": 1, "RETURN_NUM": 1 }, "geometry": { "type": "Point", "coordinates": [ -0.9772875, 51.5957641 ] } },
{ "type": "Feature", "properties": { "LAYER": "Created, never classified", "ELEVATION": 0, "RETURN_CNT": 1, "RETURN_NUM": 1 }, "geometry": { "type": "Point", "coordinates": [ -0.9772513, 51.5958074 ] } },
{ "type": "Feature", "properties": { "LAYER": "Created, never classified", "ELEVATION": 0, "RETURN_CNT": 1, "RETURN_NUM": 1 }, "geometry": { "type": "Point", "coordinates": [ -0.9772707, 51.5957438 ] } },
{ "type": "Feature", "properties": { "LAYER": "Created, never classified", "ELEVATION": 0, "RETURN_CNT": 1, "RETURN_NUM": 1 }, "geometry": { "type": "Point", "coordinates": [ -0.9772033, 51.5957724 ] } },
{ "type": "Feature", "properties": { "LAYER": "Created, never classified", "ELEVATION": 0, "RETURN_CNT": 1, "RETURN_NUM": 1 }, "geometry": { "type": "Point", "coordinates": [ -0.9772296, 51.5957908 ] } },
{ "type": "Feature", "properties": { "LAYER": "Created, never classified", "ELEVATION": 0, "RETURN_CNT": 1, "RETURN_NUM": 1 }, "geometry": { "type": "Point", "coordinates": [ -0.9771987, 51.5958317 ] } },
{ "type": "Feature", "properties": { "LAYER": "Created, never classified", "ELEVATION": 0, "RETURN_CNT": 1, "RETURN_NUM": 1 }, "geometry": { "type": "Point", "coordinates": [ -0.9772195, 51.5958492 ] } },
{ "type": "Feature", "properties": { "LAYER": "Created, never classified", "ELEVATION": 0, "RETURN_CNT": 1, "RETURN_NUM": 1 }, "geometry": { "type": "Point", "coordinates": [ -0.9771415, 51.5958585 ] } },
{ "type": "Feature", "properties": { "LAYER": "Created, never classified", "ELEVATION": 0, "RETURN_CNT": 1, "RETURN_NUM": 1 }, "geometry": { "type": "Point", "coordinates": [ -0.9771266, 51.5958393 ] } },
{ "type": "Feature", "properties": { "LAYER": "Created, never classified", "ELEVATION": 0, "RETURN_CNT": 1, "RETURN_NUM": 1 }, "geometry": { "type": "Point", "coordinates": [ -0.9771879, 51.5957561 ] } },
{ "type": "Feature", "properties": { "LAYER": "Created, never classified", "ELEVATION": 0, "RETURN_CNT": 1, "RETURN_NUM": 1 }, "geometry": { "type": "Point", "coordinates": [ -0.9771351, 51.5957805 ] } },
{ "type": "Feature", "properties": { "LAYER": "Created, never classified", "ELEVATION": 0, "RETURN_CNT": 1, "RETURN_NUM": 1 }, "geometry": { "type": "Point", "coordinates": [ -0.9770781, 51.595804 ] } },
{ "type": "Feature", "properties": { "LAYER": "Created, never classified", "ELEVATION": 0, "RETURN_CNT": 1, "RETURN_NUM": 1 }, "geometry": { "type": "Point", "coordinates": [ -0.9771136, 51.5957619 ] } },
{ "type": "Feature", "properties": { "LAYER": "Created, never classified", "ELEVATION": 0, "RETURN_CNT": 1, "RETURN_NUM": 1 }, "geometry": { "type": "Point", "coordinates": [ -0.9770975, 51.5957492 ] } },
{ "type": "Feature", "properties": { "LAYER": "Created, never classified", "ELEVATION": 0, "RETURN_CNT": 1, "RETURN_NUM": 1 }, "geometry": { "type": "Point", "coordinates": [ -0.9770319, 51.5957746 ] } },
{ "type": "Feature", "properties": { "LAYER": "Created, never classified", "ELEVATION": 0, "RETURN_CNT": 1, "RETURN_NUM": 1 }, "geometry": { "type": "Point", "coordinates": [ -0.9770552, 51.5957872 ] } },
{ "type": "Feature", "properties": { "LAYER": "Created, never classified", "ELEVATION": 0, "RETURN_CNT": 1, "RETURN_NUM": 1 }, "geometry": { "type": "Point", "coordinates": [ -0.9770417, 51.5958515 ] } },
{ "type": "Feature", "properties": { "LAYER": "Created, never classified", "ELEVATION": 0, "RETURN_CNT": 1, "RETURN_NUM": 1 }, "geometry": { "type": "Point", "coordinates": [ -0.9770247, 51.5959132 ] } },
{ "type": "Feature", "properties": { "LAYER": "Created, never classified", "ELEVATION": 0, "RETURN_CNT": 1, "RETURN_NUM": 1 }, "geometry": { "type": "Point", "coordinates": [ -0.9770459, 51.5959312 ] } },
{ "type": "Feature", "properties": { "LAYER": "Created, never classified", "ELEVATION": 0, "RETURN_CNT": 1, "RETURN_NUM": 1 }, "geometry": { "type": "Point", "coordinates": [ -0.9771048, 51.5959052 ] } },
{ "type": "Feature", "properties": { "LAYER": "Created, never classified", "ELEVATION": 0, "RETURN_CNT": 1, "RETURN_NUM": 1 }, "geometry": { "type": "Point", "coordinates": [ -0.9771827, 51.5958934 ] } },
{ "type": "Feature", "properties": { "LAYER": "Created, never classified", "ELEVATION": 0, "RETURN_CNT": 1, "RETURN_NUM": 1 }, "geometry": { "type": "Point", "coordinates": [ -0.9771242, 51.595921 ] } },
{ "type": "Feature", "properties": { "LAYER": "Created, never classified", "ELEVATION": 0, "RETURN_CNT": 1, "RETURN_NUM": 1 }, "geometry": { "type": "Point", "coordinates": [ -0.9771451, 51.5959383 ] } },
{ "type": "Feature", "properties": { "LAYER": "Created, never classified", "ELEVATION": 0, "RETURN_CNT": 1, "RETURN_NUM": 1 }, "geometry": { "type": "Point", "coordinates": [ -0.977129, 51.5960016 ] } },
{ "type": "Feature", "properties": { "LAYER": "Created, never classified", "ELEVATION": 0, "RETURN_CNT": 1, "RETURN_NUM": 1 }, "geometry": { "type": "Point", "coordinates": [ -0.977073, 51.5959495 ] } },
{ "type": "Feature", "properties": { "LAYER": "Created, never classified", "ELEVATION": 0, "RETURN_CNT": 1, "RETURN_NUM": 1 }, "geometry": { "type": "Point", "coordinates": [ -0.9770303, 51.5959921 ] } },
{ "type": "Feature", "properties": { "LAYER": "Created, never classified", "ELEVATION": 0, "RETURN_CNT": 1, "RETURN_NUM": 1 }, "geometry": { "type": "Point", "coordinates": [ -0.9770102, 51.595977 ] } },
{ "type": "Feature", "properties": { "LAYER": "Created, never classified", "ELEVATION": 0, "RETURN_CNT": 1, "RETURN_NUM": 1 }, "geometry": { "type": "Point", "coordinates": [ -0.9769895, 51.5959573 ] } },
{ "type": "Feature", "properties": { "LAYER": "Created, never classified", "ELEVATION": 0, "RETURN_CNT": 1, "RETURN_NUM": 1 }, "geometry": { "type": "Point", "coordinates": [ -0.976927, 51.5959874 ] } },
{ "type": "Feature", "properties": { "LAYER": "Created, never classified", "ELEVATION": 0, "RETURN_CNT": 1, "RETURN_NUM": 1 }, "geometry": { "type": "Point", "coordinates": [ -0.9768895, 51.5959502 ] } },
{ "type": "Feature", "properties": { "LAYER": "Created, never classified", "ELEVATION": 0, "RETURN_CNT": 1, "RETURN_NUM": 1 }, "geometry": { "type": "Point", "coordinates": [ -0.9768624, 51.5959326 ] } },
{ "type": "Feature", "properties": { "LAYER": "Created, never classified", "ELEVATION": 0, "RETURN_CNT": 1, "RETURN_NUM": 1 }, "geometry": { "type": "Point", "coordinates": [ -0.9769262, 51.5959056 ] } },
{ "type": "Feature", "properties": { "LAYER": "Created, never classified", "ELEVATION": 0, "RETURN_CNT": 1, "RETURN_NUM": 1 }, "geometry": { "type": "Point", "coordinates": [ -0.9769467, 51.5959229 ] } },
{ "type": "Feature", "properties": { "LAYER": "Created, never classified", "ELEVATION": 0, "RETURN_CNT": 1, "RETURN_NUM": 1 }, "geometry": { "type": "Point", "coordinates": [ -0.9769841, 51.5958787 ] } },
{ "type": "Feature", "properties": { "LAYER": "Created, never classified", "ELEVATION": 0, "RETURN_CNT": 1, "RETURN_NUM": 1 }, "geometry": { "type": "Point", "coordinates": [ -0.9769615, 51.595861 ] } },
{ "type": "Feature", "properties": { "LAYER": "Created, never classified", "ELEVATION": 0, "RETURN_CNT": 1, "RETURN_NUM": 1 }, "geometry": { "type": "Point", "coordinates": [ -0.9770156, 51.5957556 ] } },
{ "type": "Feature", "properties": { "LAYER": "Created, never classified", "ELEVATION": 0, "RETURN_CNT": 1, "RETURN_NUM": 1 }, "geometry": { "type": "Point", "coordinates": [ -0.9769582, 51.5957827 ] } },
{ "type": "Feature", "properties": { "LAYER": "Created, never classified", "ELEVATION": 0, "RETURN_CNT": 1, "RETURN_NUM": 1 }, "geometry": { "type": "Point", "coordinates": [ -0.9769733, 51.5958031 ] } },
{ "type": "Feature", "properties": { "LAYER": "Created, never classified", "ELEVATION": 0, "RETURN_CNT": 1, "RETURN_NUM": 1 }, "geometry": { "type": "Point", "coordinates": [ -0.976937, 51.5957654 ] } },
{ "type": "Feature", "properties": { "LAYER": "Created, never classified", "ELEVATION": 0, "RETURN_CNT": 1, "RETURN_NUM": 1 }, "geometry": { "type": "Point", "coordinates": [ -0.9768822, 51.5957957 ] } },
{ "type": "Feature", "properties": { "LAYER": "Created, never classified", "ELEVATION": 0, "RETURN_CNT": 1, "RETURN_NUM": 1 }, "geometry": { "type": "Point", "coordinates": [ -0.9769041, 51.5958082 ] } },
{ "type": "Feature", "properties": { "LAYER": "Created, never classified", "ELEVATION": 0, "RETURN_CNT": 1, "RETURN_NUM": 1 }, "geometry": { "type": "Point", "coordinates": [ -0.9769216, 51.5958273 ] } },
{ "type": "Feature", "properties": { "LAYER": "Created, never classified", "ELEVATION": 0, "RETURN_CNT": 1, "RETURN_NUM": 1 }, "geometry": { "type": "Point", "coordinates": [ -0.9768649, 51.5958528 ] } },
{ "type": "Feature", "properties": { "LAYER": "Created, never classified", "ELEVATION": 0, "RETURN_CNT": 1, "RETURN_NUM": 1 }, "geometry": { "type": "Point", "coordinates": [ -0.976843, 51.5958371 ] } },
{ "type": "Feature", "properties": { "LAYER": "Created, never classified", "ELEVATION": 0, "RETURN_CNT": 1, "RETURN_NUM": 1 }, "geometry": { "type": "Point", "coordinates": [ -0.9767857, 51.595864 ] } },
{ "type": "Feature", "properties": { "LAYER": "Created, never classified", "ELEVATION": 0, "RETURN_CNT": 1, "RETURN_NUM": 1 }, "geometry": { "type": "Point", "coordinates": [ -0.9768226, 51.5958193 ] } },
{ "type": "Feature", "properties": { "LAYER": "Created, never classified", "ELEVATION": 0, "RETURN_CNT": 1, "RETURN_NUM": 1 }, "geometry": { "type": "Point", "coordinates": [ -0.9768397, 51.5957576 ] } },
{ "type": "Feature", "properties": { "LAYER": "Created, never classified", "ELEVATION": 0, "RETURN_CNT": 1, "RETURN_NUM": 1 }, "geometry": { "type": "Point", "coordinates": [ -0.9768105, 51.5957435 ] } },
{ "type": "Feature", "properties": { "LAYER": "Created, never classified", "ELEVATION": 0, "RETURN_CNT": 1, "RETURN_NUM": 1 }, "geometry": { "type": "Point", "coordinates": [ -0.9767857, 51.5957829 ] } },
{ "type": "Feature", "properties": { "LAYER": "Created, never classified", "ELEVATION": 0, "RETURN_CNT": 1, "RETURN_NUM": 1 }, "geometry": { "type": "Point", "coordinates": [ -0.9767595, 51.5957678 ] } },
{ "type": "Feature", "properties": { "LAYER": "Created, never classified", "ELEVATION": 0, "RETURN_CNT": 1, "RETURN_NUM": 1 }, "geometry": { "type": "Point", "coordinates": [ -0.9767448, 51.5957561 ] } },
{ "type": "Feature", "properties": { "LAYER": "Created, never classified", "ELEVATION": 0, "RETURN_CNT": 1, "RETURN_NUM": 1 }, "geometry": { "type": "Point", "coordinates": [ -0.9767013, 51.5957944 ] } },
{ "type": "Feature", "properties": { "LAYER": "Created, never classified", "ELEVATION": 0, "RETURN_CNT": 1, "RETURN_NUM": 1 }, "geometry": { "type": "Point", "coordinates": [ -0.9767176, 51.5958146 ] } },
{ "type": "Feature", "properties": { "LAYER": "Created, never classified", "ELEVATION": 0, "RETURN_CNT": 1, "RETURN_NUM": 1 }, "geometry": { "type": "Point", "coordinates": [ -0.976706, 51.5958736 ] } },
{ "type": "Feature", "properties": { "LAYER": "Created, never classified", "ELEVATION": 0, "RETURN_CNT": 1, "RETURN_NUM": 1 }, "geometry": { "type": "Point", "coordinates": [ -0.9767468, 51.5959087 ] } },
{ "type": "Feature", "properties": { "LAYER": "Created, never classified", "ELEVATION": 0, "RETURN_CNT": 1, "RETURN_NUM": 1 }, "geometry": { "type": "Point", "coordinates": [ -0.9767345, 51.5958945 ] } },
{ "type": "Feature", "properties": { "LAYER": "Created, never classified", "ELEVATION": 0, "RETURN_CNT": 1, "RETURN_NUM": 1 }, "geometry": { "type": "Point", "coordinates": [ -0.9768066, 51.5958808 ] } },
{ "type": "Feature", "properties": { "LAYER": "Created, never classified", "ELEVATION": 0, "RETURN_CNT": 1, "RETURN_NUM": 1 }, "geometry": { "type": "Point", "coordinates": [ -0.9768316, 51.5958956 ] } },
{ "type": "Feature", "properties": { "LAYER": "Created, never classified", "ELEVATION": 0, "RETURN_CNT": 1, "RETURN_NUM": 1 }, "geometry": { "type": "Point", "coordinates": [ -0.9768476, 51.5959153 ] } },
{ "type": "Feature", "properties": { "LAYER": "Created, never classified", "ELEVATION": 0, "RETURN_CNT": 1, "RETURN_NUM": 1 }, "geometry": { "type": "Point", "coordinates": [ -0.9767691, 51.5959294 ] } },
{ "type": "Feature", "properties": { "LAYER": "Created, never classified", "ELEVATION": 0, "RETURN_CNT": 1, "RETURN_NUM": 1 }, "geometry": { "type": "Point", "coordinates": [ -0.9767855, 51.5959455 ] } },
{ "type": "Feature", "properties": { "LAYER": "Created, never classified", "ELEVATION": 0, "RETURN_CNT": 1, "RETURN_NUM": 1 }, "geometry": { "type": "Point", "coordinates": [ -0.9768102, 51.5959602 ] } },
{ "type": "Feature", "properties": { "LAYER": "Created, never classified", "ELEVATION": 0, "RETURN_CNT": 1, "RETURN_NUM": 1 }, "geometry": { "type": "Point", "coordinates": [ -0.9768308, 51.5959773 ] } },
{ "type": "Feature", "properties": { "LAYER": "Created, never classified", "ELEVATION": 0, "RETURN_CNT": 1, "RETURN_NUM": 1 }, "geometry": { "type": "Point", "coordinates": [ -0.9767383, 51.5959673 ] } },
{ "type": "Feature", "properties": { "LAYER": "Created, never classified", "ELEVATION": 0, "RETURN_CNT": 1, "RETURN_NUM": 1 }, "geometry": { "type": "Point", "coordinates": [ -0.9766912, 51.5959361 ] } },
{ "type": "Feature", "properties": { "LAYER": "Created, never classified", "ELEVATION": 0, "RETURN_CNT": 1, "RETURN_NUM": 1 }, "geometry": { "type": "Point", "coordinates": [ -0.976695, 51.5960145 ] } },
{ "type": "Feature", "properties": { "LAYER": "Created, never classified", "ELEVATION": 0, "RETURN_CNT": 1, "RETURN_NUM": 1 }, "geometry": { "type": "Point", "coordinates": [ -0.9766986, 51.5960926 ] } },
{ "type": "Feature", "properties": { "LAYER": "Created, never classified", "ELEVATION": 0, "RETURN_CNT": 1, "RETURN_NUM": 1 }, "geometry": { "type": "Point", "coordinates": [ -0.976763, 51.5960668 ] } },
{ "type": "Feature", "properties": { "LAYER": "Created, never classified", "ELEVATION": 0, "RETURN_CNT": 1, "RETURN_NUM": 1 }, "geometry": { "type": "Point", "coordinates": [ -0.9768199, 51.5961174 ] } },
{ "type": "Feature", "properties": { "LAYER": "Created, never classified", "ELEVATION": 0, "RETURN_CNT": 1, "RETURN_NUM": 1 }, "geometry": { "type": "Point", "coordinates": [ -0.9767737, 51.5960043 ] } },
{ "type": "Feature", "properties": { "LAYER": "Created, never classified", "ELEVATION": 0, "RETURN_CNT": 1, "RETURN_NUM": 1 }, "geometry": { "type": "Point", "coordinates": [ -0.9768725, 51.5960121 ] } },
{ "type": "Feature", "properties": { "LAYER": "Created, never classified", "ELEVATION": 0, "RETURN_CNT": 1, "RETURN_NUM": 1 }, "geometry": { "type": "Point", "coordinates": [ -0.9769463, 51.5960046 ] } },
{ "type": "Feature", "properties": { "LAYER": "Created, never classified", "ELEVATION": 0, "RETURN_CNT": 1, "RETURN_NUM": 1 }, "geometry": { "type": "Point", "coordinates": [ -0.9769936, 51.5960361 ] } },
{ "type": "Feature", "properties": { "LAYER": "Created, never classified", "ELEVATION": 0, "RETURN_CNT": 1, "RETURN_NUM": 1 }, "geometry": { "type": "Point", "coordinates": [ -0.9769343, 51.5960638 ] } },
{ "type": "Feature", "properties": { "LAYER": "Created, never classified", "ELEVATION": 0, "RETURN_CNT": 1, "RETURN_NUM": 1 }, "geometry": { "type": "Point", "coordinates": [ -0.9769245, 51.5961275 ] } },
{ "type": "Feature", "properties": { "LAYER": "Created, never classified", "ELEVATION": 0, "RETURN_CNT": 1, "RETURN_NUM": 1 }, "geometry": { "type": "Point", "coordinates": [ -0.9769101, 51.5961838 ] } },
{ "type": "Feature", "properties": { "LAYER": "Created, never classified", "ELEVATION": 0, "RETURN_CNT": 1, "RETURN_NUM": 1 }, "geometry": { "type": "Point", "coordinates": [ -0.9769825, 51.5961764 ] } },
{ "type": "Feature", "properties": { "LAYER": "Created, never classified", "ELEVATION": 0, "RETURN_CNT": 1, "RETURN_NUM": 1 }, "geometry": { "type": "Point", "coordinates": [ -0.9768248, 51.5961962 ] } },
{ "type": "Feature", "properties": { "LAYER": "Created, never classified", "ELEVATION": 0, "RETURN_CNT": 1, "RETURN_NUM": 1 }, "geometry": { "type": "Point", "coordinates": [ -0.9768027, 51.5961797 ] } },
{ "type": "Feature", "properties": { "LAYER": "Created, never classified", "ELEVATION": 0, "RETURN_CNT": 1, "RETURN_NUM": 1 }, "geometry": { "type": "Point", "coordinates": [ -0.9768409, 51.5961351 ] } },
{ "type": "Feature", "properties": { "LAYER": "Created, never classified", "ELEVATION": 0, "RETURN_CNT": 1, "RETURN_NUM": 1 }, "geometry": { "type": "Point", "coordinates": [ -0.9767883, 51.5961625 ] } },
{ "type": "Feature", "properties": { "LAYER": "Created, never classified", "ELEVATION": 0, "RETURN_CNT": 1, "RETURN_NUM": 1 }, "geometry": { "type": "Point", "coordinates": [ -0.976725, 51.5961893 ] } },
{ "type": "Feature", "properties": { "LAYER": "Created, never classified", "ELEVATION": 0, "RETURN_CNT": 1, "RETURN_NUM": 1 }, "geometry": { "type": "Point", "coordinates": [ -0.9767404, 51.5961279 ] } },
{ "type": "Feature", "properties": { "LAYER": "Created, never classified", "ELEVATION": 0, "RETURN_CNT": 1, "RETURN_NUM": 1 }, "geometry": { "type": "Point", "coordinates": [ -0.9766833, 51.5961546 ] } },
{ "type": "Feature", "properties": { "LAYER": "Created, never classified", "ELEVATION": 0, "RETURN_CNT": 1, "RETURN_NUM": 1 }, "geometry": { "type": "Point", "coordinates": [ -0.9766754, 51.5962395 ] } },
{ "type": "Feature", "properties": { "LAYER": "Created, never classified", "ELEVATION": 0, "RETURN_CNT": 1, "RETURN_NUM": 1 }, "geometry": { "type": "Point", "coordinates": [ -0.9773295, 51.5957163 ] } },
{ "type": "Feature", "properties": { "LAYER": "Created, never classified", "ELEVATION": 0, "RETURN_CNT": 1, "RETURN_NUM": 1 }, "geometry": { "type": "Point", "coordinates": [ -0.9773663, 51.5956723 ] } },
{ "type": "Feature", "properties": { "LAYER": "Created, never classified", "ELEVATION": 0, "RETURN_CNT": 1, "RETURN_NUM": 1 }, "geometry": { "type": "Point", "coordinates": [ -0.9773038, 51.5956202 ] } },
{ "type": "Feature", "properties": { "LAYER": "Created, never classified", "ELEVATION": 0, "RETURN_CNT": 1, "RETURN_NUM": 1 }, "geometry": { "type": "Point", "coordinates": [ -0.9772671, 51.5956639 ] } },
{ "type": "Feature", "properties": { "LAYER": "Created, never classified", "ELEVATION": 0, "RETURN_CNT": 1, "RETURN_NUM": 1 }, "geometry": { "type": "Point", "coordinates": [ -0.9772252, 51.5956299 ] } },
{ "type": "Feature", "properties": { "LAYER": "Created, never classified", "ELEVATION": 0, "RETURN_CNT": 1, "RETURN_NUM": 1 }, "geometry": { "type": "Point", "coordinates": [ -0.9772305, 51.5957087 ] } },
{ "type": "Feature", "properties": { "LAYER": "Created, never classified", "ELEVATION": 0, "RETURN_CNT": 1, "RETURN_NUM": 1 }, "geometry": { "type": "Point", "coordinates": [ -0.9772883, 51.5956823 ] } },
{ "type": "Feature", "properties": { "LAYER": "Created, never classified", "ELEVATION": 0, "RETURN_CNT": 1, "RETURN_NUM": 1 }, "geometry": { "type": "Point", "coordinates": [ -0.9772532, 51.5957302 ] } },
{ "type": "Feature", "properties": { "LAYER": "Created, never classified", "ELEVATION": 0, "RETURN_CNT": 1, "RETURN_NUM": 1 }, "geometry": { "type": "Point", "coordinates": [ -0.9771726, 51.5957364 ] } },
{ "type": "Feature", "properties": { "LAYER": "Created, never classified", "ELEVATION": 0, "RETURN_CNT": 1, "RETURN_NUM": 1 }, "geometry": { "type": "Point", "coordinates": [ -0.9771253, 51.5957056 ] } },
{ "type": "Feature", "properties": { "LAYER": "Created, never classified", "ELEVATION": 0, "RETURN_CNT": 1, "RETURN_NUM": 1 }, "geometry": { "type": "Point", "coordinates": [ -0.9771427, 51.5957185 ] } },
{ "type": "Feature", "properties": { "LAYER": "Created, never classified", "ELEVATION": 0, "RETURN_CNT": 1, "RETURN_NUM": 1 }, "geometry": { "type": "Point", "coordinates": [ -0.9770746, 51.5957285 ] } },
{ "type": "Feature", "properties": { "LAYER": "Created, never classified", "ELEVATION": 0, "RETURN_CNT": 1, "RETURN_NUM": 1 }, "geometry": { "type": "Point", "coordinates": [ -0.9771111, 51.5956842 ] } },
{ "type": "Feature", "properties": { "LAYER": "Created, never classified", "ELEVATION": 0, "RETURN_CNT": 1, "RETURN_NUM": 1 }, "geometry": { "type": "Point", "coordinates": [ -0.9770675, 51.5956539 ] } },
{ "type": "Feature", "properties": { "LAYER": "Created, never classified", "ELEVATION": 0, "RETURN_CNT": 1, "RETURN_NUM": 1 }, "geometry": { "type": "Point", "coordinates": [ -0.9770391, 51.5956288 ] } },
{ "type": "Feature", "properties": { "LAYER": "Created, never classified", "ELEVATION": 0, "RETURN_CNT": 1, "RETURN_NUM": 1 }, "geometry": { "type": "Point", "coordinates": [ -0.9771251, 51.5956235 ] } },
{ "type": "Feature", "properties": { "LAYER": "Created, never classified", "ELEVATION": 0, "RETURN_CNT": 1, "RETURN_NUM": 1 }, "geometry": { "type": "Point", "coordinates": [ -0.9771838, 51.5956753 ] } },
{ "type": "Feature", "properties": { "LAYER": "Created, never classified", "ELEVATION": 0, "RETURN_CNT": 1, "RETURN_NUM": 1 }, "geometry": { "type": "Point", "coordinates": [ -0.9772058, 51.5956129 ] } },
{ "type": "Feature", "properties": { "LAYER": "Created, never classified", "ELEVATION": 0, "RETURN_CNT": 1, "RETURN_NUM": 1 }, "geometry": { "type": "Point", "coordinates": [ -0.9771855, 51.5955997 ] } },
{ "type": "Feature", "properties": { "LAYER": "Created, never classified", "ELEVATION": 0, "RETURN_CNT": 1, "RETURN_NUM": 1 }, "geometry": { "type": "Point", "coordinates": [ -0.9771636, 51.5955777 ] } },
{ "type": "Feature", "properties": { "LAYER": "Created, never classified", "ELEVATION": 0, "RETURN_CNT": 1, "RETURN_NUM": 1 }, "geometry": { "type": "Point", "coordinates": [ -0.9771053, 51.5956055 ] } },
{ "type": "Feature", "properties": { "LAYER": "Created, never classified", "ELEVATION": 0, "RETURN_CNT": 1, "RETURN_NUM": 1 }, "geometry": { "type": "Point", "coordinates": [ -0.9770874, 51.5955874 ] } },
{ "type": "Feature", "properties": { "LAYER": "Created, never classified", "ELEVATION": 0, "RETURN_CNT": 1, "RETURN_NUM": 1 }, "geometry": { "type": "Point", "coordinates": [ -0.9770611, 51.5955722 ] } },
{ "type": "Feature", "properties": { "LAYER": "Created, never classified", "ELEVATION": 0, "RETURN_CNT": 1, "RETURN_NUM": 1 }, "geometry": { "type": "Point", "coordinates": [ -0.9770436, 51.5955576 ] } },
{ "type": "Feature", "properties": { "LAYER": "Created, never classified", "ELEVATION": 0, "RETURN_CNT": 1, "RETURN_NUM": 1 }, "geometry": { "type": "Point", "coordinates": [ -0.977122, 51.5955431 ] } },
{ "type": "Feature", "properties": { "LAYER": "Created, never classified", "ELEVATION": 0, "RETURN_CNT": 1, "RETURN_NUM": 1 }, "geometry": { "type": "Point", "coordinates": [ -0.9771011, 51.5955253 ] } },
{ "type": "Feature", "properties": { "LAYER": "Created, never classified", "ELEVATION": 0, "RETURN_CNT": 1, "RETURN_NUM": 1 }, "geometry": { "type": "Point", "coordinates": [ -0.9770803, 51.5955089 ] } },
{ "type": "Feature", "properties": { "LAYER": "Created, never classified", "ELEVATION": 0, "RETURN_CNT": 1, "RETURN_NUM": 1 }, "geometry": { "type": "Point", "coordinates": [ -0.9770641, 51.5954899 ] } },
{ "type": "Feature", "properties": { "LAYER": "Created, never classified", "ELEVATION": 0, "RETURN_CNT": 1, "RETURN_NUM": 1 }, "geometry": { "type": "Point", "coordinates": [ -0.9771319, 51.5954852 ] } },
{ "type": "Feature", "properties": { "LAYER": "Created, never classified", "ELEVATION": 0, "RETURN_CNT": 1, "RETURN_NUM": 1 }, "geometry": { "type": "Point", "coordinates": [ -0.9771316, 51.5954853 ] } },
{ "type": "Feature", "properties": { "LAYER": "Created, never classified", "ELEVATION": 0, "RETURN_CNT": 1, "RETURN_NUM": 1 }, "geometry": { "type": "Point", "coordinates": [ -0.9771596, 51.5954978 ] } },
{ "type": "Feature", "properties": { "LAYER": "Created, never classified", "ELEVATION": 0, "RETURN_CNT": 1, "RETURN_NUM": 1 }, "geometry": { "type": "Point", "coordinates": [ -0.9771792, 51.5955166 ] } },
{ "type": "Feature", "properties": { "LAYER": "Created, never classified", "ELEVATION": 0, "RETURN_CNT": 1, "RETURN_NUM": 1 }, "geometry": { "type": "Point", "coordinates": [ -0.9772002, 51.5955336 ] } },
{ "type": "Feature", "properties": { "LAYER": "Created, never classified", "ELEVATION": 0, "RETURN_CNT": 1, "RETURN_NUM": 1 }, "geometry": { "type": "Point", "coordinates": [ -0.9772372, 51.5954947 ] } },
{ "type": "Feature", "properties": { "LAYER": "Created, never classified", "ELEVATION": 0, "RETURN_CNT": 1, "RETURN_NUM": 1 }, "geometry": { "type": "Point", "coordinates": [ -0.9772213, 51.5955513 ] } },
{ "type": "Feature", "properties": { "LAYER": "Created, never classified", "ELEVATION": 0, "RETURN_CNT": 1, "RETURN_NUM": 1 }, "geometry": { "type": "Point", "coordinates": [ -0.9772361, 51.595567 ] } },
{ "type": "Feature", "properties": { "LAYER": "Created, never classified", "ELEVATION": 0, "RETURN_CNT": 1, "RETURN_NUM": 1 }, "geometry": { "type": "Point", "coordinates": [ -0.9772624, 51.5955863 ] } },
{ "type": "Feature", "properties": { "LAYER": "Created, never classified", "ELEVATION": 0, "RETURN_CNT": 1, "RETURN_NUM": 1 }, "geometry": { "type": "Point", "coordinates": [ -0.9772847, 51.5956023 ] } },
{ "type": "Feature", "properties": { "LAYER": "Created, never classified", "ELEVATION": 0, "RETURN_CNT": 1, "RETURN_NUM": 1 }, "geometry": { "type": "Point", "coordinates": [ -0.9773669, 51.595591 ] } },
{ "type": "Feature", "properties": { "LAYER": "Created, never classified", "ELEVATION": 0, "RETURN_CNT": 1, "RETURN_NUM": 1 }, "geometry": { "type": "Point", "coordinates": [ -0.9773418, 51.595576 ] } },
{ "type": "Feature", "properties": { "LAYER": "Created, never classified", "ELEVATION": 0, "RETURN_CNT": 1, "RETURN_NUM": 1 }, "geometry": { "type": "Point", "coordinates": [ -0.9773571, 51.5955191 ] } },
{ "type": "Feature", "properties": { "LAYER": "Created, never classified", "ELEVATION": 0, "RETURN_CNT": 1, "RETURN_NUM": 1 }, "geometry": { "type": "Point", "coordinates": [ -0.9773003, 51.5955464 ] } },
{ "type": "Feature", "properties": { "LAYER": "Created, never classified", "ELEVATION": 0, "RETURN_CNT": 1, "RETURN_NUM": 1 }, "geometry": { "type": "Point", "coordinates": [ -0.977333, 51.5954977 ] } },
{ "type": "Feature", "properties": { "LAYER": "Created, never classified", "ELEVATION": 0, "RETURN_CNT": 1, "RETURN_NUM": 1 }, "geometry": { "type": "Point", "coordinates": [ -0.9773777, 51.5954512 ] } },
{ "type": "Feature", "properties": { "LAYER": "Created, never classified", "ELEVATION": 0, "RETURN_CNT": 1, "RETURN_NUM": 1 }, "geometry": { "type": "Point", "coordinates": [ -0.9773546, 51.5954393 ] } },
{ "type": "Feature", "properties": { "LAYER": "Created, never classified", "ELEVATION": 0, "RETURN_CNT": 1, "RETURN_NUM": 1 }, "geometry": { "type": "Point", "coordinates": [ -0.9773308, 51.5954195 ] } },
{ "type": "Feature", "properties": { "LAYER": "Created, never classified", "ELEVATION": 0, "RETURN_CNT": 1, "RETURN_NUM": 1 }, "geometry": { "type": "Point", "coordinates": [ -0.9772998, 51.5954608 ] } },
{ "type": "Feature", "properties": { "LAYER": "Created, never classified", "ELEVATION": 0, "RETURN_CNT": 1, "RETURN_NUM": 1 }, "geometry": { "type": "Point", "coordinates": [ -0.9772159, 51.5954736 ] } },
{ "type": "Feature", "properties": { "LAYER": "Created, never classified", "ELEVATION": 0, "RETURN_CNT": 1, "RETURN_NUM": 1 }, "geometry": { "type": "Point", "coordinates": [ -0.9772538, 51.595434 ] } },
{ "type": "Feature", "properties": { "LAYER": "Created, never classified", "ELEVATION": 0, "RETURN_CNT": 1, "RETURN_NUM": 1 }, "geometry": { "type": "Point", "coordinates": [ -0.9772412, 51.5954213 ] } },
{ "type": "Feature", "properties": { "LAYER": "Created, never classified", "ELEVATION": 0, "RETURN_CNT": 1, "RETURN_NUM": 1 }, "geometry": { "type": "Point", "coordinates": [ -0.9772758, 51.5954468 ] } },
{ "type": "Feature", "properties": { "LAYER": "Created, never classified", "ELEVATION": 0, "RETURN_CNT": 1, "RETURN_NUM": 1 }, "geometry": { "type": "Point", "coordinates": [ -0.9773031, 51.5954006 ] } },
{ "type": "Feature", "properties": { "LAYER": "Created, never classified", "ELEVATION": 0, "RETURN_CNT": 1, "RETURN_NUM": 1 }, "geometry": { "type": "Point", "coordinates": [ -0.9772926, 51.5953921 ] } },
{ "type": "Feature", "properties": { "LAYER": "Created, never classified", "ELEVATION": 0, "RETURN_CNT": 1, "RETURN_NUM": 1 }, "geometry": { "type": "Point", "coordinates": [ -0.9772666, 51.5953675 ] } },
{ "type": "Feature", "properties": { "LAYER": "Created, never classified", "ELEVATION": 0, "RETURN_CNT": 1, "RETURN_NUM": 1 }, "geometry": { "type": "Point", "coordinates": [ -0.9773096, 51.5954073 ] } },
{ "type": "Feature", "properties": { "LAYER": "Created, never classified", "ELEVATION": 0, "RETURN_CNT": 1, "RETURN_NUM": 1 }, "geometry": { "type": "Point", "coordinates": [ -0.9773709, 51.5953745 ] } },
{ "type": "Feature", "properties": { "LAYER": "Created, never classified", "ELEVATION": 0, "RETURN_CNT": 1, "RETURN_NUM": 1 }, "geometry": { "type": "Point", "coordinates": [ -0.9773612, 51.5953233 ] } },
{ "type": "Feature", "properties": { "LAYER": "Created, never classified", "ELEVATION": 0, "RETURN_CNT": 1, "RETURN_NUM": 1 }, "geometry": { "type": "Point", "coordinates": [ -0.9773407, 51.5953058 ] } },
{ "type": "Feature", "properties": { "LAYER": "Created, never classified", "ELEVATION": 0, "RETURN_CNT": 1, "RETURN_NUM": 1 }, "geometry": { "type": "Point", "coordinates": [ -0.9772079, 51.5953955 ] } },
{ "type": "Feature", "properties": { "LAYER": "Created, never classified", "ELEVATION": 0, "RETURN_CNT": 1, "RETURN_NUM": 1 }, "geometry": { "type": "Point", "coordinates": [ -0.9771329, 51.5954039 ] } },
{ "type": "Feature", "properties": { "LAYER": "Created, never classified", "ELEVATION": 0, "RETURN_CNT": 1, "RETURN_NUM": 1 }, "geometry": { "type": "Point", "coordinates": [ -0.9771591, 51.5954184 ] } },
{ "type": "Feature", "properties": { "LAYER": "Created, never classified", "ELEVATION": 0, "RETURN_CNT": 1, "RETURN_NUM": 1 }, "geometry": { "type": "Point", "coordinates": [ -0.9771817, 51.5954334 ] } },
{ "type": "Feature", "properties": { "LAYER": "Created, never classified", "ELEVATION": 0, "RETURN_CNT": 1, "RETURN_NUM": 1 }, "geometry": { "type": "Point", "coordinates": [ -0.9771852, 51.59545 ] } },
{ "type": "Feature", "properties": { "LAYER": "Created, never classified", "ELEVATION": 0, "RETURN_CNT": 1, "RETURN_NUM": 1 }, "geometry": { "type": "Point", "coordinates": [ -0.9771969, 51.5954599 ] } },
{ "type": "Feature", "properties": { "LAYER": "Created, never classified", "ELEVATION": 0, "RETURN_CNT": 1, "RETURN_NUM": 1 }, "geometry": { "type": "Point", "coordinates": [ -0.9771208, 51.5954656 ] } },
{ "type": "Feature", "properties": { "LAYER": "Created, never classified", "ELEVATION": 0, "RETURN_CNT": 1, "RETURN_NUM": 1 }, "geometry": { "type": "Point", "coordinates": [ -0.9770327, 51.5954763 ] } },
{ "type": "Feature", "properties": { "LAYER": "Created, never classified", "ELEVATION": 0, "RETURN_CNT": 1, "RETURN_NUM": 1 }, "geometry": { "type": "Point", "coordinates": [ -0.9768279, 51.5955998 ] } },
{ "type": "Feature", "properties": { "LAYER": "Created, never classified", "ELEVATION": 0, "RETURN_CNT": 1, "RETURN_NUM": 1 }, "geometry": { "type": "Point", "coordinates": [ -0.9769231, 51.5955289 ] } },
{ "type": "Feature", "properties": { "LAYER": "Created, never classified", "ELEVATION": 0, "RETURN_CNT": 1, "RETURN_NUM": 1 }, "geometry": { "type": "Point", "coordinates": [ -0.9769754, 51.5955041 ] } },
{ "type": "Feature", "properties": { "LAYER": "Created, never classified", "ELEVATION": 0, "RETURN_CNT": 1, "RETURN_NUM": 1 }, "geometry": { "type": "Point", "coordinates": [ -0.977007, 51.5955165 ] } },
{ "type": "Feature", "properties": { "LAYER": "Created, never classified", "ELEVATION": 0, "RETURN_CNT": 1, "RETURN_NUM": 1 }, "geometry": { "type": "Point", "coordinates": [ -0.9769581, 51.5955636 ] } },
{ "type": "Feature", "properties": { "LAYER": "Created, never classified", "ELEVATION": 0, "RETURN_CNT": 1, "RETURN_NUM": 1 }, "geometry": { "type": "Point", "coordinates": [ -0.9770071, 51.5955974 ] } },
{ "type": "Feature", "properties": { "LAYER": "Created, never classified", "ELEVATION": 0, "RETURN_CNT": 1, "RETURN_NUM": 1 }, "geometry": { "type": "Point", "coordinates": [ -0.9769846, 51.5955847 ] } },
{ "type": "Feature", "properties": { "LAYER": "Created, never classified", "ELEVATION": 0, "RETURN_CNT": 1, "RETURN_NUM": 1 }, "geometry": { "type": "Point", "coordinates": [ -0.9769433, 51.5955458 ] } },
{ "type": "Feature", "properties": { "LAYER": "Created, never classified", "ELEVATION": 0, "RETURN_CNT": 1, "RETURN_NUM": 1 }, "geometry": { "type": "Point", "coordinates": [ -0.9768794, 51.5955752 ] } },
{ "type": "Feature", "properties": { "LAYER": "Created, never classified", "ELEVATION": 0, "RETURN_CNT": 1, "RETURN_NUM": 1 }, "geometry": { "type": "Point", "coordinates": [ -0.9768995, 51.5955907 ] } },
{ "type": "Feature", "properties": { "LAYER": "Created, never classified", "ELEVATION": 0, "RETURN_CNT": 1, "RETURN_NUM": 1 }, "geometry": { "type": "Point", "coordinates": [ -0.9768704, 51.5956349 ] } },
{ "type": "Feature", "properties": { "LAYER": "Created, never classified", "ELEVATION": 0, "RETURN_CNT": 1, "RETURN_NUM": 1 }, "geometry": { "type": "Point", "coordinates": [ -0.9768886, 51.5956522 ] } },
{ "type": "Feature", "properties": { "LAYER": "Created, never classified", "ELEVATION": 0, "RETURN_CNT": 1, "RETURN_NUM": 1 }, "geometry": { "type": "Point", "coordinates": [ -0.9769135, 51.595668 ] } },
{ "type": "Feature", "properties": { "LAYER": "Created, never classified", "ELEVATION": 0, "RETURN_CNT": 1, "RETURN_NUM": 1 }, "geometry": { "type": "Point", "coordinates": [ -0.9769494, 51.5956251 ] } },
{ "type": "Feature", "properties": { "LAYER": "Created, never classified", "ELEVATION": 0, "RETURN_CNT": 1, "RETURN_NUM": 1 }, "geometry": { "type": "Point", "coordinates": [ -0.976928, 51.5956076 ] } },
{ "type": "Feature", "properties": { "LAYER": "Created, never classified", "ELEVATION": 0, "RETURN_CNT": 1, "RETURN_NUM": 1 }, "geometry": { "type": "Point", "coordinates": [ -0.976989, 51.5956626 ] } },
{ "type": "Feature", "properties": { "LAYER": "Created, never classified", "ELEVATION": 0, "RETURN_CNT": 1, "RETURN_NUM": 1 }, "geometry": { "type": "Point", "coordinates": [ -0.9769711, 51.5956427 ] } },
{ "type": "Feature", "properties": { "LAYER": "Created, never classified", "ELEVATION": 0, "RETURN_CNT": 1, "RETURN_NUM": 1 }, "geometry": { "type": "Point", "coordinates": [ -0.9769529, 51.5957034 ] } },
{ "type": "Feature", "properties": { "LAYER": "Created, never classified", "ELEVATION": 0, "RETURN_CNT": 1, "RETURN_NUM": 1 }, "geometry": { "type": "Point", "coordinates": [ -0.9770149, 51.5956806 ] } },
{ "type": "Feature", "properties": { "LAYER": "Created, never classified", "ELEVATION": 0, "RETURN_CNT": 1, "RETURN_NUM": 1 }, "geometry": { "type": "Point", "coordinates": [ -0.9769955, 51.595738 ] } },
{ "type": "Feature", "properties": { "LAYER": "Created, never classified", "ELEVATION": 0, "RETURN_CNT": 1, "RETURN_NUM": 1 }, "geometry": { "type": "Point", "coordinates": [ -0.9769328, 51.5956859 ] } },
{ "type": "Feature", "properties": { "LAYER": "Created, never classified", "ELEVATION": 0, "RETURN_CNT": 1, "RETURN_NUM": 1 }, "geometry": { "type": "Point", "coordinates": [ -0.9768761, 51.5957152 ] } },
{ "type": "Feature", "properties": { "LAYER": "Created, never classified", "ELEVATION": 0, "RETURN_CNT": 1, "RETURN_NUM": 1 }, "geometry": { "type": "Point", "coordinates": [ -0.9768893, 51.5957338 ] } },
{ "type": "Feature", "properties": { "LAYER": "Created, never classified", "ELEVATION": 0, "RETURN_CNT": 1, "RETURN_NUM": 1 }, "geometry": { "type": "Point", "coordinates": [ -0.9767969, 51.5957231 ] } },
{ "type": "Feature", "properties": { "LAYER": "Created, never classified", "ELEVATION": 0, "RETURN_CNT": 1, "RETURN_NUM": 1 }, "geometry": { "type": "Point", "coordinates": [ -0.9768339, 51.5956787 ] } },
{ "type": "Feature", "properties": { "LAYER": "Created, never classified", "ELEVATION": 0, "RETURN_CNT": 1, "RETURN_NUM": 1 }, "geometry": { "type": "Point", "coordinates": [ -0.9768531, 51.5956958 ] } },
{ "type": "Feature", "properties": { "LAYER": "Created, never classified", "ELEVATION": 0, "RETURN_CNT": 1, "RETURN_NUM": 1 }, "geometry": { "type": "Point", "coordinates": [ -0.9768491, 51.5956175 ] } },
{ "type": "Feature", "properties": { "LAYER": "Created, never classified", "ELEVATION": 0, "RETURN_CNT": 1, "RETURN_NUM": 1 }, "geometry": { "type": "Point", "coordinates": [ -0.9767984, 51.5956412 ] } },
{ "type": "Feature", "properties": { "LAYER": "Created, never classified", "ELEVATION": 0, "RETURN_CNT": 1, "RETURN_NUM": 1 }, "geometry": { "type": "Point", "coordinates": [ -0.9768201, 51.5956628 ] } },
{ "type": "Feature", "properties": { "LAYER": "Created, never classified", "ELEVATION": 0, "RETURN_CNT": 1, "RETURN_NUM": 1 }, "geometry": { "type": "Point", "coordinates": [ -0.9767698, 51.5956265 ] } },
{ "type": "Feature", "properties": { "LAYER": "Created, never classified", "ELEVATION": 0, "RETURN_CNT": 1, "RETURN_NUM": 1 }, "geometry": { "type": "Point", "coordinates": [ -0.9767113, 51.5956534 ] } },
{ "type": "Feature", "properties": { "LAYER": "Created, never classified", "ELEVATION": 0, "RETURN_CNT": 1, "RETURN_NUM": 1 }, "geometry": { "type": "Point", "coordinates": [ -0.9767341, 51.5956713 ] } },
{ "type": "Feature", "properties": { "LAYER": "Created, never classified", "ELEVATION": 0, "RETURN_CNT": 1, "RETURN_NUM": 1 }, "geometry": { "type": "Point", "coordinates": [ -0.9767544, 51.5956885 ] } },
{ "type": "Feature", "properties": { "LAYER": "Created, never classified", "ELEVATION": 0, "RETURN_CNT": 1, "RETURN_NUM": 1 }, "geometry": { "type": "Point", "coordinates": [ -0.9767758, 51.5957056 ] } },
{ "type": "Feature", "properties": { "LAYER": "Created, never classified", "ELEVATION": 0, "RETURN_CNT": 1, "RETURN_NUM": 1 }, "geometry": { "type": "Point", "coordinates": [ -0.9767173, 51.5957332 ] } },
{ "type": "Feature", "properties": { "LAYER": "Created, never classified", "ELEVATION": 0, "RETURN_CNT": 1, "RETURN_NUM": 1 }, "geometry": { "type": "Point", "coordinates": [ -0.9766966, 51.5957158 ] } },
{ "type": "Feature", "properties": { "LAYER": "Created, never classified", "ELEVATION": 0, "RETURN_CNT": 1, "RETURN_NUM": 1 }, "geometry": { "type": "Point", "coordinates": [ -0.9766374, 51.5956889 ] } },
{ "type": "Feature", "properties": { "LAYER": "Created, never classified", "ELEVATION": 0, "RETURN_CNT": 1, "RETURN_NUM": 1 }, "geometry": { "type": "Point", "coordinates": [ -0.9766415, 51.5961986 ] } },
{ "type": "Feature", "properties": { "LAYER": "Created, never classified", "ELEVATION": 0, "RETURN_CNT": 1, "RETURN_NUM": 1 }, "geometry": { "type": "Point", "coordinates": [ -0.9766629, 51.5961372 ] } },
{ "type": "Feature", "properties": { "LAYER": "Created, never classified", "ELEVATION": 0, "RETURN_CNT": 1, "RETURN_NUM": 1 }, "geometry": { "type": "Point", "coordinates": [ -0.9765842, 51.596147 ] } },
{ "type": "Feature", "properties": { "LAYER": "Created, never classified", "ELEVATION": 0, "RETURN_CNT": 1, "RETURN_NUM": 1 }, "geometry": { "type": "Point", "coordinates": [ -0.9765639, 51.59613 ] } },
{ "type": "Feature", "properties": { "LAYER": "Created, never classified", "ELEVATION": 0, "RETURN_CNT": 1, "RETURN_NUM": 1 }, "geometry": { "type": "Point", "coordinates": [ -0.9765784, 51.5962039 ] } },
{ "type": "Feature", "properties": { "LAYER": "Created, never classified", "ELEVATION": 0, "RETURN_CNT": 1, "RETURN_NUM": 1 }, "geometry": { "type": "Point", "coordinates": [ -0.9764387, 51.5961341 ] } },
{ "type": "Feature", "properties": { "LAYER": "Created, never classified", "ELEVATION": 0, "RETURN_CNT": 1, "RETURN_NUM": 1 }, "geometry": { "type": "Point", "coordinates": [ -0.9764804, 51.5960611 ] } },
{ "type": "Feature", "properties": { "LAYER": "Created, never classified", "ELEVATION": 0, "RETURN_CNT": 1, "RETURN_NUM": 1 }, "geometry": { "type": "Point", "coordinates": [ -0.9763371, 51.5960477 ] } },
{ "type": "Feature", "properties": { "LAYER": "Created, never classified", "ELEVATION": 0, "RETURN_CNT": 1, "RETURN_NUM": 1 }, "geometry": { "type": "Point", "coordinates": [ -0.976416, 51.5960064 ] } },
{ "type": "Feature", "properties": { "LAYER": "Created, never classified", "ELEVATION": 0, "RETURN_CNT": 1, "RETURN_NUM": 1 }, "geometry": { "type": "Point", "coordinates": [ -0.9764387, 51.5960267 ] } },
{ "type": "Feature", "properties": { "LAYER": "Created, never classified", "ELEVATION": 0, "RETURN_CNT": 1, "RETURN_NUM": 1 }, "geometry": { "type": "Point", "coordinates": [ -0.9764625, 51.5960473 ] } },
{ "type": "Feature", "properties": { "LAYER": "Created, never classified", "ELEVATION": 0, "RETURN_CNT": 1, "RETURN_NUM": 1 }, "geometry": { "type": "Point", "coordinates": [ -0.9765162, 51.596017 ] } },
{ "type": "Feature", "properties": { "LAYER": "Created, never classified", "ELEVATION": 0, "RETURN_CNT": 1, "RETURN_NUM": 1 }, "geometry": { "type": "Point", "coordinates": [ -0.9765348, 51.5960339 ] } },
{ "type": "Feature", "properties": { "LAYER": "Created, never classified", "ELEVATION": 0, "RETURN_CNT": 1, "RETURN_NUM": 1 }, "geometry": { "type": "Point", "coordinates": [ -0.9765426, 51.5961126 ] } },
{ "type": "Feature", "properties": { "LAYER": "Created, never classified", "ELEVATION": 0, "RETURN_CNT": 1, "RETURN_NUM": 1 }, "geometry": { "type": "Point", "coordinates": [ -0.9765797, 51.5960684 ] } },
{ "type": "Feature", "properties": { "LAYER": "Created, never classified", "ELEVATION": 0, "RETURN_CNT": 1, "RETURN_NUM": 1 }, "geometry": { "type": "Point", "coordinates": [ -0.9766216, 51.5961027 ] } },
{ "type": "Feature", "properties": { "LAYER": "Created, never classified", "ELEVATION": 0, "RETURN_CNT": 1, "RETURN_NUM": 1 }, "geometry": { "type": "Point", "coordinates": [ -0.9766596, 51.596062 ] } },
{ "type": "Feature", "properties": { "LAYER": "Created, never classified", "ELEVATION": 0, "RETURN_CNT": 1, "RETURN_NUM": 1 }, "geometry": { "type": "Point", "coordinates": [ -0.9766345, 51.5960401 ] } },
{ "type": "Feature", "properties": { "LAYER": "Created, never classified", "ELEVATION": 0, "RETURN_CNT": 1, "RETURN_NUM": 1 }, "geometry": { "type": "Point", "coordinates": [ -0.9766045, 51.5960111 ] } },
{ "type": "Feature", "properties": { "LAYER": "Created, never classified", "ELEVATION": 0, "RETURN_CNT": 1, "RETURN_NUM": 1 }, "geometry": { "type": "Point", "coordinates": [ -0.9766695, 51.5959999 ] } },
{ "type": "Feature", "properties": { "LAYER": "Created, never classified", "ELEVATION": 0, "RETURN_CNT": 1, "RETURN_NUM": 1 }, "geometry": { "type": "Point", "coordinates": [ -0.9766538, 51.5959803 ] } },
{ "type": "Feature", "properties": { "LAYER": "Created, never classified", "ELEVATION": 0, "RETURN_CNT": 1, "RETURN_NUM": 1 }, "geometry": { "type": "Point", "coordinates": [ -0.9765356, 51.5959595 ] } },
{ "type": "Feature", "properties": { "LAYER": "Created, never classified", "ELEVATION": 0, "RETURN_CNT": 1, "RETURN_NUM": 1 }, "geometry": { "type": "Point", "coordinates": [ -0.9765906, 51.5959279 ] } },
{ "type": "Feature", "properties": { "LAYER": "Created, never classified", "ELEVATION": 0, "RETURN_CNT": 1, "RETURN_NUM": 1 }, "geometry": { "type": "Point", "coordinates": [ -0.9765557, 51.5958972 ] } },
{ "type": "Feature", "properties": { "LAYER": "Created, never classified", "ELEVATION": 0, "RETURN_CNT": 1, "RETURN_NUM": 1 }, "geometry": { "type": "Point", "coordinates": [ -0.9765303, 51.5958782 ] } },
{ "type": "Feature", "properties": { "LAYER": "Created, never classified", "ELEVATION": 0, "RETURN_CNT": 1, "RETURN_NUM": 1 }, "geometry": { "type": "Point", "coordinates": [ -0.9766059, 51.5958663 ] } },
{ "type": "Feature", "properties": { "LAYER": "Created, never classified", "ELEVATION": 0, "RETURN_CNT": 1, "RETURN_NUM": 1 }, "geometry": { "type": "Point", "coordinates": [ -0.9766759, 51.5959156 ] } },
{ "type": "Feature", "properties": { "LAYER": "Created, never classified", "ELEVATION": 0, "RETURN_CNT": 1, "RETURN_NUM": 1 }, "geometry": { "type": "Point", "coordinates": [ -0.9766602, 51.5958393 ] } },
{ "type": "Feature", "properties": { "LAYER": "Created, never classified", "ELEVATION": 0, "RETURN_CNT": 1, "RETURN_NUM": 1 }, "geometry": { "type": "Point", "coordinates": [ -0.9766392, 51.5958252 ] } },
{ "type": "Feature", "properties": { "LAYER": "Created, never classified", "ELEVATION": 0, "RETURN_CNT": 1, "RETURN_NUM": 1 }, "geometry": { "type": "Point", "coordinates": [ -0.9766172, 51.5958087 ] } },
{ "type": "Feature", "properties": { "LAYER": "Created, never classified", "ELEVATION": 0, "RETURN_CNT": 1, "RETURN_NUM": 1 }, "geometry": { "type": "Point", "coordinates": [ -0.9766842, 51.5957816 ] } },
{ "type": "Feature", "properties": { "LAYER": "Created, never classified", "ELEVATION": 0, "RETURN_CNT": 1, "RETURN_NUM": 1 }, "geometry": { "type": "Point", "coordinates": [ -0.9766585, 51.5957599 ] } },
{ "type": "Feature", "properties": { "LAYER": "Created, never classified", "ELEVATION": 0, "RETURN_CNT": 1, "RETURN_NUM": 1 }, "geometry": { "type": "Point", "coordinates": [ -0.9766348, 51.5957409 ] } },
{ "type": "Feature", "properties": { "LAYER": "Created, never classified", "ELEVATION": 0, "RETURN_CNT": 1, "RETURN_NUM": 1 }, "geometry": { "type": "Point", "coordinates": [ -0.9766059, 51.5957962 ] } },
{ "type": "Feature", "properties": { "LAYER": "Created, never classified", "ELEVATION": 0, "RETURN_CNT": 1, "RETURN_NUM": 1 }, "geometry": { "type": "Point", "coordinates": [ -0.9765712, 51.5957731 ] } },
{ "type": "Feature", "properties": { "LAYER": "Created, never classified", "ELEVATION": 0, "RETURN_CNT": 1, "RETURN_NUM": 1 }, "geometry": { "type": "Point", "coordinates": [ -0.9765364, 51.5957363 ] } },
{ "type": "Feature", "properties": { "LAYER": "Created, never classified", "ELEVATION": 0, "RETURN_CNT": 1, "RETURN_NUM": 1 }, "geometry": { "type": "Point", "coordinates": [ -0.9765444, 51.5957663 ] } },
{ "type": "Feature", "properties": { "LAYER": "Created, never classified", "ELEVATION": 0, "RETURN_CNT": 1, "RETURN_NUM": 1 }, "geometry": { "type": "Point", "coordinates": [ -0.9765279, 51.5957992 ] } },
{ "type": "Feature", "properties": { "LAYER": "Created, never classified", "ELEVATION": 0, "RETURN_CNT": 1, "RETURN_NUM": 1 }, "geometry": { "type": "Point", "coordinates": [ -0.9765505, 51.5958217 ] } },
{ "type": "Feature", "properties": { "LAYER": "Created, never classified", "ELEVATION": 0, "RETURN_CNT": 1, "RETURN_NUM": 1 }, "geometry": { "type": "Point", "coordinates": [ -0.9765721, 51.5958376 ] } },
{ "type": "Feature", "properties": { "LAYER": "Created, never classified", "ELEVATION": 0, "RETURN_CNT": 1, "RETURN_NUM": 1 }, "geometry": { "type": "Point", "coordinates": [ -0.9765859, 51.5958491 ] } },
{ "type": "Feature", "properties": { "LAYER": "Created, never classified", "ELEVATION": 0, "RETURN_CNT": 1, "RETURN_NUM": 1 }, "geometry": { "type": "Point", "coordinates": [ -0.9765078, 51.5958591 ] } },
{ "type": "Feature", "properties": { "LAYER": "Created, never classified", "ELEVATION": 0, "RETURN_CNT": 1, "RETURN_NUM": 1 }, "geometry": { "type": "Point", "coordinates": [ -0.9764898, 51.5958533 ] } },
{ "type": "Feature", "properties": { "LAYER": "Created, never classified", "ELEVATION": 0, "RETURN_CNT": 1, "RETURN_NUM": 1 }, "geometry": { "type": "Point", "coordinates": [ -0.9764654, 51.5958317 ] } },
{ "type": "Feature", "properties": { "LAYER": "Created, never classified", "ELEVATION": 0, "RETURN_CNT": 1, "RETURN_NUM": 1 }, "geometry": { "type": "Point", "coordinates": [ -0.9764389, 51.5958101 ] } },
{ "type": "Feature", "properties": { "LAYER": "Created, never classified", "ELEVATION": 0, "RETURN_CNT": 1, "RETURN_NUM": 1 }, "geometry": { "type": "Point", "coordinates": [ -0.9764853, 51.5957887 ] } },
{ "type": "Feature", "properties": { "LAYER": "Created, never classified", "ELEVATION": 0, "RETURN_CNT": 1, "RETURN_NUM": 1 }, "geometry": { "type": "Point", "coordinates": [ -0.9764716, 51.5957774 ] } },
{ "type": "Feature", "properties": { "LAYER": "Created, never classified", "ELEVATION": 0, "RETURN_CNT": 1, "RETURN_NUM": 1 }, "geometry": { "type": "Point", "coordinates": [ -0.9764232, 51.5957904 ] } },
{ "type": "Feature", "properties": { "LAYER": "Created, never classified", "ELEVATION": 0, "RETURN_CNT": 1, "RETURN_NUM": 1 }, "geometry": { "type": "Point", "coordinates": [ -0.976402, 51.5958586 ] } },
{ "type": "Feature", "properties": { "LAYER": "Created, never classified", "ELEVATION": 0, "RETURN_CNT": 1, "RETURN_NUM": 1 }, "geometry": { "type": "Point", "coordinates": [ -0.9763864, 51.5958348 ] } },
{ "type": "Feature", "properties": { "LAYER": "Created, never classified", "ELEVATION": 0, "RETURN_CNT": 1, "RETURN_NUM": 1 }, "geometry": { "type": "Point", "coordinates": [ -0.9763507, 51.5958511 ] } },
{ "type": "Feature", "properties": { "LAYER": "Created, never classified", "ELEVATION": 0, "RETURN_CNT": 1, "RETURN_NUM": 1 }, "geometry": { "type": "Point", "coordinates": [ -0.9763698, 51.5958683 ] } },
{ "type": "Feature", "properties": { "LAYER": "Created, never classified", "ELEVATION": 0, "RETURN_CNT": 1, "RETURN_NUM": 1 }, "geometry": { "type": "Point", "coordinates": [ -0.9764039, 51.5959083 ] } },
{ "type": "Feature", "properties": { "LAYER": "Created, never classified", "ELEVATION": 0, "RETURN_CNT": 1, "RETURN_NUM": 1 }, "geometry": { "type": "Point", "coordinates": [ -0.9764267, 51.5958707 ] } },
{ "type": "Feature", "properties": { "LAYER": "Created, never classified", "ELEVATION": 0, "RETURN_CNT": 1, "RETURN_NUM": 1 }, "geometry": { "type": "Point", "coordinates": [ -0.9764482, 51.5958866 ] } },
{ "type": "Feature", "properties": { "LAYER": "Created, never classified", "ELEVATION": 0, "RETURN_CNT": 1, "RETURN_NUM": 1 }, "geometry": { "type": "Point", "coordinates": [ -0.9764895, 51.5959182 ] } },
{ "type": "Feature", "properties": { "LAYER": "Created, never classified", "ELEVATION": 0, "RETURN_CNT": 1, "RETURN_NUM": 1 }, "geometry": { "type": "Point", "coordinates": [ -0.976467, 51.5959017 ] } },
{ "type": "Feature", "properties": { "LAYER": "Created, never classified", "ELEVATION": 0, "RETURN_CNT": 1, "RETURN_NUM": 1 }, "geometry": { "type": "Point", "coordinates": [ -0.9764468, 51.5959425 ] } },
{ "type": "Feature", "properties": { "LAYER": "Created, never classified", "ELEVATION": 0, "RETURN_CNT": 1, "RETURN_NUM": 1 }, "geometry": { "type": "Point", "coordinates": [ -0.9764799, 51.5959801 ] } },
{ "type": "Feature", "properties": { "LAYER": "Created, never classified", "ELEVATION": 0, "RETURN_CNT": 1, "RETURN_NUM": 1 }, "geometry": { "type": "Point", "coordinates": [ -0.9764198, 51.5959269 ] } },
{ "type": "Feature", "properties": { "LAYER": "Created, never classified", "ELEVATION": 0, "RETURN_CNT": 1, "RETURN_NUM": 1 }, "geometry": { "type": "Point", "coordinates": [ -0.9763557, 51.5959569 ] } },
{ "type": "Feature", "properties": { "LAYER": "Created, never classified", "ELEVATION": 0, "RETURN_CNT": 1, "RETURN_NUM": 1 }, "geometry": { "type": "Point", "coordinates": [ -0.9763754, 51.5959746 ] } },
{ "type": "Feature", "properties": { "LAYER": "Created, never classified", "ELEVATION": 0, "RETURN_CNT": 1, "RETURN_NUM": 1 }, "geometry": { "type": "Point", "coordinates": [ -0.9763335, 51.59594 ] } },
{ "type": "Feature", "properties": { "LAYER": "Created, never classified", "ELEVATION": 0, "RETURN_CNT": 1, "RETURN_NUM": 1 }, "geometry": { "type": "Point", "coordinates": [ -0.9762388, 51.5959643 ] } },
{ "type": "Feature", "properties": { "LAYER": "Created, never classified", "ELEVATION": 0, "RETURN_CNT": 1, "RETURN_NUM": 1 }, "geometry": { "type": "Point", "coordinates": [ -0.9762728, 51.5959942 ] } },
{ "type": "Feature", "properties": { "LAYER": "Created, never classified", "ELEVATION": 0, "RETURN_CNT": 1, "RETURN_NUM": 1 }, "geometry": { "type": "Point", "coordinates": [ -0.9773126, 51.5970754 ] } },
{ "type": "Feature", "properties": { "LAYER": "Created, never classified", "ELEVATION": 0, "RETURN_CNT": 1, "RETURN_NUM": 1 }, "geometry": { "type": "Point", "coordinates": [ -0.9771408, 51.5968584 ] } },
{ "type": "Feature", "properties": { "LAYER": "Created, never classified", "ELEVATION": 0, "RETURN_CNT": 1, "RETURN_NUM": 1 }, "geometry": { "type": "Point", "coordinates": [ -0.9771878, 51.5969175 ] } },
{ "type": "Feature", "properties": { "LAYER": "Created, never classified", "ELEVATION": 0, "RETURN_CNT": 1, "RETURN_NUM": 1 }, "geometry": { "type": "Point", "coordinates": [ -0.9772509, 51.5969964 ] } },
{ "type": "Feature", "properties": { "LAYER": "Created, never classified", "ELEVATION": 0, "RETURN_CNT": 1, "RETURN_NUM": 1 }, "geometry": { "type": "Point", "coordinates": [ -0.977282, 51.5970364 ] } },
{ "type": "Feature", "properties": { "LAYER": "Created, never classified", "ELEVATION": 0, "RETURN_CNT": 1, "RETURN_NUM": 1 }, "geometry": { "type": "Point", "coordinates": [ -0.977308, 51.5969697 ] } },
{ "type": "Feature", "properties": { "LAYER": "Created, never classified", "ELEVATION": 0, "RETURN_CNT": 1, "RETURN_NUM": 1 }, "geometry": { "type": "Point", "coordinates": [ -0.9772856, 51.5969526 ] } },
{ "type": "Feature", "properties": { "LAYER": "Created, never classified", "ELEVATION": 0, "RETURN_CNT": 1, "RETURN_NUM": 1 }, "geometry": { "type": "Point", "coordinates": [ -0.9772659, 51.5969354 ] } },
{ "type": "Feature", "properties": { "LAYER": "Created, never classified", "ELEVATION": 0, "RETURN_CNT": 1, "RETURN_NUM": 1 }, "geometry": { "type": "Point", "coordinates": [ -0.9772445, 51.5969188 ] } },
{ "type": "Feature", "properties": { "LAYER": "Created, never classified", "ELEVATION": 0, "RETURN_CNT": 1, "RETURN_NUM": 1 }, "geometry": { "type": "Point", "coordinates": [ -0.977304, 51.5968899 ] } },
{ "type": "Feature", "properties": { "LAYER": "Created, never classified", "ELEVATION": 0, "RETURN_CNT": 1, "RETURN_NUM": 1 }, "geometry": { "type": "Point", "coordinates": [ -0.9772784, 51.5968756 ] } },
{ "type": "Feature", "properties": { "LAYER": "Created, never classified", "ELEVATION": 0, "RETURN_CNT": 1, "RETURN_NUM": 1 }, "geometry": { "type": "Point", "coordinates": [ -0.9772301, 51.5968984 ] } },
{ "type": "Feature", "properties": { "LAYER": "Created, never classified", "ELEVATION": 0, "RETURN_CNT": 1, "RETURN_NUM": 1 }, "geometry": { "type": "Point", "coordinates": [ -0.9771714, 51.5968982 ] } },
{ "type": "Feature", "properties": { "LAYER": "Created, never classified", "ELEVATION": 0, "RETURN_CNT": 1, "RETURN_NUM": 1 }, "geometry": { "type": "Point", "coordinates": [ -0.9772196, 51.5968227 ] } },
{ "type": "Feature", "properties": { "LAYER": "Created, never classified", "ELEVATION": 0, "RETURN_CNT": 1, "RETURN_NUM": 1 }, "geometry": { "type": "Point", "coordinates": [ -0.9773259, 51.5966878 ] } },
{ "type": "Feature", "properties": { "LAYER": "Created, never classified", "ELEVATION": 0, "RETURN_CNT": 1, "RETURN_NUM": 1 }, "geometry": { "type": "Point", "coordinates": [ -0.9772726, 51.596716 ] } },
{ "type": "Feature", "properties": { "LAYER": "Created, never classified", "ELEVATION": 0, "RETURN_CNT": 1, "RETURN_NUM": 1 }, "geometry": { "type": "Point", "coordinates": [ -0.9772303, 51.5966814 ] } },
{ "type": "Feature", "properties": { "LAYER": "Created, never classified", "ELEVATION": 0, "RETURN_CNT": 1, "RETURN_NUM": 1 }, "geometry": { "type": "Point", "coordinates": [ -0.9771677, 51.5967064 ] } },
{ "type": "Feature", "properties": { "LAYER": "Created, never classified", "ELEVATION": 0, "RETURN_CNT": 1, "RETURN_NUM": 1 }, "geometry": { "type": "Point", "coordinates": [ -0.9772353, 51.5967604 ] } },
{ "type": "Feature", "properties": { "LAYER": "Created, never classified", "ELEVATION": 0, "RETURN_CNT": 1, "RETURN_NUM": 1 }, "geometry": { "type": "Point", "coordinates": [ -0.9771782, 51.5967851 ] } },
{ "type": "Feature", "properties": { "LAYER": "Created, never classified", "ELEVATION": 0, "RETURN_CNT": 1, "RETURN_NUM": 1 }, "geometry": { "type": "Point", "coordinates": [ -0.9771574, 51.5967704 ] } },
{ "type": "Feature", "properties": { "LAYER": "Created, never classified", "ELEVATION": 0, "RETURN_CNT": 1, "RETURN_NUM": 1 }, "geometry": { "type": "Point", "coordinates": [ -0.9770297, 51.5967211 ] } },
{ "type": "Feature", "properties": { "LAYER": "Created, never classified", "ELEVATION": 0, "RETURN_CNT": 1, "RETURN_NUM": 1 }, "geometry": { "type": "Point", "coordinates": [ -0.977074, 51.5967013 ] } },
{ "type": "Feature", "properties": { "LAYER": "Created, never classified", "ELEVATION": 0, "RETURN_CNT": 1, "RETURN_NUM": 1 }, "geometry": { "type": "Point", "coordinates": [ -0.9770689, 51.5966226 ] } },
{ "type": "Feature", "properties": { "LAYER": "Created, never classified", "ELEVATION": 0, "RETURN_CNT": 1, "RETURN_NUM": 1 }, "geometry": { "type": "Point", "coordinates": [ -0.9770076, 51.5966517 ] } },
{ "type": "Feature", "properties": { "LAYER": "Created, never classified", "ELEVATION": 0, "RETURN_CNT": 1, "RETURN_NUM": 1 }, "geometry": { "type": "Point", "coordinates": [ -0.976996, 51.5966295 ] } },
{ "type": "Feature", "properties": { "LAYER": "Created, never classified", "ELEVATION": 0, "RETURN_CNT": 1, "RETURN_NUM": 1 }, "geometry": { "type": "Point", "coordinates": [ -0.9770015, 51.5965731 ] } },
{ "type": "Feature", "properties": { "LAYER": "Created, never classified", "ELEVATION": 0, "RETURN_CNT": 1, "RETURN_NUM": 1 }, "geometry": { "type": "Point", "coordinates": [ -0.9771588, 51.596555 ] } },
{ "type": "Feature", "properties": { "LAYER": "Created, never classified", "ELEVATION": 0, "RETURN_CNT": 1, "RETURN_NUM": 1 }, "geometry": { "type": "Point", "coordinates": [ -0.9772038, 51.5965856 ] } },
{ "type": "Feature", "properties": { "LAYER": "Created, never classified", "ELEVATION": 0, "RETURN_CNT": 1, "RETURN_NUM": 1 }, "geometry": { "type": "Point", "coordinates": [ -0.9771681, 51.5966298 ] } },
{ "type": "Feature", "properties": { "LAYER": "Created, never classified", "ELEVATION": 0, "RETURN_CNT": 1, "RETURN_NUM": 1 }, "geometry": { "type": "Point", "coordinates": [ -0.9771889, 51.5966468 ] } },
{ "type": "Feature", "properties": { "LAYER": "Created, never classified", "ELEVATION": 0, "RETURN_CNT": 1, "RETURN_NUM": 1 }, "geometry": { "type": "Point", "coordinates": [ -0.9772458, 51.5966199 ] } },
{ "type": "Feature", "properties": { "LAYER": "Created, never classified", "ELEVATION": 0, "RETURN_CNT": 1, "RETURN_NUM": 1 }, "geometry": { "type": "Point", "coordinates": [ -0.9773048, 51.5965925 ] } },
{ "type": "Feature", "properties": { "LAYER": "Created, never classified", "ELEVATION": 0, "RETURN_CNT": 1, "RETURN_NUM": 1 }, "geometry": { "type": "Point", "coordinates": [ -0.9773348, 51.5964699 ] } },
{ "type": "Feature", "properties": { "LAYER": "Created, never classified", "ELEVATION": 0, "RETURN_CNT": 1, "RETURN_NUM": 1 }, "geometry": { "type": "Point", "coordinates": [ -0.9772568, 51.5964794 ] } },
{ "type": "Feature", "properties": { "LAYER": "Created, never classified", "ELEVATION": 0, "RETURN_CNT": 1, "RETURN_NUM": 1 }, "geometry": { "type": "Point", "coordinates": [ -0.9772733, 51.5964995 ] } },
{ "type": "Feature", "properties": { "LAYER": "Created, never classified", "ELEVATION": 0, "RETURN_CNT": 1, "RETURN_NUM": 1 }, "geometry": { "type": "Point", "coordinates": [ -0.9772198, 51.596524 ] } },
{ "type": "Feature", "properties": { "LAYER": "Created, never classified", "ELEVATION": 0, "RETURN_CNT": 1, "RETURN_NUM": 1 }, "geometry": { "type": "Point", "coordinates": [ -0.9771752, 51.5964925 ] } },
{ "type": "Feature", "properties": { "LAYER": "Created, never classified", "ELEVATION": 0, "RETURN_CNT": 1, "RETURN_NUM": 1 }, "geometry": { "type": "Point", "coordinates": [ -0.9772034, 51.5965072 ] } },
{ "type": "Feature", "properties": { "LAYER": "Created, never classified", "ELEVATION": 0, "RETURN_CNT": 1, "RETURN_NUM": 1 }, "geometry": { "type": "Point", "coordinates": [ -0.9772362, 51.5964624 ] } },
{ "type": "Feature", "properties": { "LAYER": "Created, never classified", "ELEVATION": 0, "RETURN_CNT": 1, "RETURN_NUM": 1 }, "geometry": { "type": "Point", "coordinates": [ -0.977254, 51.596401 ] } },
{ "type": "Feature", "properties": { "LAYER": "Created, never classified", "ELEVATION": 0, "RETURN_CNT": 1, "RETURN_NUM": 1 }, "geometry": { "type": "Point", "coordinates": [ -0.9773155, 51.5963731 ] } },
{ "type": "Feature", "properties": { "LAYER": "Created, never classified", "ELEVATION": 0, "RETURN_CNT": 1, "RETURN_NUM": 1 }, "geometry": { "type": "Point", "coordinates": [ -0.9773127, 51.5962991 ] } },
{ "type": "Feature", "properties": { "LAYER": "Created, never classified", "ELEVATION": 0, "RETURN_CNT": 1, "RETURN_NUM": 1 }, "geometry": { "type": "Point", "coordinates": [ -0.9772908, 51.5962762 ] } },
{ "type": "Feature", "properties": { "LAYER": "Created, never classified", "ELEVATION": 0, "RETURN_CNT": 1, "RETURN_NUM": 1 }, "geometry": { "type": "Point", "coordinates": [ -0.977234, 51.5963026 ] } },
{ "type": "Feature", "properties": { "LAYER": "Created, never classified", "ELEVATION": 0, "RETURN_CNT": 1, "RETURN_NUM": 1 }, "geometry": { "type": "Point", "coordinates": [ -0.9772065, 51.5962872 ] } },
{ "type": "Feature", "properties": { "LAYER": "Created, never classified", "ELEVATION": 0, "RETURN_CNT": 1, "RETURN_NUM": 1 }, "geometry": { "type": "Point", "coordinates": [ -0.9771854, 51.5962711 ] } },
{ "type": "Feature", "properties": { "LAYER": "Created, never classified", "ELEVATION": 0, "RETURN_CNT": 1, "RETURN_NUM": 1 }, "geometry": { "type": "Point", "coordinates": [ -0.9771952, 51.5963474 ] } },
{ "type": "Feature", "properties": { "LAYER": "Created, never classified", "ELEVATION": 0, "RETURN_CNT": 1, "RETURN_NUM": 1 }, "geometry": { "type": "Point", "coordinates": [ -0.9772345, 51.5963879 ] } },
{ "type": "Feature", "properties": { "LAYER": "Created, never classified", "ELEVATION": 0, "RETURN_CNT": 1, "RETURN_NUM": 1 }, "geometry": { "type": "Point", "coordinates": [ -0.9772104, 51.596363 ] } },
{ "type": "Feature", "properties": { "LAYER": "Created, never classified", "ELEVATION": 0, "RETURN_CNT": 1, "RETURN_NUM": 1 }, "geometry": { "type": "Point", "coordinates": [ -0.9771318, 51.5963746 ] } },
{ "type": "Feature", "properties": { "LAYER": "Created, never classified", "ELEVATION": 0, "RETURN_CNT": 1, "RETURN_NUM": 1 }, "geometry": { "type": "Point", "coordinates": [ -0.9771183, 51.5963563 ] } },
{ "type": "Feature", "properties": { "LAYER": "Created, never classified", "ELEVATION": 0, "RETURN_CNT": 1, "RETURN_NUM": 1 }, "geometry": { "type": "Point", "coordinates": [ -0.9770973, 51.5963392 ] } },
{ "type": "Feature", "properties": { "LAYER": "Created, never classified", "ELEVATION": 0, "RETURN_CNT": 1, "RETURN_NUM": 1 }, "geometry": { "type": "Point", "coordinates": [ -0.9771698, 51.5963324 ] } },
{ "type": "Feature", "properties": { "LAYER": "Created, never classified", "ELEVATION": 0, "RETURN_CNT": 1, "RETURN_NUM": 1 }, "geometry": { "type": "Point", "coordinates": [ -0.9771468, 51.5963152 ] } },
{ "type": "Feature", "properties": { "LAYER": "Created, never classified", "ELEVATION": 0, "RETURN_CNT": 1, "RETURN_NUM": 1 }, "geometry": { "type": "Point", "coordinates": [ -0.9770981, 51.5962818 ] } },
{ "type": "Feature", "properties": { "LAYER": "Created, never classified", "ELEVATION": 0, "RETURN_CNT": 1, "RETURN_NUM": 1 }, "geometry": { "type": "Point", "coordinates": [ -0.9771255, 51.5962988 ] } },
{ "type": "Feature", "properties": { "LAYER": "Created, never classified", "ELEVATION": 0, "RETURN_CNT": 1, "RETURN_NUM": 1 }, "geometry": { "type": "Point", "coordinates": [ -0.9770857, 51.5962631 ] } },
{ "type": "Feature", "properties": { "LAYER": "Created, never classified", "ELEVATION": 0, "RETURN_CNT": 1, "RETURN_NUM": 1 }, "geometry": { "type": "Point", "coordinates": [ -0.9770475, 51.5963068 ] } },
{ "type": "Feature", "properties": { "LAYER": "Created, never classified", "ELEVATION": 0, "RETURN_CNT": 1, "RETURN_NUM": 1 }, "geometry": { "type": "Point", "coordinates": [ -0.9770123, 51.596352 ] } },
{ "type": "Feature", "properties": { "LAYER": "Created, never classified", "ELEVATION": 0, "RETURN_CNT": 1, "RETURN_NUM": 1 }, "geometry": { "type": "Point", "coordinates": [ -0.9770464, 51.5963883 ] } },
{ "type": "Feature", "properties": { "LAYER": "Created, never classified", "ELEVATION": 0, "RETURN_CNT": 1, "RETURN_NUM": 1 }, "geometry": { "type": "Point", "coordinates": [ -0.9770362, 51.5963665 ] } },
{ "type": "Feature", "properties": { "LAYER": "Created, never classified", "ELEVATION": 0, "RETURN_CNT": 1, "RETURN_NUM": 1 }, "geometry": { "type": "Point", "coordinates": [ -0.9770172, 51.5964305 ] } },
{ "type": "Feature", "properties": { "LAYER": "Created, never classified", "ELEVATION": 0, "RETURN_CNT": 1, "RETURN_NUM": 1 }, "geometry": { "type": "Point", "coordinates": [ -0.9770405, 51.5964456 ] } },
{ "type": "Feature", "properties": { "LAYER": "Created, never classified", "ELEVATION": 0, "RETURN_CNT": 1, "RETURN_NUM": 1 }, "geometry": { "type": "Point", "coordinates": [ -0.9770674, 51.5963991 ] } },
{ "type": "Feature", "properties": { "LAYER": "Created, never classified", "ELEVATION": 0, "RETURN_CNT": 1, "RETURN_NUM": 1 }, "geometry": { "type": "Point", "coordinates": [ -0.9770932, 51.5964179 ] } },
{ "type": "Feature", "properties": { "LAYER": "Created, never classified", "ELEVATION": 0, "RETURN_CNT": 1, "RETURN_NUM": 1 }, "geometry": { "type": "Point", "coordinates": [ -0.9771486, 51.5963963 ] } },
{ "type": "Feature", "properties": { "LAYER": "Created, never classified", "ELEVATION": 0, "RETURN_CNT": 1, "RETURN_NUM": 1 }, "geometry": { "type": "Point", "coordinates": [ -0.977172, 51.5964122 ] } },
{ "type": "Feature", "properties": { "LAYER": "Created, never classified", "ELEVATION": 0, "RETURN_CNT": 1, "RETURN_NUM": 1 }, "geometry": { "type": "Point", "coordinates": [ -0.9771377, 51.5964551 ] } },
{ "type": "Feature", "properties": { "LAYER": "Created, never classified", "ELEVATION": 0, "RETURN_CNT": 1, "RETURN_NUM": 1 }, "geometry": { "type": "Point", "coordinates": [ -0.9771169, 51.5964376 ] } },
{ "type": "Feature", "properties": { "LAYER": "Created, never classified", "ELEVATION": 0, "RETURN_CNT": 1, "RETURN_NUM": 1 }, "geometry": { "type": "Point", "coordinates": [ -0.9770791, 51.5964821 ] } },
{ "type": "Feature", "properties": { "LAYER": "Created, never classified", "ELEVATION": 0, "RETURN_CNT": 1, "RETURN_NUM": 1 }, "geometry": { "type": "Point", "coordinates": [ -0.9770585, 51.5964646 ] } },
{ "type": "Feature", "properties": { "LAYER": "Created, never classified", "ELEVATION": 0, "RETURN_CNT": 1, "RETURN_NUM": 1 }, "geometry": { "type": "Point", "coordinates": [ -0.9770026, 51.5964912 ] } },
{ "type": "Feature", "properties": { "LAYER": "Created, never classified", "ELEVATION": 0, "RETURN_CNT": 1, "RETURN_NUM": 1 }, "geometry": { "type": "Point", "coordinates": [ -0.9770215, 51.5965092 ] } },
{ "type": "Feature", "properties": { "LAYER": "Created, never classified", "ELEVATION": 0, "RETURN_CNT": 1, "RETURN_NUM": 1 }, "geometry": { "type": "Point", "coordinates": [ -0.9769818, 51.5964741 ] } },
{ "type": "Feature", "properties": { "LAYER": "Created, never classified", "ELEVATION": 0, "RETURN_CNT": 1, "RETURN_NUM": 1 }, "geometry": { "type": "Point", "coordinates": [ -0.9769184, 51.5965032 ] } },
{ "type": "Feature", "properties": { "LAYER": "Created, never classified", "ELEVATION": 0, "RETURN_CNT": 1, "RETURN_NUM": 1 }, "geometry": { "type": "Point", "coordinates": [ -0.9769163, 51.5964244 ] } },
{ "type": "Feature", "properties": { "LAYER": "Created, never classified", "ELEVATION": 0, "RETURN_CNT": 1, "RETURN_NUM": 1 }, "geometry": { "type": "Point", "coordinates": [ -0.9770019, 51.596411 ] } },
{ "type": "Feature", "properties": { "LAYER": "Created, never classified", "ELEVATION": 0, "RETURN_CNT": 1, "RETURN_NUM": 1 }, "geometry": { "type": "Point", "coordinates": [ -0.9769826, 51.5963976 ] } },
{ "type": "Feature", "properties": { "LAYER": "Created, never classified", "ELEVATION": 0, "RETURN_CNT": 1, "RETURN_NUM": 1 }, "geometry": { "type": "Point", "coordinates": [ -0.976949, 51.5963764 ] } },
{ "type": "Feature", "properties": { "LAYER": "Created, never classified", "ELEVATION": 0, "RETURN_CNT": 1, "RETURN_NUM": 1 }, "geometry": { "type": "Point", "coordinates": [ -0.9769083, 51.5962656 ] } },
{ "type": "Feature", "properties": { "LAYER": "Created, never classified", "ELEVATION": 0, "RETURN_CNT": 1, "RETURN_NUM": 1 }, "geometry": { "type": "Point", "coordinates": [ -0.9768085, 51.5962582 ] } },
{ "type": "Feature", "properties": { "LAYER": "Created, never classified", "ELEVATION": 0, "RETURN_CNT": 1, "RETURN_NUM": 1 }, "geometry": { "type": "Point", "coordinates": [ -0.9769465, 51.596523 ] } },
{ "type": "Feature", "properties": { "LAYER": "Created, never classified", "ELEVATION": 0, "RETURN_CNT": 1, "RETURN_NUM": 1 }, "geometry": { "type": "Point", "coordinates": [ -0.9769189, 51.5965575 ] } },
{ "type": "Feature", "properties": { "LAYER": "Created, never classified", "ELEVATION": 0, "RETURN_CNT": 1, "RETURN_NUM": 1 }, "geometry": { "type": "Point", "coordinates": [ -0.9769519, 51.5966236 ] } }
]
}
