{
  "type": "FeatureCollection",
  "features": [
    {
      "type": "Feature",
      "geometry": {
        "type": "Point",
        "coordinates": [
          -0.524542983715431,
          53.268014262851175
        ]
      },
      "properties": {
        "confidence": 0.9930683374404907,
        "image": "DJI_20250310144449_0045_W.JPG"
      }
    },
    {
      "type": "Feature",
      "geometry": {
        "type": "Point",
        "coordinates": [
          -0.5246218035217757,
          53.26816283224886
        ]
      },
      "properties": {
        "confidence": 0.9913768768310547,
        "image": "DJI_20250310144449_0045_W.JPG"
      }
    },
    {
      "type": "Feature",
      "geometry": {
        "type": "Point",
        "coordinates": [
          -0.5244047928993151,
          53.268079526872434
        ]
      },
      "properties": {
        "confidence": 0.9856723546981812,
        "image": "DJI_20250310144449_0045_W.JPG"
      }
    },
    {
      "type": "Feature",
      "geometry": {
        "type": "Point",
        "coordinates": [
          -0.5245565622999668,
          53.26806480278341
        ]
      },
      "properties": {
        "confidence": 0.9745071530342102,
        "image": "DJI_20250310144449_0045_W.JPG"
      }
    },
    {
      "type": "Feature",
      "geometry": {
        "type": "Point",
        "coordinates": [
          -0.5243189765874982,
          53.26803774534044
        ]
      },
      "properties": {
        "confidence": 0.968666672706604,
        "image": "DJI_20250310144449_0045_W.JPG"
      }
    },
    {
      "type": "Feature",
      "geometry": {
        "type": "Point",
        "coordinates": [
          -0.5245850121351524,
          53.26816740468658
        ]
      },
      "properties": {
        "confidence": 0.9441790580749512,
        "image": "DJI_20250310144449_0045_W.JPG"
      }
    },
    {
      "type": "Feature",
      "geometry": {
        "type": "Point",
        "coordinates": [
          -0.5245441447516126,
          53.26816962680184
        ]
      },
      "properties": {
        "confidence": 0.9375568628311157,
        "image": "DJI_20250310144449_0045_W.JPG"
      }
    },
    {
      "type": "Feature",
      "geometry": {
        "type": "Point",
        "coordinates": [
          -0.5245308574045233,
          53.26811847231007
        ]
      },
      "properties": {
        "confidence": 0.9373459815979004,
        "image": "DJI_20250310144449_0045_W.JPG"
      }
    },
    {
      "type": "Feature",
      "geometry": {
        "type": "Point",
        "coordinates": [
          -0.5244801419101006,
          53.26807282529456
        ]
      },
      "properties": {
        "confidence": 0.9356896281242371,
        "image": "DJI_20250310144449_0045_W.JPG"
      }
    },
    {
      "type": "Feature",
      "geometry": {
        "type": "Point",
        "coordinates": [
          -0.5243128581165244,
          53.26803529174593
        ]
      },
      "properties": {
        "confidence": 0.9333624243736267,
        "image": "DJI_20250310144449_0045_W.JPG"
      }
    },
    {
      "type": "Feature",
      "geometry": {
        "type": "Point",
        "coordinates": [
          -0.5242867568153773,
          53.268042968452676
        ]
      },
      "properties": {
        "confidence": 0.9298867583274841,
        "image": "DJI_20250310144449_0045_W.JPG"
      }
    },
    {
      "type": "Feature",
      "geometry": {
        "type": "Point",
        "coordinates": [
          -0.5245699301227988,
          53.268115297098774
        ]
      },
      "properties": {
        "confidence": 0.9235954284667969,
        "image": "DJI_20250310144449_0045_W.JPG"
      }
    },
    {
      "type": "Feature",
      "geometry": {
        "type": "Point",
        "coordinates": [
          -0.5245172634872252,
          53.268068945450885
        ]
      },
      "properties": {
        "confidence": 0.9041409492492676,
        "image": "DJI_20250310144449_0045_W.JPG"
      }
    },
    {
      "type": "Feature",
      "geometry": {
        "type": "Point",
        "coordinates": [
          -0.5243925688739367,
          53.26818320698637
        ]
      },
      "properties": {
        "confidence": 0.8947269320487976,
        "image": "DJI_20250310144449_0045_W.JPG"
      }
    },
    {
      "type": "Feature",
      "geometry": {
        "type": "Point",
        "coordinates": [
          -0.5243521307393403,
          53.26803210333539
        ]
      },
      "properties": {
        "confidence": 0.8876556754112244,
        "image": "DJI_20250310144449_0045_W.JPG"
      }
    },
    {
      "type": "Feature",
      "geometry": {
        "type": "Point",
        "coordinates": [
          -0.5244551063468577,
          53.268125736231
        ]
      },
      "properties": {
        "confidence": 0.8726897239685059,
        "image": "DJI_20250310144449_0045_W.JPG"
      }
    },
    {
      "type": "Feature",
      "geometry": {
        "type": "Point",
        "coordinates": [
          -0.5243199121928814,
          53.2681885996693
        ]
      },
      "properties": {
        "confidence": 0.8633365631103516,
        "image": "DJI_20250310144449_0045_W.JPG"
      }
    },
    {
      "type": "Feature",
      "geometry": {
        "type": "Point",
        "coordinates": [
          -0.5243097988810376,
          53.26803406494867
        ]
      },
      "properties": {
        "confidence": 0.8316888809204102,
        "image": "DJI_20250310144449_0045_W.JPG"
      }
    },
    {
      "type": "Feature",
      "geometry": {
        "type": "Point",
        "coordinates": [
          -0.52442997273731,
          53.268180856361475
        ]
      },
      "properties": {
        "confidence": 0.788497269153595,
        "image": "DJI_20250310144449_0045_W.JPG"
      }
    },
    {
      "type": "Feature",
      "geometry": {
        "type": "Point",
        "coordinates": [
          -0.5243494278842805,
          53.26803061487524
        ]
      },
      "properties": {
        "confidence": 0.7766736745834351,
        "image": "DJI_20250310144449_0045_W.JPG"
      }
    },
    {
      "type": "Feature",
      "geometry": {
        "type": "Point",
        "coordinates": [
          -0.5244673801824541,
          53.26802342208675
        ]
      },
      "properties": {
        "confidence": 0.7577422261238098,
        "image": "DJI_20250310144449_0045_W.JPG"
      }
    },
    {
      "type": "Feature",
      "geometry": {
        "type": "Point",
        "coordinates": [
          -0.5243915770767708,
          53.26802985598256
        ]
      },
      "properties": {
        "confidence": 0.7385852336883545,
        "image": "DJI_20250310144449_0045_W.JPG"
      }
    },
    {
      "type": "Feature",
      "geometry": {
        "type": "Point",
        "coordinates": [
          -0.5245747147368045,
          53.26811545744558
        ]
      },
      "properties": {
        "confidence": 0.7190872430801392,
        "image": "DJI_20250310144449_0045_W.JPG"
      }
    },
    {
      "type": "Feature",
      "geometry": {
        "type": "Point",
        "coordinates": [
          -0.5245293580704816,
          53.268115944805494
        ]
      },
      "properties": {
        "confidence": 0.9997343420982361,
        "image": "DJI_20250310144455_0048_W.JPG"
      }
    },
    {
      "type": "Feature",
      "geometry": {
        "type": "Point",
        "coordinates": [
          -0.5245914528814252,
          53.2680602093436
        ]
      },
      "properties": {
        "confidence": 0.9989468455314636,
        "image": "DJI_20250310144455_0048_W.JPG"
      }
    },
    {
      "type": "Feature",
      "geometry": {
        "type": "Point",
        "coordinates": [
          -0.5245168277771298,
          53.26806394690392
        ]
      },
      "properties": {
        "confidence": 0.9988142251968384,
        "image": "DJI_20250310144455_0048_W.JPG"
      }
    },
    {
      "type": "Feature",
      "geometry": {
        "type": "Point",
        "coordinates": [
          -0.5245683144471882,
          53.26811230182657
        ]
      },
      "properties": {
        "confidence": 0.9936681389808655,
        "image": "DJI_20250310144455_0048_W.JPG"
      }
    },
    {
      "type": "Feature",
      "geometry": {
        "type": "Point",
        "coordinates": [
          -0.5245536516290474,
          53.268063538100854
        ]
      },
      "properties": {
        "confidence": 0.9929220676422119,
        "image": "DJI_20250310144455_0048_W.JPG"
      }
    },
    {
      "type": "Feature",
      "geometry": {
        "type": "Point",
        "coordinates": [
          -0.5245840647282536,
          53.26816367070477
        ]
      },
      "properties": {
        "confidence": 0.9745826125144958,
        "image": "DJI_20250310144455_0048_W.JPG"
      }
    },
    {
      "type": "Feature",
      "geometry": {
        "type": "Point",
        "coordinates": [
          -0.5244028981349039,
          53.268077656147845
        ]
      },
      "properties": {
        "confidence": 0.9658132791519165,
        "image": "DJI_20250310144455_0048_W.JPG"
      }
    },
    {
      "type": "Feature",
      "geometry": {
        "type": "Point",
        "coordinates": [
          -0.5244912418669029,
          53.26812030565237
        ]
      },
      "properties": {
        "confidence": 0.9641126394271851,
        "image": "DJI_20250310144455_0048_W.JPG"
      }
    },
    {
      "type": "Feature",
      "geometry": {
        "type": "Point",
        "coordinates": [
          -0.5243307737566115,
          53.26808563069509
        ]
      },
      "properties": {
        "confidence": 0.9594665169715881,
        "image": "DJI_20250310144455_0048_W.JPG"
      }
    },
    {
      "type": "Feature",
      "geometry": {
        "type": "Point",
        "coordinates": [
          -0.5245886979790454,
          53.26816467351584
        ]
      },
      "properties": {
        "confidence": 0.9368104934692383,
        "image": "DJI_20250310144455_0048_W.JPG"
      }
    },
    {
      "type": "Feature",
      "geometry": {
        "type": "Point",
        "coordinates": [
          -0.5244157631728373,
          53.26812653857671
        ]
      },
      "properties": {
        "confidence": 0.9157153367996216,
        "image": "DJI_20250310144455_0048_W.JPG"
      }
    },
    {
      "type": "Feature",
      "geometry": {
        "type": "Point",
        "coordinates": [
          -0.5242949004718692,
          53.268089546007914
        ]
      },
      "properties": {
        "confidence": 0.8865593075752258,
        "image": "DJI_20250310144455_0048_W.JPG"
      }
    },
    {
      "type": "Feature",
      "geometry": {
        "type": "Point",
        "coordinates": [
          -0.5244541962321412,
          53.26812334656642
        ]
      },
      "properties": {
        "confidence": 0.8405740857124329,
        "image": "DJI_20250310144455_0048_W.JPG"
      }
    },
    {
      "type": "Feature",
      "geometry": {
        "type": "Point",
        "coordinates": [
          -0.5243411115668402,
          53.2681339661361
        ]
      },
      "properties": {
        "confidence": 0.7647166848182678,
        "image": "DJI_20250310144455_0048_W.JPG"
      }
    },
    {
      "type": "Feature",
      "geometry": {
        "type": "Point",
        "coordinates": [
          -0.5246140713824397,
          53.26810606825887
        ]
      },
      "properties": {
        "confidence": 0.7156615257263184,
        "image": "DJI_20250310144455_0048_W.JPG"
      }
    },
    {
      "type": "Feature",
      "geometry": {
        "type": "Point",
        "coordinates": [
          -0.524501740036939,
          53.2681220086214
        ]
      },
      "properties": {
        "confidence": 0.9965100884437561,
        "image": "DJI_20250310144532_0067_W.JPG"
      }
    },
    {
      "type": "Feature",
      "geometry": {
        "type": "Point",
        "coordinates": [
          -0.5243351598143239,
          53.26808729048165
        ]
      },
      "properties": {
        "confidence": 0.9959225654602051,
        "image": "DJI_20250310144532_0067_W.JPG"
      }
    },
    {
      "type": "Feature",
      "geometry": {
        "type": "Point",
        "coordinates": [
          -0.5243359304763663,
          53.26808533430773
        ]
      },
      "properties": {
        "confidence": 0.9905591011047363,
        "image": "DJI_20250310144532_0067_W.JPG"
      }
    },
    {
      "type": "Feature",
      "geometry": {
        "type": "Point",
        "coordinates": [
          -0.524488640427382,
          53.26807168104641
        ]
      },
      "properties": {
        "confidence": 0.9905286431312561,
        "image": "DJI_20250310144532_0067_W.JPG"
      }
    },
    {
      "type": "Feature",
      "geometry": {
        "type": "Point",
        "coordinates": [
          -0.524510091090726,
          53.268017333530565
        ]
      },
      "properties": {
        "confidence": 0.988922119140625,
        "image": "DJI_20250310144532_0067_W.JPG"
      }
    },
    {
      "type": "Feature",
      "geometry": {
        "type": "Point",
        "coordinates": [
          -0.5244918642033078,
          53.26807273034805
        ]
      },
      "properties": {
        "confidence": 0.9887827038764954,
        "image": "DJI_20250310144532_0067_W.JPG"
      }
    },
    {
      "type": "Feature",
      "geometry": {
        "type": "Point",
        "coordinates": [
          -0.5244742243650935,
          53.26802078044128
        ]
      },
      "properties": {
        "confidence": 0.9860196113586426,
        "image": "DJI_20250310144532_0067_W.JPG"
      }
    },
    {
      "type": "Feature",
      "geometry": {
        "type": "Point",
        "coordinates": [
          -0.5244628810336902,
          53.268124570528215
        ]
      },
      "properties": {
        "confidence": 0.9857682585716248,
        "image": "DJI_20250310144532_0067_W.JPG"
      }
    },
    {
      "type": "Feature",
      "geometry": {
        "type": "Point",
        "coordinates": [
          -0.5243498870665197,
          53.268134773381036
        ]
      },
      "properties": {
        "confidence": 0.9735358357429504,
        "image": "DJI_20250310144532_0067_W.JPG"
      }
    },
    {
      "type": "Feature",
      "geometry": {
        "type": "Point",
        "coordinates": [
          -0.5244265857122563,
          53.268130190576876
        ]
      },
      "properties": {
        "confidence": 0.9721640348434448,
        "image": "DJI_20250310144532_0067_W.JPG"
      }
    },
    {
      "type": "Feature",
      "geometry": {
        "type": "Point",
        "coordinates": [
          -0.524558604791743,
          53.26806394456454
        ]
      },
      "properties": {
        "confidence": 0.9697644710540771,
        "image": "DJI_20250310144532_0067_W.JPG"
      }
    },
    {
      "type": "Feature",
      "geometry": {
        "type": "Point",
        "coordinates": [
          -0.5244484821718106,
          53.2680749207898
        ]
      },
      "properties": {
        "confidence": 0.9690470099449158,
        "image": "DJI_20250310144532_0067_W.JPG"
      }
    },
    {
      "type": "Feature",
      "geometry": {
        "type": "Point",
        "coordinates": [
          -0.5244663638707813,
          53.26812709395949
        ]
      },
      "properties": {
        "confidence": 0.9603018164634705,
        "image": "DJI_20250310144532_0067_W.JPG"
      }
    },
    {
      "type": "Feature",
      "geometry": {
        "type": "Point",
        "coordinates": [
          -0.524312099130762,
          53.26813881799141
        ]
      },
      "properties": {
        "confidence": 0.9470251798629761,
        "image": "DJI_20250310144532_0067_W.JPG"
      }
    },
    {
      "type": "Feature",
      "geometry": {
        "type": "Point",
        "coordinates": [
          -0.5243111280577498,
          53.26814078676315
        ]
      },
      "properties": {
        "confidence": 0.9250805377960205,
        "image": "DJI_20250310144532_0067_W.JPG"
      }
    },
    {
      "type": "Feature",
      "geometry": {
        "type": "Point",
        "coordinates": [
          -0.5244289282582083,
          53.26813314338617
        ]
      },
      "properties": {
        "confidence": 0.867771565914154,
        "image": "DJI_20250310144532_0067_W.JPG"
      }
    },
    {
      "type": "Feature",
      "geometry": {
        "type": "Point",
        "coordinates": [
          -0.5245422991144499,
          53.26811874368238
        ]
      },
      "properties": {
        "confidence": 0.8196601271629333,
        "image": "DJI_20250310144532_0067_W.JPG"
      }
    },
    {
      "type": "Feature",
      "geometry": {
        "type": "Point",
        "coordinates": [
          -0.5245221782829874,
          53.26806766512945
        ]
      },
      "properties": {
        "confidence": 0.817365825176239,
        "image": "DJI_20250310144532_0067_W.JPG"
      }
    },
    {
      "type": "Feature",
      "geometry": {
        "type": "Point",
        "coordinates": [
          -0.5245359897988884,
          53.26811627869016
        ]
      },
      "properties": {
        "confidence": 0.8124933838844299,
        "image": "DJI_20250310144532_0067_W.JPG"
      }
    },
    {
      "type": "Feature",
      "geometry": {
        "type": "Point",
        "coordinates": [
          -0.5244128641448967,
          53.26807978286497
        ]
      },
      "properties": {
        "confidence": 0.8050583600997925,
        "image": "DJI_20250310144532_0067_W.JPG"
      }
    },
    {
      "type": "Feature",
      "geometry": {
        "type": "Point",
        "coordinates": [
          -0.5242983222266852,
          53.26808924838991
        ]
      },
      "properties": {
        "confidence": 0.8041606545448303,
        "image": "DJI_20250310144532_0067_W.JPG"
      }
    },
    {
      "type": "Feature",
      "geometry": {
        "type": "Point",
        "coordinates": [
          -0.5245177205945094,
          53.268015780842376
        ]
      },
      "properties": {
        "confidence": 0.7930291891098022,
        "image": "DJI_20250310144532_0067_W.JPG"
      }
    },
    {
      "type": "Feature",
      "geometry": {
        "type": "Point",
        "coordinates": [
          -0.5245693204055616,
          53.268111083469485
        ]
      },
      "properties": {
        "confidence": 0.7281854748725891,
        "image": "DJI_20250310144532_0067_W.JPG"
      }
    },
    {
      "type": "Feature",
      "geometry": {
        "type": "Point",
        "coordinates": [
          -0.5242952261135967,
          53.26809123150836
        ]
      },
      "properties": {
        "confidence": 0.703910231590271,
        "image": "DJI_20250310144532_0067_W.JPG"
      }
    },
    {
      "type": "Feature",
      "geometry": {
        "type": "Point",
        "coordinates": [
          -0.5243334784461747,
          53.26808475499949
        ]
      },
      "properties": {
        "confidence": 0.999242901802063,
        "image": "DJI_20250310144631_0098_W.JPG"
      }
    },
    {
      "type": "Feature",
      "geometry": {
        "type": "Point",
        "coordinates": [
          -0.5244112799155725,
          53.26807692160932
        ]
      },
      "properties": {
        "confidence": 0.9928423166275024,
        "image": "DJI_20250310144631_0098_W.JPG"
      }
    },
    {
      "type": "Feature",
      "geometry": {
        "type": "Point",
        "coordinates": [
          -0.5244521361111678,
          53.268072045564594
        ]
      },
      "properties": {
        "confidence": 0.9862825274467468,
        "image": "DJI_20250310144631_0098_W.JPG"
      }
    },
    {
      "type": "Feature",
      "geometry": {
        "type": "Point",
        "coordinates": [
          -0.5244009193353538,
          53.268182177507555
        ]
      },
      "properties": {
        "confidence": 0.9852884411811829,
        "image": "DJI_20250310144631_0098_W.JPG"
      }
    },
    {
      "type": "Feature",
      "geometry": {
        "type": "Point",
        "coordinates": [
          -0.5243767804749413,
          53.268077696311835
        ]
      },
      "properties": {
        "confidence": 0.9831860065460205,
        "image": "DJI_20250310144631_0098_W.JPG"
      }
    },
    {
      "type": "Feature",
      "geometry": {
        "type": "Point",
        "coordinates": [
          -0.524441269255761,
          53.26817900255295
        ]
      },
      "properties": {
        "confidence": 0.9728652834892273,
        "image": "DJI_20250310144631_0098_W.JPG"
      }
    },
    {
      "type": "Feature",
      "geometry": {
        "type": "Point",
        "coordinates": [
          -0.5243624982255413,
          53.268185944352155
        ]
      },
      "properties": {
        "confidence": 0.9395947456359863,
        "image": "DJI_20250310144631_0098_W.JPG"
      }
    },
    {
      "type": "Feature",
      "geometry": {
        "type": "Point",
        "coordinates": [
          -0.5242953839603192,
          53.26808921613839
        ]
      },
      "properties": {
        "confidence": 0.9389252662658691,
        "image": "DJI_20250310144631_0098_W.JPG"
      }
    },
    {
      "type": "Feature",
      "geometry": {
        "type": "Point",
        "coordinates": [
          -0.5243717203410955,
          53.268081118804574
        ]
      },
      "properties": {
        "confidence": 0.9006593823432922,
        "image": "DJI_20250310144631_0098_W.JPG"
      }
    },
    {
      "type": "Feature",
      "geometry": {
        "type": "Point",
        "coordinates": [
          -0.5244299060468182,
          53.268126746615486
        ]
      },
      "properties": {
        "confidence": 0.8035005927085876,
        "image": "DJI_20250310144631_0098_W.JPG"
      }
    },
    {
      "type": "Feature",
      "geometry": {
        "type": "Point",
        "coordinates": [
          -0.5245111399568325,
          53.26811129104761
        ]
      },
      "properties": {
        "confidence": 0.9982184767723083,
        "image": "DJI_20250310144339_0009_W.JPG"
      }
    },
    {
      "type": "Feature",
      "geometry": {
        "type": "Point",
        "coordinates": [
          -0.5245496755925062,
          53.2681084171483
        ]
      },
      "properties": {
        "confidence": 0.9877241849899292,
        "image": "DJI_20250310144339_0009_W.JPG"
      }
    },
    {
      "type": "Feature",
      "geometry": {
        "type": "Point",
        "coordinates": [
          -0.524451058730708,
          53.26801494964711
        ]
      },
      "properties": {
        "confidence": 0.9732477068901062,
        "image": "DJI_20250310144339_0009_W.JPG"
      }
    },
    {
      "type": "Feature",
      "geometry": {
        "type": "Point",
        "coordinates": [
          -0.5244861085920745,
          53.268010973464975
        ]
      },
      "properties": {
        "confidence": 0.9730145931243896,
        "image": "DJI_20250310144339_0009_W.JPG"
      }
    },
    {
      "type": "Feature",
      "geometry": {
        "type": "Point",
        "coordinates": [
          -0.5244373421765289,
          53.268118097920826
        ]
      },
      "properties": {
        "confidence": 0.9528111219406128,
        "image": "DJI_20250310144339_0009_W.JPG"
      }
    },
    {
      "type": "Feature",
      "geometry": {
        "type": "Point",
        "coordinates": [
          -0.5245882555523681,
          53.26810434585487
        ]
      },
      "properties": {
        "confidence": 0.8799664974212646,
        "image": "DJI_20250310144339_0009_W.JPG"
      }
    },
    {
      "type": "Feature",
      "geometry": {
        "type": "Point",
        "coordinates": [
          -0.5243894991050083,
          53.268077833868986
        ]
      },
      "properties": {
        "confidence": 0.9987443685531616,
        "image": "DJI_20250310144617_0091_W.JPG"
      }
    },
    {
      "type": "Feature",
      "geometry": {
        "type": "Point",
        "coordinates": [
          -0.5244478865081471,
          53.26802005954695
        ]
      },
      "properties": {
        "confidence": 0.9971466660499573,
        "image": "DJI_20250310144617_0091_W.JPG"
      }
    },
    {
      "type": "Feature",
      "geometry": {
        "type": "Point",
        "coordinates": [
          -0.5243133112215211,
          53.268085230751204
        ]
      },
      "properties": {
        "confidence": 0.9948634505271912,
        "image": "DJI_20250310144617_0091_W.JPG"
      }
    },
    {
      "type": "Feature",
      "geometry": {
        "type": "Point",
        "coordinates": [
          -0.5243373305771043,
          53.268029259550566
        ]
      },
      "properties": {
        "confidence": 0.9829638004302979,
        "image": "DJI_20250310144617_0091_W.JPG"
      }
    },
    {
      "type": "Feature",
      "geometry": {
        "type": "Point",
        "coordinates": [
          -0.5244825947009346,
          53.26801662219582
        ]
      },
      "properties": {
        "confidence": 0.9811805486679077,
        "image": "DJI_20250310144617_0091_W.JPG"
      }
    },
    {
      "type": "Feature",
      "geometry": {
        "type": "Point",
        "coordinates": [
          -0.5245167357582377,
          53.26801373581219
        ]
      },
      "properties": {
        "confidence": 0.9791766405105591,
        "image": "DJI_20250310144617_0091_W.JPG"
      }
    },
    {
      "type": "Feature",
      "geometry": {
        "type": "Point",
        "coordinates": [
          -0.5244149457099889,
          53.2680229995551
        ]
      },
      "properties": {
        "confidence": 0.975348174571991,
        "image": "DJI_20250310144617_0091_W.JPG"
      }
    },
    {
      "type": "Feature",
      "geometry": {
        "type": "Point",
        "coordinates": [
          -0.5244952413006895,
          53.26801686925198
        ]
      },
      "properties": {
        "confidence": 0.9474917650222778,
        "image": "DJI_20250310144617_0091_W.JPG"
      }
    },
    {
      "type": "Feature",
      "geometry": {
        "type": "Point",
        "coordinates": [
          -0.5243261600375153,
          53.26789301565485
        ]
      },
      "properties": {
        "confidence": 0.9434205889701843,
        "image": "DJI_20250310144617_0091_W.JPG"
      }
    },
    {
      "type": "Feature",
      "geometry": {
        "type": "Point",
        "coordinates": [
          -0.5242744953215202,
          53.268087401523225
        ]
      },
      "properties": {
        "confidence": 0.9198518395423889,
        "image": "DJI_20250310144617_0091_W.JPG"
      }
    },
    {
      "type": "Feature",
      "geometry": {
        "type": "Point",
        "coordinates": [
          -0.5243510675691211,
          53.268081313533
        ]
      },
      "properties": {
        "confidence": 0.8967390060424805,
        "image": "DJI_20250310144617_0091_W.JPG"
      }
    },
    {
      "type": "Feature",
      "geometry": {
        "type": "Point",
        "coordinates": [
          -0.5242482415519009,
          53.26813948716391
        ]
      },
      "properties": {
        "confidence": 0.89530348777771,
        "image": "DJI_20250310144617_0091_W.JPG"
      }
    },
    {
      "type": "Feature",
      "geometry": {
        "type": "Point",
        "coordinates": [
          -0.5244197213490583,
          53.26802529954246
        ]
      },
      "properties": {
        "confidence": 0.8951902985572815,
        "image": "DJI_20250310144617_0091_W.JPG"
      }
    },
    {
      "type": "Feature",
      "geometry": {
        "type": "Point",
        "coordinates": [
          -0.5243796319453055,
          53.26802685698452
        ]
      },
      "properties": {
        "confidence": 0.866083025932312,
        "image": "DJI_20250310144617_0091_W.JPG"
      }
    },
    {
      "type": "Feature",
      "geometry": {
        "type": "Point",
        "coordinates": [
          -0.5242630921226368,
          53.26803600327363
        ]
      },
      "properties": {
        "confidence": 0.8539683818817139,
        "image": "DJI_20250310144617_0091_W.JPG"
      }
    },
    {
      "type": "Feature",
      "geometry": {
        "type": "Point",
        "coordinates": [
          -0.5245236994382066,
          53.268013868078214
        ]
      },
      "properties": {
        "confidence": 0.8206920623779297,
        "image": "DJI_20250310144617_0091_W.JPG"
      }
    },
    {
      "type": "Feature",
      "geometry": {
        "type": "Point",
        "coordinates": [
          -0.5245263653831601,
          53.2680151894787
        ]
      },
      "properties": {
        "confidence": 0.8011199831962585,
        "image": "DJI_20250310144617_0091_W.JPG"
      }
    },
    {
      "type": "Feature",
      "geometry": {
        "type": "Point",
        "coordinates": [
          -0.5244885357909531,
          53.26801854699147
        ]
      },
      "properties": {
        "confidence": 0.7706388235092163,
        "image": "DJI_20250310144617_0091_W.JPG"
      }
    },
    {
      "type": "Feature",
      "geometry": {
        "type": "Point",
        "coordinates": [
          -0.5243322229201574,
          53.26808663561072
        ]
      },
      "properties": {
        "confidence": 0.9964773058891296,
        "image": "DJI_20250310144633_0099_W.JPG"
      }
    },
    {
      "type": "Feature",
      "geometry": {
        "type": "Point",
        "coordinates": [
          -0.5243337470800198,
          53.26808439181641
        ]
      },
      "properties": {
        "confidence": 0.9956412315368652,
        "image": "DJI_20250310144633_0099_W.JPG"
      }
    },
    {
      "type": "Feature",
      "geometry": {
        "type": "Point",
        "coordinates": [
          -0.5244383385472918,
          53.26818037519262
        ]
      },
      "properties": {
        "confidence": 0.9917030930519104,
        "image": "DJI_20250310144633_0099_W.JPG"
      }
    },
    {
      "type": "Feature",
      "geometry": {
        "type": "Point",
        "coordinates": [
          -0.5244454876607095,
          53.26818182614554
        ]
      },
      "properties": {
        "confidence": 0.9873391389846802,
        "image": "DJI_20250310144633_0099_W.JPG"
      }
    },
    {
      "type": "Feature",
      "geometry": {
        "type": "Point",
        "coordinates": [
          -0.5244005556553396,
          53.26818439988115
        ]
      },
      "properties": {
        "confidence": 0.9728368520736694,
        "image": "DJI_20250310144633_0099_W.JPG"
      }
    },
    {
      "type": "Feature",
      "geometry": {
        "type": "Point",
        "coordinates": [
          -0.5244463517275666,
          53.26807552524977
        ]
      },
      "properties": {
        "confidence": 0.9667478203773499,
        "image": "DJI_20250310144633_0099_W.JPG"
      }
    },
    {
      "type": "Feature",
      "geometry": {
        "type": "Point",
        "coordinates": [
          -0.5243701006133396,
          53.268083141457225
        ]
      },
      "properties": {
        "confidence": 0.9427576661109924,
        "image": "DJI_20250310144633_0099_W.JPG"
      }
    },
    {
      "type": "Feature",
      "geometry": {
        "type": "Point",
        "coordinates": [
          -0.5240645996361168,
          53.268090981819135
        ]
      },
      "properties": {
        "confidence": 0.9026297926902771,
        "image": "DJI_20250310144633_0099_W.JPG"
      }
    },
    {
      "type": "Feature",
      "geometry": {
        "type": "Point",
        "coordinates": [
          -0.5244506649367213,
          53.26807358016517
        ]
      },
      "properties": {
        "confidence": 0.889717698097229,
        "image": "DJI_20250310144633_0099_W.JPG"
      }
    },
    {
      "type": "Feature",
      "geometry": {
        "type": "Point",
        "coordinates": [
          -0.524476174106594,
          53.26817664524579
        ]
      },
      "properties": {
        "confidence": 0.8629244565963745,
        "image": "DJI_20250310144633_0099_W.JPG"
      }
    },
    {
      "type": "Feature",
      "geometry": {
        "type": "Point",
        "coordinates": [
          -0.5243462062912808,
          53.26813653945149
        ]
      },
      "properties": {
        "confidence": 0.8389894366264343,
        "image": "DJI_20250310144633_0099_W.JPG"
      }
    },
    {
      "type": "Feature",
      "geometry": {
        "type": "Point",
        "coordinates": [
          -0.5243075482482883,
          53.26814020272447
        ]
      },
      "properties": {
        "confidence": 0.838266134262085,
        "image": "DJI_20250310144633_0099_W.JPG"
      }
    },
    {
      "type": "Feature",
      "geometry": {
        "type": "Point",
        "coordinates": [
          -0.5244090332955228,
          53.2681864813799
        ]
      },
      "properties": {
        "confidence": 0.8172696828842163,
        "image": "DJI_20250310144633_0099_W.JPG"
      }
    },
    {
      "type": "Feature",
      "geometry": {
        "type": "Point",
        "coordinates": [
          -0.5244721667474855,
          53.26812359967833
        ]
      },
      "properties": {
        "confidence": 0.763768196105957,
        "image": "DJI_20250310144633_0099_W.JPG"
      }
    },
    {
      "type": "Feature",
      "geometry": {
        "type": "Point",
        "coordinates": [
          -0.5242936491449248,
          53.268090770470394
        ]
      },
      "properties": {
        "confidence": 0.7482501268386841,
        "image": "DJI_20250310144633_0099_W.JPG"
      }
    },
    {
      "type": "Feature",
      "geometry": {
        "type": "Point",
        "coordinates": [
          -0.5243190321647129,
          53.268039095044024
        ]
      },
      "properties": {
        "confidence": 0.9996023774147034,
        "image": "DJI_20250310144628_0096_W.JPG"
      }
    },
    {
      "type": "Feature",
      "geometry": {
        "type": "Point",
        "coordinates": [
          -0.5243570786092052,
          53.26803463952822
        ]
      },
      "properties": {
        "confidence": 0.9994506239891052,
        "image": "DJI_20250310144628_0096_W.JPG"
      }
    },
    {
      "type": "Feature",
      "geometry": {
        "type": "Point",
        "coordinates": [
          -0.5244339346665023,
          53.26802603685298
        ]
      },
      "properties": {
        "confidence": 0.9991260170936584,
        "image": "DJI_20250310144628_0096_W.JPG"
      }
    },
    {
      "type": "Feature",
      "geometry": {
        "type": "Point",
        "coordinates": [
          -0.5244019062061323,
          53.26818587792206
        ]
      },
      "properties": {
        "confidence": 0.9975243210792542,
        "image": "DJI_20250310144628_0096_W.JPG"
      }
    },
    {
      "type": "Feature",
      "geometry": {
        "type": "Point",
        "coordinates": [
          -0.5243938931634046,
          53.26803121510801
        ]
      },
      "properties": {
        "confidence": 0.9973741769790649,
        "image": "DJI_20250310144628_0096_W.JPG"
      }
    },
    {
      "type": "Feature",
      "geometry": {
        "type": "Point",
        "coordinates": [
          -0.5243972098246384,
          53.268028265090614
        ]
      },
      "properties": {
        "confidence": 0.9965781569480896,
        "image": "DJI_20250310144628_0096_W.JPG"
      }
    },
    {
      "type": "Feature",
      "geometry": {
        "type": "Point",
        "coordinates": [
          -0.5244286547123787,
          53.26802875522043
        ]
      },
      "properties": {
        "confidence": 0.9962777495384216,
        "image": "DJI_20250310144628_0096_W.JPG"
      }
    },
    {
      "type": "Feature",
      "geometry": {
        "type": "Point",
        "coordinates": [
          -0.5242953883616223,
          53.26809131935583
        ]
      },
      "properties": {
        "confidence": 0.9945230484008789,
        "image": "DJI_20250310144628_0096_W.JPG"
      }
    },
    {
      "type": "Feature",
      "geometry": {
        "type": "Point",
        "coordinates": [
          -0.5244512371731763,
          53.26807588215525
        ]
      },
      "properties": {
        "confidence": 0.9941173791885376,
        "image": "DJI_20250310144628_0096_W.JPG"
      }
    },
    {
      "type": "Feature",
      "geometry": {
        "type": "Point",
        "coordinates": [
          -0.5243494682898623,
          53.268139230671956
        ]
      },
      "properties": {
        "confidence": 0.9933844208717346,
        "image": "DJI_20250310144628_0096_W.JPG"
      }
    },
    {
      "type": "Feature",
      "geometry": {
        "type": "Point",
        "coordinates": [
          -0.5244242769267462,
          53.26812992554439
        ]
      },
      "properties": {
        "confidence": 0.9869086146354675,
        "image": "DJI_20250310144628_0096_W.JPG"
      }
    },
    {
      "type": "Feature",
      "geometry": {
        "type": "Point",
        "coordinates": [
          -0.5243093169141262,
          53.2681409636487
        ]
      },
      "properties": {
        "confidence": 0.9816470742225647,
        "image": "DJI_20250310144628_0096_W.JPG"
      }
    },
    {
      "type": "Feature",
      "geometry": {
        "type": "Point",
        "coordinates": [
          -0.5244287928409792,
          53.268131422580836
        ]
      },
      "properties": {
        "confidence": 0.9700819253921509,
        "image": "DJI_20250310144628_0096_W.JPG"
      }
    },
    {
      "type": "Feature",
      "geometry": {
        "type": "Point",
        "coordinates": [
          -0.5244391315356922,
          53.268181355843275
        ]
      },
      "properties": {
        "confidence": 0.94012451171875,
        "image": "DJI_20250310144628_0096_W.JPG"
      }
    },
    {
      "type": "Feature",
      "geometry": {
        "type": "Point",
        "coordinates": [
          -0.5244661761275403,
          53.268126652316454
        ]
      },
      "properties": {
        "confidence": 0.9389573931694031,
        "image": "DJI_20250310144628_0096_W.JPG"
      }
    },
    {
      "type": "Feature",
      "geometry": {
        "type": "Point",
        "coordinates": [
          -0.5243635335495919,
          53.26818964001869
        ]
      },
      "properties": {
        "confidence": 0.9351878762245178,
        "image": "DJI_20250310144628_0096_W.JPG"
      }
    },
    {
      "type": "Feature",
      "geometry": {
        "type": "Point",
        "coordinates": [
          -0.5243876516594748,
          53.26813440926996
        ]
      },
      "properties": {
        "confidence": 0.891247034072876,
        "image": "DJI_20250310144628_0096_W.JPG"
      }
    },
    {
      "type": "Feature",
      "geometry": {
        "type": "Point",
        "coordinates": [
          -0.5244731661204051,
          53.268127276952065
        ]
      },
      "properties": {
        "confidence": 0.80747389793396,
        "image": "DJI_20250310144628_0096_W.JPG"
      }
    },
    {
      "type": "Feature",
      "geometry": {
        "type": "Point",
        "coordinates": [
          -0.5244755357503199,
          53.26817676720152
        ]
      },
      "properties": {
        "confidence": 0.7343153953552246,
        "image": "DJI_20250310144628_0096_W.JPG"
      }
    },
    {
      "type": "Feature",
      "geometry": {
        "type": "Point",
        "coordinates": [
          -0.5245434782727862,
          53.26801438880602
        ]
      },
      "properties": {
        "confidence": 0.9897111058235168,
        "image": "DJI_20250310144447_0044_W.JPG"
      }
    },
    {
      "type": "Feature",
      "geometry": {
        "type": "Point",
        "coordinates": [
          -0.524416765869989,
          53.268129708168075
        ]
      },
      "properties": {
        "confidence": 0.9880703687667847,
        "image": "DJI_20250310144447_0044_W.JPG"
      }
    },
    {
      "type": "Feature",
      "geometry": {
        "type": "Point",
        "coordinates": [
          -0.5245448681344295,
          53.268169089338045
        ]
      },
      "properties": {
        "confidence": 0.9822730422019958,
        "image": "DJI_20250310144447_0044_W.JPG"
      }
    },
    {
      "type": "Feature",
      "geometry": {
        "type": "Point",
        "coordinates": [
          -0.5245943870387786,
          53.26806173009689
        ]
      },
      "properties": {
        "confidence": 0.9756301045417786,
        "image": "DJI_20250310144447_0044_W.JPG"
      }
    },
    {
      "type": "Feature",
      "geometry": {
        "type": "Point",
        "coordinates": [
          -0.5245712961976114,
          53.26811676097309
        ]
      },
      "properties": {
        "confidence": 0.970511794090271,
        "image": "DJI_20250310144447_0044_W.JPG"
      }
    },
    {
      "type": "Feature",
      "geometry": {
        "type": "Point",
        "coordinates": [
          -0.5245042326306526,
          53.26801924681437
        ]
      },
      "properties": {
        "confidence": 0.969741702079773,
        "image": "DJI_20250310144447_0044_W.JPG"
      }
    },
    {
      "type": "Feature",
      "geometry": {
        "type": "Point",
        "coordinates": [
          -0.5245837259685917,
          53.26816652364385
        ]
      },
      "properties": {
        "confidence": 0.9549011588096619,
        "image": "DJI_20250310144447_0044_W.JPG"
      }
    },
    {
      "type": "Feature",
      "geometry": {
        "type": "Point",
        "coordinates": [
          -0.5246082515321757,
          53.26811157698683
        ]
      },
      "properties": {
        "confidence": 0.9486228227615356,
        "image": "DJI_20250310144447_0044_W.JPG"
      }
    },
    {
      "type": "Feature",
      "geometry": {
        "type": "Point",
        "coordinates": [
          -0.524354335068659,
          53.26803367762478
        ]
      },
      "properties": {
        "confidence": 0.9481747150421143,
        "image": "DJI_20250310144447_0044_W.JPG"
      }
    },
    {
      "type": "Feature",
      "geometry": {
        "type": "Point",
        "coordinates": [
          -0.5246204112493967,
          53.26816207329117
        ]
      },
      "properties": {
        "confidence": 0.9228706359863281,
        "image": "DJI_20250310144447_0044_W.JPG"
      }
    },
    {
      "type": "Feature",
      "geometry": {
        "type": "Point",
        "coordinates": [
          -0.5245316502917365,
          53.268118901500166
        ]
      },
      "properties": {
        "confidence": 0.9199625849723816,
        "image": "DJI_20250310144447_0044_W.JPG"
      }
    },
    {
      "type": "Feature",
      "geometry": {
        "type": "Point",
        "coordinates": [
          -0.5243188995751065,
          53.268037210353874
        ]
      },
      "properties": {
        "confidence": 0.9018771052360535,
        "image": "DJI_20250310144447_0044_W.JPG"
      }
    },
    {
      "type": "Feature",
      "geometry": {
        "type": "Point",
        "coordinates": [
          -0.5245565153322378,
          53.26806524473294
        ]
      },
      "properties": {
        "confidence": 0.8962986469268799,
        "image": "DJI_20250310144447_0044_W.JPG"
      }
    },
    {
      "type": "Feature",
      "geometry": {
        "type": "Point",
        "coordinates": [
          -0.5243911988905001,
          53.268029096183014
        ]
      },
      "properties": {
        "confidence": 0.8656849265098572,
        "image": "DJI_20250310144447_0044_W.JPG"
      }
    },
    {
      "type": "Feature",
      "geometry": {
        "type": "Point",
        "coordinates": [
          -0.5243881816305294,
          53.26802702869774
        ]
      },
      "properties": {
        "confidence": 0.8014011383056641,
        "image": "DJI_20250310144447_0044_W.JPG"
      }
    },
    {
      "type": "Feature",
      "geometry": {
        "type": "Point",
        "coordinates": [
          -0.524455876485243,
          53.26812521697652
        ]
      },
      "properties": {
        "confidence": 0.7987954616546631,
        "image": "DJI_20250310144447_0044_W.JPG"
      }
    },
    {
      "type": "Feature",
      "geometry": {
        "type": "Point",
        "coordinates": [
          -0.524346354202476,
          53.26802943256617
        ]
      },
      "properties": {
        "confidence": 0.7883973717689514,
        "image": "DJI_20250310144447_0044_W.JPG"
      }
    },
    {
      "type": "Feature",
      "geometry": {
        "type": "Point",
        "coordinates": [
          -0.5244040945289434,
          53.26807918599488
        ]
      },
      "properties": {
        "confidence": 0.7211248278617859,
        "image": "DJI_20250310144447_0044_W.JPG"
      }
    },
    {
      "type": "Feature",
      "geometry": {
        "type": "Point",
        "coordinates": [
          -0.5244564905968611,
          53.26802121176945
        ]
      },
      "properties": {
        "confidence": 0.9999353885650635,
        "image": "DJI_20250310144604_0084_W.JPG"
      }
    },
    {
      "type": "Feature",
      "geometry": {
        "type": "Point",
        "coordinates": [
          -0.5244247274504279,
          53.26817568987096
        ]
      },
      "properties": {
        "confidence": 0.9967036843299866,
        "image": "DJI_20250310144604_0084_W.JPG"
      }
    },
    {
      "type": "Feature",
      "geometry": {
        "type": "Point",
        "coordinates": [
          -0.5245290708666315,
          53.268163867834495
        ]
      },
      "properties": {
        "confidence": 0.9957607388496399,
        "image": "DJI_20250310144604_0084_W.JPG"
      }
    },
    {
      "type": "Feature",
      "geometry": {
        "type": "Point",
        "coordinates": [
          -0.524511225422055,
          53.26806410105531
        ]
      },
      "properties": {
        "confidence": 0.9903860092163086,
        "image": "DJI_20250310144604_0084_W.JPG"
      }
    },
    {
      "type": "Feature",
      "geometry": {
        "type": "Point",
        "coordinates": [
          -0.5243600893552326,
          53.268073971842696
        ]
      },
      "properties": {
        "confidence": 0.9709266424179077,
        "image": "DJI_20250310144604_0084_W.JPG"
      }
    },
    {
      "type": "Feature",
      "geometry": {
        "type": "Point",
        "coordinates": [
          -0.5245155629731326,
          53.26811403170503
        ]
      },
      "properties": {
        "confidence": 0.9659857749938965,
        "image": "DJI_20250310144604_0084_W.JPG"
      }
    },
    {
      "type": "Feature",
      "geometry": {
        "type": "Point",
        "coordinates": [
          -0.5245260831493387,
          53.268113670182736
        ]
      },
      "properties": {
        "confidence": 0.9613750576972961,
        "image": "DJI_20250310144604_0084_W.JPG"
      }
    },
    {
      "type": "Feature",
      "geometry": {
        "type": "Point",
        "coordinates": [
          -0.5244668291266638,
          53.26817364004554
        ]
      },
      "properties": {
        "confidence": 0.9529521465301514,
        "image": "DJI_20250310144604_0084_W.JPG"
      }
    },
    {
      "type": "Feature",
      "geometry": {
        "type": "Point",
        "coordinates": [
          -0.5244002010176458,
          53.26807075495688
        ]
      },
      "properties": {
        "confidence": 0.9394508004188538,
        "image": "DJI_20250310144604_0084_W.JPG"
      }
    },
    {
      "type": "Feature",
      "geometry": {
        "type": "Point",
        "coordinates": [
          -0.5244931469592361,
          53.26816741145583
        ]
      },
      "properties": {
        "confidence": 0.905507504940033,
        "image": "DJI_20250310144604_0084_W.JPG"
      }
    },
    {
      "type": "Feature",
      "geometry": {
        "type": "Point",
        "coordinates": [
          -0.5244786931443014,
          53.26806535138529
        ]
      },
      "properties": {
        "confidence": 0.8784595727920532,
        "image": "DJI_20250310144604_0084_W.JPG"
      }
    },
    {
      "type": "Feature",
      "geometry": {
        "type": "Point",
        "coordinates": [
          -0.5245089517743114,
          53.26817098648387
        ]
      },
      "properties": {
        "confidence": 0.8777818083763123,
        "image": "DJI_20250310144604_0084_W.JPG"
      }
    },
    {
      "type": "Feature",
      "geometry": {
        "type": "Point",
        "coordinates": [
          -0.5244744247833729,
          53.2680667776357
        ]
      },
      "properties": {
        "confidence": 0.8745824098587036,
        "image": "DJI_20250310144604_0084_W.JPG"
      }
    },
    {
      "type": "Feature",
      "geometry": {
        "type": "Point",
        "coordinates": [
          -0.5244889665198527,
          53.268020448730084
        ]
      },
      "properties": {
        "confidence": 0.8699234127998352,
        "image": "DJI_20250310144604_0084_W.JPG"
      }
    },
    {
      "type": "Feature",
      "geometry": {
        "type": "Point",
        "coordinates": [
          -0.5244809358244971,
          53.26811713365587
        ]
      },
      "properties": {
        "confidence": 0.8548189997673035,
        "image": "DJI_20250310144604_0084_W.JPG"
      }
    },
    {
      "type": "Feature",
      "geometry": {
        "type": "Point",
        "coordinates": [
          -0.5244394116976236,
          53.268067936725444
        ]
      },
      "properties": {
        "confidence": 0.8504979014396667,
        "image": "DJI_20250310144604_0084_W.JPG"
      }
    },
    {
      "type": "Feature",
      "geometry": {
        "type": "Point",
        "coordinates": [
          -0.5244577990246521,
          53.26817083233018
        ]
      },
      "properties": {
        "confidence": 0.8420096039772034,
        "image": "DJI_20250310144604_0084_W.JPG"
      }
    },
    {
      "type": "Feature",
      "geometry": {
        "type": "Point",
        "coordinates": [
          -0.5243851707894142,
          53.26817938774603
        ]
      },
      "properties": {
        "confidence": 0.7936297655105591,
        "image": "DJI_20250310144604_0084_W.JPG"
      }
    },
    {
      "type": "Feature",
      "geometry": {
        "type": "Point",
        "coordinates": [
          -0.5245574012838035,
          53.26810517295015
        ]
      },
      "properties": {
        "confidence": 0.9929874539375305,
        "image": "DJI_20250310144417_0028_W.JPG"
      }
    },
    {
      "type": "Feature",
      "geometry": {
        "type": "Point",
        "coordinates": [
          -0.5244028907719074,
          53.2681201268106
        ]
      },
      "properties": {
        "confidence": 0.9856007695198059,
        "image": "DJI_20250310144417_0028_W.JPG"
      }
    },
    {
      "type": "Feature",
      "geometry": {
        "type": "Point",
        "coordinates": [
          -0.5243336638802361,
          53.26812816589099
        ]
      },
      "properties": {
        "confidence": 0.9815605878829956,
        "image": "DJI_20250310144417_0028_W.JPG"
      }
    },
    {
      "type": "Feature",
      "geometry": {
        "type": "Point",
        "coordinates": [
          -0.5244416774679647,
          53.268117123654804
        ]
      },
      "properties": {
        "confidence": 0.956520140171051,
        "image": "DJI_20250310144417_0028_W.JPG"
      }
    },
    {
      "type": "Feature",
      "geometry": {
        "type": "Point",
        "coordinates": [
          -0.524367715055973,
          53.26812432408304
        ]
      },
      "properties": {
        "confidence": 0.9526410102844238,
        "image": "DJI_20250310144417_0028_W.JPG"
      }
    },
    {
      "type": "Feature",
      "geometry": {
        "type": "Point",
        "coordinates": [
          -0.524374031720818,
          53.26817502565066
        ]
      },
      "properties": {
        "confidence": 0.921474277973175,
        "image": "DJI_20250310144417_0028_W.JPG"
      }
    },
    {
      "type": "Feature",
      "geometry": {
        "type": "Point",
        "coordinates": [
          -0.5244796031603273,
          53.26811396801679
        ]
      },
      "properties": {
        "confidence": 0.9025906324386597,
        "image": "DJI_20250310144417_0028_W.JPG"
      }
    },
    {
      "type": "Feature",
      "geometry": {
        "type": "Point",
        "coordinates": [
          -0.5244522490616793,
          53.26816841237712
        ]
      },
      "properties": {
        "confidence": 0.8664654493331909,
        "image": "DJI_20250310144417_0028_W.JPG"
      }
    },
    {
      "type": "Feature",
      "geometry": {
        "type": "Point",
        "coordinates": [
          -0.5243594019485988,
          53.26812240815182
        ]
      },
      "properties": {
        "confidence": 0.7781652212142944,
        "image": "DJI_20250310144417_0028_W.JPG"
      }
    },
    {
      "type": "Feature",
      "geometry": {
        "type": "Point",
        "coordinates": [
          -0.5243637787274782,
          53.26808745870874
        ]
      },
      "properties": {
        "confidence": 0.9973069429397583,
        "image": "DJI_20250310144619_0092_W.JPG"
      }
    },
    {
      "type": "Feature",
      "geometry": {
        "type": "Point",
        "coordinates": [
          -0.5243249312792764,
          53.268089882376664
        ]
      },
      "properties": {
        "confidence": 0.9957554340362549,
        "image": "DJI_20250310144619_0092_W.JPG"
      }
    },
    {
      "type": "Feature",
      "geometry": {
        "type": "Point",
        "coordinates": [
          -0.5243983863323507,
          53.26808279914008
        ]
      },
      "properties": {
        "confidence": 0.9864246845245361,
        "image": "DJI_20250310144619_0092_W.JPG"
      }
    },
    {
      "type": "Feature",
      "geometry": {
        "type": "Point",
        "coordinates": [
          -0.5244369386863886,
          53.26807992743208
        ]
      },
      "properties": {
        "confidence": 0.9769152402877808,
        "image": "DJI_20250310144619_0092_W.JPG"
      }
    },
    {
      "type": "Feature",
      "geometry": {
        "type": "Point",
        "coordinates": [
          -0.5243845388464793,
          53.26803236453327
        ]
      },
      "properties": {
        "confidence": 0.9639237523078918,
        "image": "DJI_20250310144619_0092_W.JPG"
      }
    },
    {
      "type": "Feature",
      "geometry": {
        "type": "Point",
        "coordinates": [
          -0.5243868792675065,
          53.26803220133084
        ]
      },
      "properties": {
        "confidence": 0.9624456763267517,
        "image": "DJI_20250310144619_0092_W.JPG"
      }
    },
    {
      "type": "Feature",
      "geometry": {
        "type": "Point",
        "coordinates": [
          -0.5243104201600403,
          53.26803908655281
        ]
      },
      "properties": {
        "confidence": 0.9497779607772827,
        "image": "DJI_20250310144619_0092_W.JPG"
      }
    },
    {
      "type": "Feature",
      "geometry": {
        "type": "Point",
        "coordinates": [
          -0.5243469081689474,
          53.26803566605681
        ]
      },
      "properties": {
        "confidence": 0.9102972149848938,
        "image": "DJI_20250310144619_0092_W.JPG"
      }
    },
    {
      "type": "Feature",
      "geometry": {
        "type": "Point",
        "coordinates": [
          -0.5242024172092911,
          53.267914373424084
        ]
      },
      "properties": {
        "confidence": 0.8903807401657104,
        "image": "DJI_20250310144619_0092_W.JPG"
      }
    },
    {
      "type": "Feature",
      "geometry": {
        "type": "Point",
        "coordinates": [
          -0.5242016607841179,
          53.26791274016652
        ]
      },
      "properties": {
        "confidence": 0.8874576091766357,
        "image": "DJI_20250310144619_0092_W.JPG"
      }
    },
    {
      "type": "Feature",
      "geometry": {
        "type": "Point",
        "coordinates": [
          -0.5244067912599559,
          53.2680852183121
        ]
      },
      "properties": {
        "confidence": 0.8844614028930664,
        "image": "DJI_20250310144619_0092_W.JPG"
      }
    },
    {
      "type": "Feature",
      "geometry": {
        "type": "Point",
        "coordinates": [
          -0.5242482508405768,
          53.267914961946154
        ]
      },
      "properties": {
        "confidence": 0.8675164580345154,
        "image": "DJI_20250310144619_0092_W.JPG"
      }
    },
    {
      "type": "Feature",
      "geometry": {
        "type": "Point",
        "coordinates": [
          -0.5242416486014155,
          53.26790590735905
        ]
      },
      "properties": {
        "confidence": 0.7496416568756104,
        "image": "DJI_20250310144619_0092_W.JPG"
      }
    },
    {
      "type": "Feature",
      "geometry": {
        "type": "Point",
        "coordinates": [
          -0.5244680914816074,
          53.268020296911715
        ]
      },
      "properties": {
        "confidence": 0.99936443567276,
        "image": "DJI_20250310144539_0071_W.JPG"
      }
    },
    {
      "type": "Feature",
      "geometry": {
        "type": "Point",
        "coordinates": [
          -0.5245035786888806,
          53.26801770973653
        ]
      },
      "properties": {
        "confidence": 0.9988428354263306,
        "image": "DJI_20250310144539_0071_W.JPG"
      }
    },
    {
      "type": "Feature",
      "geometry": {
        "type": "Point",
        "coordinates": [
          -0.5244297944338602,
          53.268024130079894
        ]
      },
      "properties": {
        "confidence": 0.9963006973266602,
        "image": "DJI_20250310144539_0071_W.JPG"
      }
    },
    {
      "type": "Feature",
      "geometry": {
        "type": "Point",
        "coordinates": [
          -0.5245381154439978,
          53.26801660812919
        ]
      },
      "properties": {
        "confidence": 0.9954093098640442,
        "image": "DJI_20250310144539_0071_W.JPG"
      }
    },
    {
      "type": "Feature",
      "geometry": {
        "type": "Point",
        "coordinates": [
          -0.5245228377545367,
          53.268066402905205
        ]
      },
      "properties": {
        "confidence": 0.9940783977508545,
        "image": "DJI_20250310144539_0071_W.JPG"
      }
    },
    {
      "type": "Feature",
      "geometry": {
        "type": "Point",
        "coordinates": [
          -0.5244053055059443,
          53.26807895956828
        ]
      },
      "properties": {
        "confidence": 0.9931061863899231,
        "image": "DJI_20250310144539_0071_W.JPG"
      }
    },
    {
      "type": "Feature",
      "geometry": {
        "type": "Point",
        "coordinates": [
          -0.5245424955327338,
          53.26801395642663
        ]
      },
      "properties": {
        "confidence": 0.9926092028617859,
        "image": "DJI_20250310144539_0071_W.JPG"
      }
    },
    {
      "type": "Feature",
      "geometry": {
        "type": "Point",
        "coordinates": [
          -0.5242746953275373,
          53.26803720650146
        ]
      },
      "properties": {
        "confidence": 0.9844669103622437,
        "image": "DJI_20250310144539_0071_W.JPG"
      }
    },
    {
      "type": "Feature",
      "geometry": {
        "type": "Point",
        "coordinates": [
          -0.5242796121803894,
          53.26804105607814
        ]
      },
      "properties": {
        "confidence": 0.9832960963249207,
        "image": "DJI_20250310144539_0071_W.JPG"
      }
    },
    {
      "type": "Feature",
      "geometry": {
        "type": "Point",
        "coordinates": [
          -0.5243179539409569,
          53.26803805182916
        ]
      },
      "properties": {
        "confidence": 0.9797793030738831,
        "image": "DJI_20250310144539_0071_W.JPG"
      }
    },
    {
      "type": "Feature",
      "geometry": {
        "type": "Point",
        "coordinates": [
          -0.5245007247467388,
          53.268120964225126
        ]
      },
      "properties": {
        "confidence": 0.9762703776359558,
        "image": "DJI_20250310144539_0071_W.JPG"
      }
    },
    {
      "type": "Feature",
      "geometry": {
        "type": "Point",
        "coordinates": [
          -0.5245555909185843,
          53.26806434404715
        ]
      },
      "properties": {
        "confidence": 0.9716492891311646,
        "image": "DJI_20250310144539_0071_W.JPG"
      }
    },
    {
      "type": "Feature",
      "geometry": {
        "type": "Point",
        "coordinates": [
          -0.5244845613596505,
          53.2680703535937
        ]
      },
      "properties": {
        "confidence": 0.9687941074371338,
        "image": "DJI_20250310144539_0071_W.JPG"
      }
    },
    {
      "type": "Feature",
      "geometry": {
        "type": "Point",
        "coordinates": [
          -0.5243309289218753,
          53.268086605330815
        ]
      },
      "properties": {
        "confidence": 0.9600054025650024,
        "image": "DJI_20250310144539_0071_W.JPG"
      }
    },
    {
      "type": "Feature",
      "geometry": {
        "type": "Point",
        "coordinates": [
          -0.5245116094353602,
          53.26817256017661
        ]
      },
      "properties": {
        "confidence": 0.9507319927215576,
        "image": "DJI_20250310144539_0071_W.JPG"
      }
    },
    {
      "type": "Feature",
      "geometry": {
        "type": "Point",
        "coordinates": [
          -0.5245325276689029,
          53.268116945183785
        ]
      },
      "properties": {
        "confidence": 0.9475525617599487,
        "image": "DJI_20250310144539_0071_W.JPG"
      }
    },
    {
      "type": "Feature",
      "geometry": {
        "type": "Point",
        "coordinates": [
          -0.5243024113192712,
          53.26814091574041
        ]
      },
      "properties": {
        "confidence": 0.9211939573287964,
        "image": "DJI_20250310144539_0071_W.JPG"
      }
    },
    {
      "type": "Feature",
      "geometry": {
        "type": "Point",
        "coordinates": [
          -0.5243055413842286,
          53.2681397684367
        ]
      },
      "properties": {
        "confidence": 0.9152143001556396,
        "image": "DJI_20250310144539_0071_W.JPG"
      }
    },
    {
      "type": "Feature",
      "geometry": {
        "type": "Point",
        "coordinates": [
          -0.5243121315590415,
          53.268033070988395
        ]
      },
      "properties": {
        "confidence": 0.9147225022315979,
        "image": "DJI_20250310144539_0071_W.JPG"
      }
    },
    {
      "type": "Feature",
      "geometry": {
        "type": "Point",
        "coordinates": [
          -0.5243150582922133,
          53.26803478811123
        ]
      },
      "properties": {
        "confidence": 0.9075376987457275,
        "image": "DJI_20250310144539_0071_W.JPG"
      }
    },
    {
      "type": "Feature",
      "geometry": {
        "type": "Point",
        "coordinates": [
          -0.5245486255851735,
          53.26816833225125
        ]
      },
      "properties": {
        "confidence": 0.904111921787262,
        "image": "DJI_20250310144539_0071_W.JPG"
      }
    },
    {
      "type": "Feature",
      "geometry": {
        "type": "Point",
        "coordinates": [
          -0.5243436214717979,
          53.26813642418079
        ]
      },
      "properties": {
        "confidence": 0.8817946910858154,
        "image": "DJI_20250310144539_0071_W.JPG"
      }
    },
    {
      "type": "Feature",
      "geometry": {
        "type": "Point",
        "coordinates": [
          -0.524474593285547,
          53.26817678810197
        ]
      },
      "properties": {
        "confidence": 0.8813812732696533,
        "image": "DJI_20250310144539_0071_W.JPG"
      }
    },
    {
      "type": "Feature",
      "geometry": {
        "type": "Point",
        "coordinates": [
          -0.5242913578955266,
          53.268089508623405
        ]
      },
      "properties": {
        "confidence": 0.8518918752670288,
        "image": "DJI_20250310144539_0071_W.JPG"
      }
    },
    {
      "type": "Feature",
      "geometry": {
        "type": "Point",
        "coordinates": [
          -0.5244352357071418,
          53.26818033147927
        ]
      },
      "properties": {
        "confidence": 0.8471860885620117,
        "image": "DJI_20250310144539_0071_W.JPG"
      }
    },
    {
      "type": "Feature",
      "geometry": {
        "type": "Point",
        "coordinates": [
          -0.5243912702046408,
          53.268026670524634
        ]
      },
      "properties": {
        "confidence": 0.83636474609375,
        "image": "DJI_20250310144539_0071_W.JPG"
      }
    },
    {
      "type": "Feature",
      "geometry": {
        "type": "Point",
        "coordinates": [
          -0.524419513159742,
          53.268128207904894
        ]
      },
      "properties": {
        "confidence": 0.7456063032150269,
        "image": "DJI_20250310144539_0071_W.JPG"
      }
    },
    {
      "type": "Feature",
      "geometry": {
        "type": "Point",
        "coordinates": [
          -0.5245718749208774,
          53.26811334304632
        ]
      },
      "properties": {
        "confidence": 0.7419973611831665,
        "image": "DJI_20250310144539_0071_W.JPG"
      }
    },
    {
      "type": "Feature",
      "geometry": {
        "type": "Point",
        "coordinates": [
          -0.5243199865459289,
          53.26819036825692
        ]
      },
      "properties": {
        "confidence": 0.7203904986381531,
        "image": "DJI_20250310144539_0071_W.JPG"
      }
    },
    {
      "type": "Feature",
      "geometry": {
        "type": "Point",
        "coordinates": [
          -0.5245309104649979,
          53.26811914353898
        ]
      },
      "properties": {
        "confidence": 0.9991509914398193,
        "image": "DJI_20250310144548_0076_W.JPG"
      }
    },
    {
      "type": "Feature",
      "geometry": {
        "type": "Point",
        "coordinates": [
          -0.5245687980413987,
          53.268115808696955
        ]
      },
      "properties": {
        "confidence": 0.9885237812995911,
        "image": "DJI_20250310144548_0076_W.JPG"
      }
    },
    {
      "type": "Feature",
      "geometry": {
        "type": "Point",
        "coordinates": [
          -0.5244188499786374,
          53.268129047348545
        ]
      },
      "properties": {
        "confidence": 0.9873732924461365,
        "image": "DJI_20250310144548_0076_W.JPG"
      }
    },
    {
      "type": "Feature",
      "geometry": {
        "type": "Point",
        "coordinates": [
          -0.524513852404698,
          53.268171869507015
        ]
      },
      "properties": {
        "confidence": 0.9396383166313171,
        "image": "DJI_20250310144548_0076_W.JPG"
      }
    },
    {
      "type": "Feature",
      "geometry": {
        "type": "Point",
        "coordinates": [
          -0.5243015407802694,
          53.26813904278054
        ]
      },
      "properties": {
        "confidence": 0.9312947988510132,
        "image": "DJI_20250310144548_0076_W.JPG"
      }
    },
    {
      "type": "Feature",
      "geometry": {
        "type": "Point",
        "coordinates": [
          -0.5243559033779874,
          53.26818739842221
        ]
      },
      "properties": {
        "confidence": 0.9205319881439209,
        "image": "DJI_20250310144548_0076_W.JPG"
      }
    },
    {
      "type": "Feature",
      "geometry": {
        "type": "Point",
        "coordinates": [
          -0.5244952639785238,
          53.26812198004168
        ]
      },
      "properties": {
        "confidence": 0.8555348515510559,
        "image": "DJI_20250310144548_0076_W.JPG"
      }
    },
    {
      "type": "Feature",
      "geometry": {
        "type": "Point",
        "coordinates": [
          -0.5244573971135091,
          53.26812543273682
        ]
      },
      "properties": {
        "confidence": 0.8142192959785461,
        "image": "DJI_20250310144548_0076_W.JPG"
      }
    },
    {
      "type": "Feature",
      "geometry": {
        "type": "Point",
        "coordinates": [
          -0.5242659183165,
          53.2681443204512
        ]
      },
      "properties": {
        "confidence": 0.7684468030929565,
        "image": "DJI_20250310144548_0076_W.JPG"
      }
    },
    {
      "type": "Feature",
      "geometry": {
        "type": "Point",
        "coordinates": [
          -0.5243427052267705,
          53.268137646745885
        ]
      },
      "properties": {
        "confidence": 0.7488632798194885,
        "image": "DJI_20250310144548_0076_W.JPG"
      }
    },
    {
      "type": "Feature",
      "geometry": {
        "type": "Point",
        "coordinates": [
          -0.5245093702248449,
          53.268172866185665
        ]
      },
      "properties": {
        "confidence": 0.7369941473007202,
        "image": "DJI_20250310144548_0076_W.JPG"
      }
    },
    {
      "type": "Feature",
      "geometry": {
        "type": "Point",
        "coordinates": [
          -0.5243164653372103,
          53.26819112861353
        ]
      },
      "properties": {
        "confidence": 0.7240649461746216,
        "image": "DJI_20250310144548_0076_W.JPG"
      }
    },
    {
      "type": "Feature",
      "geometry": {
        "type": "Point",
        "coordinates": [
          -0.5245893858543721,
          53.2681649767063
        ]
      },
      "properties": {
        "confidence": 0.7101864218711853,
        "image": "DJI_20250310144548_0076_W.JPG"
      }
    },
    {
      "type": "Feature",
      "geometry": {
        "type": "Point",
        "coordinates": [
          -0.524413904090477,
          53.26817200666438
        ]
      },
      "properties": {
        "confidence": 0.9980528354644775,
        "image": "DJI_20250310144426_0033_W.JPG"
      }
    },
    {
      "type": "Feature",
      "geometry": {
        "type": "Point",
        "coordinates": [
          -0.5246057877718506,
          53.268155693089966
        ]
      },
      "properties": {
        "confidence": 0.9978500604629517,
        "image": "DJI_20250310144426_0033_W.JPG"
      }
    },
    {
      "type": "Feature",
      "geometry": {
        "type": "Point",
        "coordinates": [
          -0.5244904696248811,
          53.26816568059725
        ]
      },
      "properties": {
        "confidence": 0.9903287291526794,
        "image": "DJI_20250310144426_0033_W.JPG"
      }
    },
    {
      "type": "Feature",
      "geometry": {
        "type": "Point",
        "coordinates": [
          -0.5243773959177332,
          53.26817423765707
        ]
      },
      "properties": {
        "confidence": 0.9846628904342651,
        "image": "DJI_20250310144426_0033_W.JPG"
      }
    },
    {
      "type": "Feature",
      "geometry": {
        "type": "Point",
        "coordinates": [
          -0.5244794147145055,
          53.268114146990264
        ]
      },
      "properties": {
        "confidence": 0.9806546568870544,
        "image": "DJI_20250310144426_0033_W.JPG"
      }
    },
    {
      "type": "Feature",
      "geometry": {
        "type": "Point",
        "coordinates": [
          -0.5244569172949486,
          53.268014722394
        ]
      },
      "properties": {
        "confidence": 0.9791891574859619,
        "image": "DJI_20250310144426_0033_W.JPG"
      }
    },
    {
      "type": "Feature",
      "geometry": {
        "type": "Point",
        "coordinates": [
          -0.5243296548097974,
          53.26812645448954
        ]
      },
      "properties": {
        "confidence": 0.9444459676742554,
        "image": "DJI_20250310144426_0033_W.JPG"
      }
    },
    {
      "type": "Feature",
      "geometry": {
        "type": "Point",
        "coordinates": [
          -0.5245313749555666,
          53.268004948772074
        ]
      },
      "properties": {
        "confidence": 0.9327765703201294,
        "image": "DJI_20250310144426_0033_W.JPG"
      }
    },
    {
      "type": "Feature",
      "geometry": {
        "type": "Point",
        "coordinates": [
          -0.5244166544225293,
          53.26801595608314
        ]
      },
      "properties": {
        "confidence": 0.9319102764129639,
        "image": "DJI_20250310144426_0033_W.JPG"
      }
    },
    {
      "type": "Feature",
      "geometry": {
        "type": "Point",
        "coordinates": [
          -0.5243342793174036,
          53.26814477734043
        ]
      },
      "properties": {
        "confidence": 0.9096035957336426,
        "image": "DJI_20250310144426_0033_W.JPG"
      }
    },
    {
      "type": "Feature",
      "geometry": {
        "type": "Point",
        "coordinates": [
          -0.5243821865208591,
          53.26802104104277
        ]
      },
      "properties": {
        "confidence": 0.9036266803741455,
        "image": "DJI_20250310144426_0033_W.JPG"
      }
    },
    {
      "type": "Feature",
      "geometry": {
        "type": "Point",
        "coordinates": [
          -0.5245551194311147,
          53.26810730842586
        ]
      },
      "properties": {
        "confidence": 0.8799910545349121,
        "image": "DJI_20250310144426_0033_W.JPG"
      }
    },
    {
      "type": "Feature",
      "geometry": {
        "type": "Point",
        "coordinates": [
          -0.5244521302953167,
          53.26816935983726
        ]
      },
      "properties": {
        "confidence": 0.878567099571228,
        "image": "DJI_20250310144426_0033_W.JPG"
      }
    },
    {
      "type": "Feature",
      "geometry": {
        "type": "Point",
        "coordinates": [
          -0.5245173407610689,
          53.268110449950385
        ]
      },
      "properties": {
        "confidence": 0.8710011839866638,
        "image": "DJI_20250310144426_0033_W.JPG"
      }
    },
    {
      "type": "Feature",
      "geometry": {
        "type": "Point",
        "coordinates": [
          -0.5243140385273601,
          53.268028968628
        ]
      },
      "properties": {
        "confidence": 0.8350917100906372,
        "image": "DJI_20250310144426_0033_W.JPG"
      }
    },
    {
      "type": "Feature",
      "geometry": {
        "type": "Point",
        "coordinates": [
          -0.5245930639548848,
          53.26810439014562
        ]
      },
      "properties": {
        "confidence": 0.8264968395233154,
        "image": "DJI_20250310144426_0033_W.JPG"
      }
    },
    {
      "type": "Feature",
      "geometry": {
        "type": "Point",
        "coordinates": [
          -0.5245305546956791,
          53.268007434623044
        ]
      },
      "properties": {
        "confidence": 0.7880979776382446,
        "image": "DJI_20250310144426_0033_W.JPG"
      }
    },
    {
      "type": "Feature",
      "geometry": {
        "type": "Point",
        "coordinates": [
          -0.5245311198595654,
          53.26800869794377
        ]
      },
      "properties": {
        "confidence": 0.7713329195976257,
        "image": "DJI_20250310144426_0033_W.JPG"
      }
    },
    {
      "type": "Feature",
      "geometry": {
        "type": "Point",
        "coordinates": [
          -0.5243899130865258,
          53.268070212662266
        ]
      },
      "properties": {
        "confidence": 0.7489572167396545,
        "image": "DJI_20250310144426_0033_W.JPG"
      }
    },
    {
      "type": "Feature",
      "geometry": {
        "type": "Point",
        "coordinates": [
          -0.524355408230442,
          53.26807374010262
        ]
      },
      "properties": {
        "confidence": 0.7172883152961731,
        "image": "DJI_20250310144426_0033_W.JPG"
      }
    },
    {
      "type": "Feature",
      "geometry": {
        "type": "Point",
        "coordinates": [
          -0.5244039723008858,
          53.268120118040905
        ]
      },
      "properties": {
        "confidence": 0.7090018391609192,
        "image": "DJI_20250310144426_0033_W.JPG"
      }
    },
    {
      "type": "Feature",
      "geometry": {
        "type": "Point",
        "coordinates": [
          -0.5243068880302089,
          53.26814286751485
        ]
      },
      "properties": {
        "confidence": 0.999401330947876,
        "image": "DJI_20250310144534_0068_W.JPG"
      }
    },
    {
      "type": "Feature",
      "geometry": {
        "type": "Point",
        "coordinates": [
          -0.5244697689436327,
          53.26802168799619
        ]
      },
      "properties": {
        "confidence": 0.9991968274116516,
        "image": "DJI_20250310144534_0068_W.JPG"
      }
    },
    {
      "type": "Feature",
      "geometry": {
        "type": "Point",
        "coordinates": [
          -0.5245099978301564,
          53.26801713235158
        ]
      },
      "properties": {
        "confidence": 0.9986132383346558,
        "image": "DJI_20250310144534_0068_W.JPG"
      }
    },
    {
      "type": "Feature",
      "geometry": {
        "type": "Point",
        "coordinates": [
          -0.5245456865040535,
          53.2680144120569
        ]
      },
      "properties": {
        "confidence": 0.9934366345405579,
        "image": "DJI_20250310144534_0068_W.JPG"
      }
    },
    {
      "type": "Feature",
      "geometry": {
        "type": "Point",
        "coordinates": [
          -0.5244620643767957,
          53.26812715179017
        ]
      },
      "properties": {
        "confidence": 0.9928170442581177,
        "image": "DJI_20250310144534_0068_W.JPG"
      }
    },
    {
      "type": "Feature",
      "geometry": {
        "type": "Point",
        "coordinates": [
          -0.5245231520131425,
          53.268068348122206
        ]
      },
      "properties": {
        "confidence": 0.9864349365234375,
        "image": "DJI_20250310144534_0068_W.JPG"
      }
    },
    {
      "type": "Feature",
      "geometry": {
        "type": "Point",
        "coordinates": [
          -0.5243468128964994,
          53.26813773484528
        ]
      },
      "properties": {
        "confidence": 0.9852533936500549,
        "image": "DJI_20250310144534_0068_W.JPG"
      }
    },
    {
      "type": "Feature",
      "geometry": {
        "type": "Point",
        "coordinates": [
          -0.5243463911597498,
          53.26814109971518
        ]
      },
      "properties": {
        "confidence": 0.9814428687095642,
        "image": "DJI_20250310144534_0068_W.JPG"
      }
    },
    {
      "type": "Feature",
      "geometry": {
        "type": "Point",
        "coordinates": [
          -0.5244992111912832,
          53.26812350524704
        ]
      },
      "properties": {
        "confidence": 0.9716504216194153,
        "image": "DJI_20250310144534_0068_W.JPG"
      }
    },
    {
      "type": "Feature",
      "geometry": {
        "type": "Point",
        "coordinates": [
          -0.5244310430642236,
          53.26802614916193
        ]
      },
      "properties": {
        "confidence": 0.9691340327262878,
        "image": "DJI_20250310144534_0068_W.JPG"
      }
    },
    {
      "type": "Feature",
      "geometry": {
        "type": "Point",
        "coordinates": [
          -0.5245402243765546,
          53.268119377210006
        ]
      },
      "properties": {
        "confidence": 0.9550380110740662,
        "image": "DJI_20250310144534_0068_W.JPG"
      }
    },
    {
      "type": "Feature",
      "geometry": {
        "type": "Point",
        "coordinates": [
          -0.5243328467477906,
          53.26808651050117
        ]
      },
      "properties": {
        "confidence": 0.9380903244018555,
        "image": "DJI_20250310144534_0068_W.JPG"
      }
    },
    {
      "type": "Feature",
      "geometry": {
        "type": "Point",
        "coordinates": [
          -0.5242815850877901,
          53.268040968908416
        ]
      },
      "properties": {
        "confidence": 0.9145315885543823,
        "image": "DJI_20250310144534_0068_W.JPG"
      }
    },
    {
      "type": "Feature",
      "geometry": {
        "type": "Point",
        "coordinates": [
          -0.5244867273258319,
          53.26807206849963
        ]
      },
      "properties": {
        "confidence": 0.9005604386329651,
        "image": "DJI_20250310144534_0068_W.JPG"
      }
    },
    {
      "type": "Feature",
      "geometry": {
        "type": "Point",
        "coordinates": [
          -0.524357972142806,
          53.26804039978945
        ]
      },
      "properties": {
        "confidence": 0.8987573981285095,
        "image": "DJI_20250310144534_0068_W.JPG"
      }
    },
    {
      "type": "Feature",
      "geometry": {
        "type": "Point",
        "coordinates": [
          -0.5244226855903962,
          53.26812962713641
        ]
      },
      "properties": {
        "confidence": 0.8918763399124146,
        "image": "DJI_20250310144534_0068_W.JPG"
      }
    },
    {
      "type": "Feature",
      "geometry": {
        "type": "Point",
        "coordinates": [
          -0.5244249451237855,
          53.26813210809919
        ]
      },
      "properties": {
        "confidence": 0.8555670380592346,
        "image": "DJI_20250310144534_0068_W.JPG"
      }
    },
    {
      "type": "Feature",
      "geometry": {
        "type": "Point",
        "coordinates": [
          -0.5245559073118075,
          53.268064500720776
        ]
      },
      "properties": {
        "confidence": 0.8252881765365601,
        "image": "DJI_20250310144534_0068_W.JPG"
      }
    },
    {
      "type": "Feature",
      "geometry": {
        "type": "Point",
        "coordinates": [
          -0.5244460424089585,
          53.2680757586068
        ]
      },
      "properties": {
        "confidence": 0.7963889241218567,
        "image": "DJI_20250310144534_0068_W.JPG"
      }
    },
    {
      "type": "Feature",
      "geometry": {
        "type": "Point",
        "coordinates": [
          -0.5245289302503388,
          53.26816091455919
        ]
      },
      "properties": {
        "confidence": 0.9995021820068359,
        "image": "DJI_20250310144516_0059_W.JPG"
      }
    },
    {
      "type": "Feature",
      "geometry": {
        "type": "Point",
        "coordinates": [
          -0.5245298263322418,
          53.268009426723005
        ]
      },
      "properties": {
        "confidence": 0.9994608759880066,
        "image": "DJI_20250310144516_0059_W.JPG"
      }
    },
    {
      "type": "Feature",
      "geometry": {
        "type": "Point",
        "coordinates": [
          -0.5244578558368599,
          53.268012558393224
        ]
      },
      "properties": {
        "confidence": 0.9983194470405579,
        "image": "DJI_20250310144516_0059_W.JPG"
      }
    },
    {
      "type": "Feature",
      "geometry": {
        "type": "Point",
        "coordinates": [
          -0.524570592357726,
          53.26815881030839
        ]
      },
      "properties": {
        "confidence": 0.9952504634857178,
        "image": "DJI_20250310144516_0059_W.JPG"
      }
    },
    {
      "type": "Feature",
      "geometry": {
        "type": "Point",
        "coordinates": [
          -0.5244908933555489,
          53.268164202854756
        ]
      },
      "properties": {
        "confidence": 0.9952263832092285,
        "image": "DJI_20250310144516_0059_W.JPG"
      }
    },
    {
      "type": "Feature",
      "geometry": {
        "type": "Point",
        "coordinates": [
          -0.5245164695313999,
          53.26810927408424
        ]
      },
      "properties": {
        "confidence": 0.9905155897140503,
        "image": "DJI_20250310144516_0059_W.JPG"
      }
    },
    {
      "type": "Feature",
      "geometry": {
        "type": "Point",
        "coordinates": [
          -0.524497365853763,
          53.268007668890284
        ]
      },
      "properties": {
        "confidence": 0.9862485527992249,
        "image": "DJI_20250310144516_0059_W.JPG"
      }
    },
    {
      "type": "Feature",
      "geometry": {
        "type": "Point",
        "coordinates": [
          -0.5245735265913789,
          53.26816042868555
        ]
      },
      "properties": {
        "confidence": 0.981949508190155,
        "image": "DJI_20250310144516_0059_W.JPG"
      }
    },
    {
      "type": "Feature",
      "geometry": {
        "type": "Point",
        "coordinates": [
          -0.5244412164006597,
          53.26811516169119
        ]
      },
      "properties": {
        "confidence": 0.9801636338233948,
        "image": "DJI_20250310144516_0059_W.JPG"
      }
    },
    {
      "type": "Feature",
      "geometry": {
        "type": "Point",
        "coordinates": [
          -0.5245607345158505,
          53.268107317052525
        ]
      },
      "properties": {
        "confidence": 0.9797107577323914,
        "image": "DJI_20250310144516_0059_W.JPG"
      }
    },
    {
      "type": "Feature",
      "geometry": {
        "type": "Point",
        "coordinates": [
          -0.5244711341215849,
          53.26806176313225
        ]
      },
      "properties": {
        "confidence": 0.9728082418441772,
        "image": "DJI_20250310144516_0059_W.JPG"
      }
    },
    {
      "type": "Feature",
      "geometry": {
        "type": "Point",
        "coordinates": [
          -0.5242628603205453,
          53.268180057146964
        ]
      },
      "properties": {
        "confidence": 0.9667698740959167,
        "image": "DJI_20250310144516_0059_W.JPG"
      }
    },
    {
      "type": "Feature",
      "geometry": {
        "type": "Point",
        "coordinates": [
          -0.5243248220044221,
          53.268125267409346
        ]
      },
      "properties": {
        "confidence": 0.9513598680496216,
        "image": "DJI_20250310144516_0059_W.JPG"
      }
    },
    {
      "type": "Feature",
      "geometry": {
        "type": "Point",
        "coordinates": [
          -0.5245875447730144,
          53.26805310155748
        ]
      },
      "properties": {
        "confidence": 0.9464722275733948,
        "image": "DJI_20250310144516_0059_W.JPG"
      }
    },
    {
      "type": "Feature",
      "geometry": {
        "type": "Point",
        "coordinates": [
          -0.5242989580221948,
          53.26817817823256
        ]
      },
      "properties": {
        "confidence": 0.9073562026023865,
        "image": "DJI_20250310144516_0059_W.JPG"
      }
    },
    {
      "type": "Feature",
      "geometry": {
        "type": "Point",
        "coordinates": [
          -0.5243067801487343,
          53.26802379121601
        ]
      },
      "properties": {
        "confidence": 0.9006712436676025,
        "image": "DJI_20250310144516_0059_W.JPG"
      }
    },
    {
      "type": "Feature",
      "geometry": {
        "type": "Point",
        "coordinates": [
          -0.5245442798636188,
          53.268057061667456
        ]
      },
      "properties": {
        "confidence": 0.8846004605293274,
        "image": "DJI_20250310144516_0059_W.JPG"
      }
    },
    {
      "type": "Feature",
      "geometry": {
        "type": "Point",
        "coordinates": [
          -0.5243551632169053,
          53.268071221749956
        ]
      },
      "properties": {
        "confidence": 0.8723067045211792,
        "image": "DJI_20250310144516_0059_W.JPG"
      }
    },
    {
      "type": "Feature",
      "geometry": {
        "type": "Point",
        "coordinates": [
          -0.5246013570617675,
          53.268104117548546
        ]
      },
      "properties": {
        "confidence": 0.8542177677154541,
        "image": "DJI_20250310144516_0059_W.JPG"
      }
    },
    {
      "type": "Feature",
      "geometry": {
        "type": "Point",
        "coordinates": [
          -0.5243653371309227,
          53.26812135630462
        ]
      },
      "properties": {
        "confidence": 0.848450779914856,
        "image": "DJI_20250310144516_0059_W.JPG"
      }
    },
    {
      "type": "Feature",
      "geometry": {
        "type": "Point",
        "coordinates": [
          -0.5245225638773675,
          53.268110498964056
        ]
      },
      "properties": {
        "confidence": 0.7423018217086792,
        "image": "DJI_20250310144516_0059_W.JPG"
      }
    },
    {
      "type": "Feature",
      "geometry": {
        "type": "Point",
        "coordinates": [
          -0.5243454938895858,
          53.268021756912326
        ]
      },
      "properties": {
        "confidence": 0.7341994643211365,
        "image": "DJI_20250310144516_0059_W.JPG"
      }
    },
    {
      "type": "Feature",
      "geometry": {
        "type": "Point",
        "coordinates": [
          -0.524339303164031,
          53.26801638535575
        ]
      },
      "properties": {
        "confidence": 0.7295764088630676,
        "image": "DJI_20250310144516_0059_W.JPG"
      }
    },
    {
      "type": "Feature",
      "geometry": {
        "type": "Point",
        "coordinates": [
          -0.5243337871906587,
          53.26817546918772
        ]
      },
      "properties": {
        "confidence": 0.7242417931556702,
        "image": "DJI_20250310144516_0059_W.JPG"
      }
    },
    {
      "type": "Feature",
      "geometry": {
        "type": "Point",
        "coordinates": [
          -0.5245263577393682,
          53.26811804161899
        ]
      },
      "properties": {
        "confidence": 0.9873615503311157,
        "image": "DJI_20250310144408_0024_W.JPG"
      }
    },
    {
      "type": "Feature",
      "geometry": {
        "type": "Point",
        "coordinates": [
          -0.524485246184188,
          53.26812007402154
        ]
      },
      "properties": {
        "confidence": 0.9699305295944214,
        "image": "DJI_20250310144408_0024_W.JPG"
      }
    },
    {
      "type": "Feature",
      "geometry": {
        "type": "Point",
        "coordinates": [
          -0.5243839235029257,
          53.268135002701385
        ]
      },
      "properties": {
        "confidence": 0.9689062237739563,
        "image": "DJI_20250310144408_0024_W.JPG"
      }
    },
    {
      "type": "Feature",
      "geometry": {
        "type": "Point",
        "coordinates": [
          -0.5244162658897094,
          53.26813031640936
        ]
      },
      "properties": {
        "confidence": 0.9517031908035278,
        "image": "DJI_20250310144408_0024_W.JPG"
      }
    },
    {
      "type": "Feature",
      "geometry": {
        "type": "Point",
        "coordinates": [
          -0.5244109706487483,
          53.268128988144085
        ]
      },
      "properties": {
        "confidence": 0.9393219351768494,
        "image": "DJI_20250310144408_0024_W.JPG"
      }
    },
    {
      "type": "Feature",
      "geometry": {
        "type": "Point",
        "coordinates": [
          -0.5246147675717373,
          53.26821483414964
        ]
      },
      "properties": {
        "confidence": 0.8993316888809204,
        "image": "DJI_20250310144408_0024_W.JPG"
      }
    },
    {
      "type": "Feature",
      "geometry": {
        "type": "Point",
        "coordinates": [
          -0.5244525560995927,
          53.26812621114716
        ]
      },
      "properties": {
        "confidence": 0.8980429768562317,
        "image": "DJI_20250310144408_0024_W.JPG"
      }
    },
    {
      "type": "Feature",
      "geometry": {
        "type": "Point",
        "coordinates": [
          -0.5244441659605651,
          53.26812341398105
        ]
      },
      "properties": {
        "confidence": 0.7980176210403442,
        "image": "DJI_20250310144408_0024_W.JPG"
      }
    },
    {
      "type": "Feature",
      "geometry": {
        "type": "Point",
        "coordinates": [
          -0.524524488344797,
          53.268163927650626
        ]
      },
      "properties": {
        "confidence": 0.9982264637947083,
        "image": "DJI_20250310144336_0007_W.JPG"
      }
    },
    {
      "type": "Feature",
      "geometry": {
        "type": "Point",
        "coordinates": [
          -0.5248357641747573,
          53.268146911988936
        ]
      },
      "properties": {
        "confidence": 0.9969589710235596,
        "image": "DJI_20250310144336_0007_W.JPG"
      }
    },
    {
      "type": "Feature",
      "geometry": {
        "type": "Point",
        "coordinates": [
          -0.5245256527802532,
          53.26800953458773
        ]
      },
      "properties": {
        "confidence": 0.9962053894996643,
        "image": "DJI_20250310144336_0007_W.JPG"
      }
    },
    {
      "type": "Feature",
      "geometry": {
        "type": "Point",
        "coordinates": [
          -0.5244884965570319,
          53.26801313703106
        ]
      },
      "properties": {
        "confidence": 0.993657648563385,
        "image": "DJI_20250310144336_0007_W.JPG"
      }
    },
    {
      "type": "Feature",
      "geometry": {
        "type": "Point",
        "coordinates": [
          -0.5244864448307907,
          53.26816718117438
        ]
      },
      "properties": {
        "confidence": 0.9908315539360046,
        "image": "DJI_20250310144336_0007_W.JPG"
      }
    },
    {
      "type": "Feature",
      "geometry": {
        "type": "Point",
        "coordinates": [
          -0.5245382583689376,
          53.268059173857125
        ]
      },
      "properties": {
        "confidence": 0.9877976775169373,
        "image": "DJI_20250310144336_0007_W.JPG"
      }
    },
    {
      "type": "Feature",
      "geometry": {
        "type": "Point",
        "coordinates": [
          -0.5245632406832841,
          53.26816020122753
        ]
      },
      "properties": {
        "confidence": 0.9762290120124817,
        "image": "DJI_20250310144336_0007_W.JPG"
      }
    },
    {
      "type": "Feature",
      "geometry": {
        "type": "Point",
        "coordinates": [
          -0.5244499647810569,
          53.26801601064029
        ]
      },
      "properties": {
        "confidence": 0.9707033634185791,
        "image": "DJI_20250310144336_0007_W.JPG"
      }
    },
    {
      "type": "Feature",
      "geometry": {
        "type": "Point",
        "coordinates": [
          -0.5245516365200689,
          53.268108633733924
        ]
      },
      "properties": {
        "confidence": 0.9597028493881226,
        "image": "DJI_20250310144336_0007_W.JPG"
      }
    },
    {
      "type": "Feature",
      "geometry": {
        "type": "Point",
        "coordinates": [
          -0.5244539384682002,
          53.26801749272637
        ]
      },
      "properties": {
        "confidence": 0.9565838575363159,
        "image": "DJI_20250310144336_0007_W.JPG"
      }
    },
    {
      "type": "Feature",
      "geometry": {
        "type": "Point",
        "coordinates": [
          -0.5244979564584749,
          53.268062304346294
        ]
      },
      "properties": {
        "confidence": 0.9075719118118286,
        "image": "DJI_20250310144336_0007_W.JPG"
      }
    },
    {
      "type": "Feature",
      "geometry": {
        "type": "Point",
        "coordinates": [
          -0.5245103542322406,
          53.26811285513091
        ]
      },
      "properties": {
        "confidence": 0.8865947127342224,
        "image": "DJI_20250310144336_0007_W.JPG"
      }
    },
    {
      "type": "Feature",
      "geometry": {
        "type": "Point",
        "coordinates": [
          -0.524450719004124,
          53.26816989652036
        ]
      },
      "properties": {
        "confidence": 0.7863087058067322,
        "image": "DJI_20250310144336_0007_W.JPG"
      }
    },
    {
      "type": "Feature",
      "geometry": {
        "type": "Point",
        "coordinates": [
          -0.5244597516728399,
          53.26806574947157
        ]
      },
      "properties": {
        "confidence": 0.7290555834770203,
        "image": "DJI_20250310144336_0007_W.JPG"
      }
    },
    {
      "type": "Feature",
      "geometry": {
        "type": "Point",
        "coordinates": [
          -0.5244927136464057,
          53.26806151775603
        ]
      },
      "properties": {
        "confidence": 0.7099126577377319,
        "image": "DJI_20250310144336_0007_W.JPG"
      }
    },
    {
      "type": "Feature",
      "geometry": {
        "type": "Point",
        "coordinates": [
          -0.5243541617247222,
          53.26807570026449
        ]
      },
      "properties": {
        "confidence": 0.9990317821502686,
        "image": "DJI_20250310144615_0090_W.JPG"
      }
    },
    {
      "type": "Feature",
      "geometry": {
        "type": "Point",
        "coordinates": [
          -0.5243964065008891,
          53.268074358919456
        ]
      },
      "properties": {
        "confidence": 0.9973447918891907,
        "image": "DJI_20250310144615_0090_W.JPG"
      }
    },
    {
      "type": "Feature",
      "geometry": {
        "type": "Point",
        "coordinates": [
          -0.524433989770685,
          53.26807147782612
        ]
      },
      "properties": {
        "confidence": 0.9768163561820984,
        "image": "DJI_20250310144615_0090_W.JPG"
      }
    },
    {
      "type": "Feature",
      "geometry": {
        "type": "Point",
        "coordinates": [
          -0.5245094461406161,
          53.268065323009075
        ]
      },
      "properties": {
        "confidence": 0.9719966650009155,
        "image": "DJI_20250310144615_0090_W.JPG"
      }
    },
    {
      "type": "Feature",
      "geometry": {
        "type": "Point",
        "coordinates": [
          -0.5245025073169557,
          53.26806403077825
        ]
      },
      "properties": {
        "confidence": 0.961614191532135,
        "image": "DJI_20250310144615_0090_W.JPG"
      }
    },
    {
      "type": "Feature",
      "geometry": {
        "type": "Point",
        "coordinates": [
          -0.5243170171294338,
          53.26807901518473
        ]
      },
      "properties": {
        "confidence": 0.950071394443512,
        "image": "DJI_20250310144615_0090_W.JPG"
      }
    },
    {
      "type": "Feature",
      "geometry": {
        "type": "Point",
        "coordinates": [
          -0.5244301629940022,
          53.268070328858194
        ]
      },
      "properties": {
        "confidence": 0.942637026309967,
        "image": "DJI_20250310144615_0090_W.JPG"
      }
    },
    {
      "type": "Feature",
      "geometry": {
        "type": "Point",
        "coordinates": [
          -0.5244674597155066,
          53.26806717796824
        ]
      },
      "properties": {
        "confidence": 0.9412707686424255,
        "image": "DJI_20250310144615_0090_W.JPG"
      }
    },
    {
      "type": "Feature",
      "geometry": {
        "type": "Point",
        "coordinates": [
          -0.5242412492960246,
          53.268084481595714
        ]
      },
      "properties": {
        "confidence": 0.924710750579834,
        "image": "DJI_20250310144615_0090_W.JPG"
      }
    },
    {
      "type": "Feature",
      "geometry": {
        "type": "Point",
        "coordinates": [
          -0.5244736241329456,
          53.26806861455608
        ]
      },
      "properties": {
        "confidence": 0.9202256798744202,
        "image": "DJI_20250310144615_0090_W.JPG"
      }
    },
    {
      "type": "Feature",
      "geometry": {
        "type": "Point",
        "coordinates": [
          -0.5242783519189371,
          53.26808237500148
        ]
      },
      "properties": {
        "confidence": 0.8794375061988831,
        "image": "DJI_20250310144615_0090_W.JPG"
      }
    },
    {
      "type": "Feature",
      "geometry": {
        "type": "Point",
        "coordinates": [
          -0.5245018728394705,
          53.26801414352784
        ]
      },
      "properties": {
        "confidence": 0.7786266803741455,
        "image": "DJI_20250310144615_0090_W.JPG"
      }
    },
    {
      "type": "Feature",
      "geometry": {
        "type": "Point",
        "coordinates": [
          -0.5248398035332679,
          53.268149333876984
        ]
      },
      "properties": {
        "confidence": 0.991734504699707,
        "image": "DJI_20250310144327_0002_W.JPG"
      }
    },
    {
      "type": "Feature",
      "geometry": {
        "type": "Point",
        "coordinates": [
          -0.5245105566737785,
          53.268111177140106
        ]
      },
      "properties": {
        "confidence": 0.9894178509712219,
        "image": "DJI_20250310144327_0002_W.JPG"
      }
    },
    {
      "type": "Feature",
      "geometry": {
        "type": "Point",
        "coordinates": [
          -0.524816662370916,
          53.26811001637405
        ]
      },
      "properties": {
        "confidence": 0.9835864901542664,
        "image": "DJI_20250310144327_0002_W.JPG"
      }
    },
    {
      "type": "Feature",
      "geometry": {
        "type": "Point",
        "coordinates": [
          -0.5248141080081934,
          53.268172036486824
        ]
      },
      "properties": {
        "confidence": 0.9649454951286316,
        "image": "DJI_20250310144327_0002_W.JPG"
      }
    },
    {
      "type": "Feature",
      "geometry": {
        "type": "Point",
        "coordinates": [
          -0.524547022442972,
          53.26810631573468
        ]
      },
      "properties": {
        "confidence": 0.9549928903579712,
        "image": "DJI_20250310144327_0002_W.JPG"
      }
    },
    {
      "type": "Feature",
      "geometry": {
        "type": "Point",
        "coordinates": [
          -0.5244341191239569,
          53.268117830569665
        ]
      },
      "properties": {
        "confidence": 0.9463127255439758,
        "image": "DJI_20250310144327_0002_W.JPG"
      }
    },
    {
      "type": "Feature",
      "geometry": {
        "type": "Point",
        "coordinates": [
          -0.5244683908951715,
          53.2681131395848
        ]
      },
      "properties": {
        "confidence": 0.9247487783432007,
        "image": "DJI_20250310144327_0002_W.JPG"
      }
    },
    {
      "type": "Feature",
      "geometry": {
        "type": "Point",
        "coordinates": [
          -0.524470988247618,
          53.26811389260865
        ]
      },
      "properties": {
        "confidence": 0.9188221096992493,
        "image": "DJI_20250310144327_0002_W.JPG"
      }
    },
    {
      "type": "Feature",
      "geometry": {
        "type": "Point",
        "coordinates": [
          -0.5245201710989621,
          53.26816198819804
        ]
      },
      "properties": {
        "confidence": 0.8957672119140625,
        "image": "DJI_20250310144327_0002_W.JPG"
      }
    },
    {
      "type": "Feature",
      "geometry": {
        "type": "Point",
        "coordinates": [
          -0.5244612481759435,
          53.26811106876918
        ]
      },
      "properties": {
        "confidence": 0.846526026725769,
        "image": "DJI_20250310144327_0002_W.JPG"
      }
    },
    {
      "type": "Feature",
      "geometry": {
        "type": "Point",
        "coordinates": [
          -0.5245975490321044,
          53.26820729697723
        ]
      },
      "properties": {
        "confidence": 0.8306865692138672,
        "image": "DJI_20250310144327_0002_W.JPG"
      }
    },
    {
      "type": "Feature",
      "geometry": {
        "type": "Point",
        "coordinates": [
          -0.5247641931513227,
          53.26819435276139
        ]
      },
      "properties": {
        "confidence": 0.7915058135986328,
        "image": "DJI_20250310144327_0002_W.JPG"
      }
    },
    {
      "type": "Feature",
      "geometry": {
        "type": "Point",
        "coordinates": [
          -0.5244828138602812,
          53.26816554635958
        ]
      },
      "properties": {
        "confidence": 0.7388221025466919,
        "image": "DJI_20250310144327_0002_W.JPG"
      }
    },
    {
      "type": "Feature",
      "geometry": {
        "type": "Point",
        "coordinates": [
          -0.5248378690587238,
          53.26814902944118
        ]
      },
      "properties": {
        "confidence": 0.9991675615310669,
        "image": "DJI_20250310144334_0006_W.JPG"
      }
    },
    {
      "type": "Feature",
      "geometry": {
        "type": "Point",
        "coordinates": [
          -0.5248128596950963,
          53.26816949979187
        ]
      },
      "properties": {
        "confidence": 0.9984367489814758,
        "image": "DJI_20250310144334_0006_W.JPG"
      }
    },
    {
      "type": "Feature",
      "geometry": {
        "type": "Point",
        "coordinates": [
          -0.524524168225073,
          53.26816419234604
        ]
      },
      "properties": {
        "confidence": 0.998005211353302,
        "image": "DJI_20250310144334_0006_W.JPG"
      }
    },
    {
      "type": "Feature",
      "geometry": {
        "type": "Point",
        "coordinates": [
          -0.52448631474787,
          53.26816761078454
        ]
      },
      "properties": {
        "confidence": 0.9814339280128479,
        "image": "DJI_20250310144334_0006_W.JPG"
      }
    },
    {
      "type": "Feature",
      "geometry": {
        "type": "Point",
        "coordinates": [
          -0.5244996515660217,
          53.26806252073861
        ]
      },
      "properties": {
        "confidence": 0.9683085680007935,
        "image": "DJI_20250310144334_0006_W.JPG"
      }
    },
    {
      "type": "Feature",
      "geometry": {
        "type": "Point",
        "coordinates": [
          -0.524563120416627,
          53.2681606885639
        ]
      },
      "properties": {
        "confidence": 0.9400613903999329,
        "image": "DJI_20250310144334_0006_W.JPG"
      }
    },
    {
      "type": "Feature",
      "geometry": {
        "type": "Point",
        "coordinates": [
          -0.5245374539884893,
          53.26805886719841
        ]
      },
      "properties": {
        "confidence": 0.8828771710395813,
        "image": "DJI_20250310144334_0006_W.JPG"
      }
    },
    {
      "type": "Feature",
      "geometry": {
        "type": "Point",
        "coordinates": [
          -0.524448461270667,
          53.26817102922303
        ]
      },
      "properties": {
        "confidence": 0.8660589456558228,
        "image": "DJI_20250310144334_0006_W.JPG"
      }
    },
    {
      "type": "Feature",
      "geometry": {
        "type": "Point",
        "coordinates": [
          -0.5245087410921306,
          53.26811279582949
        ]
      },
      "properties": {
        "confidence": 0.863356351852417,
        "image": "DJI_20250310144334_0006_W.JPG"
      }
    },
    {
      "type": "Feature",
      "geometry": {
        "type": "Point",
        "coordinates": [
          -0.5245342488231671,
          53.26805720362319
        ]
      },
      "properties": {
        "confidence": 0.8125285506248474,
        "image": "DJI_20250310144334_0006_W.JPG"
      }
    },
    {
      "type": "Feature",
      "geometry": {
        "type": "Point",
        "coordinates": [
          -0.5243264523432964,
          53.26812505832533
        ]
      },
      "properties": {
        "confidence": 0.999754011631012,
        "image": "DJI_20250310144521_0062_W.JPG"
      }
    },
    {
      "type": "Feature",
      "geometry": {
        "type": "Point",
        "coordinates": [
          -0.5245190686230446,
          53.268111960457475
        ]
      },
      "properties": {
        "confidence": 0.9996046423912048,
        "image": "DJI_20250310144521_0062_W.JPG"
      }
    },
    {
      "type": "Feature",
      "geometry": {
        "type": "Point",
        "coordinates": [
          -0.5244800749811926,
          53.26811450939076
        ]
      },
      "properties": {
        "confidence": 0.999408483505249,
        "image": "DJI_20250310144521_0062_W.JPG"
      }
    },
    {
      "type": "Feature",
      "geometry": {
        "type": "Point",
        "coordinates": [
          -0.5245344095147121,
          53.26800735246117
        ]
      },
      "properties": {
        "confidence": 0.9981392621994019,
        "image": "DJI_20250310144521_0062_W.JPG"
      }
    },
    {
      "type": "Feature",
      "geometry": {
        "type": "Point",
        "coordinates": [
          -0.5244556972935125,
          53.26801415009013
        ]
      },
      "properties": {
        "confidence": 0.9974797368049622,
        "image": "DJI_20250310144521_0062_W.JPG"
      }
    },
    {
      "type": "Feature",
      "geometry": {
        "type": "Point",
        "coordinates": [
          -0.5243643822476997,
          53.26812202034271
        ]
      },
      "properties": {
        "confidence": 0.9965838193893433,
        "image": "DJI_20250310144521_0062_W.JPG"
      }
    },
    {
      "type": "Feature",
      "geometry": {
        "type": "Point",
        "coordinates": [
          -0.524362863607839,
          53.268125186628325
        ]
      },
      "properties": {
        "confidence": 0.9935280680656433,
        "image": "DJI_20250310144521_0062_W.JPG"
      }
    },
    {
      "type": "Feature",
      "geometry": {
        "type": "Point",
        "coordinates": [
          -0.5245592169828279,
          53.26810916950652
        ]
      },
      "properties": {
        "confidence": 0.9928654432296753,
        "image": "DJI_20250310144521_0062_W.JPG"
      }
    },
    {
      "type": "Feature",
      "geometry": {
        "type": "Point",
        "coordinates": [
          -0.5245862284600812,
          53.26810271361443
        ]
      },
      "properties": {
        "confidence": 0.9848857522010803,
        "image": "DJI_20250310144521_0062_W.JPG"
      }
    },
    {
      "type": "Feature",
      "geometry": {
        "type": "Point",
        "coordinates": [
          -0.5244963076981346,
          53.2680098073459
        ]
      },
      "properties": {
        "confidence": 0.9843383431434631,
        "image": "DJI_20250310144521_0062_W.JPG"
      }
    },
    {
      "type": "Feature",
      "geometry": {
        "type": "Point",
        "coordinates": [
          -0.5242661397207665,
          53.26802722601173
        ]
      },
      "properties": {
        "confidence": 0.982052743434906,
        "image": "DJI_20250310144521_0062_W.JPG"
      }
    },
    {
      "type": "Feature",
      "geometry": {
        "type": "Point",
        "coordinates": [
          -0.5243053618728404,
          53.268024412489765
        ]
      },
      "properties": {
        "confidence": 0.978863537311554,
        "image": "DJI_20250310144521_0062_W.JPG"
      }
    },
    {
      "type": "Feature",
      "geometry": {
        "type": "Point",
        "coordinates": [
          -0.5245047674677208,
          53.268060680864
        ]
      },
      "properties": {
        "confidence": 0.9643856287002563,
        "image": "DJI_20250310144521_0062_W.JPG"
      }
    },
    {
      "type": "Feature",
      "geometry": {
        "type": "Point",
        "coordinates": [
          -0.5244675787232426,
          53.26806346031853
        ]
      },
      "properties": {
        "confidence": 0.962488055229187,
        "image": "DJI_20250310144521_0062_W.JPG"
      }
    },
    {
      "type": "Feature",
      "geometry": {
        "type": "Point",
        "coordinates": [
          -0.5244929810740805,
          53.268010999877184
        ]
      },
      "properties": {
        "confidence": 0.9622094035148621,
        "image": "DJI_20250310144521_0062_W.JPG"
      }
    },
    {
      "type": "Feature",
      "geometry": {
        "type": "Point",
        "coordinates": [
          -0.5244293131057055,
          53.26806605272252
        ]
      },
      "properties": {
        "confidence": 0.9609187245368958,
        "image": "DJI_20250310144521_0062_W.JPG"
      }
    },
    {
      "type": "Feature",
      "geometry": {
        "type": "Point",
        "coordinates": [
          -0.5243160016597642,
          53.268075056111385
        ]
      },
      "properties": {
        "confidence": 0.9591109752655029,
        "image": "DJI_20250310144521_0062_W.JPG"
      }
    },
    {
      "type": "Feature",
      "geometry": {
        "type": "Point",
        "coordinates": [
          -0.5245966170463104,
          53.268106067153525
        ]
      },
      "properties": {
        "confidence": 0.9556838870048523,
        "image": "DJI_20250310144521_0062_W.JPG"
      }
    },
    {
      "type": "Feature",
      "geometry": {
        "type": "Point",
        "coordinates": [
          -0.5245408449567053,
          53.26805759773934
        ]
      },
      "properties": {
        "confidence": 0.9308425784111023,
        "image": "DJI_20250310144521_0062_W.JPG"
      }
    },
    {
      "type": "Feature",
      "geometry": {
        "type": "Point",
        "coordinates": [
          -0.5244405090047702,
          53.26811615671695
        ]
      },
      "properties": {
        "confidence": 0.841692328453064,
        "image": "DJI_20250310144521_0062_W.JPG"
      }
    },
    {
      "type": "Feature",
      "geometry": {
        "type": "Point",
        "coordinates": [
          -0.5242894708622152,
          53.268127154572824
        ]
      },
      "properties": {
        "confidence": 0.8207745552062988,
        "image": "DJI_20250310144521_0062_W.JPG"
      }
    },
    {
      "type": "Feature",
      "geometry": {
        "type": "Point",
        "coordinates": [
          -0.5245874161167992,
          53.26805545216351
        ]
      },
      "properties": {
        "confidence": 0.8016551733016968,
        "image": "DJI_20250310144521_0062_W.JPG"
      }
    },
    {
      "type": "Feature",
      "geometry": {
        "type": "Point",
        "coordinates": [
          -0.524402912875925,
          53.26812240612721
        ]
      },
      "properties": {
        "confidence": 0.7842475771903992,
        "image": "DJI_20250310144521_0062_W.JPG"
      }
    },
    {
      "type": "Feature",
      "geometry": {
        "type": "Point",
        "coordinates": [
          -0.5245829185523843,
          53.26805544547816
        ]
      },
      "properties": {
        "confidence": 0.7075120806694031,
        "image": "DJI_20250310144521_0062_W.JPG"
      }
    },
    {
      "type": "Feature",
      "geometry": {
        "type": "Point",
        "coordinates": [
          -0.5245085925540971,
          53.26811184640626
        ]
      },
      "properties": {
        "confidence": 0.9985824823379517,
        "image": "DJI_20250310144613_0089_W.JPG"
      }
    },
    {
      "type": "Feature",
      "geometry": {
        "type": "Point",
        "coordinates": [
          -0.5243547479432852,
          53.26807627141131
        ]
      },
      "properties": {
        "confidence": 0.9975549578666687,
        "image": "DJI_20250310144613_0089_W.JPG"
      }
    },
    {
      "type": "Feature",
      "geometry": {
        "type": "Point",
        "coordinates": [
          -0.5245120086059055,
          53.26806580642513
        ]
      },
      "properties": {
        "confidence": 0.9911705255508423,
        "image": "DJI_20250310144613_0089_W.JPG"
      }
    },
    {
      "type": "Feature",
      "geometry": {
        "type": "Point",
        "coordinates": [
          -0.5242513490711039,
          53.26813763676126
        ]
      },
      "properties": {
        "confidence": 0.9832178354263306,
        "image": "DJI_20250310144613_0089_W.JPG"
      }
    },
    {
      "type": "Feature",
      "geometry": {
        "type": "Point",
        "coordinates": [
          -0.5244763486644175,
          53.26806907974859
        ]
      },
      "properties": {
        "confidence": 0.9208866357803345,
        "image": "DJI_20250310144613_0089_W.JPG"
      }
    },
    {
      "type": "Feature",
      "geometry": {
        "type": "Point",
        "coordinates": [
          -0.5243291330026013,
          53.26813147202981
        ]
      },
      "properties": {
        "confidence": 0.9097054600715637,
        "image": "DJI_20250310144613_0089_W.JPG"
      }
    },
    {
      "type": "Feature",
      "geometry": {
        "type": "Point",
        "coordinates": [
          -0.5243951305482012,
          53.268074051262765
        ]
      },
      "properties": {
        "confidence": 0.8918779492378235,
        "image": "DJI_20250310144613_0089_W.JPG"
      }
    },
    {
      "type": "Feature",
      "geometry": {
        "type": "Point",
        "coordinates": [
          -0.524437721881246,
          53.26807135005589
        ]
      },
      "properties": {
        "confidence": 0.8905078768730164,
        "image": "DJI_20250310144613_0089_W.JPG"
      }
    },
    {
      "type": "Feature",
      "geometry": {
        "type": "Point",
        "coordinates": [
          -0.5242794845178086,
          53.26808264418516
        ]
      },
      "properties": {
        "confidence": 0.8842953443527222,
        "image": "DJI_20250310144613_0089_W.JPG"
      }
    },
    {
      "type": "Feature",
      "geometry": {
        "type": "Point",
        "coordinates": [
          -0.524435343151322,
          53.26807160859563
        ]
      },
      "properties": {
        "confidence": 0.865174412727356,
        "image": "DJI_20250310144613_0089_W.JPG"
      }
    },
    {
      "type": "Feature",
      "geometry": {
        "type": "Point",
        "coordinates": [
          -0.5244686453702588,
          53.26806798903925
        ]
      },
      "properties": {
        "confidence": 0.8629688620567322,
        "image": "DJI_20250310144613_0089_W.JPG"
      }
    },
    {
      "type": "Feature",
      "geometry": {
        "type": "Point",
        "coordinates": [
          -0.524419691329298,
          53.26802077268712
        ]
      },
      "properties": {
        "confidence": 0.825411856174469,
        "image": "DJI_20250310144613_0089_W.JPG"
      }
    },
    {
      "type": "Feature",
      "geometry": {
        "type": "Point",
        "coordinates": [
          -0.5242897205277808,
          53.26813418922612
        ]
      },
      "properties": {
        "confidence": 0.7531875967979431,
        "image": "DJI_20250310144613_0089_W.JPG"
      }
    },
    {
      "type": "Feature",
      "geometry": {
        "type": "Point",
        "coordinates": [
          -0.5245320717047932,
          53.26801065884119
        ]
      },
      "properties": {
        "confidence": 0.9998514652252197,
        "image": "DJI_20250310144518_0060_W.JPG"
      }
    },
    {
      "type": "Feature",
      "geometry": {
        "type": "Point",
        "coordinates": [
          -0.5244961019394008,
          53.268012046802795
        ]
      },
      "properties": {
        "confidence": 0.9997685551643372,
        "image": "DJI_20250310144518_0060_W.JPG"
      }
    },
    {
      "type": "Feature",
      "geometry": {
        "type": "Point",
        "coordinates": [
          -0.5243655095217328,
          53.268124013829855
        ]
      },
      "properties": {
        "confidence": 0.999660849571228,
        "image": "DJI_20250310144518_0060_W.JPG"
      }
    },
    {
      "type": "Feature",
      "geometry": {
        "type": "Point",
        "coordinates": [
          -0.5244575534599762,
          53.2680164727691
        ]
      },
      "properties": {
        "confidence": 0.9993969202041626,
        "image": "DJI_20250310144518_0060_W.JPG"
      }
    },
    {
      "type": "Feature",
      "geometry": {
        "type": "Point",
        "coordinates": [
          -0.524517437301688,
          53.268112141201414
        ]
      },
      "properties": {
        "confidence": 0.9968385696411133,
        "image": "DJI_20250310144518_0060_W.JPG"
      }
    },
    {
      "type": "Feature",
      "geometry": {
        "type": "Point",
        "coordinates": [
          -0.5244799799657287,
          53.268115069068216
        ]
      },
      "properties": {
        "confidence": 0.9965627789497375,
        "image": "DJI_20250310144518_0060_W.JPG"
      }
    },
    {
      "type": "Feature",
      "geometry": {
        "type": "Point",
        "coordinates": [
          -0.5242999953929347,
          53.26818047131298
        ]
      },
      "properties": {
        "confidence": 0.9829015731811523,
        "image": "DJI_20250310144518_0060_W.JPG"
      }
    },
    {
      "type": "Feature",
      "geometry": {
        "type": "Point",
        "coordinates": [
          -0.5244415750310657,
          53.26811755567884
        ]
      },
      "properties": {
        "confidence": 0.9821217060089111,
        "image": "DJI_20250310144518_0060_W.JPG"
      }
    },
    {
      "type": "Feature",
      "geometry": {
        "type": "Point",
        "coordinates": [
          -0.524269371731911,
          53.268029462668906
        ]
      },
      "properties": {
        "confidence": 0.9773275852203369,
        "image": "DJI_20250310144518_0060_W.JPG"
      }
    },
    {
      "type": "Feature",
      "geometry": {
        "type": "Point",
        "coordinates": [
          -0.5242650429705143,
          53.26818115067136
        ]
      },
      "properties": {
        "confidence": 0.9681974649429321,
        "image": "DJI_20250310144518_0060_W.JPG"
      }
    },
    {
      "type": "Feature",
      "geometry": {
        "type": "Point",
        "coordinates": [
          -0.5243161092541577,
          53.268076728321326
        ]
      },
      "properties": {
        "confidence": 0.9437626600265503,
        "image": "DJI_20250310144518_0060_W.JPG"
      }
    },
    {
      "type": "Feature",
      "geometry": {
        "type": "Point",
        "coordinates": [
          -0.5244036252485184,
          53.26812227929973
        ]
      },
      "properties": {
        "confidence": 0.9069679975509644,
        "image": "DJI_20250310144518_0060_W.JPG"
      }
    },
    {
      "type": "Feature",
      "geometry": {
        "type": "Point",
        "coordinates": [
          -0.5243380686196045,
          53.268177899419385
        ]
      },
      "properties": {
        "confidence": 0.9051285982131958,
        "image": "DJI_20250310144518_0060_W.JPG"
      }
    },
    {
      "type": "Feature",
      "geometry": {
        "type": "Point",
        "coordinates": [
          -0.5243276770087294,
          53.26812740218408
        ]
      },
      "properties": {
        "confidence": 0.9006993770599365,
        "image": "DJI_20250310144518_0060_W.JPG"
      }
    },
    {
      "type": "Feature",
      "geometry": {
        "type": "Point",
        "coordinates": [
          -0.5245608613252969,
          53.26811038806489
        ]
      },
      "properties": {
        "confidence": 0.812548816204071,
        "image": "DJI_20250310144518_0060_W.JPG"
      }
    },
    {
      "type": "Feature",
      "geometry": {
        "type": "Point",
        "coordinates": [
          -0.5243454797413597,
          53.268023841881366
        ]
      },
      "properties": {
        "confidence": 0.8096984028816223,
        "image": "DJI_20250310144518_0060_W.JPG"
      }
    },
    {
      "type": "Feature",
      "geometry": {
        "type": "Point",
        "coordinates": [
          -0.524307341795581,
          53.268026540863616
        ]
      },
      "properties": {
        "confidence": 0.7449572682380676,
        "image": "DJI_20250310144518_0060_W.JPG"
      }
    },
    {
      "type": "Feature",
      "geometry": {
        "type": "Point",
        "coordinates": [
          -0.5243316364902461,
          53.268087300429634
        ]
      },
      "properties": {
        "confidence": 0.9995716214179993,
        "image": "DJI_20250310144635_0100_W.JPG"
      }
    },
    {
      "type": "Feature",
      "geometry": {
        "type": "Point",
        "coordinates": [
          -0.5244440134100358,
          53.26807642687608
        ]
      },
      "properties": {
        "confidence": 0.9984061121940613,
        "image": "DJI_20250310144635_0100_W.JPG"
      }
    },
    {
      "type": "Feature",
      "geometry": {
        "type": "Point",
        "coordinates": [
          -0.5243458410641941,
          53.26813622035773
        ]
      },
      "properties": {
        "confidence": 0.9968860745429993,
        "image": "DJI_20250310144635_0100_W.JPG"
      }
    },
    {
      "type": "Feature",
      "geometry": {
        "type": "Point",
        "coordinates": [
          -0.5243076889955781,
          53.26813955183013
        ]
      },
      "properties": {
        "confidence": 0.9953957200050354,
        "image": "DJI_20250310144635_0100_W.JPG"
      }
    },
    {
      "type": "Feature",
      "geometry": {
        "type": "Point",
        "coordinates": [
          -0.5243683092088993,
          53.268084182573205
        ]
      },
      "properties": {
        "confidence": 0.9919655323028564,
        "image": "DJI_20250310144635_0100_W.JPG"
      }
    },
    {
      "type": "Feature",
      "geometry": {
        "type": "Point",
        "coordinates": [
          -0.5244053399600428,
          53.26808080370725
        ]
      },
      "properties": {
        "confidence": 0.9789066910743713,
        "image": "DJI_20250310144635_0100_W.JPG"
      }
    },
    {
      "type": "Feature",
      "geometry": {
        "type": "Point",
        "coordinates": [
          -0.5244300319979006,
          53.26812613628529
        ]
      },
      "properties": {
        "confidence": 0.9582918286323547,
        "image": "DJI_20250310144635_0100_W.JPG"
      }
    },
    {
      "type": "Feature",
      "geometry": {
        "type": "Point",
        "coordinates": [
          -0.5243237197806475,
          53.268191331607554
        ]
      },
      "properties": {
        "confidence": 0.8627457618713379,
        "image": "DJI_20250310144635_0100_W.JPG"
      }
    },
    {
      "type": "Feature",
      "geometry": {
        "type": "Point",
        "coordinates": [
          -0.5242942011403936,
          53.26808671654896
        ]
      },
      "properties": {
        "confidence": 0.8361449837684631,
        "image": "DJI_20250310144635_0100_W.JPG"
      }
    },
    {
      "type": "Feature",
      "geometry": {
        "type": "Point",
        "coordinates": [
          -0.5242939585830044,
          53.268088756121145
        ]
      },
      "properties": {
        "confidence": 0.8347702026367188,
        "image": "DJI_20250310144635_0100_W.JPG"
      }
    },
    {
      "type": "Feature",
      "geometry": {
        "type": "Point",
        "coordinates": [
          -0.524476749628746,
          53.26817583564099
        ]
      },
      "properties": {
        "confidence": 0.8105494976043701,
        "image": "DJI_20250310144635_0100_W.JPG"
      }
    },
    {
      "type": "Feature",
      "geometry": {
        "type": "Point",
        "coordinates": [
          -0.524440434724655,
          53.26817982359923
        ]
      },
      "properties": {
        "confidence": 0.7480379343032837,
        "image": "DJI_20250310144635_0100_W.JPG"
      }
    },
    {
      "type": "Feature",
      "geometry": {
        "type": "Point",
        "coordinates": [
          -0.5245610812918047,
          53.268105464204965
        ]
      },
      "properties": {
        "confidence": 0.9996991157531738,
        "image": "DJI_20250310144509_0055_W.JPG"
      }
    },
    {
      "type": "Feature",
      "geometry": {
        "type": "Point",
        "coordinates": [
          -0.5245719319060831,
          53.26815821707515
        ]
      },
      "properties": {
        "confidence": 0.978853702545166,
        "image": "DJI_20250310144509_0055_W.JPG"
      }
    },
    {
      "type": "Feature",
      "geometry": {
        "type": "Point",
        "coordinates": [
          -0.5246009788767914,
          53.268102098908635
        ]
      },
      "properties": {
        "confidence": 0.9730051159858704,
        "image": "DJI_20250310144509_0055_W.JPG"
      }
    },
    {
      "type": "Feature",
      "geometry": {
        "type": "Point",
        "coordinates": [
          -0.5244818637736808,
          53.268112073727735
        ]
      },
      "properties": {
        "confidence": 0.9725563526153564,
        "image": "DJI_20250310144509_0055_W.JPG"
      }
    },
    {
      "type": "Feature",
      "geometry": {
        "type": "Point",
        "coordinates": [
          -0.5246171740725509,
          53.26815494984427
        ]
      },
      "properties": {
        "confidence": 0.9700371623039246,
        "image": "DJI_20250310144509_0055_W.JPG"
      }
    },
    {
      "type": "Feature",
      "geometry": {
        "type": "Point",
        "coordinates": [
          -0.5245974824429348,
          53.26809717416015
        ]
      },
      "properties": {
        "confidence": 0.9611913561820984,
        "image": "DJI_20250310144509_0055_W.JPG"
      }
    },
    {
      "type": "Feature",
      "geometry": {
        "type": "Point",
        "coordinates": [
          -0.5245214598751089,
          53.268108379306355
        ]
      },
      "properties": {
        "confidence": 0.9295057058334351,
        "image": "DJI_20250310144509_0055_W.JPG"
      }
    },
    {
      "type": "Feature",
      "geometry": {
        "type": "Point",
        "coordinates": [
          -0.5244522681629603,
          53.2681576628149
        ]
      },
      "properties": {
        "confidence": 0.8154885172843933,
        "image": "DJI_20250310144509_0055_W.JPG"
      }
    },
    {
      "type": "Feature",
      "geometry": {
        "type": "Point",
        "coordinates": [
          -0.5242532756532964,
          53.26813178853993
        ]
      },
      "properties": {
        "confidence": 0.8132241368293762,
        "image": "DJI_20250310144509_0055_W.JPG"
      }
    },
    {
      "type": "Feature",
      "geometry": {
        "type": "Point",
        "coordinates": [
          -0.5243633272916991,
          53.26812054385458
        ]
      },
      "properties": {
        "confidence": 0.8047993779182434,
        "image": "DJI_20250310144509_0055_W.JPG"
      }
    },
    {
      "type": "Feature",
      "geometry": {
        "type": "Point",
        "coordinates": [
          -0.5243658605290149,
          53.268122201607135
        ]
      },
      "properties": {
        "confidence": 0.7762082815170288,
        "image": "DJI_20250310144509_0055_W.JPG"
      }
    },
    {
      "type": "Feature",
      "geometry": {
        "type": "Point",
        "coordinates": [
          -0.5245507591150872,
          53.26810893315548
        ]
      },
      "properties": {
        "confidence": 0.9996063113212585,
        "image": "DJI_20250310144343_0011_W.JPG"
      }
    },
    {
      "type": "Feature",
      "geometry": {
        "type": "Point",
        "coordinates": [
          -0.5245111680603568,
          53.26811296571508
        ]
      },
      "properties": {
        "confidence": 0.998506486415863,
        "image": "DJI_20250310144343_0011_W.JPG"
      }
    },
    {
      "type": "Feature",
      "geometry": {
        "type": "Point",
        "coordinates": [
          -0.5245380942663873,
          53.2680581040213
        ]
      },
      "properties": {
        "confidence": 0.9956444501876831,
        "image": "DJI_20250310144343_0011_W.JPG"
      }
    },
    {
      "type": "Feature",
      "geometry": {
        "type": "Point",
        "coordinates": [
          -0.5244746699682019,
          53.26811532210246
        ]
      },
      "properties": {
        "confidence": 0.9854342937469482,
        "image": "DJI_20250310144343_0011_W.JPG"
      }
    },
    {
      "type": "Feature",
      "geometry": {
        "type": "Point",
        "coordinates": [
          -0.5244938148878103,
          53.26806489395655
        ]
      },
      "properties": {
        "confidence": 0.814275324344635,
        "image": "DJI_20250310144343_0011_W.JPG"
      }
    },
    {
      "type": "Feature",
      "geometry": {
        "type": "Point",
        "coordinates": [
          -0.5244206183968528,
          53.268020905632866
        ]
      },
      "properties": {
        "confidence": 0.9999364614486694,
        "image": "DJI_20250310144606_0085_W.JPG"
      }
    },
    {
      "type": "Feature",
      "geometry": {
        "type": "Point",
        "coordinates": [
          -0.5244920795875967,
          53.268017110680965
        ]
      },
      "properties": {
        "confidence": 0.9997656941413879,
        "image": "DJI_20250310144606_0085_W.JPG"
      }
    },
    {
      "type": "Feature",
      "geometry": {
        "type": "Point",
        "coordinates": [
          -0.5244610828344908,
          53.26801674836332
        ]
      },
      "properties": {
        "confidence": 0.9995744824409485,
        "image": "DJI_20250310144606_0085_W.JPG"
      }
    },
    {
      "type": "Feature",
      "geometry": {
        "type": "Point",
        "coordinates": [
          -0.5244888760551293,
          53.26801733850218
        ]
      },
      "properties": {
        "confidence": 0.9995050430297852,
        "image": "DJI_20250310144606_0085_W.JPG"
      }
    },
    {
      "type": "Feature",
      "geometry": {
        "type": "Point",
        "coordinates": [
          -0.5244861472053908,
          53.26801980165211
        ]
      },
      "properties": {
        "confidence": 0.999295711517334,
        "image": "DJI_20250310144606_0085_W.JPG"
      }
    },
    {
      "type": "Feature",
      "geometry": {
        "type": "Point",
        "coordinates": [
          -0.524418920104444,
          53.26817485556429
        ]
      },
      "properties": {
        "confidence": 0.9966887831687927,
        "image": "DJI_20250310144606_0085_W.JPG"
      }
    },
    {
      "type": "Feature",
      "geometry": {
        "type": "Point",
        "coordinates": [
          -0.5243452757132596,
          53.26802740937742
        ]
      },
      "properties": {
        "confidence": 0.995298445224762,
        "image": "DJI_20250310144606_0085_W.JPG"
      }
    },
    {
      "type": "Feature",
      "geometry": {
        "type": "Point",
        "coordinates": [
          -0.5245133505046964,
          53.268114039123695
        ]
      },
      "properties": {
        "confidence": 0.9948740601539612,
        "image": "DJI_20250310144606_0085_W.JPG"
      }
    },
    {
      "type": "Feature",
      "geometry": {
        "type": "Point",
        "coordinates": [
          -0.5243568995708523,
          53.26807609717341
        ]
      },
      "properties": {
        "confidence": 0.9891534447669983,
        "image": "DJI_20250310144606_0085_W.JPG"
      }
    },
    {
      "type": "Feature",
      "geometry": {
        "type": "Point",
        "coordinates": [
          -0.524381610824629,
          53.26802514528718
        ]
      },
      "properties": {
        "confidence": 0.9871758818626404,
        "image": "DJI_20250310144606_0085_W.JPG"
      }
    },
    {
      "type": "Feature",
      "geometry": {
        "type": "Point",
        "coordinates": [
          -0.5245247625805306,
          53.26816371285194
        ]
      },
      "properties": {
        "confidence": 0.9849843978881836,
        "image": "DJI_20250310144606_0085_W.JPG"
      }
    },
    {
      "type": "Feature",
      "geometry": {
        "type": "Point",
        "coordinates": [
          -0.5243854916705913,
          53.268020751465144
        ]
      },
      "properties": {
        "confidence": 0.9829077124595642,
        "image": "DJI_20250310144606_0085_W.JPG"
      }
    },
    {
      "type": "Feature",
      "geometry": {
        "type": "Point",
        "coordinates": [
          -0.5245070446681442,
          53.26806501405125
        ]
      },
      "properties": {
        "confidence": 0.9796779155731201,
        "image": "DJI_20250310144606_0085_W.JPG"
      }
    },
    {
      "type": "Feature",
      "geometry": {
        "type": "Point",
        "coordinates": [
          -0.5243669432932078,
          53.268125979807365
        ]
      },
      "properties": {
        "confidence": 0.9596213698387146,
        "image": "DJI_20250310144606_0085_W.JPG"
      }
    },
    {
      "type": "Feature",
      "geometry": {
        "type": "Point",
        "coordinates": [
          -0.5243070785695217,
          53.26802421872778
        ]
      },
      "properties": {
        "confidence": 0.9375512003898621,
        "image": "DJI_20250310144606_0085_W.JPG"
      }
    },
    {
      "type": "Feature",
      "geometry": {
        "type": "Point",
        "coordinates": [
          -0.5244909740253569,
          53.268167625990344
        ]
      },
      "properties": {
        "confidence": 0.9342254996299744,
        "image": "DJI_20250310144606_0085_W.JPG"
      }
    },
    {
      "type": "Feature",
      "geometry": {
        "type": "Point",
        "coordinates": [
          -0.5245263206743277,
          53.26811431452183
        ]
      },
      "properties": {
        "confidence": 0.9072061777114868,
        "image": "DJI_20250310144606_0085_W.JPG"
      }
    },
    {
      "type": "Feature",
      "geometry": {
        "type": "Point",
        "coordinates": [
          -0.5242408190565956,
          53.26808383897757
        ]
      },
      "properties": {
        "confidence": 0.8897241950035095,
        "image": "DJI_20250310144606_0085_W.JPG"
      }
    },
    {
      "type": "Feature",
      "geometry": {
        "type": "Point",
        "coordinates": [
          -0.5244744717084107,
          53.26806686924082
        ]
      },
      "properties": {
        "confidence": 0.8401700258255005,
        "image": "DJI_20250310144606_0085_W.JPG"
      }
    },
    {
      "type": "Feature",
      "geometry": {
        "type": "Point",
        "coordinates": [
          -0.5244593215897527,
          53.26817251060087
        ]
      },
      "properties": {
        "confidence": 0.8238204121589661,
        "image": "DJI_20250310144606_0085_W.JPG"
      }
    },
    {
      "type": "Feature",
      "geometry": {
        "type": "Point",
        "coordinates": [
          -0.5244646690990087,
          53.268175299590276
        ]
      },
      "properties": {
        "confidence": 0.8161497712135315,
        "image": "DJI_20250310144606_0085_W.JPG"
      }
    },
    {
      "type": "Feature",
      "geometry": {
        "type": "Point",
        "coordinates": [
          -0.5243962185757117,
          53.2680725458557
        ]
      },
      "properties": {
        "confidence": 0.7916158437728882,
        "image": "DJI_20250310144606_0085_W.JPG"
      }
    },
    {
      "type": "Feature",
      "geometry": {
        "type": "Point",
        "coordinates": [
          -0.5242912504904821,
          53.26813234105926
        ]
      },
      "properties": {
        "confidence": 0.7544556856155396,
        "image": "DJI_20250310144606_0085_W.JPG"
      }
    },
    {
      "type": "Feature",
      "geometry": {
        "type": "Point",
        "coordinates": [
          -0.5244047136389948,
          53.26812271717454
        ]
      },
      "properties": {
        "confidence": 0.7525811195373535,
        "image": "DJI_20250310144606_0085_W.JPG"
      }
    },
    {
      "type": "Feature",
      "geometry": {
        "type": "Point",
        "coordinates": [
          -0.5242706044266028,
          53.26803275687081
        ]
      },
      "properties": {
        "confidence": 0.7500923275947571,
        "image": "DJI_20250310144606_0085_W.JPG"
      }
    },
    {
      "type": "Feature",
      "geometry": {
        "type": "Point",
        "coordinates": [
          -0.5243789926549777,
          53.268177750827036
        ]
      },
      "properties": {
        "confidence": 0.7243466377258301,
        "image": "DJI_20250310144606_0085_W.JPG"
      }
    },
    {
      "type": "Feature",
      "geometry": {
        "type": "Point",
        "coordinates": [
          -0.5244824894541288,
          53.26811715262048
        ]
      },
      "properties": {
        "confidence": 0.716854453086853,
        "image": "DJI_20250310144606_0085_W.JPG"
      }
    },
    {
      "type": "Feature",
      "geometry": {
        "type": "Point",
        "coordinates": [
          -0.5245215797424985,
          53.26810753908969
        ]
      },
      "properties": {
        "confidence": 0.99787437915802,
        "image": "DJI_20250310144507_0054_W.JPG"
      }
    },
    {
      "type": "Feature",
      "geometry": {
        "type": "Point",
        "coordinates": [
          -0.524329525070226,
          53.268123948427174
        ]
      },
      "properties": {
        "confidence": 0.9831503033638,
        "image": "DJI_20250310144507_0054_W.JPG"
      }
    },
    {
      "type": "Feature",
      "geometry": {
        "type": "Point",
        "coordinates": [
          -0.5244935454074151,
          53.26816304975565
        ]
      },
      "properties": {
        "confidence": 0.959457278251648,
        "image": "DJI_20250310144507_0054_W.JPG"
      }
    },
    {
      "type": "Feature",
      "geometry": {
        "type": "Point",
        "coordinates": [
          -0.5242925020673697,
          53.26812785272305
        ]
      },
      "properties": {
        "confidence": 0.913918673992157,
        "image": "DJI_20250310144507_0054_W.JPG"
      }
    },
    {
      "type": "Feature",
      "geometry": {
        "type": "Point",
        "coordinates": [
          -0.5242881908064912,
          53.268126385386104
        ]
      },
      "properties": {
        "confidence": 0.909690260887146,
        "image": "DJI_20250310144507_0054_W.JPG"
      }
    },
    {
      "type": "Feature",
      "geometry": {
        "type": "Point",
        "coordinates": [
          -0.5243676491395104,
          53.268121009133885
        ]
      },
      "properties": {
        "confidence": 0.9069773554801941,
        "image": "DJI_20250310144507_0054_W.JPG"
      }
    },
    {
      "type": "Feature",
      "geometry": {
        "type": "Point",
        "coordinates": [
          -0.5245645250906108,
          53.26810295018525
        ]
      },
      "properties": {
        "confidence": 0.8892115950584412,
        "image": "DJI_20250310144507_0054_W.JPG"
      }
    },
    {
      "type": "Feature",
      "geometry": {
        "type": "Point",
        "coordinates": [
          -0.5245556735010318,
          53.26810754742202
        ]
      },
      "properties": {
        "confidence": 0.8642380237579346,
        "image": "DJI_20250310144507_0054_W.JPG"
      }
    },
    {
      "type": "Feature",
      "geometry": {
        "type": "Point",
        "coordinates": [
          -0.5245976723479852,
          53.268102517773464
        ]
      },
      "properties": {
        "confidence": 0.8498724102973938,
        "image": "DJI_20250310144507_0054_W.JPG"
      }
    },
    {
      "type": "Feature",
      "geometry": {
        "type": "Point",
        "coordinates": [
          -0.5244834516216875,
          53.268110118438045
        ]
      },
      "properties": {
        "confidence": 0.8347485661506653,
        "image": "DJI_20250310144507_0054_W.JPG"
      }
    },
    {
      "type": "Feature",
      "geometry": {
        "type": "Point",
        "coordinates": [
          -0.524591361170024,
          53.26810534555789
        ]
      },
      "properties": {
        "confidence": 0.8332875370979309,
        "image": "DJI_20250310144507_0054_W.JPG"
      }
    },
    {
      "type": "Feature",
      "geometry": {
        "type": "Point",
        "coordinates": [
          -0.524338957176174,
          53.26817532784797
        ]
      },
      "properties": {
        "confidence": 0.8242743611335754,
        "image": "DJI_20250310144507_0054_W.JPG"
      }
    },
    {
      "type": "Feature",
      "geometry": {
        "type": "Point",
        "coordinates": [
          -0.5245243722530954,
          53.26806565030111
        ]
      },
      "properties": {
        "confidence": 0.998798131942749,
        "image": "DJI_20250310144541_0072_W.JPG"
      }
    },
    {
      "type": "Feature",
      "geometry": {
        "type": "Point",
        "coordinates": [
          -0.5244841596755629,
          53.268070439147024
        ]
      },
      "properties": {
        "confidence": 0.9641220569610596,
        "image": "DJI_20250310144541_0072_W.JPG"
      }
    },
    {
      "type": "Feature",
      "geometry": {
        "type": "Point",
        "coordinates": [
          -0.5245111328767762,
          53.268173289344496
        ]
      },
      "properties": {
        "confidence": 0.9503207802772522,
        "image": "DJI_20250310144541_0072_W.JPG"
      }
    },
    {
      "type": "Feature",
      "geometry": {
        "type": "Point",
        "coordinates": [
          -0.5244047139731146,
          53.26807983626584
        ]
      },
      "properties": {
        "confidence": 0.908700704574585,
        "image": "DJI_20250310144541_0072_W.JPG"
      }
    },
    {
      "type": "Feature",
      "geometry": {
        "type": "Point",
        "coordinates": [
          -0.5244334944579626,
          53.26818031176641
        ]
      },
      "properties": {
        "confidence": 0.9053868055343628,
        "image": "DJI_20250310144541_0072_W.JPG"
      }
    },
    {
      "type": "Feature",
      "geometry": {
        "type": "Point",
        "coordinates": [
          -0.5245490692349121,
          53.26816935761015
        ]
      },
      "properties": {
        "confidence": 0.8904675841331482,
        "image": "DJI_20250310144541_0072_W.JPG"
      }
    },
    {
      "type": "Feature",
      "geometry": {
        "type": "Point",
        "coordinates": [
          -0.5245515896527015,
          53.268066319517125
        ]
      },
      "properties": {
        "confidence": 0.8536154627799988,
        "image": "DJI_20250310144541_0072_W.JPG"
      }
    },
    {
      "type": "Feature",
      "geometry": {
        "type": "Point",
        "coordinates": [
          -0.5244963478558199,
          53.26812138059134
        ]
      },
      "properties": {
        "confidence": 0.8057778477668762,
        "image": "DJI_20250310144541_0072_W.JPG"
      }
    },
    {
      "type": "Feature",
      "geometry": {
        "type": "Point",
        "coordinates": [
          -0.524569523612305,
          53.26811428167705
        ]
      },
      "properties": {
        "confidence": 0.7814902067184448,
        "image": "DJI_20250310144541_0072_W.JPG"
      }
    },
    {
      "type": "Feature",
      "geometry": {
        "type": "Point",
        "coordinates": [
          -0.5244042868582002,
          53.26808548368413
        ]
      },
      "properties": {
        "confidence": 0.9959878325462341,
        "image": "DJI_20250310144406_0023_W.JPG"
      }
    },
    {
      "type": "Feature",
      "geometry": {
        "type": "Point",
        "coordinates": [
          -0.5243791765809064,
          53.26813640055383
        ]
      },
      "properties": {
        "confidence": 0.9944570064544678,
        "image": "DJI_20250310144406_0023_W.JPG"
      }
    },
    {
      "type": "Feature",
      "geometry": {
        "type": "Point",
        "coordinates": [
          -0.5243820626043988,
          53.268136692536594
        ]
      },
      "properties": {
        "confidence": 0.9892016649246216,
        "image": "DJI_20250310144406_0023_W.JPG"
      }
    },
    {
      "type": "Feature",
      "geometry": {
        "type": "Point",
        "coordinates": [
          -0.5243728759890645,
          53.268090945537445
        ]
      },
      "properties": {
        "confidence": 0.9479230642318726,
        "image": "DJI_20250310144406_0023_W.JPG"
      }
    },
    {
      "type": "Feature",
      "geometry": {
        "type": "Point",
        "coordinates": [
          -0.5245252953524815,
          53.26812039111354
        ]
      },
      "properties": {
        "confidence": 0.9378872513771057,
        "image": "DJI_20250310144406_0023_W.JPG"
      }
    },
    {
      "type": "Feature",
      "geometry": {
        "type": "Point",
        "coordinates": [
          -0.5244109138436398,
          53.26813163250474
        ]
      },
      "properties": {
        "confidence": 0.9195829033851624,
        "image": "DJI_20250310144406_0023_W.JPG"
      }
    },
    {
      "type": "Feature",
      "geometry": {
        "type": "Point",
        "coordinates": [
          -0.5246145133780529,
          53.268217541032236
        ]
      },
      "properties": {
        "confidence": 0.9160709381103516,
        "image": "DJI_20250310144406_0023_W.JPG"
      }
    },
    {
      "type": "Feature",
      "geometry": {
        "type": "Point",
        "coordinates": [
          -0.524414042086386,
          53.26813214722792
        ]
      },
      "properties": {
        "confidence": 0.850159764289856,
        "image": "DJI_20250310144406_0023_W.JPG"
      }
    },
    {
      "type": "Feature",
      "geometry": {
        "type": "Point",
        "coordinates": [
          -0.5245203836392859,
          53.26806517777644
        ]
      },
      "properties": {
        "confidence": 0.9990009665489197,
        "image": "DJI_20250310144543_0073_W.JPG"
      }
    },
    {
      "type": "Feature",
      "geometry": {
        "type": "Point",
        "coordinates": [
          -0.5244844447707582,
          53.26806755574031
        ]
      },
      "properties": {
        "confidence": 0.9886966943740845,
        "image": "DJI_20250310144543_0073_W.JPG"
      }
    },
    {
      "type": "Feature",
      "geometry": {
        "type": "Point",
        "coordinates": [
          -0.5243296494894955,
          53.26808608137752
        ]
      },
      "properties": {
        "confidence": 0.9767549633979797,
        "image": "DJI_20250310144543_0073_W.JPG"
      }
    },
    {
      "type": "Feature",
      "geometry": {
        "type": "Point",
        "coordinates": [
          -0.5244991284976416,
          53.26811892874808
        ]
      },
      "properties": {
        "confidence": 0.9712761640548706,
        "image": "DJI_20250310144543_0073_W.JPG"
      }
    },
    {
      "type": "Feature",
      "geometry": {
        "type": "Point",
        "coordinates": [
          -0.5244421542052592,
          53.268074017463
        ]
      },
      "properties": {
        "confidence": 0.9661825895309448,
        "image": "DJI_20250310144543_0073_W.JPG"
      }
    },
    {
      "type": "Feature",
      "geometry": {
        "type": "Point",
        "coordinates": [
          -0.5245581587953488,
          53.26816864325899
        ]
      },
      "properties": {
        "confidence": 0.9645826816558838,
        "image": "DJI_20250310144543_0073_W.JPG"
      }
    },
    {
      "type": "Feature",
      "geometry": {
        "type": "Point",
        "coordinates": [
          -0.5245152518637173,
          53.268172172361346
        ]
      },
      "properties": {
        "confidence": 0.9553432464599609,
        "image": "DJI_20250310144543_0073_W.JPG"
      }
    },
    {
      "type": "Feature",
      "geometry": {
        "type": "Point",
        "coordinates": [
          -0.5245114699786703,
          53.2681713403984
        ]
      },
      "properties": {
        "confidence": 0.9405164122581482,
        "image": "DJI_20250310144543_0073_W.JPG"
      }
    },
    {
      "type": "Feature",
      "geometry": {
        "type": "Point",
        "coordinates": [
          -0.5245709271114307,
          53.268112573256936
        ]
      },
      "properties": {
        "confidence": 0.8969415426254272,
        "image": "DJI_20250310144543_0073_W.JPG"
      }
    },
    {
      "type": "Feature",
      "geometry": {
        "type": "Point",
        "coordinates": [
          -0.5245578174133322,
          53.26806211157015
        ]
      },
      "properties": {
        "confidence": 0.8677870035171509,
        "image": "DJI_20250310144543_0073_W.JPG"
      }
    },
    {
      "type": "Feature",
      "geometry": {
        "type": "Point",
        "coordinates": [
          -0.5245540904791067,
          53.268063890954195
        ]
      },
      "properties": {
        "confidence": 0.83902508020401,
        "image": "DJI_20250310144543_0073_W.JPG"
      }
    },
    {
      "type": "Feature",
      "geometry": {
        "type": "Point",
        "coordinates": [
          -0.524305060252833,
          53.268138675101746
        ]
      },
      "properties": {
        "confidence": 0.8293024897575378,
        "image": "DJI_20250310144543_0073_W.JPG"
      }
    },
    {
      "type": "Feature",
      "geometry": {
        "type": "Point",
        "coordinates": [
          -0.5242472147631744,
          53.26808995580546
        ]
      },
      "properties": {
        "confidence": 0.7655631899833679,
        "image": "DJI_20250310144543_0073_W.JPG"
      }
    },
    {
      "type": "Feature",
      "geometry": {
        "type": "Point",
        "coordinates": [
          -0.5242496981097222,
          53.268090869394236
        ]
      },
      "properties": {
        "confidence": 0.7242367267608643,
        "image": "DJI_20250310144543_0073_W.JPG"
      }
    },
    {
      "type": "Feature",
      "geometry": {
        "type": "Point",
        "coordinates": [
          -0.5243470062895864,
          53.26813579014799
        ]
      },
      "properties": {
        "confidence": 0.9985712766647339,
        "image": "DJI_20250310144637_0101_W.JPG"
      }
    },
    {
      "type": "Feature",
      "geometry": {
        "type": "Point",
        "coordinates": [
          -0.5243846493063439,
          53.26813219217329
        ]
      },
      "properties": {
        "confidence": 0.9985061287879944,
        "image": "DJI_20250310144637_0101_W.JPG"
      }
    },
    {
      "type": "Feature",
      "geometry": {
        "type": "Point",
        "coordinates": [
          -0.5243081035480786,
          53.26813970704055
        ]
      },
      "properties": {
        "confidence": 0.9844733476638794,
        "image": "DJI_20250310144637_0101_W.JPG"
      }
    },
    {
      "type": "Feature",
      "geometry": {
        "type": "Point",
        "coordinates": [
          -0.5244820620220908,
          53.2681751364699
        ]
      },
      "properties": {
        "confidence": 0.9362067580223083,
        "image": "DJI_20250310144637_0101_W.JPG"
      }
    },
    {
      "type": "Feature",
      "geometry": {
        "type": "Point",
        "coordinates": [
          -0.5244947097936755,
          53.26823798147542
        ]
      },
      "properties": {
        "confidence": 0.93402498960495,
        "image": "DJI_20250310144637_0101_W.JPG"
      }
    },
    {
      "type": "Feature",
      "geometry": {
        "type": "Point",
        "coordinates": [
          -0.5243599515126816,
          53.268186696031094
        ]
      },
      "properties": {
        "confidence": 0.925102174282074,
        "image": "DJI_20250310144637_0101_W.JPG"
      }
    },
    {
      "type": "Feature",
      "geometry": {
        "type": "Point",
        "coordinates": [
          -0.5244778771247262,
          53.26817552314986
        ]
      },
      "properties": {
        "confidence": 0.8845815658569336,
        "image": "DJI_20250310144637_0101_W.JPG"
      }
    },
    {
      "type": "Feature",
      "geometry": {
        "type": "Point",
        "coordinates": [
          -0.5244087998847139,
          53.268182322262525
        ]
      },
      "properties": {
        "confidence": 0.8816825151443481,
        "image": "DJI_20250310144637_0101_W.JPG"
      }
    },
    {
      "type": "Feature",
      "geometry": {
        "type": "Point",
        "coordinates": [
          -0.5244613162659642,
          53.26812478876053
        ]
      },
      "properties": {
        "confidence": 0.8414058089256287,
        "image": "DJI_20250310144637_0101_W.JPG"
      }
    },
    {
      "type": "Feature",
      "geometry": {
        "type": "Point",
        "coordinates": [
          -0.5244679681821999,
          53.268122337182675
        ]
      },
      "properties": {
        "confidence": 0.7609320282936096,
        "image": "DJI_20250310144637_0101_W.JPG"
      }
    },
    {
      "type": "Feature",
      "geometry": {
        "type": "Point",
        "coordinates": [
          -0.5244307575402325,
          53.26812495391316
        ]
      },
      "properties": {
        "confidence": 0.7467790842056274,
        "image": "DJI_20250310144637_0101_W.JPG"
      }
    },
    {
      "type": "Feature",
      "geometry": {
        "type": "Point",
        "coordinates": [
          -0.5245530609995973,
          53.26806679404561
        ]
      },
      "properties": {
        "confidence": 0.9991738200187683,
        "image": "DJI_20250310144545_0074_W.JPG"
      }
    },
    {
      "type": "Feature",
      "geometry": {
        "type": "Point",
        "coordinates": [
          -0.52448249456429,
          53.268071705444946
        ]
      },
      "properties": {
        "confidence": 0.9981862902641296,
        "image": "DJI_20250310144545_0074_W.JPG"
      }
    },
    {
      "type": "Feature",
      "geometry": {
        "type": "Point",
        "coordinates": [
          -0.5243311343099244,
          53.26808657053312
        ]
      },
      "properties": {
        "confidence": 0.9774730205535889,
        "image": "DJI_20250310144545_0074_W.JPG"
      }
    },
    {
      "type": "Feature",
      "geometry": {
        "type": "Point",
        "coordinates": [
          -0.5245397435509183,
          53.268115192244025
        ]
      },
      "properties": {
        "confidence": 0.9640965461730957,
        "image": "DJI_20250310144545_0074_W.JPG"
      }
    },
    {
      "type": "Feature",
      "geometry": {
        "type": "Point",
        "coordinates": [
          -0.5244981871354847,
          53.26812018252336
        ]
      },
      "properties": {
        "confidence": 0.9582589268684387,
        "image": "DJI_20250310144545_0074_W.JPG"
      }
    },
    {
      "type": "Feature",
      "geometry": {
        "type": "Point",
        "coordinates": [
          -0.5244205704505543,
          53.268128093506995
        ]
      },
      "properties": {
        "confidence": 0.9417389035224915,
        "image": "DJI_20250310144545_0074_W.JPG"
      }
    },
    {
      "type": "Feature",
      "geometry": {
        "type": "Point",
        "coordinates": [
          -0.5245176595027676,
          53.268172345792756
        ]
      },
      "properties": {
        "confidence": 0.9361717104911804,
        "image": "DJI_20250310144545_0074_W.JPG"
      }
    },
    {
      "type": "Feature",
      "geometry": {
        "type": "Point",
        "coordinates": [
          -0.5245230828060605,
          53.26806523029009
        ]
      },
      "properties": {
        "confidence": 0.9336598515510559,
        "image": "DJI_20250310144545_0074_W.JPG"
      }
    },
    {
      "type": "Feature",
      "geometry": {
        "type": "Point",
        "coordinates": [
          -0.5245524931495729,
          53.26816819426432
        ]
      },
      "properties": {
        "confidence": 0.8629488348960876,
        "image": "DJI_20250310144545_0074_W.JPG"
      }
    },
    {
      "type": "Feature",
      "geometry": {
        "type": "Point",
        "coordinates": [
          -0.5242870835245185,
          53.26808541576657
        ]
      },
      "properties": {
        "confidence": 0.703499972820282,
        "image": "DJI_20250310144545_0074_W.JPG"
      }
    },
    {
      "type": "Feature",
      "geometry": {
        "type": "Point",
        "coordinates": [
          -0.5243449729933932,
          53.26813599646513
        ]
      },
      "properties": {
        "confidence": 0.7009389400482178,
        "image": "DJI_20250310144545_0074_W.JPG"
      }
    },
    {
      "type": "Feature",
      "geometry": {
        "type": "Point",
        "coordinates": [
          -0.52448824098987,
          53.26811457906158
        ]
      },
      "properties": {
        "confidence": 0.995594322681427,
        "image": "DJI_20250310144559_0081_W.JPG"
      }
    },
    {
      "type": "Feature",
      "geometry": {
        "type": "Point",
        "coordinates": [
          -0.5244096602414285,
          53.268120836026476
        ]
      },
      "properties": {
        "confidence": 0.9533159136772156,
        "image": "DJI_20250310144559_0081_W.JPG"
      }
    },
    {
      "type": "Feature",
      "geometry": {
        "type": "Point",
        "coordinates": [
          -0.5245075659191423,
          53.26806523996706
        ]
      },
      "properties": {
        "confidence": 0.9419141411781311,
        "image": "DJI_20250310144559_0081_W.JPG"
      }
    },
    {
      "type": "Feature",
      "geometry": {
        "type": "Point",
        "coordinates": [
          -0.524368446162995,
          53.26812603669648
        ]
      },
      "properties": {
        "confidence": 0.8821812868118286,
        "image": "DJI_20250310144559_0081_W.JPG"
      }
    },
    {
      "type": "Feature",
      "geometry": {
        "type": "Point",
        "coordinates": [
          -0.5244671146386795,
          53.26807059813078
        ]
      },
      "properties": {
        "confidence": 0.8741719126701355,
        "image": "DJI_20250310144559_0081_W.JPG"
      }
    },
    {
      "type": "Feature",
      "geometry": {
        "type": "Point",
        "coordinates": [
          -0.5244634415557257,
          53.26817010248113
        ]
      },
      "properties": {
        "confidence": 0.7906352877616882,
        "image": "DJI_20250310144559_0081_W.JPG"
      }
    },
    {
      "type": "Feature",
      "geometry": {
        "type": "Point",
        "coordinates": [
          -0.5245213418808596,
          53.26811326520323
        ]
      },
      "properties": {
        "confidence": 0.7608115077018738,
        "image": "DJI_20250310144559_0081_W.JPG"
      }
    },
    {
      "type": "Feature",
      "geometry": {
        "type": "Point",
        "coordinates": [
          -0.5248365558603127,
          53.268149691322016
        ]
      },
      "properties": {
        "confidence": 0.9984155893325806,
        "image": "DJI_20250310144330_0004_W.JPG"
      }
    },
    {
      "type": "Feature",
      "geometry": {
        "type": "Point",
        "coordinates": [
          -0.5248114446921063,
          53.26817037364264
        ]
      },
      "properties": {
        "confidence": 0.997885525226593,
        "image": "DJI_20250310144330_0004_W.JPG"
      }
    },
    {
      "type": "Feature",
      "geometry": {
        "type": "Point",
        "coordinates": [
          -0.5245340489428745,
          53.26805775565022
        ]
      },
      "properties": {
        "confidence": 0.992628812789917,
        "image": "DJI_20250310144330_0004_W.JPG"
      }
    },
    {
      "type": "Feature",
      "geometry": {
        "type": "Point",
        "coordinates": [
          -0.5245461484258898,
          53.26810740357363
        ]
      },
      "properties": {
        "confidence": 0.9756710529327393,
        "image": "DJI_20250310144330_0004_W.JPG"
      }
    },
    {
      "type": "Feature",
      "geometry": {
        "type": "Point",
        "coordinates": [
          -0.5244959182150054,
          53.26806143335199
        ]
      },
      "properties": {
        "confidence": 0.9661824107170105,
        "image": "DJI_20250310144330_0004_W.JPG"
      }
    },
    {
      "type": "Feature",
      "geometry": {
        "type": "Point",
        "coordinates": [
          -0.524560115041178,
          53.26815911371495
        ]
      },
      "properties": {
        "confidence": 0.936775267124176,
        "image": "DJI_20250310144330_0004_W.JPG"
      }
    },
    {
      "type": "Feature",
      "geometry": {
        "type": "Point",
        "coordinates": [
          -0.524507294340005,
          53.26811101815211
        ]
      },
      "properties": {
        "confidence": 0.8635692596435547,
        "image": "DJI_20250310144330_0004_W.JPG"
      }
    },
    {
      "type": "Feature",
      "geometry": {
        "type": "Point",
        "coordinates": [
          -0.524432004373414,
          53.268118178783645
        ]
      },
      "properties": {
        "confidence": 0.7203798890113831,
        "image": "DJI_20250310144330_0004_W.JPG"
      }
    },
    {
      "type": "Feature",
      "geometry": {
        "type": "Point",
        "coordinates": [
          -0.5243887065895837,
          53.26807659148467
        ]
      },
      "properties": {
        "confidence": 0.9994545578956604,
        "image": "DJI_20250310144526_0065_W.JPG"
      }
    },
    {
      "type": "Feature",
      "geometry": {
        "type": "Point",
        "coordinates": [
          -0.5243619565161831,
          53.26812641649275
        ]
      },
      "properties": {
        "confidence": 0.9991304278373718,
        "image": "DJI_20250310144526_0065_W.JPG"
      }
    },
    {
      "type": "Feature",
      "geometry": {
        "type": "Point",
        "coordinates": [
          -0.5245043727686954,
          53.26806636549101
        ]
      },
      "properties": {
        "confidence": 0.9987764954566956,
        "image": "DJI_20250310144526_0065_W.JPG"
      }
    },
    {
      "type": "Feature",
      "geometry": {
        "type": "Point",
        "coordinates": [
          -0.5245004254046448,
          53.26806452206969
        ]
      },
      "properties": {
        "confidence": 0.9976949095726013,
        "image": "DJI_20250310144526_0065_W.JPG"
      }
    },
    {
      "type": "Feature",
      "geometry": {
        "type": "Point",
        "coordinates": [
          -0.5244641651740432,
          53.26806816045066
        ]
      },
      "properties": {
        "confidence": 0.9970558881759644,
        "image": "DJI_20250310144526_0065_W.JPG"
      }
    },
    {
      "type": "Feature",
      "geometry": {
        "type": "Point",
        "coordinates": [
          -0.5245272227195377,
          53.268011567166916
        ]
      },
      "properties": {
        "confidence": 0.9966288208961487,
        "image": "DJI_20250310144526_0065_W.JPG"
      }
    },
    {
      "type": "Feature",
      "geometry": {
        "type": "Point",
        "coordinates": [
          -0.5243247933909476,
          53.26812956103918
        ]
      },
      "properties": {
        "confidence": 0.9957976341247559,
        "image": "DJI_20250310144526_0065_W.JPG"
      }
    },
    {
      "type": "Feature",
      "geometry": {
        "type": "Point",
        "coordinates": [
          -0.5244261380221493,
          53.26807150301456
        ]
      },
      "properties": {
        "confidence": 0.9957221746444702,
        "image": "DJI_20250310144526_0065_W.JPG"
      }
    },
    {
      "type": "Feature",
      "geometry": {
        "type": "Point",
        "coordinates": [
          -0.524532761017446,
          53.26801179560308
        ]
      },
      "properties": {
        "confidence": 0.9905677437782288,
        "image": "DJI_20250310144526_0065_W.JPG"
      }
    },
    {
      "type": "Feature",
      "geometry": {
        "type": "Point",
        "coordinates": [
          -0.5243968782097428,
          53.26811269714468
        ]
      },
      "properties": {
        "confidence": 0.9874013066291809,
        "image": "DJI_20250310144526_0065_W.JPG"
      }
    },
    {
      "type": "Feature",
      "geometry": {
        "type": "Point",
        "coordinates": [
          -0.5243135041704386,
          53.26808011345407
        ]
      },
      "properties": {
        "confidence": 0.9816219210624695,
        "image": "DJI_20250310144526_0065_W.JPG"
      }
    },
    {
      "type": "Feature",
      "geometry": {
        "type": "Point",
        "coordinates": [
          -0.5243510316913986,
          53.26807795714569
        ]
      },
      "properties": {
        "confidence": 0.9749880433082581,
        "image": "DJI_20250310144526_0065_W.JPG"
      }
    },
    {
      "type": "Feature",
      "geometry": {
        "type": "Point",
        "coordinates": [
          -0.5242882035852586,
          53.26813191465377
        ]
      },
      "properties": {
        "confidence": 0.9637309312820435,
        "image": "DJI_20250310144526_0065_W.JPG"
      }
    },
    {
      "type": "Feature",
      "geometry": {
        "type": "Point",
        "coordinates": [
          -0.5244910772086133,
          53.26801388766005
        ]
      },
      "properties": {
        "confidence": 0.9454726576805115,
        "image": "DJI_20250310144526_0065_W.JPG"
      }
    },
    {
      "type": "Feature",
      "geometry": {
        "type": "Point",
        "coordinates": [
          -0.5244932268780731,
          53.26801672017293
        ]
      },
      "properties": {
        "confidence": 0.8940274119377136,
        "image": "DJI_20250310144526_0065_W.JPG"
      }
    },
    {
      "type": "Feature",
      "geometry": {
        "type": "Point",
        "coordinates": [
          -0.5242641683640481,
          53.26803366250685
        ]
      },
      "properties": {
        "confidence": 0.8918126225471497,
        "image": "DJI_20250310144526_0065_W.JPG"
      }
    },
    {
      "type": "Feature",
      "geometry": {
        "type": "Point",
        "coordinates": [
          -0.5244964168404656,
          53.26801546696325
        ]
      },
      "properties": {
        "confidence": 0.8504179120063782,
        "image": "DJI_20250310144526_0065_W.JPG"
      }
    },
    {
      "type": "Feature",
      "geometry": {
        "type": "Point",
        "coordinates": [
          -0.5243921578123594,
          53.268092206556474
        ]
      },
      "properties": {
        "confidence": 0.8118360638618469,
        "image": "DJI_20250310144526_0065_W.JPG"
      }
    },
    {
      "type": "Feature",
      "geometry": {
        "type": "Point",
        "coordinates": [
          -0.5243925610760594,
          53.268093886646525
        ]
      },
      "properties": {
        "confidence": 0.737521231174469,
        "image": "DJI_20250310144526_0065_W.JPG"
      }
    },
    {
      "type": "Feature",
      "geometry": {
        "type": "Point",
        "coordinates": [
          -0.524370885999277,
          53.268087150727354
        ]
      },
      "properties": {
        "confidence": 0.9965788722038269,
        "image": "DJI_20250310144401_0020_W.JPG"
      }
    },
    {
      "type": "Feature",
      "geometry": {
        "type": "Point",
        "coordinates": [
          -0.524406393948958,
          53.26808309455885
        ]
      },
      "properties": {
        "confidence": 0.9791415333747864,
        "image": "DJI_20250310144401_0020_W.JPG"
      }
    },
    {
      "type": "Feature",
      "geometry": {
        "type": "Point",
        "coordinates": [
          -0.5245405363269076,
          53.26817677755941
        ]
      },
      "properties": {
        "confidence": 0.9183151721954346,
        "image": "DJI_20250310144401_0020_W.JPG"
      }
    },
    {
      "type": "Feature",
      "geometry": {
        "type": "Point",
        "coordinates": [
          -0.5245437813958713,
          53.26817228215494
        ]
      },
      "properties": {
        "confidence": 0.9170641899108887,
        "image": "DJI_20250310144401_0020_W.JPG"
      }
    },
    {
      "type": "Feature",
      "geometry": {
        "type": "Point",
        "coordinates": [
          -0.5244797375601673,
          53.26807554811102
        ]
      },
      "properties": {
        "confidence": 0.9086824059486389,
        "image": "DJI_20250310144401_0020_W.JPG"
      }
    },
    {
      "type": "Feature",
      "geometry": {
        "type": "Point",
        "coordinates": [
          -0.5245535815010292,
          53.268067969684445
        ]
      },
      "properties": {
        "confidence": 0.8129448294639587,
        "image": "DJI_20250310144401_0020_W.JPG"
      }
    },
    {
      "type": "Feature",
      "geometry": {
        "type": "Point",
        "coordinates": [
          -0.5244310959822932,
          53.26818281959283
        ]
      },
      "properties": {
        "confidence": 0.79006028175354,
        "image": "DJI_20250310144401_0020_W.JPG"
      }
    },
    {
      "type": "Feature",
      "geometry": {
        "type": "Point",
        "coordinates": [
          -0.5244336548412433,
          53.26807706417392
        ]
      },
      "properties": {
        "confidence": 0.7308263778686523,
        "image": "DJI_20250310144401_0020_W.JPG"
      }
    },
    {
      "type": "Feature",
      "geometry": {
        "type": "Point",
        "coordinates": [
          -0.5245306793429134,
          53.26811694133976
        ]
      },
      "properties": {
        "confidence": 0.999313235282898,
        "image": "DJI_20250310144458_0050_W.JPG"
      }
    },
    {
      "type": "Feature",
      "geometry": {
        "type": "Point",
        "coordinates": [
          -0.524569047521097,
          53.268114407982196
        ]
      },
      "properties": {
        "confidence": 0.9990715980529785,
        "image": "DJI_20250310144458_0050_W.JPG"
      }
    },
    {
      "type": "Feature",
      "geometry": {
        "type": "Point",
        "coordinates": [
          -0.5246081001235409,
          53.26811010358754
        ]
      },
      "properties": {
        "confidence": 0.9918328523635864,
        "image": "DJI_20250310144458_0050_W.JPG"
      }
    },
    {
      "type": "Feature",
      "geometry": {
        "type": "Point",
        "coordinates": [
          -0.5244143582384095,
          53.26812616905002
        ]
      },
      "properties": {
        "confidence": 0.9881856441497803,
        "image": "DJI_20250310144458_0050_W.JPG"
      }
    },
    {
      "type": "Feature",
      "geometry": {
        "type": "Point",
        "coordinates": [
          -0.5244162911292274,
          53.26812842190348
        ]
      },
      "properties": {
        "confidence": 0.9731031060218811,
        "image": "DJI_20250310144458_0050_W.JPG"
      }
    },
    {
      "type": "Feature",
      "geometry": {
        "type": "Point",
        "coordinates": [
          -0.5243346371267635,
          53.26813369429495
        ]
      },
      "properties": {
        "confidence": 0.9587112069129944,
        "image": "DJI_20250310144458_0050_W.JPG"
      }
    },
    {
      "type": "Feature",
      "geometry": {
        "type": "Point",
        "coordinates": [
          -0.5243075503045792,
          53.268140362750955
        ]
      },
      "properties": {
        "confidence": 0.945235550403595,
        "image": "DJI_20250310144458_0050_W.JPG"
      }
    },
    {
      "type": "Feature",
      "geometry": {
        "type": "Point",
        "coordinates": [
          -0.5243739655368937,
          53.26812978827296
        ]
      },
      "properties": {
        "confidence": 0.9124644994735718,
        "image": "DJI_20250310144458_0050_W.JPG"
      }
    },
    {
      "type": "Feature",
      "geometry": {
        "type": "Point",
        "coordinates": [
          -0.5245444593673075,
          53.268168580519905
        ]
      },
      "properties": {
        "confidence": 0.9091382622718811,
        "image": "DJI_20250310144458_0050_W.JPG"
      }
    },
    {
      "type": "Feature",
      "geometry": {
        "type": "Point",
        "coordinates": [
          -0.5244265459680336,
          53.26817904409235
        ]
      },
      "properties": {
        "confidence": 0.8897494673728943,
        "image": "DJI_20250310144458_0050_W.JPG"
      }
    },
    {
      "type": "Feature",
      "geometry": {
        "type": "Point",
        "coordinates": [
          -0.5243428951198412,
          53.26813624366054
        ]
      },
      "properties": {
        "confidence": 0.8843275308609009,
        "image": "DJI_20250310144458_0050_W.JPG"
      }
    },
    {
      "type": "Feature",
      "geometry": {
        "type": "Point",
        "coordinates": [
          -0.5243799254359657,
          53.26813248937611
        ]
      },
      "properties": {
        "confidence": 0.8791412115097046,
        "image": "DJI_20250310144458_0050_W.JPG"
      }
    },
    {
      "type": "Feature",
      "geometry": {
        "type": "Point",
        "coordinates": [
          -0.5243014078039133,
          53.268138863943314
        ]
      },
      "properties": {
        "confidence": 0.8321736454963684,
        "image": "DJI_20250310144458_0050_W.JPG"
      }
    },
    {
      "type": "Feature",
      "geometry": {
        "type": "Point",
        "coordinates": [
          -0.5243906038870003,
          53.268182667011324
        ]
      },
      "properties": {
        "confidence": 0.8153074383735657,
        "image": "DJI_20250310144458_0050_W.JPG"
      }
    },
    {
      "type": "Feature",
      "geometry": {
        "type": "Point",
        "coordinates": [
          -0.5242948439280318,
          53.26813727393418
        ]
      },
      "properties": {
        "confidence": 0.7848695516586304,
        "image": "DJI_20250310144458_0050_W.JPG"
      }
    },
    {
      "type": "Feature",
      "geometry": {
        "type": "Point",
        "coordinates": [
          -0.5242986580116653,
          53.26813821233828
        ]
      },
      "properties": {
        "confidence": 0.7808192372322083,
        "image": "DJI_20250310144458_0050_W.JPG"
      }
    },
    {
      "type": "Feature",
      "geometry": {
        "type": "Point",
        "coordinates": [
          -0.5244851244671626,
          53.268122668651806
        ]
      },
      "properties": {
        "confidence": 0.9968994855880737,
        "image": "DJI_20250310144410_0025_W.JPG"
      }
    },
    {
      "type": "Feature",
      "geometry": {
        "type": "Point",
        "coordinates": [
          -0.5245245277757882,
          53.26812026915789
        ]
      },
      "properties": {
        "confidence": 0.9954350590705872,
        "image": "DJI_20250310144410_0025_W.JPG"
      }
    },
    {
      "type": "Feature",
      "geometry": {
        "type": "Point",
        "coordinates": [
          -0.5243830844964076,
          53.268137757032996
        ]
      },
      "properties": {
        "confidence": 0.9934419393539429,
        "image": "DJI_20250310144410_0025_W.JPG"
      }
    },
    {
      "type": "Feature",
      "geometry": {
        "type": "Point",
        "coordinates": [
          -0.5245224081351122,
          53.26811802506026
        ]
      },
      "properties": {
        "confidence": 0.9921678900718689,
        "image": "DJI_20250310144410_0025_W.JPG"
      }
    },
    {
      "type": "Feature",
      "geometry": {
        "type": "Point",
        "coordinates": [
          -0.5244096103491809,
          53.26813118349747
        ]
      },
      "properties": {
        "confidence": 0.9675255417823792,
        "image": "DJI_20250310144410_0025_W.JPG"
      }
    },
    {
      "type": "Feature",
      "geometry": {
        "type": "Point",
        "coordinates": [
          -0.5244965303451233,
          53.268174052335006
        ]
      },
      "properties": {
        "confidence": 0.9659454226493835,
        "image": "DJI_20250310144410_0025_W.JPG"
      }
    },
    {
      "type": "Feature",
      "geometry": {
        "type": "Point",
        "coordinates": [
          -0.524415575686066,
          53.268132884349555
        ]
      },
      "properties": {
        "confidence": 0.9453167915344238,
        "image": "DJI_20250310144410_0025_W.JPG"
      }
    },
    {
      "type": "Feature",
      "geometry": {
        "type": "Point",
        "coordinates": [
          -0.5244034873604647,
          53.268128600381104
        ]
      },
      "properties": {
        "confidence": 0.9063639640808105,
        "image": "DJI_20250310144410_0025_W.JPG"
      }
    },
    {
      "type": "Feature",
      "geometry": {
        "type": "Point",
        "coordinates": [
          -0.5244617193869218,
          53.268177824010166
        ]
      },
      "properties": {
        "confidence": 0.8810612559318542,
        "image": "DJI_20250310144410_0025_W.JPG"
      }
    },
    {
      "type": "Feature",
      "geometry": {
        "type": "Point",
        "coordinates": [
          -0.5245768208495524,
          53.268167373822884
        ]
      },
      "properties": {
        "confidence": 0.8708996176719666,
        "image": "DJI_20250310144410_0025_W.JPG"
      }
    },
    {
      "type": "Feature",
      "geometry": {
        "type": "Point",
        "coordinates": [
          -0.524788672699673,
          53.26818238815726
        ]
      },
      "properties": {
        "confidence": 0.8657734394073486,
        "image": "DJI_20250310144410_0025_W.JPG"
      }
    },
    {
      "type": "Feature",
      "geometry": {
        "type": "Point",
        "coordinates": [
          -0.5244525711448399,
          53.268176980977415
        ]
      },
      "properties": {
        "confidence": 0.8316896557807922,
        "image": "DJI_20250310144410_0025_W.JPG"
      }
    },
    {
      "type": "Feature",
      "geometry": {
        "type": "Point",
        "coordinates": [
          -0.524561222876902,
          53.268112331779726
        ]
      },
      "properties": {
        "confidence": 0.8030906319618225,
        "image": "DJI_20250310144410_0025_W.JPG"
      }
    },
    {
      "type": "Feature",
      "geometry": {
        "type": "Point",
        "coordinates": [
          -0.524444363828372,
          53.26812539285733
        ]
      },
      "properties": {
        "confidence": 0.7468708157539368,
        "image": "DJI_20250310144410_0025_W.JPG"
      }
    },
    {
      "type": "Feature",
      "geometry": {
        "type": "Point",
        "coordinates": [
          -0.5245377225522407,
          53.26817034871567
        ]
      },
      "properties": {
        "confidence": 0.7111584544181824,
        "image": "DJI_20250310144410_0025_W.JPG"
      }
    },
    {
      "type": "Feature",
      "geometry": {
        "type": "Point",
        "coordinates": [
          -0.5245487712968221,
          53.2680678542616
        ]
      },
      "properties": {
        "confidence": 0.9998182654380798,
        "image": "DJI_20250310144529_0066_W.JPG"
      }
    },
    {
      "type": "Feature",
      "geometry": {
        "type": "Point",
        "coordinates": [
          -0.524514466629048,
          53.268072112744015
        ]
      },
      "properties": {
        "confidence": 0.9997742772102356,
        "image": "DJI_20250310144529_0066_W.JPG"
      }
    },
    {
      "type": "Feature",
      "geometry": {
        "type": "Point",
        "coordinates": [
          -0.5244997655622708,
          53.26802064507942
        ]
      },
      "properties": {
        "confidence": 0.9993146657943726,
        "image": "DJI_20250310144529_0066_W.JPG"
      }
    },
    {
      "type": "Feature",
      "geometry": {
        "type": "Point",
        "coordinates": [
          -0.5244637632638252,
          53.2680242021412
        ]
      },
      "properties": {
        "confidence": 0.9992673993110657,
        "image": "DJI_20250310144529_0066_W.JPG"
      }
    },
    {
      "type": "Feature",
      "geometry": {
        "type": "Point",
        "coordinates": [
          -0.5242944535491573,
          53.267903488275856
        ]
      },
      "properties": {
        "confidence": 0.9979881048202515,
        "image": "DJI_20250310144529_0066_W.JPG"
      }
    },
    {
      "type": "Feature",
      "geometry": {
        "type": "Point",
        "coordinates": [
          -0.5244753441901876,
          53.26807485757866
        ]
      },
      "properties": {
        "confidence": 0.997787594795227,
        "image": "DJI_20250310144529_0066_W.JPG"
      }
    },
    {
      "type": "Feature",
      "geometry": {
        "type": "Point",
        "coordinates": [
          -0.5244139222845385,
          53.26813117664524
        ]
      },
      "properties": {
        "confidence": 0.9803978800773621,
        "image": "DJI_20250310144529_0066_W.JPG"
      }
    },
    {
      "type": "Feature",
      "geometry": {
        "type": "Point",
        "coordinates": [
          -0.5243024006224642,
          53.26814438648404
        ]
      },
      "properties": {
        "confidence": 0.9782944917678833,
        "image": "DJI_20250310144529_0066_W.JPG"
      }
    },
    {
      "type": "Feature",
      "geometry": {
        "type": "Point",
        "coordinates": [
          -0.5244239374763067,
          53.26802742789063
        ]
      },
      "properties": {
        "confidence": 0.9749072790145874,
        "image": "DJI_20250310144529_0066_W.JPG"
      }
    },
    {
      "type": "Feature",
      "geometry": {
        "type": "Point",
        "coordinates": [
          -0.5245070470302139,
          53.26802060960494
        ]
      },
      "properties": {
        "confidence": 0.9697293639183044,
        "image": "DJI_20250310144529_0066_W.JPG"
      }
    },
    {
      "type": "Feature",
      "geometry": {
        "type": "Point",
        "coordinates": [
          -0.5243770852727206,
          53.26813835163948
        ]
      },
      "properties": {
        "confidence": 0.946698009967804,
        "image": "DJI_20250310144529_0066_W.JPG"
      }
    },
    {
      "type": "Feature",
      "geometry": {
        "type": "Point",
        "coordinates": [
          -0.5244377346503443,
          53.268077820704846
        ]
      },
      "properties": {
        "confidence": 0.941277027130127,
        "image": "DJI_20250310144529_0066_W.JPG"
      }
    },
    {
      "type": "Feature",
      "geometry": {
        "type": "Point",
        "coordinates": [
          -0.524326876805861,
          53.268087868038656
        ]
      },
      "properties": {
        "confidence": 0.9226606488227844,
        "image": "DJI_20250310144529_0066_W.JPG"
      }
    },
    {
      "type": "Feature",
      "geometry": {
        "type": "Point",
        "coordinates": [
          -0.5243242481428833,
          53.26809027482691
        ]
      },
      "properties": {
        "confidence": 0.8992920517921448,
        "image": "DJI_20250310144529_0066_W.JPG"
      }
    },
    {
      "type": "Feature",
      "geometry": {
        "type": "Point",
        "coordinates": [
          -0.524364172225889,
          53.268087692880556
        ]
      },
      "properties": {
        "confidence": 0.8893478512763977,
        "image": "DJI_20250310144529_0066_W.JPG"
      }
    },
    {
      "type": "Feature",
      "geometry": {
        "type": "Point",
        "coordinates": [
          -0.5243407604160659,
          53.26813810017889
        ]
      },
      "properties": {
        "confidence": 0.8427526950836182,
        "image": "DJI_20250310144529_0066_W.JPG"
      }
    },
    {
      "type": "Feature",
      "geometry": {
        "type": "Point",
        "coordinates": [
          -0.5242877938980678,
          53.2680932944635
        ]
      },
      "properties": {
        "confidence": 0.8354058265686035,
        "image": "DJI_20250310144529_0066_W.JPG"
      }
    },
    {
      "type": "Feature",
      "geometry": {
        "type": "Point",
        "coordinates": [
          -0.5243008605838807,
          53.268148351251774
        ]
      },
      "properties": {
        "confidence": 0.7361664772033691,
        "image": "DJI_20250310144529_0066_W.JPG"
      }
    },
    {
      "type": "Feature",
      "geometry": {
        "type": "Point",
        "coordinates": [
          -0.5243380122476942,
          53.268144448461875
        ]
      },
      "properties": {
        "confidence": 0.7203525304794312,
        "image": "DJI_20250310144529_0066_W.JPG"
      }
    },
    {
      "type": "Feature",
      "geometry": {
        "type": "Point",
        "coordinates": [
          -0.5248371691964563,
          53.26814896934561
        ]
      },
      "properties": {
        "confidence": 0.9993497729301453,
        "image": "DJI_20250310144332_0005_W.JPG"
      }
    },
    {
      "type": "Feature",
      "geometry": {
        "type": "Point",
        "coordinates": [
          -0.5245232560123251,
          53.26816178378092
        ]
      },
      "properties": {
        "confidence": 0.9907423853874207,
        "image": "DJI_20250310144332_0005_W.JPG"
      }
    },
    {
      "type": "Feature",
      "geometry": {
        "type": "Point",
        "coordinates": [
          -0.5248131266155879,
          53.26816705740105
        ]
      },
      "properties": {
        "confidence": 0.9877455830574036,
        "image": "DJI_20250310144332_0005_W.JPG"
      }
    },
    {
      "type": "Feature",
      "geometry": {
        "type": "Point",
        "coordinates": [
          -0.5245367371051646,
          53.268056794060115
        ]
      },
      "properties": {
        "confidence": 0.9866127967834473,
        "image": "DJI_20250310144332_0005_W.JPG"
      }
    },
    {
      "type": "Feature",
      "geometry": {
        "type": "Point",
        "coordinates": [
          -0.5244849267212841,
          53.26816541702005
        ]
      },
      "properties": {
        "confidence": 0.9804748892784119,
        "image": "DJI_20250310144332_0005_W.JPG"
      }
    },
    {
      "type": "Feature",
      "geometry": {
        "type": "Point",
        "coordinates": [
          -0.5248122872668673,
          53.26816879235829
        ]
      },
      "properties": {
        "confidence": 0.978366494178772,
        "image": "DJI_20250310144332_0005_W.JPG"
      }
    },
    {
      "type": "Feature",
      "geometry": {
        "type": "Point",
        "coordinates": [
          -0.5244983950787464,
          53.26806036865419
        ]
      },
      "properties": {
        "confidence": 0.9739518165588379,
        "image": "DJI_20250310144332_0005_W.JPG"
      }
    },
    {
      "type": "Feature",
      "geometry": {
        "type": "Point",
        "coordinates": [
          -0.5244608248744276,
          53.268063764027715
        ]
      },
      "properties": {
        "confidence": 0.9647244215011597,
        "image": "DJI_20250310144332_0005_W.JPG"
      }
    },
    {
      "type": "Feature",
      "geometry": {
        "type": "Point",
        "coordinates": [
          -0.5245614496570384,
          53.26815845924968
        ]
      },
      "properties": {
        "confidence": 0.8813916444778442,
        "image": "DJI_20250310144332_0005_W.JPG"
      }
    },
    {
      "type": "Feature",
      "geometry": {
        "type": "Point",
        "coordinates": [
          -0.5244925135831321,
          53.26801498203367
        ]
      },
      "properties": {
        "confidence": 0.9989421963691711,
        "image": "DJI_20250310144610_0087_W.JPG"
      }
    },
    {
      "type": "Feature",
      "geometry": {
        "type": "Point",
        "coordinates": [
          -0.5244607343031045,
          53.26801602999159
        ]
      },
      "properties": {
        "confidence": 0.998114824295044,
        "image": "DJI_20250310144610_0087_W.JPG"
      }
    },
    {
      "type": "Feature",
      "geometry": {
        "type": "Point",
        "coordinates": [
          -0.5244568613319776,
          53.26801741336557
        ]
      },
      "properties": {
        "confidence": 0.9977535605430603,
        "image": "DJI_20250310144610_0087_W.JPG"
      }
    },
    {
      "type": "Feature",
      "geometry": {
        "type": "Point",
        "coordinates": [
          -0.5245154985613605,
          53.26811215531487
        ]
      },
      "properties": {
        "confidence": 0.9967058300971985,
        "image": "DJI_20250310144610_0087_W.JPG"
      }
    },
    {
      "type": "Feature",
      "geometry": {
        "type": "Point",
        "coordinates": [
          -0.5243663172951519,
          53.268125482253595
        ]
      },
      "properties": {
        "confidence": 0.995539128780365,
        "image": "DJI_20250310144610_0087_W.JPG"
      }
    },
    {
      "type": "Feature",
      "geometry": {
        "type": "Point",
        "coordinates": [
          -0.5244081053381799,
          53.26812406828375
        ]
      },
      "properties": {
        "confidence": 0.9923428893089294,
        "image": "DJI_20250310144610_0087_W.JPG"
      }
    },
    {
      "type": "Feature",
      "geometry": {
        "type": "Point",
        "coordinates": [
          -0.5245224266314472,
          53.268114770815146
        ]
      },
      "properties": {
        "confidence": 0.9885192513465881,
        "image": "DJI_20250310144610_0087_W.JPG"
      }
    },
    {
      "type": "Feature",
      "geometry": {
        "type": "Point",
        "coordinates": [
          -0.5244486135398997,
          53.26812147007855
        ]
      },
      "properties": {
        "confidence": 0.9882661700248718,
        "image": "DJI_20250310144610_0087_W.JPG"
      }
    },
    {
      "type": "Feature",
      "geometry": {
        "type": "Point",
        "coordinates": [
          -0.5242515936259295,
          53.26813614679448
        ]
      },
      "properties": {
        "confidence": 0.9851014614105225,
        "image": "DJI_20250310144610_0087_W.JPG"
      }
    },
    {
      "type": "Feature",
      "geometry": {
        "type": "Point",
        "coordinates": [
          -0.5244842369643009,
          53.26811759823742
        ]
      },
      "properties": {
        "confidence": 0.9832663536071777,
        "image": "DJI_20250310144610_0087_W.JPG"
      }
    },
    {
      "type": "Feature",
      "geometry": {
        "type": "Point",
        "coordinates": [
          -0.5244779878050942,
          53.26811587137586
        ]
      },
      "properties": {
        "confidence": 0.9776150584220886,
        "image": "DJI_20250310144610_0087_W.JPG"
      }
    },
    {
      "type": "Feature",
      "geometry": {
        "type": "Point",
        "coordinates": [
          -0.5243836196975452,
          53.26802128353724
        ]
      },
      "properties": {
        "confidence": 0.977340579032898,
        "image": "DJI_20250310144610_0087_W.JPG"
      }
    },
    {
      "type": "Feature",
      "geometry": {
        "type": "Point",
        "coordinates": [
          -0.5243285942175957,
          53.2681284995702
        ]
      },
      "properties": {
        "confidence": 0.9680312275886536,
        "image": "DJI_20250310144610_0087_W.JPG"
      }
    },
    {
      "type": "Feature",
      "geometry": {
        "type": "Point",
        "coordinates": [
          -0.5244208552120064,
          53.268018680123504
        ]
      },
      "properties": {
        "confidence": 0.9593668580055237,
        "image": "DJI_20250310144610_0087_W.JPG"
      }
    },
    {
      "type": "Feature",
      "geometry": {
        "type": "Point",
        "coordinates": [
          -0.5243460165474506,
          53.26802368630151
        ]
      },
      "properties": {
        "confidence": 0.9261865615844727,
        "image": "DJI_20250310144610_0087_W.JPG"
      }
    },
    {
      "type": "Feature",
      "geometry": {
        "type": "Point",
        "coordinates": [
          -0.524344017141372,
          53.26802618938015
        ]
      },
      "properties": {
        "confidence": 0.9251932501792908,
        "image": "DJI_20250310144610_0087_W.JPG"
      }
    },
    {
      "type": "Feature",
      "geometry": {
        "type": "Point",
        "coordinates": [
          -0.5243067947471676,
          53.268026144690225
        ]
      },
      "properties": {
        "confidence": 0.8923528790473938,
        "image": "DJI_20250310144610_0087_W.JPG"
      }
    },
    {
      "type": "Feature",
      "geometry": {
        "type": "Point",
        "coordinates": [
          -0.5244731412844856,
          53.26806695338426
        ]
      },
      "properties": {
        "confidence": 0.8903749585151672,
        "image": "DJI_20250310144610_0087_W.JPG"
      }
    },
    {
      "type": "Feature",
      "geometry": {
        "type": "Point",
        "coordinates": [
          -0.5242894018906258,
          53.26813408264728
        ]
      },
      "properties": {
        "confidence": 0.7957186698913574,
        "image": "DJI_20250310144610_0087_W.JPG"
      }
    },
    {
      "type": "Feature",
      "geometry": {
        "type": "Point",
        "coordinates": [
          -0.5243804693064296,
          53.26813004617715
        ]
      },
      "properties": {
        "confidence": 0.9999589920043945,
        "image": "DJI_20250310144642_0104_W.JPG"
      }
    },
    {
      "type": "Feature",
      "geometry": {
        "type": "Point",
        "coordinates": [
          -0.5243442621597323,
          53.268131528060415
        ]
      },
      "properties": {
        "confidence": 0.9996346235275269,
        "image": "DJI_20250310144642_0104_W.JPG"
      }
    },
    {
      "type": "Feature",
      "geometry": {
        "type": "Point",
        "coordinates": [
          -0.5243049104129881,
          53.26813689685087
        ]
      },
      "properties": {
        "confidence": 0.9738302826881409,
        "image": "DJI_20250310144642_0104_W.JPG"
      }
    },
    {
      "type": "Feature",
      "geometry": {
        "type": "Point",
        "coordinates": [
          -0.5243998490102265,
          53.26817743787501
        ]
      },
      "properties": {
        "confidence": 0.9211817383766174,
        "image": "DJI_20250310144642_0104_W.JPG"
      }
    },
    {
      "type": "Feature",
      "geometry": {
        "type": "Point",
        "coordinates": [
          -0.5244534413590429,
          53.26812454984818
        ]
      },
      "properties": {
        "confidence": 0.7251154780387878,
        "image": "DJI_20250310144642_0104_W.JPG"
      }
    },
    {
      "type": "Feature",
      "geometry": {
        "type": "Point",
        "coordinates": [
          -0.5243559191682836,
          53.26807512342609
        ]
      },
      "properties": {
        "confidence": 0.9958114624023438,
        "image": "DJI_20250310144422_0031_W.JPG"
      }
    },
    {
      "type": "Feature",
      "geometry": {
        "type": "Point",
        "coordinates": [
          -0.5244141884214762,
          53.268172736605365
        ]
      },
      "properties": {
        "confidence": 0.9439355731010437,
        "image": "DJI_20250310144422_0031_W.JPG"
      }
    },
    {
      "type": "Feature",
      "geometry": {
        "type": "Point",
        "coordinates": [
          -0.5243930532562295,
          53.26807168702812
        ]
      },
      "properties": {
        "confidence": 0.9413338303565979,
        "image": "DJI_20250310144422_0031_W.JPG"
      }
    },
    {
      "type": "Feature",
      "geometry": {
        "type": "Point",
        "coordinates": [
          -0.5244904712409425,
          53.268166137620696
        ]
      },
      "properties": {
        "confidence": 0.939910888671875,
        "image": "DJI_20250310144422_0031_W.JPG"
      }
    },
    {
      "type": "Feature",
      "geometry": {
        "type": "Point",
        "coordinates": [
          -0.5243761622373203,
          53.26817590437601
        ]
      },
      "properties": {
        "confidence": 0.9044412970542908,
        "image": "DJI_20250310144422_0031_W.JPG"
      }
    },
    {
      "type": "Feature",
      "geometry": {
        "type": "Point",
        "coordinates": [
          -0.5246063988007978,
          53.268156685168734
        ]
      },
      "properties": {
        "confidence": 0.8929266929626465,
        "image": "DJI_20250310144422_0031_W.JPG"
      }
    },
    {
      "type": "Feature",
      "geometry": {
        "type": "Point",
        "coordinates": [
          -0.5243182557642934,
          53.26807813416749
        ]
      },
      "properties": {
        "confidence": 0.8838830590248108,
        "image": "DJI_20250310144422_0031_W.JPG"
      }
    },
    {
      "type": "Feature",
      "geometry": {
        "type": "Point",
        "coordinates": [
          -0.5244526440001492,
          53.268169644879805
        ]
      },
      "properties": {
        "confidence": 0.8600841760635376,
        "image": "DJI_20250310144422_0031_W.JPG"
      }
    },
    {
      "type": "Feature",
      "geometry": {
        "type": "Point",
        "coordinates": [
          -0.524505913838265,
          53.268063627593286
        ]
      },
      "properties": {
        "confidence": 0.8233238458633423,
        "image": "DJI_20250310144422_0031_W.JPG"
      }
    },
    {
      "type": "Feature",
      "geometry": {
        "type": "Point",
        "coordinates": [
          -0.5245554507912764,
          53.268108579302584
        ]
      },
      "properties": {
        "confidence": 0.8115381598472595,
        "image": "DJI_20250310144422_0031_W.JPG"
      }
    },
    {
      "type": "Feature",
      "geometry": {
        "type": "Point",
        "coordinates": [
          -0.5245435331387766,
          53.26805618350066
        ]
      },
      "properties": {
        "confidence": 0.7876335978507996,
        "image": "DJI_20250310144422_0031_W.JPG"
      }
    },
    {
      "type": "Feature",
      "geometry": {
        "type": "Point",
        "coordinates": [
          -0.5243844617671194,
          53.26806872718846
        ]
      },
      "properties": {
        "confidence": 0.7538067102432251,
        "image": "DJI_20250310144422_0031_W.JPG"
      }
    },
    {
      "type": "Feature",
      "geometry": {
        "type": "Point",
        "coordinates": [
          -0.5244216263534052,
          53.26801934834164
        ]
      },
      "properties": {
        "confidence": 0.9999545812606812,
        "image": "DJI_20250310144608_0086_W.JPG"
      }
    },
    {
      "type": "Feature",
      "geometry": {
        "type": "Point",
        "coordinates": [
          -0.5244584319899286,
          53.268017274032296
        ]
      },
      "properties": {
        "confidence": 0.9996858835220337,
        "image": "DJI_20250310144608_0086_W.JPG"
      }
    },
    {
      "type": "Feature",
      "geometry": {
        "type": "Point",
        "coordinates": [
          -0.5243830738742385,
          53.26802173288827
        ]
      },
      "properties": {
        "confidence": 0.9992444515228271,
        "image": "DJI_20250310144608_0086_W.JPG"
      }
    },
    {
      "type": "Feature",
      "geometry": {
        "type": "Point",
        "coordinates": [
          -0.5244893820286446,
          53.2680167991676
        ]
      },
      "properties": {
        "confidence": 0.9984486103057861,
        "image": "DJI_20250310144608_0086_W.JPG"
      }
    },
    {
      "type": "Feature",
      "geometry": {
        "type": "Point",
        "coordinates": [
          -0.524512387504607,
          53.268112706463945
        ]
      },
      "properties": {
        "confidence": 0.9983615279197693,
        "image": "DJI_20250310144608_0086_W.JPG"
      }
    },
    {
      "type": "Feature",
      "geometry": {
        "type": "Point",
        "coordinates": [
          -0.5244974402014732,
          53.2680136963771
        ]
      },
      "properties": {
        "confidence": 0.9977428913116455,
        "image": "DJI_20250310144608_0086_W.JPG"
      }
    },
    {
      "type": "Feature",
      "geometry": {
        "type": "Point",
        "coordinates": [
          -0.5243670691505076,
          53.26812525066567
        ]
      },
      "properties": {
        "confidence": 0.992171049118042,
        "image": "DJI_20250310144608_0086_W.JPG"
      }
    },
    {
      "type": "Feature",
      "geometry": {
        "type": "Point",
        "coordinates": [
          -0.5244465504434761,
          53.268120223293295
        ]
      },
      "properties": {
        "confidence": 0.9833728671073914,
        "image": "DJI_20250310144608_0086_W.JPG"
      }
    },
    {
      "type": "Feature",
      "geometry": {
        "type": "Point",
        "coordinates": [
          -0.5245240580216871,
          53.26811408629955
        ]
      },
      "properties": {
        "confidence": 0.9752076268196106,
        "image": "DJI_20250310144608_0086_W.JPG"
      }
    },
    {
      "type": "Feature",
      "geometry": {
        "type": "Point",
        "coordinates": [
          -0.5244810427040222,
          53.26811659477404
        ]
      },
      "properties": {
        "confidence": 0.9635941982269287,
        "image": "DJI_20250310144608_0086_W.JPG"
      }
    },
    {
      "type": "Feature",
      "geometry": {
        "type": "Point",
        "coordinates": [
          -0.524489042494149,
          53.26811801244447
        ]
      },
      "properties": {
        "confidence": 0.9544639587402344,
        "image": "DJI_20250310144608_0086_W.JPG"
      }
    },
    {
      "type": "Feature",
      "geometry": {
        "type": "Point",
        "coordinates": [
          -0.5243299389218301,
          53.268129286276874
        ]
      },
      "properties": {
        "confidence": 0.9509440064430237,
        "image": "DJI_20250310144608_0086_W.JPG"
      }
    },
    {
      "type": "Feature",
      "geometry": {
        "type": "Point",
        "coordinates": [
          -0.5244771191322941,
          53.26806598162099
        ]
      },
      "properties": {
        "confidence": 0.9479486346244812,
        "image": "DJI_20250310144608_0086_W.JPG"
      }
    },
    {
      "type": "Feature",
      "geometry": {
        "type": "Point",
        "coordinates": [
          -0.5242914782455496,
          53.2681312997164
        ]
      },
      "properties": {
        "confidence": 0.9464496970176697,
        "image": "DJI_20250310144608_0086_W.JPG"
      }
    },
    {
      "type": "Feature",
      "geometry": {
        "type": "Point",
        "coordinates": [
          -0.5244045816597953,
          53.26812213651643
        ]
      },
      "properties": {
        "confidence": 0.9381440281867981,
        "image": "DJI_20250310144608_0086_W.JPG"
      }
    },
    {
      "type": "Feature",
      "geometry": {
        "type": "Point",
        "coordinates": [
          -0.5243071918446045,
          53.26802480417049
        ]
      },
      "properties": {
        "confidence": 0.9326303601264954,
        "image": "DJI_20250310144608_0086_W.JPG"
      }
    },
    {
      "type": "Feature",
      "geometry": {
        "type": "Point",
        "coordinates": [
          -0.5243450525200728,
          53.26802586535415
        ]
      },
      "properties": {
        "confidence": 0.921878457069397,
        "image": "DJI_20250310144608_0086_W.JPG"
      }
    },
    {
      "type": "Feature",
      "geometry": {
        "type": "Point",
        "coordinates": [
          -0.524307663939952,
          53.268029387351206
        ]
      },
      "properties": {
        "confidence": 0.9154554009437561,
        "image": "DJI_20250310144608_0086_W.JPG"
      }
    },
    {
      "type": "Feature",
      "geometry": {
        "type": "Point",
        "coordinates": [
          -0.5243385915888021,
          53.26817324623694
        ]
      },
      "properties": {
        "confidence": 0.7271437644958496,
        "image": "DJI_20250310144608_0086_W.JPG"
      }
    },
    {
      "type": "Feature",
      "geometry": {
        "type": "Point",
        "coordinates": [
          -0.5244700609450549,
          53.268066989514246
        ]
      },
      "properties": {
        "confidence": 0.7040932774543762,
        "image": "DJI_20250310144608_0086_W.JPG"
      }
    },
    {
      "type": "Feature",
      "geometry": {
        "type": "Point",
        "coordinates": [
          -0.5245271197696638,
          53.268123208416625
        ]
      },
      "properties": {
        "confidence": 0.995779275894165,
        "image": "DJI_20250310144349_0014_W.JPG"
      }
    },
    {
      "type": "Feature",
      "geometry": {
        "type": "Point",
        "coordinates": [
          -0.5245120447271735,
          53.268074062736304
        ]
      },
      "properties": {
        "confidence": 0.9829326868057251,
        "image": "DJI_20250310144349_0014_W.JPG"
      }
    },
    {
      "type": "Feature",
      "geometry": {
        "type": "Point",
        "coordinates": [
          -0.524563340125202,
          53.26812194240297
        ]
      },
      "properties": {
        "confidence": 0.9784303903579712,
        "image": "DJI_20250310144349_0014_W.JPG"
      }
    },
    {
      "type": "Feature",
      "geometry": {
        "type": "Point",
        "coordinates": [
          -0.5245242226294167,
          53.26812732469229
        ]
      },
      "properties": {
        "confidence": 0.9644591212272644,
        "image": "DJI_20250310144349_0014_W.JPG"
      }
    },
    {
      "type": "Feature",
      "geometry": {
        "type": "Point",
        "coordinates": [
          -0.5244752091391773,
          53.26807788337418
        ]
      },
      "properties": {
        "confidence": 0.9560714364051819,
        "image": "DJI_20250310144349_0014_W.JPG"
      }
    },
    {
      "type": "Feature",
      "geometry": {
        "type": "Point",
        "coordinates": [
          -0.5245479505152907,
          53.2680713030379
        ]
      },
      "properties": {
        "confidence": 0.9413819313049316,
        "image": "DJI_20250310144349_0014_W.JPG"
      }
    },
    {
      "type": "Feature",
      "geometry": {
        "type": "Point",
        "coordinates": [
          -0.5244732776441408,
          53.26807973992253
        ]
      },
      "properties": {
        "confidence": 0.9375022649765015,
        "image": "DJI_20250310144349_0014_W.JPG"
      }
    },
    {
      "type": "Feature",
      "geometry": {
        "type": "Point",
        "coordinates": [
          -0.5246025117982156,
          53.2681200877445
        ]
      },
      "properties": {
        "confidence": 0.9273555874824524,
        "image": "DJI_20250310144349_0014_W.JPG"
      }
    },
    {
      "type": "Feature",
      "geometry": {
        "type": "Point",
        "coordinates": [
          -0.5246009840746982,
          53.26811511519539
        ]
      },
      "properties": {
        "confidence": 0.8940008282661438,
        "image": "DJI_20250310144349_0014_W.JPG"
      }
    },
    {
      "type": "Feature",
      "geometry": {
        "type": "Point",
        "coordinates": [
          -0.5244594466620273,
          53.26802703262803
        ]
      },
      "properties": {
        "confidence": 0.8449170589447021,
        "image": "DJI_20250310144349_0014_W.JPG"
      }
    },
    {
      "type": "Feature",
      "geometry": {
        "type": "Point",
        "coordinates": [
          -0.5244215194586214,
          53.26803065148492
        ]
      },
      "properties": {
        "confidence": 0.7072064280509949,
        "image": "DJI_20250310144349_0014_W.JPG"
      }
    },
    {
      "type": "Feature",
      "geometry": {
        "type": "Point",
        "coordinates": [
          -0.5243181201704565,
          53.268036567245666
        ]
      },
      "properties": {
        "confidence": 0.9997143149375916,
        "image": "DJI_20250310144624_0094_W.JPG"
      }
    },
    {
      "type": "Feature",
      "geometry": {
        "type": "Point",
        "coordinates": [
          -0.52435016539096,
          53.268138415503685
        ]
      },
      "properties": {
        "confidence": 0.9992817044258118,
        "image": "DJI_20250310144624_0094_W.JPG"
      }
    },
    {
      "type": "Feature",
      "geometry": {
        "type": "Point",
        "coordinates": [
          -0.5244372048571148,
          53.268023722417354
        ]
      },
      "properties": {
        "confidence": 0.9982692003250122,
        "image": "DJI_20250310144624_0094_W.JPG"
      }
    },
    {
      "type": "Feature",
      "geometry": {
        "type": "Point",
        "coordinates": [
          -0.5244310198288626,
          53.26802530716307
        ]
      },
      "properties": {
        "confidence": 0.9949647188186646,
        "image": "DJI_20250310144624_0094_W.JPG"
      }
    },
    {
      "type": "Feature",
      "geometry": {
        "type": "Point",
        "coordinates": [
          -0.524386370224768,
          53.268132890003194
        ]
      },
      "properties": {
        "confidence": 0.993455708026886,
        "image": "DJI_20250310144624_0094_W.JPG"
      }
    },
    {
      "type": "Feature",
      "geometry": {
        "type": "Point",
        "coordinates": [
          -0.5243564547212554,
          53.268032213993
        ]
      },
      "properties": {
        "confidence": 0.9895929098129272,
        "image": "DJI_20250310144624_0094_W.JPG"
      }
    },
    {
      "type": "Feature",
      "geometry": {
        "type": "Point",
        "coordinates": [
          -0.524393816185719,
          53.26802863659173
        ]
      },
      "properties": {
        "confidence": 0.984276294708252,
        "image": "DJI_20250310144624_0094_W.JPG"
      }
    },
    {
      "type": "Feature",
      "geometry": {
        "type": "Point",
        "coordinates": [
          -0.5243332517216014,
          53.26808561550835
        ]
      },
      "properties": {
        "confidence": 0.959764301776886,
        "image": "DJI_20250310144624_0094_W.JPG"
      }
    },
    {
      "type": "Feature",
      "geometry": {
        "type": "Point",
        "coordinates": [
          -0.5243126512497764,
          53.2681428352622
        ]
      },
      "properties": {
        "confidence": 0.9579887986183167,
        "image": "DJI_20250310144624_0094_W.JPG"
      }
    },
    {
      "type": "Feature",
      "geometry": {
        "type": "Point",
        "coordinates": [
          -0.524401242553009,
          53.26802608043509
        ]
      },
      "properties": {
        "confidence": 0.9536614418029785,
        "image": "DJI_20250310144624_0094_W.JPG"
      }
    },
    {
      "type": "Feature",
      "geometry": {
        "type": "Point",
        "coordinates": [
          -0.5244312624724746,
          53.26813073435171
        ]
      },
      "properties": {
        "confidence": 0.9330304265022278,
        "image": "DJI_20250310144624_0094_W.JPG"
      }
    },
    {
      "type": "Feature",
      "geometry": {
        "type": "Point",
        "coordinates": [
          -0.5243941741876064,
          53.26813584054759
        ]
      },
      "properties": {
        "confidence": 0.8956897854804993,
        "image": "DJI_20250310144624_0094_W.JPG"
      }
    },
    {
      "type": "Feature",
      "geometry": {
        "type": "Point",
        "coordinates": [
          -0.5242814791911331,
          53.2680402175395
        ]
      },
      "properties": {
        "confidence": 0.8240454792976379,
        "image": "DJI_20250310144624_0094_W.JPG"
      }
    },
    {
      "type": "Feature",
      "geometry": {
        "type": "Point",
        "coordinates": [
          -0.5244613247410752,
          53.268124768857106
        ]
      },
      "properties": {
        "confidence": 0.8199246525764465,
        "image": "DJI_20250310144624_0094_W.JPG"
      }
    },
    {
      "type": "Feature",
      "geometry": {
        "type": "Point",
        "coordinates": [
          -0.524373053401096,
          53.268082120025056
        ]
      },
      "properties": {
        "confidence": 0.7648681998252869,
        "image": "DJI_20250310144624_0094_W.JPG"
      }
    },
    {
      "type": "Feature",
      "geometry": {
        "type": "Point",
        "coordinates": [
          -0.5242728491348672,
          53.26814859068449
        ]
      },
      "properties": {
        "confidence": 0.7204194664955139,
        "image": "DJI_20250310144624_0094_W.JPG"
      }
    },
    {
      "type": "Feature",
      "geometry": {
        "type": "Point",
        "coordinates": [
          -0.5244371562679041,
          53.268068214237765
        ]
      },
      "properties": {
        "confidence": 0.9984421133995056,
        "image": "DJI_20250310144603_0083_W.JPG"
      }
    },
    {
      "type": "Feature",
      "geometry": {
        "type": "Point",
        "coordinates": [
          -0.5245082912565141,
          53.26806493170882
        ]
      },
      "properties": {
        "confidence": 0.9974952936172485,
        "image": "DJI_20250310144603_0083_W.JPG"
      }
    },
    {
      "type": "Feature",
      "geometry": {
        "type": "Point",
        "coordinates": [
          -0.5243988797139472,
          53.26807069103681
        ]
      },
      "properties": {
        "confidence": 0.9915749430656433,
        "image": "DJI_20250310144603_0083_W.JPG"
      }
    },
    {
      "type": "Feature",
      "geometry": {
        "type": "Point",
        "coordinates": [
          -0.5244975534024099,
          53.26816812479475
        ]
      },
      "properties": {
        "confidence": 0.9834413528442383,
        "image": "DJI_20250310144603_0083_W.JPG"
      }
    },
    {
      "type": "Feature",
      "geometry": {
        "type": "Point",
        "coordinates": [
          -0.5245303542125728,
          53.268164439500865
        ]
      },
      "properties": {
        "confidence": 0.9826013445854187,
        "image": "DJI_20250310144603_0083_W.JPG"
      }
    },
    {
      "type": "Feature",
      "geometry": {
        "type": "Point",
        "coordinates": [
          -0.5244250140851591,
          53.26817552796944
        ]
      },
      "properties": {
        "confidence": 0.9800236821174622,
        "image": "DJI_20250310144603_0083_W.JPG"
      }
    },
    {
      "type": "Feature",
      "geometry": {
        "type": "Point",
        "coordinates": [
          -0.5242433441126291,
          53.26808302664809
        ]
      },
      "properties": {
        "confidence": 0.97264164686203,
        "image": "DJI_20250310144603_0083_W.JPG"
      }
    },
    {
      "type": "Feature",
      "geometry": {
        "type": "Point",
        "coordinates": [
          -0.5243590416564705,
          53.26807273633842
        ]
      },
      "properties": {
        "confidence": 0.9512056112289429,
        "image": "DJI_20250310144603_0083_W.JPG"
      }
    },
    {
      "type": "Feature",
      "geometry": {
        "type": "Point",
        "coordinates": [
          -0.5244688083088087,
          53.26817305268045
        ]
      },
      "properties": {
        "confidence": 0.9120723009109497,
        "image": "DJI_20250310144603_0083_W.JPG"
      }
    },
    {
      "type": "Feature",
      "geometry": {
        "type": "Point",
        "coordinates": [
          -0.5244754681909329,
          53.26806585383733
        ]
      },
      "properties": {
        "confidence": 0.8927029967308044,
        "image": "DJI_20250310144603_0083_W.JPG"
      }
    },
    {
      "type": "Feature",
      "geometry": {
        "type": "Point",
        "coordinates": [
          -0.524515378689052,
          53.26811448300018
        ]
      },
      "properties": {
        "confidence": 0.8471540212631226,
        "image": "DJI_20250310144603_0083_W.JPG"
      }
    },
    {
      "type": "Feature",
      "geometry": {
        "type": "Point",
        "coordinates": [
          -0.5242964697442164,
          53.2681378868737
        ]
      },
      "properties": {
        "confidence": 0.9987150430679321,
        "image": "DJI_20250310144551_0078_W.JPG"
      }
    },
    {
      "type": "Feature",
      "geometry": {
        "type": "Point",
        "coordinates": [
          -0.5242937831604604,
          53.26813737408972
        ]
      },
      "properties": {
        "confidence": 0.9985737800598145,
        "image": "DJI_20250310144551_0078_W.JPG"
      }
    },
    {
      "type": "Feature",
      "geometry": {
        "type": "Point",
        "coordinates": [
          -0.5243335784109958,
          53.268134518288136
        ]
      },
      "properties": {
        "confidence": 0.9957208037376404,
        "image": "DJI_20250310144551_0078_W.JPG"
      }
    },
    {
      "type": "Feature",
      "geometry": {
        "type": "Point",
        "coordinates": [
          -0.5243774648922929,
          53.26814737402747
        ]
      },
      "properties": {
        "confidence": 0.987837553024292,
        "image": "DJI_20250310144551_0078_W.JPG"
      }
    },
    {
      "type": "Feature",
      "geometry": {
        "type": "Point",
        "coordinates": [
          -0.524330682283332,
          53.26813122822224
        ]
      },
      "properties": {
        "confidence": 0.9825023412704468,
        "image": "DJI_20250310144551_0078_W.JPG"
      }
    },
    {
      "type": "Feature",
      "geometry": {
        "type": "Point",
        "coordinates": [
          -0.5243764766242061,
          53.26814407484535
        ]
      },
      "properties": {
        "confidence": 0.9229927062988281,
        "image": "DJI_20250310144551_0078_W.JPG"
      }
    },
    {
      "type": "Feature",
      "geometry": {
        "type": "Point",
        "coordinates": [
          -0.5243720326759393,
          53.268130411157806
        ]
      },
      "properties": {
        "confidence": 0.9173070788383484,
        "image": "DJI_20250310144551_0078_W.JPG"
      }
    },
    {
      "type": "Feature",
      "geometry": {
        "type": "Point",
        "coordinates": [
          -0.5243718254383176,
          53.26812663893914
        ]
      },
      "properties": {
        "confidence": 0.905663251876831,
        "image": "DJI_20250310144551_0078_W.JPG"
      }
    },
    {
      "type": "Feature",
      "geometry": {
        "type": "Point",
        "coordinates": [
          -0.5243469631910003,
          53.26818373131423
        ]
      },
      "properties": {
        "confidence": 0.8988311886787415,
        "image": "DJI_20250310144551_0078_W.JPG"
      }
    },
    {
      "type": "Feature",
      "geometry": {
        "type": "Point",
        "coordinates": [
          -0.524385167606717,
          53.268178705540755
        ]
      },
      "properties": {
        "confidence": 0.844389796257019,
        "image": "DJI_20250310144551_0078_W.JPG"
      }
    },
    {
      "type": "Feature",
      "geometry": {
        "type": "Point",
        "coordinates": [
          -0.5243367370177715,
          53.26814880759942
        ]
      },
      "properties": {
        "confidence": 0.8168965578079224,
        "image": "DJI_20250310144551_0078_W.JPG"
      }
    },
    {
      "type": "Feature",
      "geometry": {
        "type": "Point",
        "coordinates": [
          -0.5244808486176815,
          53.26823516561388
        ]
      },
      "properties": {
        "confidence": 0.8100248575210571,
        "image": "DJI_20250310144551_0078_W.JPG"
      }
    },
    {
      "type": "Feature",
      "geometry": {
        "type": "Point",
        "coordinates": [
          -0.5243804139551609,
          53.26815888605684
        ]
      },
      "properties": {
        "confidence": 0.7999665141105652,
        "image": "DJI_20250310144551_0078_W.JPG"
      }
    },
    {
      "type": "Feature",
      "geometry": {
        "type": "Point",
        "coordinates": [
          -0.5245011103080286,
          53.268169854232795
        ]
      },
      "properties": {
        "confidence": 0.7598621845245361,
        "image": "DJI_20250310144551_0078_W.JPG"
      }
    },
    {
      "type": "Feature",
      "geometry": {
        "type": "Point",
        "coordinates": [
          -0.5243071433765384,
          53.26818683127158
        ]
      },
      "properties": {
        "confidence": 0.7174109220504761,
        "image": "DJI_20250310144551_0078_W.JPG"
      }
    },
    {
      "type": "Feature",
      "geometry": {
        "type": "Point",
        "coordinates": [
          -0.5243096491902748,
          53.26818768281863
        ]
      },
      "properties": {
        "confidence": 0.7048049569129944,
        "image": "DJI_20250310144551_0078_W.JPG"
      }
    },
    {
      "type": "Feature",
      "geometry": {
        "type": "Point",
        "coordinates": [
          -0.5244715391311173,
          53.26802274896961
        ]
      },
      "properties": {
        "confidence": 0.9998924732208252,
        "image": "DJI_20250310144536_0069_W.JPG"
      }
    },
    {
      "type": "Feature",
      "geometry": {
        "type": "Point",
        "coordinates": [
          -0.5245059579850014,
          53.26802034701086
        ]
      },
      "properties": {
        "confidence": 0.99988853931427,
        "image": "DJI_20250310144536_0069_W.JPG"
      }
    },
    {
      "type": "Feature",
      "geometry": {
        "type": "Point",
        "coordinates": [
          -0.5245083760741049,
          53.26801912223634
        ]
      },
      "properties": {
        "confidence": 0.9998856782913208,
        "image": "DJI_20250310144536_0069_W.JPG"
      }
    },
    {
      "type": "Feature",
      "geometry": {
        "type": "Point",
        "coordinates": [
          -0.5243476122656393,
          53.26813882954748
        ]
      },
      "properties": {
        "confidence": 0.9985631108283997,
        "image": "DJI_20250310144536_0069_W.JPG"
      }
    },
    {
      "type": "Feature",
      "geometry": {
        "type": "Point",
        "coordinates": [
          -0.5243072172862968,
          53.26814411030346
        ]
      },
      "properties": {
        "confidence": 0.9977232813835144,
        "image": "DJI_20250310144536_0069_W.JPG"
      }
    },
    {
      "type": "Feature",
      "geometry": {
        "type": "Point",
        "coordinates": [
          -0.524432183923761,
          53.2680276067744
        ]
      },
      "properties": {
        "confidence": 0.9973004460334778,
        "image": "DJI_20250310144536_0069_W.JPG"
      }
    },
    {
      "type": "Feature",
      "geometry": {
        "type": "Point",
        "coordinates": [
          -0.5245451576970638,
          53.26801633336007
        ]
      },
      "properties": {
        "confidence": 0.9966289401054382,
        "image": "DJI_20250310144536_0069_W.JPG"
      }
    },
    {
      "type": "Feature",
      "geometry": {
        "type": "Point",
        "coordinates": [
          -0.5245009878541849,
          53.26812346691831
        ]
      },
      "properties": {
        "confidence": 0.9939361214637756,
        "image": "DJI_20250310144536_0069_W.JPG"
      }
    },
    {
      "type": "Feature",
      "geometry": {
        "type": "Point",
        "coordinates": [
          -0.5245043453290672,
          53.268125282218335
        ]
      },
      "properties": {
        "confidence": 0.9936903715133667,
        "image": "DJI_20250310144536_0069_W.JPG"
      }
    },
    {
      "type": "Feature",
      "geometry": {
        "type": "Point",
        "coordinates": [
          -0.5245373412215403,
          53.2681193937942
        ]
      },
      "properties": {
        "confidence": 0.985722541809082,
        "image": "DJI_20250310144536_0069_W.JPG"
      }
    },
    {
      "type": "Feature",
      "geometry": {
        "type": "Point",
        "coordinates": [
          -0.5245704475431288,
          53.26811528638479
        ]
      },
      "properties": {
        "confidence": 0.9793002009391785,
        "image": "DJI_20250310144536_0069_W.JPG"
      }
    },
    {
      "type": "Feature",
      "geometry": {
        "type": "Point",
        "coordinates": [
          -0.5244247369658619,
          53.26813219354281
        ]
      },
      "properties": {
        "confidence": 0.9786465764045715,
        "image": "DJI_20250310144536_0069_W.JPG"
      }
    },
    {
      "type": "Feature",
      "geometry": {
        "type": "Point",
        "coordinates": [
          -0.52454208043149,
          53.26812100304146
        ]
      },
      "properties": {
        "confidence": 0.9730316400527954,
        "image": "DJI_20250310144536_0069_W.JPG"
      }
    },
    {
      "type": "Feature",
      "geometry": {
        "type": "Point",
        "coordinates": [
          -0.5244901064103474,
          53.268073074973564
        ]
      },
      "properties": {
        "confidence": 0.93560791015625,
        "image": "DJI_20250310144536_0069_W.JPG"
      }
    },
    {
      "type": "Feature",
      "geometry": {
        "type": "Point",
        "coordinates": [
          -0.5245601636274603,
          53.2680659892518
        ]
      },
      "properties": {
        "confidence": 0.9247180819511414,
        "image": "DJI_20250310144536_0069_W.JPG"
      }
    },
    {
      "type": "Feature",
      "geometry": {
        "type": "Point",
        "coordinates": [
          -0.5244638952406382,
          53.268127944102595
        ]
      },
      "properties": {
        "confidence": 0.9177088737487793,
        "image": "DJI_20250310144536_0069_W.JPG"
      }
    },
    {
      "type": "Feature",
      "geometry": {
        "type": "Point",
        "coordinates": [
          -0.524557168728831,
          53.26806623710928
        ]
      },
      "properties": {
        "confidence": 0.8960179686546326,
        "image": "DJI_20250310144536_0069_W.JPG"
      }
    },
    {
      "type": "Feature",
      "geometry": {
        "type": "Point",
        "coordinates": [
          -0.5242816098246863,
          53.268042197316895
        ]
      },
      "properties": {
        "confidence": 0.8635032176971436,
        "image": "DJI_20250310144536_0069_W.JPG"
      }
    },
    {
      "type": "Feature",
      "geometry": {
        "type": "Point",
        "coordinates": [
          -0.5245525569948756,
          53.2680134842995
        ]
      },
      "properties": {
        "confidence": 0.7425268888473511,
        "image": "DJI_20250310144536_0069_W.JPG"
      }
    },
    {
      "type": "Feature",
      "geometry": {
        "type": "Point",
        "coordinates": [
          -0.5244000933137689,
          53.26807031334423
        ]
      },
      "properties": {
        "confidence": 0.9977453351020813,
        "image": "DJI_20250310144601_0082_W.JPG"
      }
    },
    {
      "type": "Feature",
      "geometry": {
        "type": "Point",
        "coordinates": [
          -0.5244381676618889,
          53.26806809521987
        ]
      },
      "properties": {
        "confidence": 0.9976406097412109,
        "image": "DJI_20250310144601_0082_W.JPG"
      }
    },
    {
      "type": "Feature",
      "geometry": {
        "type": "Point",
        "coordinates": [
          -0.5245053841283189,
          53.26806714992053
        ]
      },
      "properties": {
        "confidence": 0.9906540513038635,
        "image": "DJI_20250310144601_0082_W.JPG"
      }
    },
    {
      "type": "Feature",
      "geometry": {
        "type": "Point",
        "coordinates": [
          -0.5243598695712731,
          53.26807552521802
        ]
      },
      "properties": {
        "confidence": 0.9844793677330017,
        "image": "DJI_20250310144601_0082_W.JPG"
      }
    },
    {
      "type": "Feature",
      "geometry": {
        "type": "Point",
        "coordinates": [
          -0.5244891079536578,
          53.26811560124931
        ]
      },
      "properties": {
        "confidence": 0.9663813710212708,
        "image": "DJI_20250310144601_0082_W.JPG"
      }
    },
    {
      "type": "Feature",
      "geometry": {
        "type": "Point",
        "coordinates": [
          -0.5242451111367784,
          53.26808343784082
        ]
      },
      "properties": {
        "confidence": 0.9647746086120605,
        "image": "DJI_20250310144601_0082_W.JPG"
      }
    },
    {
      "type": "Feature",
      "geometry": {
        "type": "Point",
        "coordinates": [
          -0.5244860904517258,
          53.26811640923884
        ]
      },
      "properties": {
        "confidence": 0.9574085474014282,
        "image": "DJI_20250310144601_0082_W.JPG"
      }
    },
    {
      "type": "Feature",
      "geometry": {
        "type": "Point",
        "coordinates": [
          -0.5243713182844432,
          53.26812528340165
        ]
      },
      "properties": {
        "confidence": 0.9303568601608276,
        "image": "DJI_20250310144601_0082_W.JPG"
      }
    },
    {
      "type": "Feature",
      "geometry": {
        "type": "Point",
        "coordinates": [
          -0.5244985445531827,
          53.268167798234934
        ]
      },
      "properties": {
        "confidence": 0.9258581399917603,
        "image": "DJI_20250310144601_0082_W.JPG"
      }
    },
    {
      "type": "Feature",
      "geometry": {
        "type": "Point",
        "coordinates": [
          -0.5244772853247028,
          53.268065283676144
        ]
      },
      "properties": {
        "confidence": 0.9211218357086182,
        "image": "DJI_20250310144601_0082_W.JPG"
      }
    },
    {
      "type": "Feature",
      "geometry": {
        "type": "Point",
        "coordinates": [
          -0.5243216762370904,
          53.26808003638738
        ]
      },
      "properties": {
        "confidence": 0.8903073668479919,
        "image": "DJI_20250310144601_0082_W.JPG"
      }
    },
    {
      "type": "Feature",
      "geometry": {
        "type": "Point",
        "coordinates": [
          -0.5244121630386096,
          53.268121444102576
        ]
      },
      "properties": {
        "confidence": 0.8635975122451782,
        "image": "DJI_20250310144601_0082_W.JPG"
      }
    },
    {
      "type": "Feature",
      "geometry": {
        "type": "Point",
        "coordinates": [
          -0.5244090540161904,
          53.26812262205706
        ]
      },
      "properties": {
        "confidence": 0.8552547693252563,
        "image": "DJI_20250310144601_0082_W.JPG"
      }
    },
    {
      "type": "Feature",
      "geometry": {
        "type": "Point",
        "coordinates": [
          -0.524472505432006,
          53.268067003251716
        ]
      },
      "properties": {
        "confidence": 0.821229875087738,
        "image": "DJI_20250310144601_0082_W.JPG"
      }
    },
    {
      "type": "Feature",
      "geometry": {
        "type": "Point",
        "coordinates": [
          -0.5244696578832221,
          53.26806971286426
        ]
      },
      "properties": {
        "confidence": 0.785295307636261,
        "image": "DJI_20250310144601_0082_W.JPG"
      }
    },
    {
      "type": "Feature",
      "geometry": {
        "type": "Point",
        "coordinates": [
          -0.5245154430765857,
          53.26811501905394
        ]
      },
      "properties": {
        "confidence": 0.767309844493866,
        "image": "DJI_20250310144601_0082_W.JPG"
      }
    },
    {
      "type": "Feature",
      "geometry": {
        "type": "Point",
        "coordinates": [
          -0.5245384859765759,
          53.26805738833068
        ]
      },
      "properties": {
        "confidence": 0.9955270886421204,
        "image": "DJI_20250310144345_0012_W.JPG"
      }
    },
    {
      "type": "Feature",
      "geometry": {
        "type": "Point",
        "coordinates": [
          -0.5245007709878527,
          53.26806043736946
        ]
      },
      "properties": {
        "confidence": 0.9102796912193298,
        "image": "DJI_20250310144345_0012_W.JPG"
      }
    },
    {
      "type": "Feature",
      "geometry": {
        "type": "Point",
        "coordinates": [
          -0.5244634343034372,
          53.26806429342159
        ]
      },
      "properties": {
        "confidence": 0.8523639440536499,
        "image": "DJI_20250310144345_0012_W.JPG"
      }
    },
    {
      "type": "Feature",
      "geometry": {
        "type": "Point",
        "coordinates": [
          -0.5244792656474906,
          53.26811496486251
        ]
      },
      "properties": {
        "confidence": 0.9969210624694824,
        "image": "DJI_20250310144430_0035_W.JPG"
      }
    },
    {
      "type": "Feature",
      "geometry": {
        "type": "Point",
        "coordinates": [
          -0.524592955080923,
          53.268104902626646
        ]
      },
      "properties": {
        "confidence": 0.9965909719467163,
        "image": "DJI_20250310144430_0035_W.JPG"
      }
    },
    {
      "type": "Feature",
      "geometry": {
        "type": "Point",
        "coordinates": [
          -0.5245557975493315,
          53.268108701253425
        ]
      },
      "properties": {
        "confidence": 0.9963319897651672,
        "image": "DJI_20250310144430_0035_W.JPG"
      }
    },
    {
      "type": "Feature",
      "geometry": {
        "type": "Point",
        "coordinates": [
          -0.5243296689798089,
          53.26812677757132
        ]
      },
      "properties": {
        "confidence": 0.994632363319397,
        "image": "DJI_20250310144430_0035_W.JPG"
      }
    },
    {
      "type": "Feature",
      "geometry": {
        "type": "Point",
        "coordinates": [
          -0.5244023707276568,
          53.26812138560402
        ]
      },
      "properties": {
        "confidence": 0.9875873923301697,
        "image": "DJI_20250310144430_0035_W.JPG"
      }
    },
    {
      "type": "Feature",
      "geometry": {
        "type": "Point",
        "coordinates": [
          -0.5245159349475813,
          53.26811409665108
        ]
      },
      "properties": {
        "confidence": 0.9358015060424805,
        "image": "DJI_20250310144430_0035_W.JPG"
      }
    },
    {
      "type": "Feature",
      "geometry": {
        "type": "Point",
        "coordinates": [
          -0.5243418500374637,
          53.268023814525726
        ]
      },
      "properties": {
        "confidence": 0.8610813617706299,
        "image": "DJI_20250310144430_0035_W.JPG"
      }
    },
    {
      "type": "Feature",
      "geometry": {
        "type": "Point",
        "coordinates": [
          -0.5244178531765391,
          53.268017484951265
        ]
      },
      "properties": {
        "confidence": 0.8543645143508911,
        "image": "DJI_20250310144430_0035_W.JPG"
      }
    },
    {
      "type": "Feature",
      "geometry": {
        "type": "Point",
        "coordinates": [
          -0.524344556007904,
          53.268022577725716
        ]
      },
      "properties": {
        "confidence": 0.7953221797943115,
        "image": "DJI_20250310144430_0035_W.JPG"
      }
    },
    {
      "type": "Feature",
      "geometry": {
        "type": "Point",
        "coordinates": [
          -0.5243454856190817,
          53.26802440302677
        ]
      },
      "properties": {
        "confidence": 0.7890894412994385,
        "image": "DJI_20250310144430_0035_W.JPG"
      }
    },
    {
      "type": "Feature",
      "geometry": {
        "type": "Point",
        "coordinates": [
          -0.5244389085122675,
          53.268120770879406
        ]
      },
      "properties": {
        "confidence": 0.7135680317878723,
        "image": "DJI_20250310144430_0035_W.JPG"
      }
    },
    {
      "type": "Feature",
      "geometry": {
        "type": "Point",
        "coordinates": [
          -0.5243658383447365,
          53.26812416015388
        ]
      },
      "properties": {
        "confidence": 0.7123287916183472,
        "image": "DJI_20250310144430_0035_W.JPG"
      }
    },
    {
      "type": "Feature",
      "geometry": {
        "type": "Point",
        "coordinates": [
          -0.5244411330126136,
          53.268118563121995
        ]
      },
      "properties": {
        "confidence": 0.7066996693611145,
        "image": "DJI_20250310144430_0035_W.JPG"
      }
    },
    {
      "type": "Feature",
      "geometry": {
        "type": "Point",
        "coordinates": [
          -0.5244591484441501,
          53.268121877704765
        ]
      },
      "properties": {
        "confidence": 0.9988393187522888,
        "image": "DJI_20250310144546_0075_W.JPG"
      }
    },
    {
      "type": "Feature",
      "geometry": {
        "type": "Point",
        "coordinates": [
          -0.5245715941322474,
          53.268112189310244
        ]
      },
      "properties": {
        "confidence": 0.9926284551620483,
        "image": "DJI_20250310144546_0075_W.JPG"
      }
    },
    {
      "type": "Feature",
      "geometry": {
        "type": "Point",
        "coordinates": [
          -0.5245681565128386,
          53.2681133581576
        ]
      },
      "properties": {
        "confidence": 0.992281973361969,
        "image": "DJI_20250310144546_0075_W.JPG"
      }
    },
    {
      "type": "Feature",
      "geometry": {
        "type": "Point",
        "coordinates": [
          -0.5244904796845536,
          53.26823739538966
        ]
      },
      "properties": {
        "confidence": 0.9622916579246521,
        "image": "DJI_20250310144546_0075_W.JPG"
      }
    },
    {
      "type": "Feature",
      "geometry": {
        "type": "Point",
        "coordinates": [
          -0.5245146052911408,
          53.26817025754857
        ]
      },
      "properties": {
        "confidence": 0.7885631918907166,
        "image": "DJI_20250310144546_0075_W.JPG"
      }
    },
    {
      "type": "Feature",
      "geometry": {
        "type": "Point",
        "coordinates": [
          -0.5243423297581176,
          53.26813374650381
        ]
      },
      "properties": {
        "confidence": 0.7454893589019775,
        "image": "DJI_20250310144546_0075_W.JPG"
      }
    },
    {
      "type": "Feature",
      "geometry": {
        "type": "Point",
        "coordinates": [
          -0.5245344960080807,
          53.26801785678236
        ]
      },
      "properties": {
        "confidence": 0.9973843693733215,
        "image": "DJI_20250310144439_0040_W.JPG"
      }
    },
    {
      "type": "Feature",
      "geometry": {
        "type": "Point",
        "coordinates": [
          -0.5243996915025632,
          53.268081863721484
        ]
      },
      "properties": {
        "confidence": 0.9941025376319885,
        "image": "DJI_20250310144439_0040_W.JPG"
      }
    },
    {
      "type": "Feature",
      "geometry": {
        "type": "Point",
        "coordinates": [
          -0.5243614275426178,
          53.26808581494459
        ]
      },
      "properties": {
        "confidence": 0.991908073425293,
        "image": "DJI_20250310144439_0040_W.JPG"
      }
    },
    {
      "type": "Feature",
      "geometry": {
        "type": "Point",
        "coordinates": [
          -0.5245851283282765,
          53.26806463420531
        ]
      },
      "properties": {
        "confidence": 0.9917199611663818,
        "image": "DJI_20250310144439_0040_W.JPG"
      }
    },
    {
      "type": "Feature",
      "geometry": {
        "type": "Point",
        "coordinates": [
          -0.5244108477523431,
          53.268132545105466
        ]
      },
      "properties": {
        "confidence": 0.9903562068939209,
        "image": "DJI_20250310144439_0040_W.JPG"
      }
    },
    {
      "type": "Feature",
      "geometry": {
        "type": "Point",
        "coordinates": [
          -0.52435784155973,
          53.26808820021359
        ]
      },
      "properties": {
        "confidence": 0.9869738817214966,
        "image": "DJI_20250310144439_0040_W.JPG"
      }
    },
    {
      "type": "Feature",
      "geometry": {
        "type": "Point",
        "coordinates": [
          -0.5244129191220626,
          53.26813432564154
        ]
      },
      "properties": {
        "confidence": 0.9865895509719849,
        "image": "DJI_20250310144439_0040_W.JPG"
      }
    },
    {
      "type": "Feature",
      "geometry": {
        "type": "Point",
        "coordinates": [
          -0.5244347456731231,
          53.268079310259125
        ]
      },
      "properties": {
        "confidence": 0.9844610095024109,
        "image": "DJI_20250310144439_0040_W.JPG"
      }
    },
    {
      "type": "Feature",
      "geometry": {
        "type": "Point",
        "coordinates": [
          -0.5243964817131777,
          53.26808326148224
        ]
      },
      "properties": {
        "confidence": 0.979838490486145,
        "image": "DJI_20250310144439_0040_W.JPG"
      }
    },
    {
      "type": "Feature",
      "geometry": {
        "type": "Point",
        "coordinates": [
          -0.5244864690491708,
          53.26812455326967
        ]
      },
      "properties": {
        "confidence": 0.9609270691871643,
        "image": "DJI_20250310144439_0040_W.JPG"
      }
    },
    {
      "type": "Feature",
      "geometry": {
        "type": "Point",
        "coordinates": [
          -0.524438180404662,
          53.268079031523705
        ]
      },
      "properties": {
        "confidence": 0.9570761919021606,
        "image": "DJI_20250310144439_0040_W.JPG"
      }
    },
    {
      "type": "Feature",
      "geometry": {
        "type": "Point",
        "coordinates": [
          -0.5244882324202486,
          53.26812885180109
        ]
      },
      "properties": {
        "confidence": 0.9538506269454956,
        "image": "DJI_20250310144439_0040_W.JPG"
      }
    },
    {
      "type": "Feature",
      "geometry": {
        "type": "Point",
        "coordinates": [
          -0.5244488769309761,
          53.26812769062912
        ]
      },
      "properties": {
        "confidence": 0.9490952491760254,
        "image": "DJI_20250310144439_0040_W.JPG"
      }
    },
    {
      "type": "Feature",
      "geometry": {
        "type": "Point",
        "coordinates": [
          -0.5244511524118024,
          53.268127415819016
        ]
      },
      "properties": {
        "confidence": 0.9445831775665283,
        "image": "DJI_20250310144439_0040_W.JPG"
      }
    },
    {
      "type": "Feature",
      "geometry": {
        "type": "Point",
        "coordinates": [
          -0.5245255842611871,
          53.26812311611659
        ]
      },
      "properties": {
        "confidence": 0.9409279823303223,
        "image": "DJI_20250310144439_0040_W.JPG"
      }
    },
    {
      "type": "Feature",
      "geometry": {
        "type": "Point",
        "coordinates": [
          -0.5245483801342279,
          53.26806802553905
        ]
      },
      "properties": {
        "confidence": 0.8926037549972534,
        "image": "DJI_20250310144439_0040_W.JPG"
      }
    },
    {
      "type": "Feature",
      "geometry": {
        "type": "Point",
        "coordinates": [
          -0.5244757546765196,
          53.26807689073238
        ]
      },
      "properties": {
        "confidence": 0.8613002300262451,
        "image": "DJI_20250310144439_0040_W.JPG"
      }
    },
    {
      "type": "Feature",
      "geometry": {
        "type": "Point",
        "coordinates": [
          -0.5245104395080269,
          53.26807093806653
        ]
      },
      "properties": {
        "confidence": 0.8144209384918213,
        "image": "DJI_20250310144439_0040_W.JPG"
      }
    },
    {
      "type": "Feature",
      "geometry": {
        "type": "Point",
        "coordinates": [
          -0.52449679817037,
          53.26802089176704
        ]
      },
      "properties": {
        "confidence": 0.7169751524925232,
        "image": "DJI_20250310144439_0040_W.JPG"
      }
    },
    {
      "type": "Feature",
      "geometry": {
        "type": "Point",
        "coordinates": [
          -0.5247866687709433,
          53.26818164314923
        ]
      },
      "properties": {
        "confidence": 0.9980731010437012,
        "image": "DJI_20250310144403_0021_W.JPG"
      }
    },
    {
      "type": "Feature",
      "geometry": {
        "type": "Point",
        "coordinates": [
          -0.5244044459294737,
          53.26808158024601
        ]
      },
      "properties": {
        "confidence": 0.9764897227287292,
        "image": "DJI_20250310144403_0021_W.JPG"
      }
    },
    {
      "type": "Feature",
      "geometry": {
        "type": "Point",
        "coordinates": [
          -0.5243708650640546,
          53.26808616761461
        ]
      },
      "properties": {
        "confidence": 0.9764623045921326,
        "image": "DJI_20250310144403_0021_W.JPG"
      }
    },
    {
      "type": "Feature",
      "geometry": {
        "type": "Point",
        "coordinates": [
          -0.5245126330218031,
          53.26806871168399
        ]
      },
      "properties": {
        "confidence": 0.976432740688324,
        "image": "DJI_20250310144403_0021_W.JPG"
      }
    },
    {
      "type": "Feature",
      "geometry": {
        "type": "Point",
        "coordinates": [
          -0.5244759564188703,
          53.26807296108069
        ]
      },
      "properties": {
        "confidence": 0.9589642882347107,
        "image": "DJI_20250310144403_0021_W.JPG"
      }
    },
    {
      "type": "Feature",
      "geometry": {
        "type": "Point",
        "coordinates": [
          -0.5245415445343885,
          53.26816992312452
        ]
      },
      "properties": {
        "confidence": 0.9492378830909729,
        "image": "DJI_20250310144403_0021_W.JPG"
      }
    },
    {
      "type": "Feature",
      "geometry": {
        "type": "Point",
        "coordinates": [
          -0.5245030831762593,
          53.26817381029486
        ]
      },
      "properties": {
        "confidence": 0.8704641461372375,
        "image": "DJI_20250310144403_0021_W.JPG"
      }
    },
    {
      "type": "Feature",
      "geometry": {
        "type": "Point",
        "coordinates": [
          -0.5243966015086686,
          53.26807958105198
        ]
      },
      "properties": {
        "confidence": 0.8594202995300293,
        "image": "DJI_20250310144403_0021_W.JPG"
      }
    },
    {
      "type": "Feature",
      "geometry": {
        "type": "Point",
        "coordinates": [
          -0.5247773881539087,
          53.26820105015817
        ]
      },
      "properties": {
        "confidence": 0.8293076753616333,
        "image": "DJI_20250310144403_0021_W.JPG"
      }
    },
    {
      "type": "Feature",
      "geometry": {
        "type": "Point",
        "coordinates": [
          -0.524432698934777,
          53.268075487748476
        ]
      },
      "properties": {
        "confidence": 0.8080629110336304,
        "image": "DJI_20250310144403_0021_W.JPG"
      }
    },
    {
      "type": "Feature",
      "geometry": {
        "type": "Point",
        "coordinates": [
          -0.5244983810638423,
          53.26817637325526
        ]
      },
      "properties": {
        "confidence": 0.7300852537155151,
        "image": "DJI_20250310144403_0021_W.JPG"
      }
    },
    {
      "type": "Feature",
      "geometry": {
        "type": "Point",
        "coordinates": [
          -0.5245508307610945,
          53.268066746561416
        ]
      },
      "properties": {
        "confidence": 0.7033755779266357,
        "image": "DJI_20250310144403_0021_W.JPG"
      }
    },
    {
      "type": "Feature",
      "geometry": {
        "type": "Point",
        "coordinates": [
          -0.524543731213882,
          53.26801651155392
        ]
      },
      "properties": {
        "confidence": 0.9993252754211426,
        "image": "DJI_20250310144446_0043_W.JPG"
      }
    },
    {
      "type": "Feature",
      "geometry": {
        "type": "Point",
        "coordinates": [
          -0.5242736812357341,
          53.268142384633116
        ]
      },
      "properties": {
        "confidence": 0.9988551139831543,
        "image": "DJI_20250310144446_0043_W.JPG"
      }
    },
    {
      "type": "Feature",
      "geometry": {
        "type": "Point",
        "coordinates": [
          -0.5244181972873159,
          53.268131412330234
        ]
      },
      "properties": {
        "confidence": 0.9986886382102966,
        "image": "DJI_20250310144446_0043_W.JPG"
      }
    },
    {
      "type": "Feature",
      "geometry": {
        "type": "Point",
        "coordinates": [
          -0.5244570396399648,
          53.26812896684361
        ]
      },
      "properties": {
        "confidence": 0.9891709685325623,
        "image": "DJI_20250310144446_0043_W.JPG"
      }
    },
    {
      "type": "Feature",
      "geometry": {
        "type": "Point",
        "coordinates": [
          -0.5242869372921147,
          53.26804192929671
        ]
      },
      "properties": {
        "confidence": 0.9868207573890686,
        "image": "DJI_20250310144446_0043_W.JPG"
      }
    },
    {
      "type": "Feature",
      "geometry": {
        "type": "Point",
        "coordinates": [
          -0.5245328326280956,
          53.26811931414204
        ]
      },
      "properties": {
        "confidence": 0.985873818397522,
        "image": "DJI_20250310144446_0043_W.JPG"
      }
    },
    {
      "type": "Feature",
      "geometry": {
        "type": "Point",
        "coordinates": [
          -0.5245060198100204,
          53.268019597483736
        ]
      },
      "properties": {
        "confidence": 0.9797561168670654,
        "image": "DJI_20250310144446_0043_W.JPG"
      }
    },
    {
      "type": "Feature",
      "geometry": {
        "type": "Point",
        "coordinates": [
          -0.5246097476047829,
          53.26811244782686
        ]
      },
      "properties": {
        "confidence": 0.9770484566688538,
        "image": "DJI_20250310144446_0043_W.JPG"
      }
    },
    {
      "type": "Feature",
      "geometry": {
        "type": "Point",
        "coordinates": [
          -0.5243544910787525,
          53.268033178169595
        ]
      },
      "properties": {
        "confidence": 0.9454002976417542,
        "image": "DJI_20250310144446_0043_W.JPG"
      }
    },
    {
      "type": "Feature",
      "geometry": {
        "type": "Point",
        "coordinates": [
          -0.5245727886734077,
          53.26811631837601
        ]
      },
      "properties": {
        "confidence": 0.9365129470825195,
        "image": "DJI_20250310144446_0043_W.JPG"
      }
    },
    {
      "type": "Feature",
      "geometry": {
        "type": "Point",
        "coordinates": [
          -0.5245748025121179,
          53.26811844994456
        ]
      },
      "properties": {
        "confidence": 0.9173993468284607,
        "image": "DJI_20250310144446_0043_W.JPG"
      }
    },
    {
      "type": "Feature",
      "geometry": {
        "type": "Point",
        "coordinates": [
          -0.5243907125537077,
          53.26803025020951
        ]
      },
      "properties": {
        "confidence": 0.8965429663658142,
        "image": "DJI_20250310144446_0043_W.JPG"
      }
    },
    {
      "type": "Feature",
      "geometry": {
        "type": "Point",
        "coordinates": [
          -0.524389710114468,
          53.26802811145364
        ]
      },
      "properties": {
        "confidence": 0.8910711407661438,
        "image": "DJI_20250310144446_0043_W.JPG"
      }
    },
    {
      "type": "Feature",
      "geometry": {
        "type": "Point",
        "coordinates": [
          -0.5244955604291377,
          53.26812368212033
        ]
      },
      "properties": {
        "confidence": 0.8775455355644226,
        "image": "DJI_20250310144446_0043_W.JPG"
      }
    },
    {
      "type": "Feature",
      "geometry": {
        "type": "Point",
        "coordinates": [
          -0.5243074557229109,
          53.26813991620761
        ]
      },
      "properties": {
        "confidence": 0.8652316927909851,
        "image": "DJI_20250310144446_0043_W.JPG"
      }
    },
    {
      "type": "Feature",
      "geometry": {
        "type": "Point",
        "coordinates": [
          -0.5245568277154234,
          53.268066062583515
        ]
      },
      "properties": {
        "confidence": 0.8544250130653381,
        "image": "DJI_20250310144446_0043_W.JPG"
      }
    },
    {
      "type": "Feature",
      "geometry": {
        "type": "Point",
        "coordinates": [
          -0.5246363225761022,
          53.26814668737351
        ]
      },
      "properties": {
        "confidence": 0.8097283244132996,
        "image": "DJI_20250310144446_0043_W.JPG"
      }
    },
    {
      "type": "Feature",
      "geometry": {
        "type": "Point",
        "coordinates": [
          -0.5244575424778666,
          53.2681256560219
        ]
      },
      "properties": {
        "confidence": 0.7973909974098206,
        "image": "DJI_20250310144446_0043_W.JPG"
      }
    },
    {
      "type": "Feature",
      "geometry": {
        "type": "Point",
        "coordinates": [
          -0.5243487535378052,
          53.268031173282495
        ]
      },
      "properties": {
        "confidence": 0.7897984385490417,
        "image": "DJI_20250310144446_0043_W.JPG"
      }
    },
    {
      "type": "Feature",
      "geometry": {
        "type": "Point",
        "coordinates": [
          -0.5244814122038677,
          53.26816450598037
        ]
      },
      "properties": {
        "confidence": 0.9930418729782104,
        "image": "DJI_20250310144325_0001_W.JPG"
      }
    },
    {
      "type": "Feature",
      "geometry": {
        "type": "Point",
        "coordinates": [
          -0.5244384232196503,
          53.26811852038034
        ]
      },
      "properties": {
        "confidence": 0.9913569688796997,
        "image": "DJI_20250310144325_0001_W.JPG"
      }
    },
    {
      "type": "Feature",
      "geometry": {
        "type": "Point",
        "coordinates": [
          -0.5248390098974083,
          53.26815114548934
        ]
      },
      "properties": {
        "confidence": 0.9908667802810669,
        "image": "DJI_20250310144325_0001_W.JPG"
      }
    },
    {
      "type": "Feature",
      "geometry": {
        "type": "Point",
        "coordinates": [
          -0.5245470907622639,
          53.268105194721514
        ]
      },
      "properties": {
        "confidence": 0.9844875931739807,
        "image": "DJI_20250310144325_0001_W.JPG"
      }
    },
    {
      "type": "Feature",
      "geometry": {
        "type": "Point",
        "coordinates": [
          -0.5248158868532498,
          53.26810993131493
        ]
      },
      "properties": {
        "confidence": 0.9742451310157776,
        "image": "DJI_20250310144325_0001_W.JPG"
      }
    },
    {
      "type": "Feature",
      "geometry": {
        "type": "Point",
        "coordinates": [
          -0.5248147936757716,
          53.268169229819875
        ]
      },
      "properties": {
        "confidence": 0.9693943858146667,
        "image": "DJI_20250310144325_0001_W.JPG"
      }
    },
    {
      "type": "Feature",
      "geometry": {
        "type": "Point",
        "coordinates": [
          -0.5247629612360073,
          53.268194403655976
        ]
      },
      "properties": {
        "confidence": 0.967684268951416,
        "image": "DJI_20250310144325_0001_W.JPG"
      }
    },
    {
      "type": "Feature",
      "geometry": {
        "type": "Point",
        "coordinates": [
          -0.5244717125044804,
          53.26811331348463
        ]
      },
      "properties": {
        "confidence": 0.9619984030723572,
        "image": "DJI_20250310144325_0001_W.JPG"
      }
    },
    {
      "type": "Feature",
      "geometry": {
        "type": "Point",
        "coordinates": [
          -0.5244449282500782,
          53.268168054751904
        ]
      },
      "properties": {
        "confidence": 0.9593155384063721,
        "image": "DJI_20250310144325_0001_W.JPG"
      }
    },
    {
      "type": "Feature",
      "geometry": {
        "type": "Point",
        "coordinates": [
          -0.5245075692402489,
          53.26810874115443
        ]
      },
      "properties": {
        "confidence": 0.9571036696434021,
        "image": "DJI_20250310144325_0001_W.JPG"
      }
    },
    {
      "type": "Feature",
      "geometry": {
        "type": "Point",
        "coordinates": [
          -0.5245194381664828,
          53.26816059914805
        ]
      },
      "properties": {
        "confidence": 0.9531353712081909,
        "image": "DJI_20250310144325_0001_W.JPG"
      }
    },
    {
      "type": "Feature",
      "geometry": {
        "type": "Point",
        "coordinates": [
          -0.5247757221593885,
          53.268197224986515
        ]
      },
      "properties": {
        "confidence": 0.8975028991699219,
        "image": "DJI_20250310144325_0001_W.JPG"
      }
    },
    {
      "type": "Feature",
      "geometry": {
        "type": "Point",
        "coordinates": [
          -0.5245590338007508,
          53.26815692781637
        ]
      },
      "properties": {
        "confidence": 0.7690636515617371,
        "image": "DJI_20250310144325_0001_W.JPG"
      }
    },
    {
      "type": "Feature",
      "geometry": {
        "type": "Point",
        "coordinates": [
          -0.5248118939799956,
          53.26818011826815
        ]
      },
      "properties": {
        "confidence": 0.7464904189109802,
        "image": "DJI_20250310144325_0001_W.JPG"
      }
    },
    {
      "type": "Feature",
      "geometry": {
        "type": "Point",
        "coordinates": [
          -0.5248286223541206,
          53.2681928180679
        ]
      },
      "properties": {
        "confidence": 0.7127170562744141,
        "image": "DJI_20250310144325_0001_W.JPG"
      }
    },
    {
      "type": "Feature",
      "geometry": {
        "type": "Point",
        "coordinates": [
          -0.5244709054626229,
          53.26802024131748
        ]
      },
      "properties": {
        "confidence": 0.9999624490737915,
        "image": "DJI_20250310144537_0070_W.JPG"
      }
    },
    {
      "type": "Feature",
      "geometry": {
        "type": "Point",
        "coordinates": [
          -0.5245076609499149,
          53.268016742207024
        ]
      },
      "properties": {
        "confidence": 0.9997062087059021,
        "image": "DJI_20250310144537_0070_W.JPG"
      }
    },
    {
      "type": "Feature",
      "geometry": {
        "type": "Point",
        "coordinates": [
          -0.5243451139566618,
          53.26813780300557
        ]
      },
      "properties": {
        "confidence": 0.999133288860321,
        "image": "DJI_20250310144537_0070_W.JPG"
      }
    },
    {
      "type": "Feature",
      "geometry": {
        "type": "Point",
        "coordinates": [
          -0.5244315319774101,
          53.26802378612826
        ]
      },
      "properties": {
        "confidence": 0.9965840578079224,
        "image": "DJI_20250310144537_0070_W.JPG"
      }
    },
    {
      "type": "Feature",
      "geometry": {
        "type": "Point",
        "coordinates": [
          -0.5243935225526533,
          53.26802819612734
        ]
      },
      "properties": {
        "confidence": 0.9938886165618896,
        "image": "DJI_20250310144537_0070_W.JPG"
      }
    },
    {
      "type": "Feature",
      "geometry": {
        "type": "Point",
        "coordinates": [
          -0.5243049033769808,
          53.268141757035835
        ]
      },
      "properties": {
        "confidence": 0.9912249445915222,
        "image": "DJI_20250310144537_0070_W.JPG"
      }
    },
    {
      "type": "Feature",
      "geometry": {
        "type": "Point",
        "coordinates": [
          -0.524511719700684,
          53.26817202404171
        ]
      },
      "properties": {
        "confidence": 0.9888532161712646,
        "image": "DJI_20250310144537_0070_W.JPG"
      }
    },
    {
      "type": "Feature",
      "geometry": {
        "type": "Point",
        "coordinates": [
          -0.5245460354594689,
          53.268013260191694
        ]
      },
      "properties": {
        "confidence": 0.9723182916641235,
        "image": "DJI_20250310144537_0070_W.JPG"
      }
    },
    {
      "type": "Feature",
      "geometry": {
        "type": "Point",
        "coordinates": [
          -0.5243325369408555,
          53.26808635171709
        ]
      },
      "properties": {
        "confidence": 0.97139972448349,
        "image": "DJI_20250310144537_0070_W.JPG"
      }
    },
    {
      "type": "Feature",
      "geometry": {
        "type": "Point",
        "coordinates": [
          -0.5245364493130192,
          53.268117336164686
        ]
      },
      "properties": {
        "confidence": 0.9643494486808777,
        "image": "DJI_20250310144537_0070_W.JPG"
      }
    },
    {
      "type": "Feature",
      "geometry": {
        "type": "Point",
        "coordinates": [
          -0.524549025569495,
          53.26801188356768
        ]
      },
      "properties": {
        "confidence": 0.9597641229629517,
        "image": "DJI_20250310144537_0070_W.JPG"
      }
    },
    {
      "type": "Feature",
      "geometry": {
        "type": "Point",
        "coordinates": [
          -0.5245400421117369,
          53.26811823955477
        ]
      },
      "properties": {
        "confidence": 0.955163300037384,
        "image": "DJI_20250310144537_0070_W.JPG"
      }
    },
    {
      "type": "Feature",
      "geometry": {
        "type": "Point",
        "coordinates": [
          -0.5245486509134243,
          53.26816780068549
        ]
      },
      "properties": {
        "confidence": 0.9326372742652893,
        "image": "DJI_20250310144537_0070_W.JPG"
      }
    },
    {
      "type": "Feature",
      "geometry": {
        "type": "Point",
        "coordinates": [
          -0.5245706729608769,
          53.26811322357227
        ]
      },
      "properties": {
        "confidence": 0.9296497702598572,
        "image": "DJI_20250310144537_0070_W.JPG"
      }
    },
    {
      "type": "Feature",
      "geometry": {
        "type": "Point",
        "coordinates": [
          -0.5244613433858566,
          53.268125028977146
        ]
      },
      "properties": {
        "confidence": 0.9244610667228699,
        "image": "DJI_20250310144537_0070_W.JPG"
      }
    },
    {
      "type": "Feature",
      "geometry": {
        "type": "Point",
        "coordinates": [
          -0.5244768311701525,
          53.268176951061555
        ]
      },
      "properties": {
        "confidence": 0.8948332667350769,
        "image": "DJI_20250310144537_0070_W.JPG"
      }
    },
    {
      "type": "Feature",
      "geometry": {
        "type": "Point",
        "coordinates": [
          -0.5244480704955641,
          53.26807421576431
        ]
      },
      "properties": {
        "confidence": 0.8934594988822937,
        "image": "DJI_20250310144537_0070_W.JPG"
      }
    },
    {
      "type": "Feature",
      "geometry": {
        "type": "Point",
        "coordinates": [
          -0.5245056289993516,
          53.268122423490205
        ]
      },
      "properties": {
        "confidence": 0.8527726531028748,
        "image": "DJI_20250310144537_0070_W.JPG"
      }
    },
    {
      "type": "Feature",
      "geometry": {
        "type": "Point",
        "coordinates": [
          -0.5244984364797874,
          53.26812115204495
        ]
      },
      "properties": {
        "confidence": 0.8278998136520386,
        "image": "DJI_20250310144537_0070_W.JPG"
      }
    },
    {
      "type": "Feature",
      "geometry": {
        "type": "Point",
        "coordinates": [
          -0.5244237748737797,
          53.26812964899376
        ]
      },
      "properties": {
        "confidence": 0.8060336112976074,
        "image": "DJI_20250310144537_0070_W.JPG"
      }
    },
    {
      "type": "Feature",
      "geometry": {
        "type": "Point",
        "coordinates": [
          -0.5243172110377499,
          53.2680347760567
        ]
      },
      "properties": {
        "confidence": 0.8048802614212036,
        "image": "DJI_20250310144537_0070_W.JPG"
      }
    },
    {
      "type": "Feature",
      "geometry": {
        "type": "Point",
        "coordinates": [
          -0.5244733929599199,
          53.26806821643087
        ]
      },
      "properties": {
        "confidence": 0.9961936473846436,
        "image": "DJI_20250310144414_0027_W.JPG"
      }
    },
    {
      "type": "Feature",
      "geometry": {
        "type": "Point",
        "coordinates": [
          -0.5244950851022566,
          53.268167048559036
        ]
      },
      "properties": {
        "confidence": 0.981977105140686,
        "image": "DJI_20250310144414_0027_W.JPG"
      }
    },
    {
      "type": "Feature",
      "geometry": {
        "type": "Point",
        "coordinates": [
          -0.5245193666055707,
          53.26811016015527
        ]
      },
      "properties": {
        "confidence": 0.9657968282699585,
        "image": "DJI_20250310144414_0027_W.JPG"
      }
    },
    {
      "type": "Feature",
      "geometry": {
        "type": "Point",
        "coordinates": [
          -0.5245331961274815,
          53.26816387380578
        ]
      },
      "properties": {
        "confidence": 0.9509125351905823,
        "image": "DJI_20250310144414_0027_W.JPG"
      }
    },
    {
      "type": "Feature",
      "geometry": {
        "type": "Point",
        "coordinates": [
          -0.5247122439360689,
          53.26812615971635
        ]
      },
      "properties": {
        "confidence": 0.9179855585098267,
        "image": "DJI_20250310144414_0027_W.JPG"
      }
    },
    {
      "type": "Feature",
      "geometry": {
        "type": "Point",
        "coordinates": [
          -0.5244832938155553,
          53.268115676721415
        ]
      },
      "properties": {
        "confidence": 0.9106284976005554,
        "image": "DJI_20250310144414_0027_W.JPG"
      }
    },
    {
      "type": "Feature",
      "geometry": {
        "type": "Point",
        "coordinates": [
          -0.5245184678369194,
          53.268107691007856
        ]
      },
      "properties": {
        "confidence": 0.9052590131759644,
        "image": "DJI_20250310144414_0027_W.JPG"
      }
    },
    {
      "type": "Feature",
      "geometry": {
        "type": "Point",
        "coordinates": [
          -0.5245582492422428,
          53.268109197727966
        ]
      },
      "properties": {
        "confidence": 0.8963748216629028,
        "image": "DJI_20250310144414_0027_W.JPG"
      }
    },
    {
      "type": "Feature",
      "geometry": {
        "type": "Point",
        "coordinates": [
          -0.524711887240783,
          53.26812319738519
        ]
      },
      "properties": {
        "confidence": 0.8657935857772827,
        "image": "DJI_20250310144414_0027_W.JPG"
      }
    },
    {
      "type": "Feature",
      "geometry": {
        "type": "Point",
        "coordinates": [
          -0.5245711264843446,
          53.26811534961194
        ]
      },
      "properties": {
        "confidence": 0.9983406066894531,
        "image": "DJI_20250310144442_0041_W.JPG"
      }
    },
    {
      "type": "Feature",
      "geometry": {
        "type": "Point",
        "coordinates": [
          -0.5245345777011717,
          53.26812121541159
        ]
      },
      "properties": {
        "confidence": 0.9980887770652771,
        "image": "DJI_20250310144442_0041_W.JPG"
      }
    },
    {
      "type": "Feature",
      "geometry": {
        "type": "Point",
        "coordinates": [
          -0.5245330744274234,
          53.268119647914325
        ]
      },
      "properties": {
        "confidence": 0.9972984194755554,
        "image": "DJI_20250310144442_0041_W.JPG"
      }
    },
    {
      "type": "Feature",
      "geometry": {
        "type": "Point",
        "coordinates": [
          -0.5244064624698404,
          53.26807931476242
        ]
      },
      "properties": {
        "confidence": 0.9924154281616211,
        "image": "DJI_20250310144442_0041_W.JPG"
      }
    },
    {
      "type": "Feature",
      "geometry": {
        "type": "Point",
        "coordinates": [
          -0.5245953056655043,
          53.26806220275947
        ]
      },
      "properties": {
        "confidence": 0.9918166995048523,
        "image": "DJI_20250310144442_0041_W.JPG"
      }
    },
    {
      "type": "Feature",
      "geometry": {
        "type": "Point",
        "coordinates": [
          -0.5244963474722978,
          53.26812564453221
        ]
      },
      "properties": {
        "confidence": 0.9791063070297241,
        "image": "DJI_20250310144442_0041_W.JPG"
      }
    },
    {
      "type": "Feature",
      "geometry": {
        "type": "Point",
        "coordinates": [
          -0.5245041622715263,
          53.26801946816962
        ]
      },
      "properties": {
        "confidence": 0.9639425873756409,
        "image": "DJI_20250310144442_0041_W.JPG"
      }
    },
    {
      "type": "Feature",
      "geometry": {
        "type": "Point",
        "coordinates": [
          -0.5243637303746022,
          53.26808511261677
        ]
      },
      "properties": {
        "confidence": 0.9562681317329407,
        "image": "DJI_20250310144442_0041_W.JPG"
      }
    },
    {
      "type": "Feature",
      "geometry": {
        "type": "Point",
        "coordinates": [
          -0.5243298848331039,
          53.26808699020137
        ]
      },
      "properties": {
        "confidence": 0.9504531025886536,
        "image": "DJI_20250310144442_0041_W.JPG"
      }
    },
    {
      "type": "Feature",
      "geometry": {
        "type": "Point",
        "coordinates": [
          -0.5245184543899281,
          53.26806894383469
        ]
      },
      "properties": {
        "confidence": 0.9261488318443298,
        "image": "DJI_20250310144442_0041_W.JPG"
      }
    },
    {
      "type": "Feature",
      "geometry": {
        "type": "Point",
        "coordinates": [
          -0.5244196660819936,
          53.268128921826126
        ]
      },
      "properties": {
        "confidence": 0.9158799648284912,
        "image": "DJI_20250310144442_0041_W.JPG"
      }
    },
    {
      "type": "Feature",
      "geometry": {
        "type": "Point",
        "coordinates": [
          -0.5245566801436617,
          53.268065586494984
        ]
      },
      "properties": {
        "confidence": 0.9152131080627441,
        "image": "DJI_20250310144442_0041_W.JPG"
      }
    },
    {
      "type": "Feature",
      "geometry": {
        "type": "Point",
        "coordinates": [
          -0.5244833309823779,
          53.26807376308844
        ]
      },
      "properties": {
        "confidence": 0.8995087146759033,
        "image": "DJI_20250310144442_0041_W.JPG"
      }
    },
    {
      "type": "Feature",
      "geometry": {
        "type": "Point",
        "coordinates": [
          -0.5243332981932197,
          53.26808575286627
        ]
      },
      "properties": {
        "confidence": 0.8746591210365295,
        "image": "DJI_20250310144442_0041_W.JPG"
      }
    },
    {
      "type": "Feature",
      "geometry": {
        "type": "Point",
        "coordinates": [
          -0.5243451351851446,
          53.2681356287458
        ]
      },
      "properties": {
        "confidence": 0.8371935486793518,
        "image": "DJI_20250310144442_0041_W.JPG"
      }
    },
    {
      "type": "Feature",
      "geometry": {
        "type": "Point",
        "coordinates": [
          -0.524607114564417,
          53.26811083042758
        ]
      },
      "properties": {
        "confidence": 0.8126499652862549,
        "image": "DJI_20250310144442_0041_W.JPG"
      }
    },
    {
      "type": "Feature",
      "geometry": {
        "type": "Point",
        "coordinates": [
          -0.5243245377687488,
          53.268088712376496
        ]
      },
      "properties": {
        "confidence": 0.791597306728363,
        "image": "DJI_20250310144442_0041_W.JPG"
      }
    },
    {
      "type": "Feature",
      "geometry": {
        "type": "Point",
        "coordinates": [
          -0.5245435895671566,
          53.26801549575203
        ]
      },
      "properties": {
        "confidence": 0.7484949827194214,
        "image": "DJI_20250310144442_0041_W.JPG"
      }
    },
    {
      "type": "Feature",
      "geometry": {
        "type": "Point",
        "coordinates": [
          -0.5245705455612582,
          53.268117873067126
        ]
      },
      "properties": {
        "confidence": 0.9987497329711914,
        "image": "DJI_20250310144444_0042_W.JPG"
      }
    },
    {
      "type": "Feature",
      "geometry": {
        "type": "Point",
        "coordinates": [
          -0.5245723954438744,
          53.26811912087342
        ]
      },
      "properties": {
        "confidence": 0.9985114932060242,
        "image": "DJI_20250310144444_0042_W.JPG"
      }
    },
    {
      "type": "Feature",
      "geometry": {
        "type": "Point",
        "coordinates": [
          -0.5245419551867848,
          53.26801618069962
        ]
      },
      "properties": {
        "confidence": 0.9977583885192871,
        "image": "DJI_20250310144444_0042_W.JPG"
      }
    },
    {
      "type": "Feature",
      "geometry": {
        "type": "Point",
        "coordinates": [
          -0.5244161104907578,
          53.26813283511319
        ]
      },
      "properties": {
        "confidence": 0.9940594434738159,
        "image": "DJI_20250310144444_0042_W.JPG"
      }
    },
    {
      "type": "Feature",
      "geometry": {
        "type": "Point",
        "coordinates": [
          -0.5245326749142459,
          53.26812108833787
        ]
      },
      "properties": {
        "confidence": 0.9898931384086609,
        "image": "DJI_20250310144444_0042_W.JPG"
      }
    },
    {
      "type": "Feature",
      "geometry": {
        "type": "Point",
        "coordinates": [
          -0.5245943917994076,
          53.26806281094358
        ]
      },
      "properties": {
        "confidence": 0.9780073761940002,
        "image": "DJI_20250310144444_0042_W.JPG"
      }
    },
    {
      "type": "Feature",
      "geometry": {
        "type": "Point",
        "coordinates": [
          -0.5246097772723815,
          53.268113257541486
        ]
      },
      "properties": {
        "confidence": 0.9730438590049744,
        "image": "DJI_20250310144444_0042_W.JPG"
      }
    },
    {
      "type": "Feature",
      "geometry": {
        "type": "Point",
        "coordinates": [
          -0.5243749439028765,
          53.268137935772664
        ]
      },
      "properties": {
        "confidence": 0.9682429432868958,
        "image": "DJI_20250310144444_0042_W.JPG"
      }
    },
    {
      "type": "Feature",
      "geometry": {
        "type": "Point",
        "coordinates": [
          -0.5244952867009591,
          53.26812582039362
        ]
      },
      "properties": {
        "confidence": 0.9582797884941101,
        "image": "DJI_20250310144444_0042_W.JPG"
      }
    },
    {
      "type": "Feature",
      "geometry": {
        "type": "Point",
        "coordinates": [
          -0.5243884332414962,
          53.26803060594975
        ]
      },
      "properties": {
        "confidence": 0.8811541795730591,
        "image": "DJI_20250310144444_0042_W.JPG"
      }
    },
    {
      "type": "Feature",
      "geometry": {
        "type": "Point",
        "coordinates": [
          -0.5243429347702333,
          53.268136713734
        ]
      },
      "properties": {
        "confidence": 0.8087124824523926,
        "image": "DJI_20250310144444_0042_W.JPG"
      }
    },
    {
      "type": "Feature",
      "geometry": {
        "type": "Point",
        "coordinates": [
          -0.5245171265017703,
          53.2680697590529
        ]
      },
      "properties": {
        "confidence": 0.7599875926971436,
        "image": "DJI_20250310144444_0042_W.JPG"
      }
    },
    {
      "type": "Feature",
      "geometry": {
        "type": "Point",
        "coordinates": [
          -0.5245882984409653,
          53.268042961840926
        ]
      },
      "properties": {
        "confidence": 0.7534744143486023,
        "image": "DJI_20250310144444_0042_W.JPG"
      }
    },
    {
      "type": "Feature",
      "geometry": {
        "type": "Point",
        "coordinates": [
          -0.5244561946291459,
          53.26812625728641
        ]
      },
      "properties": {
        "confidence": 0.7346276044845581,
        "image": "DJI_20250310144444_0042_W.JPG"
      }
    },
    {
      "type": "Feature",
      "geometry": {
        "type": "Point",
        "coordinates": [
          -0.524303063778921,
          53.26813787424329
        ]
      },
      "properties": {
        "confidence": 0.9934322834014893,
        "image": "DJI_20250310144550_0077_W.JPG"
      }
    },
    {
      "type": "Feature",
      "geometry": {
        "type": "Point",
        "coordinates": [
          -0.5244987947137856,
          53.2681154261384
        ]
      },
      "properties": {
        "confidence": 0.9853231906890869,
        "image": "DJI_20250310144550_0077_W.JPG"
      }
    },
    {
      "type": "Feature",
      "geometry": {
        "type": "Point",
        "coordinates": [
          -0.5245299710398006,
          53.26811740486525
        ]
      },
      "properties": {
        "confidence": 0.9850986003875732,
        "image": "DJI_20250310144550_0077_W.JPG"
      }
    },
    {
      "type": "Feature",
      "geometry": {
        "type": "Point",
        "coordinates": [
          -0.5245676984168428,
          53.268113959208605
        ]
      },
      "properties": {
        "confidence": 0.9831180572509766,
        "image": "DJI_20250310144550_0077_W.JPG"
      }
    },
    {
      "type": "Feature",
      "geometry": {
        "type": "Point",
        "coordinates": [
          -0.5242672316580659,
          53.26814287162691
        ]
      },
      "properties": {
        "confidence": 0.9763120412826538,
        "image": "DJI_20250310144550_0077_W.JPG"
      }
    },
    {
      "type": "Feature",
      "geometry": {
        "type": "Point",
        "coordinates": [
          -0.5244182831688703,
          53.268125857697015
        ]
      },
      "properties": {
        "confidence": 0.9624042510986328,
        "image": "DJI_20250310144550_0077_W.JPG"
      }
    },
    {
      "type": "Feature",
      "geometry": {
        "type": "Point",
        "coordinates": [
          -0.524342036267189,
          53.26813458901393
        ]
      },
      "properties": {
        "confidence": 0.8876832127571106,
        "image": "DJI_20250310144550_0077_W.JPG"
      }
    },
    {
      "type": "Feature",
      "geometry": {
        "type": "Point",
        "coordinates": [
          -0.5243175040699741,
          53.26818888260577
        ]
      },
      "properties": {
        "confidence": 0.8455788493156433,
        "image": "DJI_20250310144550_0077_W.JPG"
      }
    },
    {
      "type": "Feature",
      "geometry": {
        "type": "Point",
        "coordinates": [
          -0.5245138193874876,
          53.268168605691784
        ]
      },
      "properties": {
        "confidence": 0.8219887614250183,
        "image": "DJI_20250310144550_0077_W.JPG"
      }
    },
    {
      "type": "Feature",
      "geometry": {
        "type": "Point",
        "coordinates": [
          -0.5244556818399555,
          53.26812458095408
        ]
      },
      "properties": {
        "confidence": 0.794577419757843,
        "image": "DJI_20250310144550_0077_W.JPG"
      }
    },
    {
      "type": "Feature",
      "geometry": {
        "type": "Point",
        "coordinates": [
          -0.5243387404192796,
          53.268130260992564
        ]
      },
      "properties": {
        "confidence": 0.7542508840560913,
        "image": "DJI_20250310144550_0077_W.JPG"
      }
    },
    {
      "type": "Feature",
      "geometry": {
        "type": "Point",
        "coordinates": [
          -0.5245138360028956,
          53.26811270193474
        ]
      },
      "properties": {
        "confidence": 0.999470055103302,
        "image": "DJI_20250310144612_0088_W.JPG"
      }
    },
    {
      "type": "Feature",
      "geometry": {
        "type": "Point",
        "coordinates": [
          -0.5244214129107403,
          53.268021150894704
        ]
      },
      "properties": {
        "confidence": 0.9980946183204651,
        "image": "DJI_20250310144612_0088_W.JPG"
      }
    },
    {
      "type": "Feature",
      "geometry": {
        "type": "Point",
        "coordinates": [
          -0.5244095464196903,
          53.268126082131616
        ]
      },
      "properties": {
        "confidence": 0.9974706172943115,
        "image": "DJI_20250310144612_0088_W.JPG"
      }
    },
    {
      "type": "Feature",
      "geometry": {
        "type": "Point",
        "coordinates": [
          -0.5243699786166919,
          53.26812942025279
        ]
      },
      "properties": {
        "confidence": 0.9971228241920471,
        "image": "DJI_20250310144612_0088_W.JPG"
      }
    },
    {
      "type": "Feature",
      "geometry": {
        "type": "Point",
        "coordinates": [
          -0.5244866675603262,
          53.26811950453414
        ]
      },
      "properties": {
        "confidence": 0.9968410730361938,
        "image": "DJI_20250310144612_0088_W.JPG"
      }
    },
    {
      "type": "Feature",
      "geometry": {
        "type": "Point",
        "coordinates": [
          -0.5244817120108543,
          53.26811799798341
        ]
      },
      "properties": {
        "confidence": 0.996174156665802,
        "image": "DJI_20250310144612_0088_W.JPG"
      }
    },
    {
      "type": "Feature",
      "geometry": {
        "type": "Point",
        "coordinates": [
          -0.5245204036419038,
          53.268115476912875
        ]
      },
      "properties": {
        "confidence": 0.996147632598877,
        "image": "DJI_20250310144612_0088_W.JPG"
      }
    },
    {
      "type": "Feature",
      "geometry": {
        "type": "Point",
        "coordinates": [
          -0.5243559346496837,
          53.268076810076714
        ]
      },
      "properties": {
        "confidence": 0.9767902493476868,
        "image": "DJI_20250310144612_0088_W.JPG"
      }
    },
    {
      "type": "Feature",
      "geometry": {
        "type": "Point",
        "coordinates": [
          -0.5244584505052571,
          53.2680185689912
        ]
      },
      "properties": {
        "confidence": 0.9740278124809265,
        "image": "DJI_20250310144612_0088_W.JPG"
      }
    },
    {
      "type": "Feature",
      "geometry": {
        "type": "Point",
        "coordinates": [
          -0.5244544713747779,
          53.268019602992986
        ]
      },
      "properties": {
        "confidence": 0.9629947543144226,
        "image": "DJI_20250310144612_0088_W.JPG"
      }
    },
    {
      "type": "Feature",
      "geometry": {
        "type": "Point",
        "coordinates": [
          -0.5242535786815855,
          53.26813725939965
        ]
      },
      "properties": {
        "confidence": 0.9585118293762207,
        "image": "DJI_20250310144612_0088_W.JPG"
      }
    },
    {
      "type": "Feature",
      "geometry": {
        "type": "Point",
        "coordinates": [
          -0.5244653097862968,
          53.26801692119249
        ]
      },
      "properties": {
        "confidence": 0.9494644999504089,
        "image": "DJI_20250310144612_0088_W.JPG"
      }
    },
    {
      "type": "Feature",
      "geometry": {
        "type": "Point",
        "coordinates": [
          -0.5243467190980385,
          53.26802596087639
        ]
      },
      "properties": {
        "confidence": 0.9357950091362,
        "image": "DJI_20250310144612_0088_W.JPG"
      }
    },
    {
      "type": "Feature",
      "geometry": {
        "type": "Point",
        "coordinates": [
          -0.5243291729197975,
          53.26813036654419
        ]
      },
      "properties": {
        "confidence": 0.9302853345870972,
        "image": "DJI_20250310144612_0088_W.JPG"
      }
    },
    {
      "type": "Feature",
      "geometry": {
        "type": "Point",
        "coordinates": [
          -0.5243193282577351,
          53.26807946541716
        ]
      },
      "properties": {
        "confidence": 0.9218528270721436,
        "image": "DJI_20250310144612_0088_W.JPG"
      }
    },
    {
      "type": "Feature",
      "geometry": {
        "type": "Point",
        "coordinates": [
          -0.5244435223561134,
          53.26812082540568
        ]
      },
      "properties": {
        "confidence": 0.9043762683868408,
        "image": "DJI_20250310144612_0088_W.JPG"
      }
    },
    {
      "type": "Feature",
      "geometry": {
        "type": "Point",
        "coordinates": [
          -0.5243851171473777,
          53.26802281004528
        ]
      },
      "properties": {
        "confidence": 0.901952862739563,
        "image": "DJI_20250310144612_0088_W.JPG"
      }
    },
    {
      "type": "Feature",
      "geometry": {
        "type": "Point",
        "coordinates": [
          -0.5243815836328386,
          53.26802463773863
        ]
      },
      "properties": {
        "confidence": 0.8898217082023621,
        "image": "DJI_20250310144612_0088_W.JPG"
      }
    },
    {
      "type": "Feature",
      "geometry": {
        "type": "Point",
        "coordinates": [
          -0.5244894591170638,
          53.268017003276974
        ]
      },
      "properties": {
        "confidence": 0.8724514842033386,
        "image": "DJI_20250310144612_0088_W.JPG"
      }
    },
    {
      "type": "Feature",
      "geometry": {
        "type": "Point",
        "coordinates": [
          -0.5244383009948792,
          53.26807134663733
        ]
      },
      "properties": {
        "confidence": 0.8372907042503357,
        "image": "DJI_20250310144612_0088_W.JPG"
      }
    },
    {
      "type": "Feature",
      "geometry": {
        "type": "Point",
        "coordinates": [
          -0.5244778196441952,
          53.26806885598327
        ]
      },
      "properties": {
        "confidence": 0.8296019434928894,
        "image": "DJI_20250310144612_0088_W.JPG"
      }
    },
    {
      "type": "Feature",
      "geometry": {
        "type": "Point",
        "coordinates": [
          -0.5244706097745169,
          53.26806867718209
        ]
      },
      "properties": {
        "confidence": 0.8240170478820801,
        "image": "DJI_20250310144612_0088_W.JPG"
      }
    },
    {
      "type": "Feature",
      "geometry": {
        "type": "Point",
        "coordinates": [
          -0.5244342012904175,
          53.26807131101231
        ]
      },
      "properties": {
        "confidence": 0.798332691192627,
        "image": "DJI_20250310144612_0088_W.JPG"
      }
    },
    {
      "type": "Feature",
      "geometry": {
        "type": "Point",
        "coordinates": [
          -0.5244745574247319,
          53.268072993982706
        ]
      },
      "properties": {
        "confidence": 0.998354434967041,
        "image": "DJI_20250310144405_0022_W.JPG"
      }
    },
    {
      "type": "Feature",
      "geometry": {
        "type": "Point",
        "coordinates": [
          -0.5247799070699681,
          53.26820165121951
        ]
      },
      "properties": {
        "confidence": 0.9943398833274841,
        "image": "DJI_20250310144405_0022_W.JPG"
      }
    },
    {
      "type": "Feature",
      "geometry": {
        "type": "Point",
        "coordinates": [
          -0.5245133883973135,
          53.26807063115103
        ]
      },
      "properties": {
        "confidence": 0.991063117980957,
        "image": "DJI_20250310144405_0022_W.JPG"
      }
    },
    {
      "type": "Feature",
      "geometry": {
        "type": "Point",
        "coordinates": [
          -0.5244060544581489,
          53.2680836827056
        ]
      },
      "properties": {
        "confidence": 0.9908164739608765,
        "image": "DJI_20250310144405_0022_W.JPG"
      }
    },
    {
      "type": "Feature",
      "geometry": {
        "type": "Point",
        "coordinates": [
          -0.5247878074303607,
          53.2681824533923
        ]
      },
      "properties": {
        "confidence": 0.9389335513114929,
        "image": "DJI_20250310144405_0022_W.JPG"
      }
    },
    {
      "type": "Feature",
      "geometry": {
        "type": "Point",
        "coordinates": [
          -0.5247842867259617,
          53.268203514424286
        ]
      },
      "properties": {
        "confidence": 0.9322888255119324,
        "image": "DJI_20250310144405_0022_W.JPG"
      }
    },
    {
      "type": "Feature",
      "geometry": {
        "type": "Point",
        "coordinates": [
          -0.5245514509355517,
          53.268067364931014
        ]
      },
      "properties": {
        "confidence": 0.9241586327552795,
        "image": "DJI_20250310144405_0022_W.JPG"
      }
    },
    {
      "type": "Feature",
      "geometry": {
        "type": "Point",
        "coordinates": [
          -0.5243799751049308,
          53.2681347606737
        ]
      },
      "properties": {
        "confidence": 0.9072805643081665,
        "image": "DJI_20250310144405_0022_W.JPG"
      }
    },
    {
      "type": "Feature",
      "geometry": {
        "type": "Point",
        "coordinates": [
          -0.5244142474053786,
          53.268130665142024
        ]
      },
      "properties": {
        "confidence": 0.8799979090690613,
        "image": "DJI_20250310144405_0022_W.JPG"
      }
    },
    {
      "type": "Feature",
      "geometry": {
        "type": "Point",
        "coordinates": [
          -0.5244392951677774,
          53.26807834341665
        ]
      },
      "properties": {
        "confidence": 0.845242977142334,
        "image": "DJI_20250310144405_0022_W.JPG"
      }
    },
    {
      "type": "Feature",
      "geometry": {
        "type": "Point",
        "coordinates": [
          -0.5245272244131335,
          53.26811975322945
        ]
      },
      "properties": {
        "confidence": 0.7519380450248718,
        "image": "DJI_20250310144405_0022_W.JPG"
      }
    },
    {
      "type": "Feature",
      "geometry": {
        "type": "Point",
        "coordinates": [
          -0.5243458657736255,
          53.26813459247088
        ]
      },
      "properties": {
        "confidence": 0.9998928308486938,
        "image": "DJI_20250310144640_0103_W.JPG"
      }
    },
    {
      "type": "Feature",
      "geometry": {
        "type": "Point",
        "coordinates": [
          -0.5243830270232631,
          53.268131622677906
        ]
      },
      "properties": {
        "confidence": 0.9968698620796204,
        "image": "DJI_20250310144640_0103_W.JPG"
      }
    },
    {
      "type": "Feature",
      "geometry": {
        "type": "Point",
        "coordinates": [
          -0.5244027944143789,
          53.26817947512691
        ]
      },
      "properties": {
        "confidence": 0.9459226727485657,
        "image": "DJI_20250310144640_0103_W.JPG"
      }
    },
    {
      "type": "Feature",
      "geometry": {
        "type": "Point",
        "coordinates": [
          -0.5243211306916711,
          53.26818844080908
        ]
      },
      "properties": {
        "confidence": 0.9020177125930786,
        "image": "DJI_20250310144640_0103_W.JPG"
      }
    },
    {
      "type": "Feature",
      "geometry": {
        "type": "Point",
        "coordinates": [
          -0.5244429478099755,
          53.26817571946693
        ]
      },
      "properties": {
        "confidence": 0.891169011592865,
        "image": "DJI_20250310144640_0103_W.JPG"
      }
    },
    {
      "type": "Feature",
      "geometry": {
        "type": "Point",
        "coordinates": [
          -0.5244890644867907,
          53.26817027449119
        ]
      },
      "properties": {
        "confidence": 0.8809760212898254,
        "image": "DJI_20250310144640_0103_W.JPG"
      }
    },
    {
      "type": "Feature",
      "geometry": {
        "type": "Point",
        "coordinates": [
          -0.5243075317626061,
          53.26813835076914
        ]
      },
      "properties": {
        "confidence": 0.8302855491638184,
        "image": "DJI_20250310144640_0103_W.JPG"
      }
    },
    {
      "type": "Feature",
      "geometry": {
        "type": "Point",
        "coordinates": [
          -0.5244622982756462,
          53.268122274750034
        ]
      },
      "properties": {
        "confidence": 0.7922067642211914,
        "image": "DJI_20250310144640_0103_W.JPG"
      }
    },
    {
      "type": "Feature",
      "geometry": {
        "type": "Point",
        "coordinates": [
          -0.5242985807489624,
          53.26818070595697
        ]
      },
      "properties": {
        "confidence": 0.995971143245697,
        "image": "DJI_20250310144512_0057_W.JPG"
      }
    },
    {
      "type": "Feature",
      "geometry": {
        "type": "Point",
        "coordinates": [
          -0.5244923604074883,
          53.26816508466104
        ]
      },
      "properties": {
        "confidence": 0.9955034852027893,
        "image": "DJI_20250310144512_0057_W.JPG"
      }
    },
    {
      "type": "Feature",
      "geometry": {
        "type": "Point",
        "coordinates": [
          -0.5245724286354865,
          53.26815952934712
        ]
      },
      "properties": {
        "confidence": 0.9953131675720215,
        "image": "DJI_20250310144512_0057_W.JPG"
      }
    },
    {
      "type": "Feature",
      "geometry": {
        "type": "Point",
        "coordinates": [
          -0.524472870925929,
          53.2680611730259
        ]
      },
      "properties": {
        "confidence": 0.9952444434165955,
        "image": "DJI_20250310144512_0057_W.JPG"
      }
    },
    {
      "type": "Feature",
      "geometry": {
        "type": "Point",
        "coordinates": [
          -0.524317634728791,
          53.26807537734896
        ]
      },
      "properties": {
        "confidence": 0.9935182929039001,
        "image": "DJI_20250310144512_0057_W.JPG"
      }
    },
    {
      "type": "Feature",
      "geometry": {
        "type": "Point",
        "coordinates": [
          -0.5245320433432562,
          53.26816198299223
        ]
      },
      "properties": {
        "confidence": 0.9737768173217773,
        "image": "DJI_20250310144512_0057_W.JPG"
      }
    },
    {
      "type": "Feature",
      "geometry": {
        "type": "Point",
        "coordinates": [
          -0.5245872139496836,
          53.268054289850035
        ]
      },
      "properties": {
        "confidence": 0.9645730257034302,
        "image": "DJI_20250310144512_0057_W.JPG"
      }
    },
    {
      "type": "Feature",
      "geometry": {
        "type": "Point",
        "coordinates": [
          -0.5243773778529291,
          53.26817396085648
        ]
      },
      "properties": {
        "confidence": 0.9220669269561768,
        "image": "DJI_20250310144512_0057_W.JPG"
      }
    },
    {
      "type": "Feature",
      "geometry": {
        "type": "Point",
        "coordinates": [
          -0.5243390530408057,
          53.268177160000064
        ]
      },
      "properties": {
        "confidence": 0.9099157452583313,
        "image": "DJI_20250310144512_0057_W.JPG"
      }
    },
    {
      "type": "Feature",
      "geometry": {
        "type": "Point",
        "coordinates": [
          -0.5242725941207749,
          53.26807591495385
        ]
      },
      "properties": {
        "confidence": 0.849631130695343,
        "image": "DJI_20250310144512_0057_W.JPG"
      }
    },
    {
      "type": "Feature",
      "geometry": {
        "type": "Point",
        "coordinates": [
          -0.5245110055024488,
          53.26805871603525
        ]
      },
      "properties": {
        "confidence": 0.8489167094230652,
        "image": "DJI_20250310144512_0057_W.JPG"
      }
    },
    {
      "type": "Feature",
      "geometry": {
        "type": "Point",
        "coordinates": [
          -0.5244797238754568,
          53.268114246153246
        ]
      },
      "properties": {
        "confidence": 0.7720856070518494,
        "image": "DJI_20250310144512_0057_W.JPG"
      }
    },
    {
      "type": "Feature",
      "geometry": {
        "type": "Point",
        "coordinates": [
          -0.5242425375228866,
          53.26808149157564
        ]
      },
      "properties": {
        "confidence": 0.7567630410194397,
        "image": "DJI_20250310144512_0057_W.JPG"
      }
    },
    {
      "type": "Feature",
      "geometry": {
        "type": "Point",
        "coordinates": [
          -0.5246007177495936,
          53.26810425463345
        ]
      },
      "properties": {
        "confidence": 0.7129474878311157,
        "image": "DJI_20250310144512_0057_W.JPG"
      }
    },
    {
      "type": "Feature",
      "geometry": {
        "type": "Point",
        "coordinates": [
          -0.524430013646375,
          53.26806812427651
        ]
      },
      "properties": {
        "confidence": 0.9855387210845947,
        "image": "DJI_20250310144421_0030_W.JPG"
      }
    },
    {
      "type": "Feature",
      "geometry": {
        "type": "Point",
        "coordinates": [
          -0.5245560763803437,
          53.26810856385947
        ]
      },
      "properties": {
        "confidence": 0.972022533416748,
        "image": "DJI_20250310144421_0030_W.JPG"
      }
    },
    {
      "type": "Feature",
      "geometry": {
        "type": "Point",
        "coordinates": [
          -0.5243944838873734,
          53.268072357017914
        ]
      },
      "properties": {
        "confidence": 0.9554804563522339,
        "image": "DJI_20250310144421_0030_W.JPG"
      }
    },
    {
      "type": "Feature",
      "geometry": {
        "type": "Point",
        "coordinates": [
          -0.5243585223458652,
          53.26807579315962
        ]
      },
      "properties": {
        "confidence": 0.9303018450737,
        "image": "DJI_20250310144421_0030_W.JPG"
      }
    },
    {
      "type": "Feature",
      "geometry": {
        "type": "Point",
        "coordinates": [
          -0.5244017623932623,
          53.268120676171634
        ]
      },
      "properties": {
        "confidence": 0.9299299716949463,
        "image": "DJI_20250310144421_0030_W.JPG"
      }
    },
    {
      "type": "Feature",
      "geometry": {
        "type": "Point",
        "coordinates": [
          -0.524544276771015,
          53.26805692356477
        ]
      },
      "properties": {
        "confidence": 0.9262855052947998,
        "image": "DJI_20250310144421_0030_W.JPG"
      }
    },
    {
      "type": "Feature",
      "geometry": {
        "type": "Point",
        "coordinates": [
          -0.5243317075179615,
          53.26812765773251
        ]
      },
      "properties": {
        "confidence": 0.8331354260444641,
        "image": "DJI_20250310144421_0030_W.JPG"
      }
    },
    {
      "type": "Feature",
      "geometry": {
        "type": "Point",
        "coordinates": [
          -0.5244667305866901,
          53.26806268921681
        ]
      },
      "properties": {
        "confidence": 0.8154972791671753,
        "image": "DJI_20250310144421_0030_W.JPG"
      }
    },
    {
      "type": "Feature",
      "geometry": {
        "type": "Point",
        "coordinates": [
          -0.5244913871797732,
          53.26816574160485
        ]
      },
      "properties": {
        "confidence": 0.7551878690719604,
        "image": "DJI_20250310144421_0030_W.JPG"
      }
    },
    {
      "type": "Feature",
      "geometry": {
        "type": "Point",
        "coordinates": [
          -0.5243405779414688,
          53.26817797604942
        ]
      },
      "properties": {
        "confidence": 0.7457851767539978,
        "image": "DJI_20250310144421_0030_W.JPG"
      }
    },
    {
      "type": "Feature",
      "geometry": {
        "type": "Point",
        "coordinates": [
          -0.5243308631511561,
          53.26812828856328
        ]
      },
      "properties": {
        "confidence": 0.9929652214050293,
        "image": "DJI_20250310144419_0029_W.JPG"
      }
    },
    {
      "type": "Feature",
      "geometry": {
        "type": "Point",
        "coordinates": [
          -0.5244028438985655,
          53.26812092996434
        ]
      },
      "properties": {
        "confidence": 0.9868928790092468,
        "image": "DJI_20250310144419_0029_W.JPG"
      }
    },
    {
      "type": "Feature",
      "geometry": {
        "type": "Point",
        "coordinates": [
          -0.524556580835041,
          53.26810899637418
        ]
      },
      "properties": {
        "confidence": 0.9484918713569641,
        "image": "DJI_20250310144419_0029_W.JPG"
      }
    },
    {
      "type": "Feature",
      "geometry": {
        "type": "Point",
        "coordinates": [
          -0.5244921288820905,
          53.268165904571255
        ]
      },
      "properties": {
        "confidence": 0.945302426815033,
        "image": "DJI_20250310144419_0029_W.JPG"
      }
    },
    {
      "type": "Feature",
      "geometry": {
        "type": "Point",
        "coordinates": [
          -0.524366589433044,
          53.26812475635566
        ]
      },
      "properties": {
        "confidence": 0.933422863483429,
        "image": "DJI_20250310144419_0029_W.JPG"
      }
    },
    {
      "type": "Feature",
      "geometry": {
        "type": "Point",
        "coordinates": [
          -0.5243963114639231,
          53.268119496135725
        ]
      },
      "properties": {
        "confidence": 0.8725428581237793,
        "image": "DJI_20250310144419_0029_W.JPG"
      }
    },
    {
      "type": "Feature",
      "geometry": {
        "type": "Point",
        "coordinates": [
          -0.5243572308574892,
          53.26812343130314
        ]
      },
      "properties": {
        "confidence": 0.8212675452232361,
        "image": "DJI_20250310144419_0029_W.JPG"
      }
    },
    {
      "type": "Feature",
      "geometry": {
        "type": "Point",
        "coordinates": [
          -0.5243712986592629,
          53.26812459159091
        ]
      },
      "properties": {
        "confidence": 0.9959098100662231,
        "image": "DJI_20250310144557_0080_W.JPG"
      }
    },
    {
      "type": "Feature",
      "geometry": {
        "type": "Point",
        "coordinates": [
          -0.5245194913449901,
          53.26811456233249
        ]
      },
      "properties": {
        "confidence": 0.9874110817909241,
        "image": "DJI_20250310144557_0080_W.JPG"
      }
    },
    {
      "type": "Feature",
      "geometry": {
        "type": "Point",
        "coordinates": [
          -0.5244129868799446,
          53.26811909782251
        ]
      },
      "properties": {
        "confidence": 0.9852910041809082,
        "image": "DJI_20250310144557_0080_W.JPG"
      }
    },
    {
      "type": "Feature",
      "geometry": {
        "type": "Point",
        "coordinates": [
          -0.5244908218670419,
          53.268113767107906
        ]
      },
      "properties": {
        "confidence": 0.9763969779014587,
        "image": "DJI_20250310144557_0080_W.JPG"
      }
    },
    {
      "type": "Feature",
      "geometry": {
        "type": "Point",
        "coordinates": [
          -0.5244528729610248,
          53.2681160864995
        ]
      },
      "properties": {
        "confidence": 0.9694731831550598,
        "image": "DJI_20250310144557_0080_W.JPG"
      }
    },
    {
      "type": "Feature",
      "geometry": {
        "type": "Point",
        "coordinates": [
          -0.524484006678235,
          53.268116914756504
        ]
      },
      "properties": {
        "confidence": 0.9359767436981201,
        "image": "DJI_20250310144557_0080_W.JPG"
      }
    },
    {
      "type": "Feature",
      "geometry": {
        "type": "Point",
        "coordinates": [
          -0.5244638711851485,
          53.26802221651707
        ]
      },
      "properties": {
        "confidence": 0.9974333643913269,
        "image": "DJI_20250310144359_0019_W.JPG"
      }
    },
    {
      "type": "Feature",
      "geometry": {
        "type": "Point",
        "coordinates": [
          -0.5245291667516268,
          53.268117446237724
        ]
      },
      "properties": {
        "confidence": 0.9937997460365295,
        "image": "DJI_20250310144359_0019_W.JPG"
      }
    },
    {
      "type": "Feature",
      "geometry": {
        "type": "Point",
        "coordinates": [
          -0.524363767158309,
          53.26803635731001
        ]
      },
      "properties": {
        "confidence": 0.9733788371086121,
        "image": "DJI_20250310144359_0019_W.JPG"
      }
    },
    {
      "type": "Feature",
      "geometry": {
        "type": "Point",
        "coordinates": [
          -0.5244588049406702,
          53.26801991975476
        ]
      },
      "properties": {
        "confidence": 0.9716216325759888,
        "image": "DJI_20250310144359_0019_W.JPG"
      }
    },
    {
      "type": "Feature",
      "geometry": {
        "type": "Point",
        "coordinates": [
          -0.5245018036572263,
          53.26801812441001
        ]
      },
      "properties": {
        "confidence": 0.9619990587234497,
        "image": "DJI_20250310144359_0019_W.JPG"
      }
    },
    {
      "type": "Feature",
      "geometry": {
        "type": "Point",
        "coordinates": [
          -0.5244971591771507,
          53.26801365658496
        ]
      },
      "properties": {
        "confidence": 0.9214726686477661,
        "image": "DJI_20250310144359_0019_W.JPG"
      }
    },
    {
      "type": "Feature",
      "geometry": {
        "type": "Point",
        "coordinates": [
          -0.5243989429569574,
          53.268179967767146
        ]
      },
      "properties": {
        "confidence": 0.9174146056175232,
        "image": "DJI_20250310144359_0019_W.JPG"
      }
    },
    {
      "type": "Feature",
      "geometry": {
        "type": "Point",
        "coordinates": [
          -0.5243880801151712,
          53.26802968130763
        ]
      },
      "properties": {
        "confidence": 0.9168599843978882,
        "image": "DJI_20250310144359_0019_W.JPG"
      }
    },
    {
      "type": "Feature",
      "geometry": {
        "type": "Point",
        "coordinates": [
          -0.5244223894250727,
          53.26802343843703
        ]
      },
      "properties": {
        "confidence": 0.891083836555481,
        "image": "DJI_20250310144359_0019_W.JPG"
      }
    },
    {
      "type": "Feature",
      "geometry": {
        "type": "Point",
        "coordinates": [
          -0.5244796620591811,
          53.26807207018411
        ]
      },
      "properties": {
        "confidence": 0.8903486132621765,
        "image": "DJI_20250310144359_0019_W.JPG"
      }
    },
    {
      "type": "Feature",
      "geometry": {
        "type": "Point",
        "coordinates": [
          -0.5244314917711228,
          53.268180865320716
        ]
      },
      "properties": {
        "confidence": 0.8751785159111023,
        "image": "DJI_20250310144359_0019_W.JPG"
      }
    },
    {
      "type": "Feature",
      "geometry": {
        "type": "Point",
        "coordinates": [
          -0.5245433088132966,
          53.26816883469295
        ]
      },
      "properties": {
        "confidence": 0.8643398284912109,
        "image": "DJI_20250310144359_0019_W.JPG"
      }
    },
    {
      "type": "Feature",
      "geometry": {
        "type": "Point",
        "coordinates": [
          -0.5245541573591603,
          53.26806528379807
        ]
      },
      "properties": {
        "confidence": 0.8347827792167664,
        "image": "DJI_20250310144359_0019_W.JPG"
      }
    },
    {
      "type": "Feature",
      "geometry": {
        "type": "Point",
        "coordinates": [
          -0.5243680558992087,
          53.268083015280496
        ]
      },
      "properties": {
        "confidence": 0.8190323710441589,
        "image": "DJI_20250310144359_0019_W.JPG"
      }
    },
    {
      "type": "Feature",
      "geometry": {
        "type": "Point",
        "coordinates": [
          -0.5245052711181445,
          53.26817233794052
        ]
      },
      "properties": {
        "confidence": 0.8146969676017761,
        "image": "DJI_20250310144359_0019_W.JPG"
      }
    },
    {
      "type": "Feature",
      "geometry": {
        "type": "Point",
        "coordinates": [
          -0.5245675413786428,
          53.26811469571535
        ]
      },
      "properties": {
        "confidence": 0.8009804487228394,
        "image": "DJI_20250310144359_0019_W.JPG"
      }
    },
    {
      "type": "Feature",
      "geometry": {
        "type": "Point",
        "coordinates": [
          -0.5243731751912769,
          53.2680833432222
        ]
      },
      "properties": {
        "confidence": 0.7781915068626404,
        "image": "DJI_20250310144359_0019_W.JPG"
      }
    },
    {
      "type": "Feature",
      "geometry": {
        "type": "Point",
        "coordinates": [
          -0.5244895171812012,
          53.26812212456171
        ]
      },
      "properties": {
        "confidence": 0.7635971307754517,
        "image": "DJI_20250310144359_0019_W.JPG"
      }
    },
    {
      "type": "Feature",
      "geometry": {
        "type": "Point",
        "coordinates": [
          -0.5243242411997467,
          53.268126990665614
        ]
      },
      "properties": {
        "confidence": 0.9981300234794617,
        "image": "DJI_20250310144523_0063_W.JPG"
      }
    },
    {
      "type": "Feature",
      "geometry": {
        "type": "Point",
        "coordinates": [
          -0.5245119115428611,
          53.268110566857644
        ]
      },
      "properties": {
        "confidence": 0.997660756111145,
        "image": "DJI_20250310144523_0063_W.JPG"
      }
    },
    {
      "type": "Feature",
      "geometry": {
        "type": "Point",
        "coordinates": [
          -0.5242863600273747,
          53.26812882083778
        ]
      },
      "properties": {
        "confidence": 0.9972980618476868,
        "image": "DJI_20250310144523_0063_W.JPG"
      }
    },
    {
      "type": "Feature",
      "geometry": {
        "type": "Point",
        "coordinates": [
          -0.5243117811577146,
          53.2680777964817
        ]
      },
      "properties": {
        "confidence": 0.9960435628890991,
        "image": "DJI_20250310144523_0063_W.JPG"
      }
    },
    {
      "type": "Feature",
      "geometry": {
        "type": "Point",
        "coordinates": [
          -0.5245838027483846,
          53.26810382728017
        ]
      },
      "properties": {
        "confidence": 0.9884135127067566,
        "image": "DJI_20250310144523_0063_W.JPG"
      }
    },
    {
      "type": "Feature",
      "geometry": {
        "type": "Point",
        "coordinates": [
          -0.5244665538038474,
          53.26806520271572
        ]
      },
      "properties": {
        "confidence": 0.9785909652709961,
        "image": "DJI_20250310144523_0063_W.JPG"
      }
    },
    {
      "type": "Feature",
      "geometry": {
        "type": "Point",
        "coordinates": [
          -0.5244276422040245,
          53.268068043484625
        ]
      },
      "properties": {
        "confidence": 0.9623543620109558,
        "image": "DJI_20250310144523_0063_W.JPG"
      }
    },
    {
      "type": "Feature",
      "geometry": {
        "type": "Point",
        "coordinates": [
          -0.524549547957962,
          53.268107559921106
        ]
      },
      "properties": {
        "confidence": 0.9521011114120483,
        "image": "DJI_20250310144523_0063_W.JPG"
      }
    },
    {
      "type": "Feature",
      "geometry": {
        "type": "Point",
        "coordinates": [
          -0.5245017733370636,
          53.26806196962437
        ]
      },
      "properties": {
        "confidence": 0.9427937269210815,
        "image": "DJI_20250310144523_0063_W.JPG"
      }
    },
    {
      "type": "Feature",
      "geometry": {
        "type": "Point",
        "coordinates": [
          -0.5244003311793659,
          53.268123055255
        ]
      },
      "properties": {
        "confidence": 0.9299323558807373,
        "image": "DJI_20250310144523_0063_W.JPG"
      }
    },
    {
      "type": "Feature",
      "geometry": {
        "type": "Point",
        "coordinates": [
          -0.524352313738967,
          53.26807352206575
        ]
      },
      "properties": {
        "confidence": 0.9261582493782043,
        "image": "DJI_20250310144523_0063_W.JPG"
      }
    },
    {
      "type": "Feature",
      "geometry": {
        "type": "Point",
        "coordinates": [
          -0.524538698847558,
          53.26805897752842
        ]
      },
      "properties": {
        "confidence": 0.9245645999908447,
        "image": "DJI_20250310144523_0063_W.JPG"
      }
    },
    {
      "type": "Feature",
      "geometry": {
        "type": "Point",
        "coordinates": [
          -0.5243615965339121,
          53.26812545646151
        ]
      },
      "properties": {
        "confidence": 0.9197818040847778,
        "image": "DJI_20250310144523_0063_W.JPG"
      }
    },
    {
      "type": "Feature",
      "geometry": {
        "type": "Point",
        "coordinates": [
          -0.5245847053876282,
          53.26805767344696
        ]
      },
      "properties": {
        "confidence": 0.8745843172073364,
        "image": "DJI_20250310144523_0063_W.JPG"
      }
    },
    {
      "type": "Feature",
      "geometry": {
        "type": "Point",
        "coordinates": [
          -0.5243896953469953,
          53.26807138380311
        ]
      },
      "properties": {
        "confidence": 0.8194704055786133,
        "image": "DJI_20250310144523_0063_W.JPG"
      }
    },
    {
      "type": "Feature",
      "geometry": {
        "type": "Point",
        "coordinates": [
          -0.5245461426716429,
          53.2680606578102
        ]
      },
      "properties": {
        "confidence": 0.7942944765090942,
        "image": "DJI_20250310144523_0063_W.JPG"
      }
    },
    {
      "type": "Feature",
      "geometry": {
        "type": "Point",
        "coordinates": [
          -0.5243037088317194,
          53.268026155335804
        ]
      },
      "properties": {
        "confidence": 0.772284984588623,
        "image": "DJI_20250310144523_0063_W.JPG"
      }
    },
    {
      "type": "Feature",
      "geometry": {
        "type": "Point",
        "coordinates": [
          -0.5242669643316095,
          53.26802906821429
        ]
      },
      "properties": {
        "confidence": 0.7047367095947266,
        "image": "DJI_20250310144523_0063_W.JPG"
      }
    },
    {
      "type": "Feature",
      "geometry": {
        "type": "Point",
        "coordinates": [
          -0.5243587737519517,
          53.26803303026245
        ]
      },
      "properties": {
        "confidence": 0.999563992023468,
        "image": "DJI_20250310144626_0095_W.JPG"
      }
    },
    {
      "type": "Feature",
      "geometry": {
        "type": "Point",
        "coordinates": [
          -0.5243996591828087,
          53.26802768137134
        ]
      },
      "properties": {
        "confidence": 0.9987273812294006,
        "image": "DJI_20250310144626_0095_W.JPG"
      }
    },
    {
      "type": "Feature",
      "geometry": {
        "type": "Point",
        "coordinates": [
          -0.5243189874907487,
          53.26803830889968
        ]
      },
      "properties": {
        "confidence": 0.998521625995636,
        "image": "DJI_20250310144626_0095_W.JPG"
      }
    },
    {
      "type": "Feature",
      "geometry": {
        "type": "Point",
        "coordinates": [
          -0.5243877423388362,
          53.268135194108275
        ]
      },
      "properties": {
        "confidence": 0.9978919625282288,
        "image": "DJI_20250310144626_0095_W.JPG"
      }
    },
    {
      "type": "Feature",
      "geometry": {
        "type": "Point",
        "coordinates": [
          -0.5244316243026659,
          53.268026708791766
        ]
      },
      "properties": {
        "confidence": 0.9973939657211304,
        "image": "DJI_20250310144626_0095_W.JPG"
      }
    },
    {
      "type": "Feature",
      "geometry": {
        "type": "Point",
        "coordinates": [
          -0.5243936842903779,
          53.26803044211292
        ]
      },
      "properties": {
        "confidence": 0.99578458070755,
        "image": "DJI_20250310144626_0095_W.JPG"
      }
    },
    {
      "type": "Feature",
      "geometry": {
        "type": "Point",
        "coordinates": [
          -0.524348571929353,
          53.26813769770115
        ]
      },
      "properties": {
        "confidence": 0.9952889680862427,
        "image": "DJI_20250310144626_0095_W.JPG"
      }
    },
    {
      "type": "Feature",
      "geometry": {
        "type": "Point",
        "coordinates": [
          -0.5244592261202116,
          53.268125748542495
        ]
      },
      "properties": {
        "confidence": 0.9948893785476685,
        "image": "DJI_20250310144626_0095_W.JPG"
      }
    },
    {
      "type": "Feature",
      "geometry": {
        "type": "Point",
        "coordinates": [
          -0.5243488661228781,
          53.268139344095346
        ]
      },
      "properties": {
        "confidence": 0.9947279095649719,
        "image": "DJI_20250310144626_0095_W.JPG"
      }
    },
    {
      "type": "Feature",
      "geometry": {
        "type": "Point",
        "coordinates": [
          -0.5243126719995764,
          53.26814379842614
        ]
      },
      "properties": {
        "confidence": 0.9571640491485596,
        "image": "DJI_20250310144626_0095_W.JPG"
      }
    },
    {
      "type": "Feature",
      "geometry": {
        "type": "Point",
        "coordinates": [
          -0.5242814681903398,
          53.26804213427356
        ]
      },
      "properties": {
        "confidence": 0.9542158842086792,
        "image": "DJI_20250310144626_0095_W.JPG"
      }
    },
    {
      "type": "Feature",
      "geometry": {
        "type": "Point",
        "coordinates": [
          -0.5244340862995034,
          53.26813211307223
        ]
      },
      "properties": {
        "confidence": 0.9404547214508057,
        "image": "DJI_20250310144626_0095_W.JPG"
      }
    },
    {
      "type": "Feature",
      "geometry": {
        "type": "Point",
        "coordinates": [
          -0.5244704382441866,
          53.26812741076883
        ]
      },
      "properties": {
        "confidence": 0.9273589253425598,
        "image": "DJI_20250310144626_0095_W.JPG"
      }
    },
    {
      "type": "Feature",
      "geometry": {
        "type": "Point",
        "coordinates": [
          -0.5244569112770915,
          53.26807546479483
        ]
      },
      "properties": {
        "confidence": 0.722858190536499,
        "image": "DJI_20250310144626_0095_W.JPG"
      }
    },
    {
      "type": "Feature",
      "geometry": {
        "type": "Point",
        "coordinates": [
          -0.5243523848854561,
          53.268074384832445
        ]
      },
      "properties": {
        "confidence": 0.99725741147995,
        "image": "DJI_20250310144525_0064_W.JPG"
      }
    },
    {
      "type": "Feature",
      "geometry": {
        "type": "Point",
        "coordinates": [
          -0.5245066927989505,
          53.26806441286528
        ]
      },
      "properties": {
        "confidence": 0.9962354302406311,
        "image": "DJI_20250310144525_0064_W.JPG"
      }
    },
    {
      "type": "Feature",
      "geometry": {
        "type": "Point",
        "coordinates": [
          -0.5243147214933788,
          53.268077036512324
        ]
      },
      "properties": {
        "confidence": 0.9933294057846069,
        "image": "DJI_20250310144525_0064_W.JPG"
      }
    },
    {
      "type": "Feature",
      "geometry": {
        "type": "Point",
        "coordinates": [
          -0.5244666567349209,
          53.26806593458772
        ]
      },
      "properties": {
        "confidence": 0.9872952103614807,
        "image": "DJI_20250310144525_0064_W.JPG"
      }
    },
    {
      "type": "Feature",
      "geometry": {
        "type": "Point",
        "coordinates": [
          -0.5245386006248532,
          53.2680591877529
        ]
      },
      "properties": {
        "confidence": 0.9829142689704895,
        "image": "DJI_20250310144525_0064_W.JPG"
      }
    },
    {
      "type": "Feature",
      "geometry": {
        "type": "Point",
        "coordinates": [
          -0.5245843417472628,
          53.26805868459633
        ]
      },
      "properties": {
        "confidence": 0.9772117137908936,
        "image": "DJI_20250310144525_0064_W.JPG"
      }
    },
    {
      "type": "Feature",
      "geometry": {
        "type": "Point",
        "coordinates": [
          -0.5244279700101603,
          53.26806857416966
        ]
      },
      "properties": {
        "confidence": 0.9761265516281128,
        "image": "DJI_20250310144525_0064_W.JPG"
      }
    },
    {
      "type": "Feature",
      "geometry": {
        "type": "Point",
        "coordinates": [
          -0.5243901250061547,
          53.26807268517981
        ]
      },
      "properties": {
        "confidence": 0.9587918519973755,
        "image": "DJI_20250310144525_0064_W.JPG"
      }
    },
    {
      "type": "Feature",
      "geometry": {
        "type": "Point",
        "coordinates": [
          -0.5245433035566192,
          53.268060612036486
        ]
      },
      "properties": {
        "confidence": 0.9397470355033875,
        "image": "DJI_20250310144525_0064_W.JPG"
      }
    },
    {
      "type": "Feature",
      "geometry": {
        "type": "Point",
        "coordinates": [
          -0.5245796125946701,
          53.26805786315212
        ]
      },
      "properties": {
        "confidence": 0.8721124529838562,
        "image": "DJI_20250310144525_0064_W.JPG"
      }
    },
    {
      "type": "Feature",
      "geometry": {
        "type": "Point",
        "coordinates": [
          -0.524276468739409,
          53.26808011038869
        ]
      },
      "properties": {
        "confidence": 0.8095354437828064,
        "image": "DJI_20250310144525_0064_W.JPG"
      }
    },
    {
      "type": "Feature",
      "geometry": {
        "type": "Point",
        "coordinates": [
          -0.5245745140564239,
          53.268056480587745
        ]
      },
      "properties": {
        "confidence": 0.8038320541381836,
        "image": "DJI_20250310144525_0064_W.JPG"
      }
    },
    {
      "type": "Feature",
      "geometry": {
        "type": "Point",
        "coordinates": [
          -0.5243243861012059,
          53.26808071201821
        ]
      },
      "properties": {
        "confidence": 0.9986352324485779,
        "image": "DJI_20250310144504_0053_W.JPG"
      }
    },
    {
      "type": "Feature",
      "geometry": {
        "type": "Point",
        "coordinates": [
          -0.5245185891850225,
          53.268109218706726
        ]
      },
      "properties": {
        "confidence": 0.9976104497909546,
        "image": "DJI_20250310144504_0053_W.JPG"
      }
    },
    {
      "type": "Feature",
      "geometry": {
        "type": "Point",
        "coordinates": [
          -0.5245564006694653,
          53.26810699461428
        ]
      },
      "properties": {
        "confidence": 0.9974536299705505,
        "image": "DJI_20250310144504_0053_W.JPG"
      }
    },
    {
      "type": "Feature",
      "geometry": {
        "type": "Point",
        "coordinates": [
          -0.5243615328605421,
          53.26807918505419
        ]
      },
      "properties": {
        "confidence": 0.9938042163848877,
        "image": "DJI_20250310144504_0053_W.JPG"
      }
    },
    {
      "type": "Feature",
      "geometry": {
        "type": "Point",
        "coordinates": [
          -0.5244822685329692,
          53.268112339017485
        ]
      },
      "properties": {
        "confidence": 0.9644898176193237,
        "image": "DJI_20250310144504_0053_W.JPG"
      }
    },
    {
      "type": "Feature",
      "geometry": {
        "type": "Point",
        "coordinates": [
          -0.5243697853472813,
          53.268124216438586
        ]
      },
      "properties": {
        "confidence": 0.922346830368042,
        "image": "DJI_20250310144504_0053_W.JPG"
      }
    },
    {
      "type": "Feature",
      "geometry": {
        "type": "Point",
        "coordinates": [
          -0.5244018577787002,
          53.268100740304995
        ]
      },
      "properties": {
        "confidence": 0.8714746832847595,
        "image": "DJI_20250310144504_0053_W.JPG"
      }
    },
    {
      "type": "Feature",
      "geometry": {
        "type": "Point",
        "coordinates": [
          -0.5244941338403531,
          53.268164596754005
        ]
      },
      "properties": {
        "confidence": 0.8642967939376831,
        "image": "DJI_20250310144504_0053_W.JPG"
      }
    },
    {
      "type": "Feature",
      "geometry": {
        "type": "Point",
        "coordinates": [
          -0.5244184874309423,
          53.26817120841268
        ]
      },
      "properties": {
        "confidence": 0.8022431135177612,
        "image": "DJI_20250310144504_0053_W.JPG"
      }
    },
    {
      "type": "Feature",
      "geometry": {
        "type": "Point",
        "coordinates": [
          -0.5245349799960145,
          53.26815977825435
        ]
      },
      "properties": {
        "confidence": 0.7789161801338196,
        "image": "DJI_20250310144504_0053_W.JPG"
      }
    },
    {
      "type": "Feature",
      "geometry": {
        "type": "Point",
        "coordinates": [
          -0.5244012777480087,
          53.268098674997134
        ]
      },
      "properties": {
        "confidence": 0.7206769585609436,
        "image": "DJI_20250310144504_0053_W.JPG"
      }
    },
    {
      "type": "Feature",
      "geometry": {
        "type": "Point",
        "coordinates": [
          -0.5245313687334271,
          53.26800885495575
        ]
      },
      "properties": {
        "confidence": 0.9997798800468445,
        "image": "DJI_20250310144520_0061_W.JPG"
      }
    },
    {
      "type": "Feature",
      "geometry": {
        "type": "Point",
        "coordinates": [
          -0.5243630919795218,
          53.26812363744274
        ]
      },
      "properties": {
        "confidence": 0.9993724226951599,
        "image": "DJI_20250310144520_0061_W.JPG"
      }
    },
    {
      "type": "Feature",
      "geometry": {
        "type": "Point",
        "coordinates": [
          -0.5244555317653672,
          53.26801516798063
        ]
      },
      "properties": {
        "confidence": 0.9990411400794983,
        "image": "DJI_20250310144520_0061_W.JPG"
      }
    },
    {
      "type": "Feature",
      "geometry": {
        "type": "Point",
        "coordinates": [
          -0.5244933470395925,
          53.2680116613976
        ]
      },
      "properties": {
        "confidence": 0.9979434609413147,
        "image": "DJI_20250310144520_0061_W.JPG"
      }
    },
    {
      "type": "Feature",
      "geometry": {
        "type": "Point",
        "coordinates": [
          -0.5244786018177259,
          53.268114223530965
        ]
      },
      "properties": {
        "confidence": 0.9979342222213745,
        "image": "DJI_20250310144520_0061_W.JPG"
      }
    },
    {
      "type": "Feature",
      "geometry": {
        "type": "Point",
        "coordinates": [
          -0.5245141325438691,
          53.26811059691305
        ]
      },
      "properties": {
        "confidence": 0.9928646087646484,
        "image": "DJI_20250310144520_0061_W.JPG"
      }
    },
    {
      "type": "Feature",
      "geometry": {
        "type": "Point",
        "coordinates": [
          -0.5245205532391375,
          53.26811364967605
        ]
      },
      "properties": {
        "confidence": 0.9784814715385437,
        "image": "DJI_20250310144520_0061_W.JPG"
      }
    },
    {
      "type": "Feature",
      "geometry": {
        "type": "Point",
        "coordinates": [
          -0.5245966492010838,
          53.26810682806572
        ]
      },
      "properties": {
        "confidence": 0.9754270315170288,
        "image": "DJI_20250310144520_0061_W.JPG"
      }
    },
    {
      "type": "Feature",
      "geometry": {
        "type": "Point",
        "coordinates": [
          -0.5245876242734402,
          53.2681046515264
        ]
      },
      "properties": {
        "confidence": 0.9683017134666443,
        "image": "DJI_20250310144520_0061_W.JPG"
      }
    },
    {
      "type": "Feature",
      "geometry": {
        "type": "Point",
        "coordinates": [
          -0.5242656094254795,
          53.268028097697275
        ]
      },
      "properties": {
        "confidence": 0.9432629346847534,
        "image": "DJI_20250310144520_0061_W.JPG"
      }
    },
    {
      "type": "Feature",
      "geometry": {
        "type": "Point",
        "coordinates": [
          -0.524439890119777,
          53.26811746369275
        ]
      },
      "properties": {
        "confidence": 0.9403592348098755,
        "image": "DJI_20250310144520_0061_W.JPG"
      }
    },
    {
      "type": "Feature",
      "geometry": {
        "type": "Point",
        "coordinates": [
          -0.5245546796086633,
          53.26810872733746
        ]
      },
      "properties": {
        "confidence": 0.9132148623466492,
        "image": "DJI_20250310144520_0061_W.JPG"
      }
    },
    {
      "type": "Feature",
      "geometry": {
        "type": "Point",
        "coordinates": [
          -0.5242878377477067,
          53.26812880615034
        ]
      },
      "properties": {
        "confidence": 0.9018503427505493,
        "image": "DJI_20250310144520_0061_W.JPG"
      }
    },
    {
      "type": "Feature",
      "geometry": {
        "type": "Point",
        "coordinates": [
          -0.5243052560084851,
          53.26802560117369
        ]
      },
      "properties": {
        "confidence": 0.8961255550384521,
        "image": "DJI_20250310144520_0061_W.JPG"
      }
    },
    {
      "type": "Feature",
      "geometry": {
        "type": "Point",
        "coordinates": [
          -0.5243225510921076,
          53.26812899559568
        ]
      },
      "properties": {
        "confidence": 0.8736097812652588,
        "image": "DJI_20250310144520_0061_W.JPG"
      }
    },
    {
      "type": "Feature",
      "geometry": {
        "type": "Point",
        "coordinates": [
          -0.5244016944708515,
          53.268122454207465
        ]
      },
      "properties": {
        "confidence": 0.8625552654266357,
        "image": "DJI_20250310144520_0061_W.JPG"
      }
    },
    {
      "type": "Feature",
      "geometry": {
        "type": "Point",
        "coordinates": [
          -0.524418697773096,
          53.26801472089786
        ]
      },
      "properties": {
        "confidence": 0.8310521245002747,
        "image": "DJI_20250310144520_0061_W.JPG"
      }
    },
    {
      "type": "Feature",
      "geometry": {
        "type": "Point",
        "coordinates": [
          -0.5242837624714926,
          53.26813128132356
        ]
      },
      "properties": {
        "confidence": 0.782302737236023,
        "image": "DJI_20250310144520_0061_W.JPG"
      }
    },
    {
      "type": "Feature",
      "geometry": {
        "type": "Point",
        "coordinates": [
          -0.5245934864002872,
          53.26810511619276
        ]
      },
      "properties": {
        "confidence": 0.7788858413696289,
        "image": "DJI_20250310144520_0061_W.JPG"
      }
    },
    {
      "type": "Feature",
      "geometry": {
        "type": "Point",
        "coordinates": [
          -0.5243984684992022,
          53.26810631080811
        ]
      },
      "properties": {
        "confidence": 0.7148215770721436,
        "image": "DJI_20250310144520_0061_W.JPG"
      }
    },
    {
      "type": "Feature",
      "geometry": {
        "type": "Point",
        "coordinates": [
          -0.5243148722636511,
          53.268075902806814
        ]
      },
      "properties": {
        "confidence": 0.706899881362915,
        "image": "DJI_20250310144520_0061_W.JPG"
      }
    },
    {
      "type": "Feature",
      "geometry": {
        "type": "Point",
        "coordinates": [
          -0.5243923970395237,
          53.268028795389064
        ]
      },
      "properties": {
        "confidence": 0.9998966455459595,
        "image": "DJI_20250310144630_0097_W.JPG"
      }
    },
    {
      "type": "Feature",
      "geometry": {
        "type": "Point",
        "coordinates": [
          -0.5243182061390055,
          53.26803663374396
        ]
      },
      "properties": {
        "confidence": 0.999617338180542,
        "image": "DJI_20250310144630_0097_W.JPG"
      }
    },
    {
      "type": "Feature",
      "geometry": {
        "type": "Point",
        "coordinates": [
          -0.5243326302729876,
          53.26808507584122
        ]
      },
      "properties": {
        "confidence": 0.9995244741439819,
        "image": "DJI_20250310144630_0097_W.JPG"
      }
    },
    {
      "type": "Feature",
      "geometry": {
        "type": "Point",
        "coordinates": [
          -0.524429626676711,
          53.26802534400675
        ]
      },
      "properties": {
        "confidence": 0.9989138841629028,
        "image": "DJI_20250310144630_0097_W.JPG"
      }
    },
    {
      "type": "Feature",
      "geometry": {
        "type": "Point",
        "coordinates": [
          -0.5243552936446259,
          53.26803295326017
        ]
      },
      "properties": {
        "confidence": 0.9988118410110474,
        "image": "DJI_20250310144630_0097_W.JPG"
      }
    },
    {
      "type": "Feature",
      "geometry": {
        "type": "Point",
        "coordinates": [
          -0.5244470259253389,
          53.26807401277374
        ]
      },
      "properties": {
        "confidence": 0.997407853603363,
        "image": "DJI_20250310144630_0097_W.JPG"
      }
    },
    {
      "type": "Feature",
      "geometry": {
        "type": "Point",
        "coordinates": [
          -0.5244000659366987,
          53.268182709217406
        ]
      },
      "properties": {
        "confidence": 0.9941027760505676,
        "image": "DJI_20250310144630_0097_W.JPG"
      }
    },
    {
      "type": "Feature",
      "geometry": {
        "type": "Point",
        "coordinates": [
          -0.5244120712651533,
          53.26807660419246
        ]
      },
      "properties": {
        "confidence": 0.9887821078300476,
        "image": "DJI_20250310144630_0097_W.JPG"
      }
    },
    {
      "type": "Feature",
      "geometry": {
        "type": "Point",
        "coordinates": [
          -0.5242941156466457,
          53.26808926436522
        ]
      },
      "properties": {
        "confidence": 0.9839587211608887,
        "image": "DJI_20250310144630_0097_W.JPG"
      }
    },
    {
      "type": "Feature",
      "geometry": {
        "type": "Point",
        "coordinates": [
          -0.5244306812076523,
          53.26812751788972
        ]
      },
      "properties": {
        "confidence": 0.8913377523422241,
        "image": "DJI_20250310144630_0097_W.JPG"
      }
    },
    {
      "type": "Feature",
      "geometry": {
        "type": "Point",
        "coordinates": [
          -0.5244757786396556,
          53.26817489268889
        ]
      },
      "properties": {
        "confidence": 0.8657811284065247,
        "image": "DJI_20250310144630_0097_W.JPG"
      }
    },
    {
      "type": "Feature",
      "geometry": {
        "type": "Point",
        "coordinates": [
          -0.5243078656164869,
          53.26813846410954
        ]
      },
      "properties": {
        "confidence": 0.8588563203811646,
        "image": "DJI_20250310144630_0097_W.JPG"
      }
    },
    {
      "type": "Feature",
      "geometry": {
        "type": "Point",
        "coordinates": [
          -0.5244392545091989,
          53.26817889444315
        ]
      },
      "properties": {
        "confidence": 0.8557549715042114,
        "image": "DJI_20250310144630_0097_W.JPG"
      }
    },
    {
      "type": "Feature",
      "geometry": {
        "type": "Point",
        "coordinates": [
          -0.524346195812516,
          53.2681349423846
        ]
      },
      "properties": {
        "confidence": 0.837082028388977,
        "image": "DJI_20250310144630_0097_W.JPG"
      }
    },
    {
      "type": "Feature",
      "geometry": {
        "type": "Point",
        "coordinates": [
          -0.5242482035823174,
          53.26806111559592
        ]
      },
      "properties": {
        "confidence": 0.8300154209136963,
        "image": "DJI_20250310144630_0097_W.JPG"
      }
    },
    {
      "type": "Feature",
      "geometry": {
        "type": "Point",
        "coordinates": [
          -0.5243618778722365,
          53.26818646004382
        ]
      },
      "properties": {
        "confidence": 0.716421902179718,
        "image": "DJI_20250310144630_0097_W.JPG"
      }
    },
    {
      "type": "Feature",
      "geometry": {
        "type": "Point",
        "coordinates": [
          -0.5244768251448416,
          53.268113570731586
        ]
      },
      "properties": {
        "confidence": 0.9990418553352356,
        "image": "DJI_20250310144428_0034_W.JPG"
      }
    },
    {
      "type": "Feature",
      "geometry": {
        "type": "Point",
        "coordinates": [
          -0.5245904076391068,
          53.268103580506335
        ]
      },
      "properties": {
        "confidence": 0.9953226447105408,
        "image": "DJI_20250310144428_0034_W.JPG"
      }
    },
    {
      "type": "Feature",
      "geometry": {
        "type": "Point",
        "coordinates": [
          -0.5245277483251877,
          53.268006099877375
        ]
      },
      "properties": {
        "confidence": 0.9939788579940796,
        "image": "DJI_20250310144428_0034_W.JPG"
      }
    },
    {
      "type": "Feature",
      "geometry": {
        "type": "Point",
        "coordinates": [
          -0.5243759768319235,
          53.26817240079564
        ]
      },
      "properties": {
        "confidence": 0.9850094318389893,
        "image": "DJI_20250310144428_0034_W.JPG"
      }
    },
    {
      "type": "Feature",
      "geometry": {
        "type": "Point",
        "coordinates": [
          -0.524328451622617,
          53.26812501590786
        ]
      },
      "properties": {
        "confidence": 0.9795803427696228,
        "image": "DJI_20250310144428_0034_W.JPG"
      }
    },
    {
      "type": "Feature",
      "geometry": {
        "type": "Point",
        "coordinates": [
          -0.5245138421345481,
          53.268109906573464
        ]
      },
      "properties": {
        "confidence": 0.9795292019844055,
        "image": "DJI_20250310144428_0034_W.JPG"
      }
    },
    {
      "type": "Feature",
      "geometry": {
        "type": "Point",
        "coordinates": [
          -0.5245535713767671,
          53.268106805839416
        ]
      },
      "properties": {
        "confidence": 0.9637534022331238,
        "image": "DJI_20250310144428_0034_W.JPG"
      }
    },
    {
      "type": "Feature",
      "geometry": {
        "type": "Point",
        "coordinates": [
          -0.5243429220760494,
          53.26802211232526
        ]
      },
      "properties": {
        "confidence": 0.9216797947883606,
        "image": "DJI_20250310144428_0034_W.JPG"
      }
    },
    {
      "type": "Feature",
      "geometry": {
        "type": "Point",
        "coordinates": [
          -0.5244544778131338,
          53.2680146712417
        ]
      },
      "properties": {
        "confidence": 0.9101479649543762,
        "image": "DJI_20250310144428_0034_W.JPG"
      }
    },
    {
      "type": "Feature",
      "geometry": {
        "type": "Point",
        "coordinates": [
          -0.524414511511076,
          53.268015514314634
        ]
      },
      "properties": {
        "confidence": 0.8910377621650696,
        "image": "DJI_20250310144428_0034_W.JPG"
      }
    },
    {
      "type": "Feature",
      "geometry": {
        "type": "Point",
        "coordinates": [
          -0.5244506658815766,
          53.268010617244755
        ]
      },
      "properties": {
        "confidence": 0.8891683220863342,
        "image": "DJI_20250310144428_0034_W.JPG"
      }
    },
    {
      "type": "Feature",
      "geometry": {
        "type": "Point",
        "coordinates": [
          -0.5243963805471761,
          53.26812203480637
        ]
      },
      "properties": {
        "confidence": 0.8550710678100586,
        "image": "DJI_20250310144428_0034_W.JPG"
      }
    },
    {
      "type": "Feature",
      "geometry": {
        "type": "Point",
        "coordinates": [
          -0.524555594971592,
          53.2681096014612
        ]
      },
      "properties": {
        "confidence": 0.8074222803115845,
        "image": "DJI_20250310144428_0034_W.JPG"
      }
    },
    {
      "type": "Feature",
      "geometry": {
        "type": "Point",
        "coordinates": [
          -0.5243330594529673,
          53.268143280413604
        ]
      },
      "properties": {
        "confidence": 0.7604392170906067,
        "image": "DJI_20250310144428_0034_W.JPG"
      }
    },
    {
      "type": "Feature",
      "geometry": {
        "type": "Point",
        "coordinates": [
          -0.5245675228185362,
          53.26811267649842
        ]
      },
      "properties": {
        "confidence": 0.9990429282188416,
        "image": "DJI_20250310144456_0049_W.JPG"
      }
    },
    {
      "type": "Feature",
      "geometry": {
        "type": "Point",
        "coordinates": [
          -0.5245285468093188,
          53.26811644101091
        ]
      },
      "properties": {
        "confidence": 0.9974372386932373,
        "image": "DJI_20250310144456_0049_W.JPG"
      }
    },
    {
      "type": "Feature",
      "geometry": {
        "type": "Point",
        "coordinates": [
          -0.5243405004067526,
          53.26813445505824
        ]
      },
      "properties": {
        "confidence": 0.9085865616798401,
        "image": "DJI_20250310144456_0049_W.JPG"
      }
    },
    {
      "type": "Feature",
      "geometry": {
        "type": "Point",
        "coordinates": [
          -0.5244138359769884,
          53.26812603982591
        ]
      },
      "properties": {
        "confidence": 0.8934553861618042,
        "image": "DJI_20250310144456_0049_W.JPG"
      }
    },
    {
      "type": "Feature",
      "geometry": {
        "type": "Point",
        "coordinates": [
          -0.5243712216256392,
          53.26812873444704
        ]
      },
      "properties": {
        "confidence": 0.832351565361023,
        "image": "DJI_20250310144456_0049_W.JPG"
      }
    },
    {
      "type": "Feature",
      "geometry": {
        "type": "Point",
        "coordinates": [
          -0.5243029132948732,
          53.268138068314165
        ]
      },
      "properties": {
        "confidence": 0.8285394906997681,
        "image": "DJI_20250310144456_0049_W.JPG"
      }
    },
    {
      "type": "Feature",
      "geometry": {
        "type": "Point",
        "coordinates": [
          -0.524293091362741,
          53.26813639434311
        ]
      },
      "properties": {
        "confidence": 0.806045651435852,
        "image": "DJI_20250310144456_0049_W.JPG"
      }
    },
    {
      "type": "Feature",
      "geometry": {
        "type": "Point",
        "coordinates": [
          -0.5245423055338169,
          53.268167401490274
        ]
      },
      "properties": {
        "confidence": 0.7052984833717346,
        "image": "DJI_20250310144456_0049_W.JPG"
      }
    },
    {
      "type": "Feature",
      "geometry": {
        "type": "Point",
        "coordinates": [
          -0.5245182214224566,
          53.268071238135484
        ]
      },
      "properties": {
        "confidence": 0.9958840012550354,
        "image": "DJI_20250310144352_0015_W.JPG"
      }
    },
    {
      "type": "Feature",
      "geometry": {
        "type": "Point",
        "coordinates": [
          -0.5245720549490476,
          53.26811778540909
        ]
      },
      "properties": {
        "confidence": 0.8610429763793945,
        "image": "DJI_20250310144352_0015_W.JPG"
      }
    },
    {
      "type": "Feature",
      "geometry": {
        "type": "Point",
        "coordinates": [
          -0.5244062352629452,
          53.2680816169756
        ]
      },
      "properties": {
        "confidence": 0.8321851491928101,
        "image": "DJI_20250310144352_0015_W.JPG"
      }
    },
    {
      "type": "Feature",
      "geometry": {
        "type": "Point",
        "coordinates": [
          -0.5245121708806619,
          53.268057803379456
        ]
      },
      "properties": {
        "confidence": 0.9991251826286316,
        "image": "DJI_20250310144511_0056_W.JPG"
      }
    },
    {
      "type": "Feature",
      "geometry": {
        "type": "Point",
        "coordinates": [
          -0.5244742098057137,
          53.268060122148185
        ]
      },
      "properties": {
        "confidence": 0.99750155210495,
        "image": "DJI_20250310144511_0056_W.JPG"
      }
    },
    {
      "type": "Feature",
      "geometry": {
        "type": "Point",
        "coordinates": [
          -0.5243174828936442,
          53.268073641989254
        ]
      },
      "properties": {
        "confidence": 0.9955940842628479,
        "image": "DJI_20250310144511_0056_W.JPG"
      }
    },
    {
      "type": "Feature",
      "geometry": {
        "type": "Point",
        "coordinates": [
          -0.5245736736431984,
          53.26815822029414
        ]
      },
      "properties": {
        "confidence": 0.9936732053756714,
        "image": "DJI_20250310144511_0056_W.JPG"
      }
    },
    {
      "type": "Feature",
      "geometry": {
        "type": "Point",
        "coordinates": [
          -0.5245876701356637,
          53.26805381202998
        ]
      },
      "properties": {
        "confidence": 0.9904786348342896,
        "image": "DJI_20250310144511_0056_W.JPG"
      }
    },
    {
      "type": "Feature",
      "geometry": {
        "type": "Point",
        "coordinates": [
          -0.5245488207514477,
          53.26805658543098
        ]
      },
      "properties": {
        "confidence": 0.9756858348846436,
        "image": "DJI_20250310144511_0056_W.JPG"
      }
    },
    {
      "type": "Feature",
      "geometry": {
        "type": "Point",
        "coordinates": [
          -0.5244936640351923,
          53.26816425142456
        ]
      },
      "properties": {
        "confidence": 0.9269194602966309,
        "image": "DJI_20250310144511_0056_W.JPG"
      }
    },
    {
      "type": "Feature",
      "geometry": {
        "type": "Point",
        "coordinates": [
          -0.5243569009022321,
          53.26807141021457
        ]
      },
      "properties": {
        "confidence": 0.9076980948448181,
        "image": "DJI_20250310144511_0056_W.JPG"
      }
    },
    {
      "type": "Feature",
      "geometry": {
        "type": "Point",
        "coordinates": [
          -0.5245659169080871,
          53.26810555683329
        ]
      },
      "properties": {
        "confidence": 0.9001737236976624,
        "image": "DJI_20250310144511_0056_W.JPG"
      }
    },
    {
      "type": "Feature",
      "geometry": {
        "type": "Point",
        "coordinates": [
          -0.5245201694084813,
          53.26810989990975
        ]
      },
      "properties": {
        "confidence": 0.8887838125228882,
        "image": "DJI_20250310144511_0056_W.JPG"
      }
    },
    {
      "type": "Feature",
      "geometry": {
        "type": "Point",
        "coordinates": [
          -0.5243298097029045,
          53.268125161757965
        ]
      },
      "properties": {
        "confidence": 0.8548738956451416,
        "image": "DJI_20250310144511_0056_W.JPG"
      }
    },
    {
      "type": "Feature",
      "geometry": {
        "type": "Point",
        "coordinates": [
          -0.5242917231888414,
          53.26812809534618
        ]
      },
      "properties": {
        "confidence": 0.8488931655883789,
        "image": "DJI_20250310144511_0056_W.JPG"
      }
    },
    {
      "type": "Feature",
      "geometry": {
        "type": "Point",
        "coordinates": [
          -0.5244825179635305,
          53.26811326889025
        ]
      },
      "properties": {
        "confidence": 0.8417903184890747,
        "image": "DJI_20250310144511_0056_W.JPG"
      }
    },
    {
      "type": "Feature",
      "geometry": {
        "type": "Point",
        "coordinates": [
          -0.5243398216145182,
          53.268176805328345
        ]
      },
      "properties": {
        "confidence": 0.8400521874427795,
        "image": "DJI_20250310144511_0056_W.JPG"
      }
    },
    {
      "type": "Feature",
      "geometry": {
        "type": "Point",
        "coordinates": [
          -0.5246027488504363,
          53.26810287586546
        ]
      },
      "properties": {
        "confidence": 0.7883669137954712,
        "image": "DJI_20250310144511_0056_W.JPG"
      }
    },
    {
      "type": "Feature",
      "geometry": {
        "type": "Point",
        "coordinates": [
          -0.5242482263325168,
          53.26808250964785
        ]
      },
      "properties": {
        "confidence": 0.7558314800262451,
        "image": "DJI_20250310144511_0056_W.JPG"
      }
    },
    {
      "type": "Feature",
      "geometry": {
        "type": "Point",
        "coordinates": [
          -0.524398372203035,
          53.26812209057832
        ]
      },
      "properties": {
        "confidence": 0.9724038243293762,
        "image": "DJI_20250310144412_0026_W.JPG"
      }
    },
    {
      "type": "Feature",
      "geometry": {
        "type": "Point",
        "coordinates": [
          -0.5244792575423128,
          53.268117608414336
        ]
      },
      "properties": {
        "confidence": 0.9185076355934143,
        "image": "DJI_20250310144412_0026_W.JPG"
      }
    },
    {
      "type": "Feature",
      "geometry": {
        "type": "Point",
        "coordinates": [
          -0.5245174428070479,
          53.26811580925916
        ]
      },
      "properties": {
        "confidence": 0.8579694032669067,
        "image": "DJI_20250310144412_0026_W.JPG"
      }
    },
    {
      "type": "Feature",
      "geometry": {
        "type": "Point",
        "coordinates": [
          -0.5244931804577656,
          53.268169960612994
        ]
      },
      "properties": {
        "confidence": 0.8145700693130493,
        "image": "DJI_20250310144412_0026_W.JPG"
      }
    },
    {
      "type": "Feature",
      "geometry": {
        "type": "Point",
        "coordinates": [
          -0.5244471623720497,
          53.26817082889456
        ]
      },
      "properties": {
        "confidence": 0.7912932634353638,
        "image": "DJI_20250310144412_0026_W.JPG"
      }
    },
    {
      "type": "Feature",
      "geometry": {
        "type": "Point",
        "coordinates": [
          -0.5245925488851559,
          53.26810667952515
        ]
      },
      "properties": {
        "confidence": 0.7336493134498596,
        "image": "DJI_20250310144412_0026_W.JPG"
      }
    },
    {
      "type": "Feature",
      "geometry": {
        "type": "Point",
        "coordinates": [
          -0.5244075627484197,
          53.26817486372721
        ]
      },
      "properties": {
        "confidence": 0.7300131320953369,
        "image": "DJI_20250310144412_0026_W.JPG"
      }
    },
    {
      "type": "Feature",
      "geometry": {
        "type": "Point",
        "coordinates": [
          -0.5245276105576843,
          53.26812140750862
        ]
      },
      "properties": {
        "confidence": 0.9933777451515198,
        "image": "DJI_20250310144357_0018_W.JPG"
      }
    },
    {
      "type": "Feature",
      "geometry": {
        "type": "Point",
        "coordinates": [
          -0.524462694687466,
          53.26802377118142
        ]
      },
      "properties": {
        "confidence": 0.9904049634933472,
        "image": "DJI_20250310144357_0018_W.JPG"
      }
    },
    {
      "type": "Feature",
      "geometry": {
        "type": "Point",
        "coordinates": [
          -0.5245015801788266,
          53.268021047564616
        ]
      },
      "properties": {
        "confidence": 0.9808422327041626,
        "image": "DJI_20250310144357_0018_W.JPG"
      }
    },
    {
      "type": "Feature",
      "geometry": {
        "type": "Point",
        "coordinates": [
          -0.5244898730875919,
          53.26812489156796
        ]
      },
      "properties": {
        "confidence": 0.9658942222595215,
        "image": "DJI_20250310144357_0018_W.JPG"
      }
    },
    {
      "type": "Feature",
      "geometry": {
        "type": "Point",
        "coordinates": [
          -0.5244285962708422,
          53.26802892852065
        ]
      },
      "properties": {
        "confidence": 0.9443013072013855,
        "image": "DJI_20250310144357_0018_W.JPG"
      }
    },
    {
      "type": "Feature",
      "geometry": {
        "type": "Point",
        "coordinates": [
          -0.5243607052384898,
          53.26803755601611
        ]
      },
      "properties": {
        "confidence": 0.892033040523529,
        "image": "DJI_20250310144357_0018_W.JPG"
      }
    },
    {
      "type": "Feature",
      "geometry": {
        "type": "Point",
        "coordinates": [
          -0.5243837752474235,
          53.26803072122284
        ]
      },
      "properties": {
        "confidence": 0.8806193470954895,
        "image": "DJI_20250310144357_0018_W.JPG"
      }
    },
    {
      "type": "Feature",
      "geometry": {
        "type": "Point",
        "coordinates": [
          -0.5245673810127132,
          53.268117972185635
        ]
      },
      "properties": {
        "confidence": 0.8699808716773987,
        "image": "DJI_20250310144357_0018_W.JPG"
      }
    },
    {
      "type": "Feature",
      "geometry": {
        "type": "Point",
        "coordinates": [
          -0.524393307743734,
          53.26803308987356
        ]
      },
      "properties": {
        "confidence": 0.747705340385437,
        "image": "DJI_20250310144357_0018_W.JPG"
      }
    },
    {
      "type": "Feature",
      "geometry": {
        "type": "Point",
        "coordinates": [
          -0.5244394837822195,
          53.26812005672035
        ]
      },
      "properties": {
        "confidence": 0.9999427795410156,
        "image": "DJI_20250310144433_0037_W.JPG"
      }
    },
    {
      "type": "Feature",
      "geometry": {
        "type": "Point",
        "coordinates": [
          -0.5243306076884561,
          53.26812602470169
        ]
      },
      "properties": {
        "confidence": 0.999049961566925,
        "image": "DJI_20250310144433_0037_W.JPG"
      }
    },
    {
      "type": "Feature",
      "geometry": {
        "type": "Point",
        "coordinates": [
          -0.5245901763207026,
          53.268105491762576
        ]
      },
      "properties": {
        "confidence": 0.9966842532157898,
        "image": "DJI_20250310144433_0037_W.JPG"
      }
    },
    {
      "type": "Feature",
      "geometry": {
        "type": "Point",
        "coordinates": [
          -0.5244775139612029,
          53.26811712933851
        ]
      },
      "properties": {
        "confidence": 0.9886038303375244,
        "image": "DJI_20250310144433_0037_W.JPG"
      }
    },
    {
      "type": "Feature",
      "geometry": {
        "type": "Point",
        "coordinates": [
          -0.524540854115651,
          53.26805962967786
        ]
      },
      "properties": {
        "confidence": 0.9756061434745789,
        "image": "DJI_20250310144433_0037_W.JPG"
      }
    },
    {
      "type": "Feature",
      "geometry": {
        "type": "Point",
        "coordinates": [
          -0.5244665472210273,
          53.268066265643014
        ]
      },
      "properties": {
        "confidence": 0.9559460282325745,
        "image": "DJI_20250310144433_0037_W.JPG"
      }
    },
    {
      "type": "Feature",
      "geometry": {
        "type": "Point",
        "coordinates": [
          -0.5244157513326629,
          53.268019173554094
        ]
      },
      "properties": {
        "confidence": 0.906875729560852,
        "image": "DJI_20250310144433_0037_W.JPG"
      }
    },
    {
      "type": "Feature",
      "geometry": {
        "type": "Point",
        "coordinates": [
          -0.5246374466310509,
          53.26795857143346
        ]
      },
      "properties": {
        "confidence": 0.8044009804725647,
        "image": "DJI_20250310144433_0037_W.JPG"
      }
    },
    {
      "type": "Feature",
      "geometry": {
        "type": "Point",
        "coordinates": [
          -0.5244016824740808,
          53.268122000245874
        ]
      },
      "properties": {
        "confidence": 0.7992838621139526,
        "image": "DJI_20250310144433_0037_W.JPG"
      }
    },
    {
      "type": "Feature",
      "geometry": {
        "type": "Point",
        "coordinates": [
          -0.5245818122900543,
          53.268058023740004
        ]
      },
      "properties": {
        "confidence": 0.7898432612419128,
        "image": "DJI_20250310144433_0037_W.JPG"
      }
    },
    {
      "type": "Feature",
      "geometry": {
        "type": "Point",
        "coordinates": [
          -0.5243536469851436,
          53.26807528627559
        ]
      },
      "properties": {
        "confidence": 0.788675844669342,
        "image": "DJI_20250310144433_0037_W.JPG"
      }
    },
    {
      "type": "Feature",
      "geometry": {
        "type": "Point",
        "coordinates": [
          -0.5243889361359055,
          53.268073119339554
        ]
      },
      "properties": {
        "confidence": 0.7643797397613525,
        "image": "DJI_20250310144433_0037_W.JPG"
      }
    },
    {
      "type": "Feature",
      "geometry": {
        "type": "Point",
        "coordinates": [
          -0.5245031257895653,
          53.2680643270613
        ]
      },
      "properties": {
        "confidence": 0.7448365092277527,
        "image": "DJI_20250310144433_0037_W.JPG"
      }
    },
    {
      "type": "Feature",
      "geometry": {
        "type": "Point",
        "coordinates": [
          -0.5245277773455178,
          53.26812184019539
        ]
      },
      "properties": {
        "confidence": 0.998479425907135,
        "image": "DJI_20250310144356_0017_W.JPG"
      }
    },
    {
      "type": "Feature",
      "geometry": {
        "type": "Point",
        "coordinates": [
          -0.524490007269904,
          53.268124968411826
        ]
      },
      "properties": {
        "confidence": 0.9884368777275085,
        "image": "DJI_20250310144356_0017_W.JPG"
      }
    },
    {
      "type": "Feature",
      "geometry": {
        "type": "Point",
        "coordinates": [
          -0.5244623560170036,
          53.26802455638177
        ]
      },
      "properties": {
        "confidence": 0.9729961156845093,
        "image": "DJI_20250310144356_0017_W.JPG"
      }
    },
    {
      "type": "Feature",
      "geometry": {
        "type": "Point",
        "coordinates": [
          -0.5244600931523513,
          53.26802434395133
        ]
      },
      "properties": {
        "confidence": 0.9707614779472351,
        "image": "DJI_20250310144356_0017_W.JPG"
      }
    },
    {
      "type": "Feature",
      "geometry": {
        "type": "Point",
        "coordinates": [
          -0.5244567677397377,
          53.26802158097613
        ]
      },
      "properties": {
        "confidence": 0.9108402132987976,
        "image": "DJI_20250310144356_0017_W.JPG"
      }
    },
    {
      "type": "Feature",
      "geometry": {
        "type": "Point",
        "coordinates": [
          -0.524356607693489,
          53.26803607616659
        ]
      },
      "properties": {
        "confidence": 0.8329579830169678,
        "image": "DJI_20250310144356_0017_W.JPG"
      }
    },
    {
      "type": "Feature",
      "geometry": {
        "type": "Point",
        "coordinates": [
          -0.5246064120413267,
          53.268114790869205
        ]
      },
      "properties": {
        "confidence": 0.8047006130218506,
        "image": "DJI_20250310144356_0017_W.JPG"
      }
    },
    {
      "type": "Feature",
      "geometry": {
        "type": "Point",
        "coordinates": [
          -0.524415530102338,
          53.26813151396607
        ]
      },
      "properties": {
        "confidence": 0.7796393632888794,
        "image": "DJI_20250310144356_0017_W.JPG"
      }
    },
    {
      "type": "Feature",
      "geometry": {
        "type": "Point",
        "coordinates": [
          -0.5245677266110362,
          53.268116192278676
        ]
      },
      "properties": {
        "confidence": 0.7110469937324524,
        "image": "DJI_20250310144356_0017_W.JPG"
      }
    },
    {
      "type": "Feature",
      "geometry": {
        "type": "Point",
        "coordinates": [
          -0.5245497861055051,
          53.268109453137114
        ]
      },
      "properties": {
        "confidence": 0.9990978240966797,
        "image": "DJI_20250310144337_0008_W.JPG"
      }
    },
    {
      "type": "Feature",
      "geometry": {
        "type": "Point",
        "coordinates": [
          -0.5244519735997065,
          53.26801634874371
        ]
      },
      "properties": {
        "confidence": 0.9945871829986572,
        "image": "DJI_20250310144337_0008_W.JPG"
      }
    },
    {
      "type": "Feature",
      "geometry": {
        "type": "Point",
        "coordinates": [
          -0.5244854726539304,
          53.26801159517349
        ]
      },
      "properties": {
        "confidence": 0.9796445369720459,
        "image": "DJI_20250310144337_0008_W.JPG"
      }
    },
    {
      "type": "Feature",
      "geometry": {
        "type": "Point",
        "coordinates": [
          -0.5244371026368948,
          53.26811904262977
        ]
      },
      "properties": {
        "confidence": 0.9796242713928223,
        "image": "DJI_20250310144337_0008_W.JPG"
      }
    },
    {
      "type": "Feature",
      "geometry": {
        "type": "Point",
        "coordinates": [
          -0.5245246503598201,
          53.268008671534474
        ]
      },
      "properties": {
        "confidence": 0.9482741951942444,
        "image": "DJI_20250310144337_0008_W.JPG"
      }
    },
    {
      "type": "Feature",
      "geometry": {
        "type": "Point",
        "coordinates": [
          -0.524452069511019,
          53.268168320746746
        ]
      },
      "properties": {
        "confidence": 0.9100804924964905,
        "image": "DJI_20250310144337_0008_W.JPG"
      }
    },
    {
      "type": "Feature",
      "geometry": {
        "type": "Point",
        "coordinates": [
          -0.5245110079116545,
          53.26811234574364
        ]
      },
      "properties": {
        "confidence": 0.8826475143432617,
        "image": "DJI_20250310144337_0008_W.JPG"
      }
    },
    {
      "type": "Feature",
      "geometry": {
        "type": "Point",
        "coordinates": [
          -0.5245886874771923,
          53.26810619237957
        ]
      },
      "properties": {
        "confidence": 0.8442813158035278,
        "image": "DJI_20250310144337_0008_W.JPG"
      }
    },
    {
      "type": "Feature",
      "geometry": {
        "type": "Point",
        "coordinates": [
          -0.5244721237554656,
          53.26811662114928
        ]
      },
      "properties": {
        "confidence": 0.728135347366333,
        "image": "DJI_20250310144337_0008_W.JPG"
      }
    },
    {
      "type": "Feature",
      "geometry": {
        "type": "Point",
        "coordinates": [
          -0.5245376984781657,
          53.26805893538649
        ]
      },
      "properties": {
        "confidence": 0.7224557995796204,
        "image": "DJI_20250310144337_0008_W.JPG"
      }
    },
    {
      "type": "Feature",
      "geometry": {
        "type": "Point",
        "coordinates": [
          -0.5243452122556252,
          53.26813755218125
        ]
      },
      "properties": {
        "confidence": 0.9997302889823914,
        "image": "DJI_20250310144638_0102_W.JPG"
      }
    },
    {
      "type": "Feature",
      "geometry": {
        "type": "Point",
        "coordinates": [
          -0.5243828970899631,
          53.26813347801155
        ]
      },
      "properties": {
        "confidence": 0.9996663331985474,
        "image": "DJI_20250310144638_0102_W.JPG"
      }
    },
    {
      "type": "Feature",
      "geometry": {
        "type": "Point",
        "coordinates": [
          -0.5244589136103556,
          53.26812612109556
        ]
      },
      "properties": {
        "confidence": 0.9947874546051025,
        "image": "DJI_20250310144638_0102_W.JPG"
      }
    },
    {
      "type": "Feature",
      "geometry": {
        "type": "Point",
        "coordinates": [
          -0.5243473432804099,
          53.26813420387453
        ]
      },
      "properties": {
        "confidence": 0.9943812489509583,
        "image": "DJI_20250310144638_0102_W.JPG"
      }
    },
    {
      "type": "Feature",
      "geometry": {
        "type": "Point",
        "coordinates": [
          -0.5244641322023538,
          53.268123646146805
        ]
      },
      "properties": {
        "confidence": 0.978099524974823,
        "image": "DJI_20250310144638_0102_W.JPG"
      }
    },
    {
      "type": "Feature",
      "geometry": {
        "type": "Point",
        "coordinates": [
          -0.5244210657766747,
          53.26812984878322
        ]
      },
      "properties": {
        "confidence": 0.9397402405738831,
        "image": "DJI_20250310144638_0102_W.JPG"
      }
    },
    {
      "type": "Feature",
      "geometry": {
        "type": "Point",
        "coordinates": [
          -0.524402681758322,
          53.26818253639702
        ]
      },
      "properties": {
        "confidence": 0.9388795495033264,
        "image": "DJI_20250310144638_0102_W.JPG"
      }
    },
    {
      "type": "Feature",
      "geometry": {
        "type": "Point",
        "coordinates": [
          -0.5244490986955264,
          53.268177547212616
        ]
      },
      "properties": {
        "confidence": 0.9056421518325806,
        "image": "DJI_20250310144638_0102_W.JPG"
      }
    },
    {
      "type": "Feature",
      "geometry": {
        "type": "Point",
        "coordinates": [
          -0.5244371786449737,
          53.26817985565309
        ]
      },
      "properties": {
        "confidence": 0.8688132166862488,
        "image": "DJI_20250310144638_0102_W.JPG"
      }
    },
    {
      "type": "Feature",
      "geometry": {
        "type": "Point",
        "coordinates": [
          -0.5243889315496841,
          53.268128214681575
        ]
      },
      "properties": {
        "confidence": 0.7907692790031433,
        "image": "DJI_20250310144638_0102_W.JPG"
      }
    },
    {
      "type": "Feature",
      "geometry": {
        "type": "Point",
        "coordinates": [
          -0.524443438505156,
          53.26817868226883
        ]
      },
      "properties": {
        "confidence": 0.7517914175987244,
        "image": "DJI_20250310144638_0102_W.JPG"
      }
    },
    {
      "type": "Feature",
      "geometry": {
        "type": "Point",
        "coordinates": [
          -0.5245391347351659,
          53.26806713882848
        ]
      },
      "properties": {
        "confidence": 0.9997640252113342,
        "image": "DJI_20250310144437_0039_W.JPG"
      }
    },
    {
      "type": "Feature",
      "geometry": {
        "type": "Point",
        "coordinates": [
          -0.5245514391333818,
          53.26811696071804
        ]
      },
      "properties": {
        "confidence": 0.9996724128723145,
        "image": "DJI_20250310144437_0039_W.JPG"
      }
    },
    {
      "type": "Feature",
      "geometry": {
        "type": "Point",
        "coordinates": [
          -0.5245500159721844,
          53.26811534388192
        ]
      },
      "properties": {
        "confidence": 0.9995905756950378,
        "image": "DJI_20250310144437_0039_W.JPG"
      }
    },
    {
      "type": "Feature",
      "geometry": {
        "type": "Point",
        "coordinates": [
          -0.5243360975433299,
          53.26789257575816
        ]
      },
      "properties": {
        "confidence": 0.9960561990737915,
        "image": "DJI_20250310144437_0039_W.JPG"
      }
    },
    {
      "type": "Feature",
      "geometry": {
        "type": "Point",
        "coordinates": [
          -0.5244017210461902,
          53.26812874101604
        ]
      },
      "properties": {
        "confidence": 0.9613105058670044,
        "image": "DJI_20250310144437_0039_W.JPG"
      }
    },
    {
      "type": "Feature",
      "geometry": {
        "type": "Point",
        "coordinates": [
          -0.5245761151251214,
          53.2680633115292
        ]
      },
      "properties": {
        "confidence": 0.9494143128395081,
        "image": "DJI_20250310144437_0039_W.JPG"
      }
    },
    {
      "type": "Feature",
      "geometry": {
        "type": "Point",
        "coordinates": [
          -0.5245129586930413,
          53.26812002002641
        ]
      },
      "properties": {
        "confidence": 0.9260311722755432,
        "image": "DJI_20250310144437_0039_W.JPG"
      }
    },
    {
      "type": "Feature",
      "geometry": {
        "type": "Point",
        "coordinates": [
          -0.5245123755280269,
          53.26811872222246
        ]
      },
      "properties": {
        "confidence": 0.9230018258094788,
        "image": "DJI_20250310144437_0039_W.JPG"
      }
    },
    {
      "type": "Feature",
      "geometry": {
        "type": "Point",
        "coordinates": [
          -0.5245848534330184,
          53.26811041945275
        ]
      },
      "properties": {
        "confidence": 0.91633540391922,
        "image": "DJI_20250310144437_0039_W.JPG"
      }
    },
    {
      "type": "Feature",
      "geometry": {
        "type": "Point",
        "coordinates": [
          -0.5243882257559694,
          53.26808030789152
        ]
      },
      "properties": {
        "confidence": 0.8787004351615906,
        "image": "DJI_20250310144437_0039_W.JPG"
      }
    },
    {
      "type": "Feature",
      "geometry": {
        "type": "Point",
        "coordinates": [
          -0.5244248384750448,
          53.26807945660388
        ]
      },
      "properties": {
        "confidence": 0.7761156558990479,
        "image": "DJI_20250310144437_0039_W.JPG"
      }
    },
    {
      "type": "Feature",
      "geometry": {
        "type": "Point",
        "coordinates": [
          -0.5243386146339524,
          53.268032036725515
        ]
      },
      "properties": {
        "confidence": 0.7097436785697937,
        "image": "DJI_20250310144437_0039_W.JPG"
      }
    },
    {
      "type": "Feature",
      "geometry": {
        "type": "Point",
        "coordinates": [
          -0.5243510661587732,
          53.26813740634832
        ]
      },
      "properties": {
        "confidence": 0.9970154762268066,
        "image": "DJI_20250310144622_0093_W.JPG"
      }
    },
    {
      "type": "Feature",
      "geometry": {
        "type": "Point",
        "coordinates": [
          -0.5244411699261436,
          53.26802349507203
        ]
      },
      "properties": {
        "confidence": 0.9931343793869019,
        "image": "DJI_20250310144622_0093_W.JPG"
      }
    },
    {
      "type": "Feature",
      "geometry": {
        "type": "Point",
        "coordinates": [
          -0.5243546029969369,
          53.268139085007384
        ]
      },
      "properties": {
        "confidence": 0.9909336566925049,
        "image": "DJI_20250310144622_0093_W.JPG"
      }
    },
    {
      "type": "Feature",
      "geometry": {
        "type": "Point",
        "coordinates": [
          -0.5243206092552541,
          53.26803602207973
        ]
      },
      "properties": {
        "confidence": 0.9905003905296326,
        "image": "DJI_20250310144622_0093_W.JPG"
      }
    },
    {
      "type": "Feature",
      "geometry": {
        "type": "Point",
        "coordinates": [
          -0.5244177044856922,
          53.268078981719036
        ]
      },
      "properties": {
        "confidence": 0.9775490164756775,
        "image": "DJI_20250310144622_0093_W.JPG"
      }
    },
    {
      "type": "Feature",
      "geometry": {
        "type": "Point",
        "coordinates": [
          -0.5244332222344228,
          53.26813072676649
        ]
      },
      "properties": {
        "confidence": 0.9769917130470276,
        "image": "DJI_20250310144622_0093_W.JPG"
      }
    },
    {
      "type": "Feature",
      "geometry": {
        "type": "Point",
        "coordinates": [
          -0.5243946388684044,
          53.268135573737304
        ]
      },
      "properties": {
        "confidence": 0.9767544865608215,
        "image": "DJI_20250310144622_0093_W.JPG"
      }
    },
    {
      "type": "Feature",
      "geometry": {
        "type": "Point",
        "coordinates": [
          -0.5243759053441599,
          53.26808224855477
        ]
      },
      "properties": {
        "confidence": 0.9755071997642517,
        "image": "DJI_20250310144622_0093_W.JPG"
      }
    },
    {
      "type": "Feature",
      "geometry": {
        "type": "Point",
        "coordinates": [
          -0.5243368906071935,
          53.26808581360343
        ]
      },
      "properties": {
        "confidence": 0.9719170331954956,
        "image": "DJI_20250310144622_0093_W.JPG"
      }
    },
    {
      "type": "Feature",
      "geometry": {
        "type": "Point",
        "coordinates": [
          -0.5243896915885042,
          53.26813279477871
        ]
      },
      "properties": {
        "confidence": 0.9634760022163391,
        "image": "DJI_20250310144622_0093_W.JPG"
      }
    },
    {
      "type": "Feature",
      "geometry": {
        "type": "Point",
        "coordinates": [
          -0.5242999653519584,
          53.2680903165056
        ]
      },
      "properties": {
        "confidence": 0.9542359113693237,
        "image": "DJI_20250310144622_0093_W.JPG"
      }
    },
    {
      "type": "Feature",
      "geometry": {
        "type": "Point",
        "coordinates": [
          -0.5243125570579347,
          53.268139272451016
        ]
      },
      "properties": {
        "confidence": 0.9491844177246094,
        "image": "DJI_20250310144622_0093_W.JPG"
      }
    },
    {
      "type": "Feature",
      "geometry": {
        "type": "Point",
        "coordinates": [
          -0.5243965333646162,
          53.26802843132348
        ]
      },
      "properties": {
        "confidence": 0.9447017908096313,
        "image": "DJI_20250310144622_0093_W.JPG"
      }
    },
    {
      "type": "Feature",
      "geometry": {
        "type": "Point",
        "coordinates": [
          -0.5244556665403732,
          53.268075186340916
        ]
      },
      "properties": {
        "confidence": 0.9425894618034363,
        "image": "DJI_20250310144622_0093_W.JPG"
      }
    },
    {
      "type": "Feature",
      "geometry": {
        "type": "Point",
        "coordinates": [
          -0.5244634472377266,
          53.26812439026174
        ]
      },
      "properties": {
        "confidence": 0.9002563953399658,
        "image": "DJI_20250310144622_0093_W.JPG"
      }
    },
    {
      "type": "Feature",
      "geometry": {
        "type": "Point",
        "coordinates": [
          -0.5244490976285968,
          53.26807465383709
        ]
      },
      "properties": {
        "confidence": 0.8754278421401978,
        "image": "DJI_20250310144622_0093_W.JPG"
      }
    },
    {
      "type": "Feature",
      "geometry": {
        "type": "Point",
        "coordinates": [
          -0.5244362745722014,
          53.26802440318512
        ]
      },
      "properties": {
        "confidence": 0.8662990927696228,
        "image": "DJI_20250310144622_0093_W.JPG"
      }
    },
    {
      "type": "Feature",
      "geometry": {
        "type": "Point",
        "coordinates": [
          -0.5243595293488673,
          53.26803192737839
        ]
      },
      "properties": {
        "confidence": 0.8640219569206238,
        "image": "DJI_20250310144622_0093_W.JPG"
      }
    },
    {
      "type": "Feature",
      "geometry": {
        "type": "Point",
        "coordinates": [
          -0.5242836893669304,
          53.26803998893702
        ]
      },
      "properties": {
        "confidence": 0.8299810290336609,
        "image": "DJI_20250310144622_0093_W.JPG"
      }
    },
    {
      "type": "Feature",
      "geometry": {
        "type": "Point",
        "coordinates": [
          -0.5244780505867643,
          53.26811983098241
        ]
      },
      "properties": {
        "confidence": 0.9920411705970764,
        "image": "DJI_20250310144554_0079_W.JPG"
      }
    },
    {
      "type": "Feature",
      "geometry": {
        "type": "Point",
        "coordinates": [
          -0.52440730525725,
          53.26812333602524
        ]
      },
      "properties": {
        "confidence": 0.9915549159049988,
        "image": "DJI_20250310144554_0079_W.JPG"
      }
    },
    {
      "type": "Feature",
      "geometry": {
        "type": "Point",
        "coordinates": [
          -0.5243832867600074,
          53.268177028317524
        ]
      },
      "properties": {
        "confidence": 0.978644847869873,
        "image": "DJI_20250310144554_0079_W.JPG"
      }
    },
    {
      "type": "Feature",
      "geometry": {
        "type": "Point",
        "coordinates": [
          -0.5243073986349537,
          53.268184012212316
        ]
      },
      "properties": {
        "confidence": 0.9675887227058411,
        "image": "DJI_20250310144554_0079_W.JPG"
      }
    },
    {
      "type": "Feature",
      "geometry": {
        "type": "Point",
        "coordinates": [
          -0.5244473276535153,
          53.26811809898975
        ]
      },
      "properties": {
        "confidence": 0.9645730257034302,
        "image": "DJI_20250310144554_0079_W.JPG"
      }
    },
    {
      "type": "Feature",
      "geometry": {
        "type": "Point",
        "coordinates": [
          -0.5243700728862766,
          53.26812770563157
        ]
      },
      "properties": {
        "confidence": 0.9125699996948242,
        "image": "DJI_20250310144554_0079_W.JPG"
      }
    },
    {
      "type": "Feature",
      "geometry": {
        "type": "Point",
        "coordinates": [
          -0.524370362485384,
          53.268124830658024
        ]
      },
      "properties": {
        "confidence": 0.8153053522109985,
        "image": "DJI_20250310144554_0079_W.JPG"
      }
    },
    {
      "type": "Feature",
      "geometry": {
        "type": "Point",
        "coordinates": [
          -0.52447675314548,
          53.268233988616764
        ]
      },
      "properties": {
        "confidence": 0.8144979476928711,
        "image": "DJI_20250310144554_0079_W.JPG"
      }
    },
    {
      "type": "Feature",
      "geometry": {
        "type": "Point",
        "coordinates": [
          -0.5244228665938526,
          53.268173285314006
        ]
      },
      "properties": {
        "confidence": 0.7923120856285095,
        "image": "DJI_20250310144554_0079_W.JPG"
      }
    },
    {
      "type": "Feature",
      "geometry": {
        "type": "Point",
        "coordinates": [
          -0.5245512440504457,
          53.268106786389566
        ]
      },
      "properties": {
        "confidence": 0.9996384382247925,
        "image": "DJI_20250310144341_0010_W.JPG"
      }
    },
    {
      "type": "Feature",
      "geometry": {
        "type": "Point",
        "coordinates": [
          -0.5245389853287306,
          53.26805595180042
        ]
      },
      "properties": {
        "confidence": 0.9982390403747559,
        "image": "DJI_20250310144341_0010_W.JPG"
      }
    },
    {
      "type": "Feature",
      "geometry": {
        "type": "Point",
        "coordinates": [
          -0.5245122936363515,
          53.2681099315037
        ]
      },
      "properties": {
        "confidence": 0.9941970109939575,
        "image": "DJI_20250310144341_0010_W.JPG"
      }
    },
    {
      "type": "Feature",
      "geometry": {
        "type": "Point",
        "coordinates": [
          -0.5244402103186495,
          53.268114932650796
        ]
      },
      "properties": {
        "confidence": 0.9744991064071655,
        "image": "DJI_20250310144341_0010_W.JPG"
      }
    },
    {
      "type": "Feature",
      "geometry": {
        "type": "Point",
        "coordinates": [
          -0.5245012852577712,
          53.268059238992834
        ]
      },
      "properties": {
        "confidence": 0.873353123664856,
        "image": "DJI_20250310144341_0010_W.JPG"
      }
    },
    {
      "type": "Feature",
      "geometry": {
        "type": "Point",
        "coordinates": [
          -0.5244757162011188,
          53.26811277269423
        ]
      },
      "properties": {
        "confidence": 0.8660803437232971,
        "image": "DJI_20250310144341_0010_W.JPG"
      }
    },
    {
      "type": "Feature",
      "geometry": {
        "type": "Point",
        "coordinates": [
          -0.5244869172875938,
          53.26800898684176
        ]
      },
      "properties": {
        "confidence": 0.8171848058700562,
        "image": "DJI_20250310144341_0010_W.JPG"
      }
    },
    {
      "type": "Feature",
      "geometry": {
        "type": "Point",
        "coordinates": [
          -0.5244336473688797,
          53.26811874189394
        ]
      },
      "properties": {
        "confidence": 0.9979378581047058,
        "image": "DJI_20250310144328_0003_W.JPG"
      }
    },
    {
      "type": "Feature",
      "geometry": {
        "type": "Point",
        "coordinates": [
          -0.5248378671550294,
          53.268149567487605
        ]
      },
      "properties": {
        "confidence": 0.9948714971542358,
        "image": "DJI_20250310144328_0003_W.JPG"
      }
    },
    {
      "type": "Feature",
      "geometry": {
        "type": "Point",
        "coordinates": [
          -0.5248130432964667,
          53.26817064604524
        ]
      },
      "properties": {
        "confidence": 0.9909654855728149,
        "image": "DJI_20250310144328_0003_W.JPG"
      }
    },
    {
      "type": "Feature",
      "geometry": {
        "type": "Point",
        "coordinates": [
          -0.5245459366703322,
          53.26810733510121
        ]
      },
      "properties": {
        "confidence": 0.9870358109474182,
        "image": "DJI_20250310144328_0003_W.JPG"
      }
    },
    {
      "type": "Feature",
      "geometry": {
        "type": "Point",
        "coordinates": [
          -0.5248154064986563,
          53.26811056545629
        ]
      },
      "properties": {
        "confidence": 0.9757459759712219,
        "image": "DJI_20250310144328_0003_W.JPG"
      }
    },
    {
      "type": "Feature",
      "geometry": {
        "type": "Point",
        "coordinates": [
          -0.5244690731214809,
          53.26811473734285
        ]
      },
      "properties": {
        "confidence": 0.9058936834335327,
        "image": "DJI_20250310144328_0003_W.JPG"
      }
    },
    {
      "type": "Feature",
      "geometry": {
        "type": "Point",
        "coordinates": [
          -0.5247616693825864,
          53.26819551699392
        ]
      },
      "properties": {
        "confidence": 0.8823629021644592,
        "image": "DJI_20250310144328_0003_W.JPG"
      }
    },
    {
      "type": "Feature",
      "geometry": {
        "type": "Point",
        "coordinates": [
          -0.5245070063860766,
          53.2681110749442
        ]
      },
      "properties": {
        "confidence": 0.745557963848114,
        "image": "DJI_20250310144328_0003_W.JPG"
      }
    },
    {
      "type": "Feature",
      "geometry": {
        "type": "Point",
        "coordinates": [
          -0.5245566595817295,
          53.268062585683104
        ]
      },
      "properties": {
        "confidence": 0.9957090616226196,
        "image": "DJI_20250310144453_0047_W.JPG"
      }
    },
    {
      "type": "Feature",
      "geometry": {
        "type": "Point",
        "coordinates": [
          -0.524517979009729,
          53.268065972079896
        ]
      },
      "properties": {
        "confidence": 0.9938828945159912,
        "image": "DJI_20250310144453_0047_W.JPG"
      }
    },
    {
      "type": "Feature",
      "geometry": {
        "type": "Point",
        "coordinates": [
          -0.5244273953555595,
          53.26818010690047
        ]
      },
      "properties": {
        "confidence": 0.9797040224075317,
        "image": "DJI_20250310144453_0047_W.JPG"
      }
    },
    {
      "type": "Feature",
      "geometry": {
        "type": "Point",
        "coordinates": [
          -0.5243318414418628,
          53.268085040498306
        ]
      },
      "properties": {
        "confidence": 0.977516770362854,
        "image": "DJI_20250310144453_0047_W.JPG"
      }
    },
    {
      "type": "Feature",
      "geometry": {
        "type": "Point",
        "coordinates": [
          -0.5244042419041504,
          53.268076573680595
        ]
      },
      "properties": {
        "confidence": 0.9687442183494568,
        "image": "DJI_20250310144453_0047_W.JPG"
      }
    },
    {
      "type": "Feature",
      "geometry": {
        "type": "Point",
        "coordinates": [
          -0.5245447676735979,
          53.26816730316682
        ]
      },
      "properties": {
        "confidence": 0.9578831195831299,
        "image": "DJI_20250310144453_0047_W.JPG"
      }
    },
    {
      "type": "Feature",
      "geometry": {
        "type": "Point",
        "coordinates": [
          -0.5245694246612159,
          53.26811257928065
        ]
      },
      "properties": {
        "confidence": 0.9538740515708923,
        "image": "DJI_20250310144453_0047_W.JPG"
      }
    },
    {
      "type": "Feature",
      "geometry": {
        "type": "Point",
        "coordinates": [
          -0.5245936734042448,
          53.268060022831826
        ]
      },
      "properties": {
        "confidence": 0.9456800818443298,
        "image": "DJI_20250310144453_0047_W.JPG"
      }
    },
    {
      "type": "Feature",
      "geometry": {
        "type": "Point",
        "coordinates": [
          -0.5243901732722124,
          53.26818208892441
        ]
      },
      "properties": {
        "confidence": 0.9286623597145081,
        "image": "DJI_20250310144453_0047_W.JPG"
      }
    },
    {
      "type": "Feature",
      "geometry": {
        "type": "Point",
        "coordinates": [
          -0.5246212326170362,
          53.268160054426765
        ]
      },
      "properties": {
        "confidence": 0.9160041809082031,
        "image": "DJI_20250310144453_0047_W.JPG"
      }
    },
    {
      "type": "Feature",
      "geometry": {
        "type": "Point",
        "coordinates": [
          -0.5245858418387267,
          53.268164293847185
        ]
      },
      "properties": {
        "confidence": 0.9043794870376587,
        "image": "DJI_20250310144453_0047_W.JPG"
      }
    },
    {
      "type": "Feature",
      "geometry": {
        "type": "Point",
        "coordinates": [
          -0.5245307766196136,
          53.26811614190303
        ]
      },
      "properties": {
        "confidence": 0.8839988708496094,
        "image": "DJI_20250310144453_0047_W.JPG"
      }
    },
    {
      "type": "Feature",
      "geometry": {
        "type": "Point",
        "coordinates": [
          -0.5243857286069181,
          53.2681842850458
        ]
      },
      "properties": {
        "confidence": 0.8593164682388306,
        "image": "DJI_20250310144453_0047_W.JPG"
      }
    },
    {
      "type": "Feature",
      "geometry": {
        "type": "Point",
        "coordinates": [
          -0.5242947016362918,
          53.26808856299325
        ]
      },
      "properties": {
        "confidence": 0.7407495975494385,
        "image": "DJI_20250310144453_0047_W.JPG"
      }
    },
    {
      "type": "Feature",
      "geometry": {
        "type": "Point",
        "coordinates": [
          -0.5245295714740089,
          53.268116801919035
        ]
      },
      "properties": {
        "confidence": 0.9995310306549072,
        "image": "DJI_20250310144500_0051_W.JPG"
      }
    },
    {
      "type": "Feature",
      "geometry": {
        "type": "Point",
        "coordinates": [
          -0.5245687198290413,
          53.268112907125335
        ]
      },
      "properties": {
        "confidence": 0.9972008466720581,
        "image": "DJI_20250310144500_0051_W.JPG"
      }
    },
    {
      "type": "Feature",
      "geometry": {
        "type": "Point",
        "coordinates": [
          -0.5244129481995655,
          53.2681258121914
        ]
      },
      "properties": {
        "confidence": 0.9944170713424683,
        "image": "DJI_20250310144500_0051_W.JPG"
      }
    },
    {
      "type": "Feature",
      "geometry": {
        "type": "Point",
        "coordinates": [
          -0.5243423224717852,
          53.26813678688655
        ]
      },
      "properties": {
        "confidence": 0.9924393892288208,
        "image": "DJI_20250310144500_0051_W.JPG"
      }
    },
    {
      "type": "Feature",
      "geometry": {
        "type": "Point",
        "coordinates": [
          -0.524415890364512,
          53.26812859502737
        ]
      },
      "properties": {
        "confidence": 0.9922426342964172,
        "image": "DJI_20250310144500_0051_W.JPG"
      }
    },
    {
      "type": "Feature",
      "geometry": {
        "type": "Point",
        "coordinates": [
          -0.5243066598871048,
          53.26814092785938
        ]
      },
      "properties": {
        "confidence": 0.9797374606132507,
        "image": "DJI_20250310144500_0051_W.JPG"
      }
    },
    {
      "type": "Feature",
      "geometry": {
        "type": "Point",
        "coordinates": [
          -0.5243751949151773,
          53.26813068662797
        ]
      },
      "properties": {
        "confidence": 0.9634867310523987,
        "image": "DJI_20250310144500_0051_W.JPG"
      }
    },
    {
      "type": "Feature",
      "geometry": {
        "type": "Point",
        "coordinates": [
          -0.5245042992178613,
          53.26817229655027
        ]
      },
      "properties": {
        "confidence": 0.9541289210319519,
        "image": "DJI_20250310144500_0051_W.JPG"
      }
    },
    {
      "type": "Feature",
      "geometry": {
        "type": "Point",
        "coordinates": [
          -0.5243320350895355,
          53.268132583693294
        ]
      },
      "properties": {
        "confidence": 0.8838842511177063,
        "image": "DJI_20250310144500_0051_W.JPG"
      }
    },
    {
      "type": "Feature",
      "geometry": {
        "type": "Point",
        "coordinates": [
          -0.5243885494582071,
          53.26818220181856
        ]
      },
      "properties": {
        "confidence": 0.8651484847068787,
        "image": "DJI_20250310144500_0051_W.JPG"
      }
    },
    {
      "type": "Feature",
      "geometry": {
        "type": "Point",
        "coordinates": [
          -0.5244255790133207,
          53.268177791962046
        ]
      },
      "properties": {
        "confidence": 0.8491448163986206,
        "image": "DJI_20250310144500_0051_W.JPG"
      }
    },
    {
      "type": "Feature",
      "geometry": {
        "type": "Point",
        "coordinates": [
          -0.5243503464853906,
          53.26818573648101
        ]
      },
      "properties": {
        "confidence": 0.8080582618713379,
        "image": "DJI_20250310144500_0051_W.JPG"
      }
    },
    {
      "type": "Feature",
      "geometry": {
        "type": "Point",
        "coordinates": [
          -0.5244658743215143,
          53.2680656922056
        ]
      },
      "properties": {
        "confidence": 0.9926014542579651,
        "image": "DJI_20250310144435_0038_W.JPG"
      }
    },
    {
      "type": "Feature",
      "geometry": {
        "type": "Point",
        "coordinates": [
          -0.524540658931508,
          53.268058106997636
        ]
      },
      "properties": {
        "confidence": 0.9852855801582336,
        "image": "DJI_20250310144435_0038_W.JPG"
      }
    },
    {
      "type": "Feature",
      "geometry": {
        "type": "Point",
        "coordinates": [
          -0.5243159318983026,
          53.26807705719334
        ]
      },
      "properties": {
        "confidence": 0.9819968342781067,
        "image": "DJI_20250310144435_0038_W.JPG"
      }
    },
    {
      "type": "Feature",
      "geometry": {
        "type": "Point",
        "coordinates": [
          -0.5245801807310728,
          53.268056408848636
        ]
      },
      "properties": {
        "confidence": 0.949479877948761,
        "image": "DJI_20250310144435_0038_W.JPG"
      }
    },
    {
      "type": "Feature",
      "geometry": {
        "type": "Point",
        "coordinates": [
          -0.5245036612415532,
          53.26806435158196
        ]
      },
      "properties": {
        "confidence": 0.9176242351531982,
        "image": "DJI_20250310144435_0038_W.JPG"
      }
    },
    {
      "type": "Feature",
      "geometry": {
        "type": "Point",
        "coordinates": [
          -0.52439024188165,
          53.268071382241175
        ]
      },
      "properties": {
        "confidence": 0.9126409888267517,
        "image": "DJI_20250310144435_0038_W.JPG"
      }
    },
    {
      "type": "Feature",
      "geometry": {
        "type": "Point",
        "coordinates": [
          -0.5243982541035539,
          53.268102272690854
        ]
      },
      "properties": {
        "confidence": 0.8843093514442444,
        "image": "DJI_20250310144435_0038_W.JPG"
      }
    },
    {
      "type": "Feature",
      "geometry": {
        "type": "Point",
        "coordinates": [
          -0.5243539784444458,
          53.268073768237535
        ]
      },
      "properties": {
        "confidence": 0.7681735754013062,
        "image": "DJI_20250310144435_0038_W.JPG"
      }
    },
    {
      "type": "Feature",
      "geometry": {
        "type": "Point",
        "coordinates": [
          -0.5245376030509709,
          53.268061585594964
        ]
      },
      "properties": {
        "confidence": 0.9902942180633545,
        "image": "DJI_20250310144346_0013_W.JPG"
      }
    },
    {
      "type": "Feature",
      "geometry": {
        "type": "Point",
        "coordinates": [
          -0.5244574912421023,
          53.26807356536231
        ]
      },
      "properties": {
        "confidence": 0.923136830329895,
        "image": "DJI_20250310144346_0013_W.JPG"
      }
    },
    {
      "type": "Feature",
      "geometry": {
        "type": "Point",
        "coordinates": [
          -0.5244599701976645,
          53.26807157609497
        ]
      },
      "properties": {
        "confidence": 0.8721977472305298,
        "image": "DJI_20250310144346_0013_W.JPG"
      }
    },
    {
      "type": "Feature",
      "geometry": {
        "type": "Point",
        "coordinates": [
          -0.5244987716336938,
          53.26806644800665
        ]
      },
      "properties": {
        "confidence": 0.8329851031303406,
        "image": "DJI_20250310144346_0013_W.JPG"
      }
    },
    {
      "type": "Feature",
      "geometry": {
        "type": "Point",
        "coordinates": [
          -0.5246191581918827,
          53.268161493722914
        ]
      },
      "properties": {
        "confidence": 0.9894587993621826,
        "image": "DJI_20250310144451_0046_W.JPG"
      }
    },
    {
      "type": "Feature",
      "geometry": {
        "type": "Point",
        "coordinates": [
          -0.5245675133775642,
          53.26811397178267
        ]
      },
      "properties": {
        "confidence": 0.9847887754440308,
        "image": "DJI_20250310144451_0046_W.JPG"
      }
    },
    {
      "type": "Feature",
      "geometry": {
        "type": "Point",
        "coordinates": [
          -0.5244022354624851,
          53.268078058265246
        ]
      },
      "properties": {
        "confidence": 0.9215677380561829,
        "image": "DJI_20250310144451_0046_W.JPG"
      }
    },
    {
      "type": "Feature",
      "geometry": {
        "type": "Point",
        "coordinates": [
          -0.5245825219121887,
          53.268165697728485
        ]
      },
      "properties": {
        "confidence": 0.9010716676712036,
        "image": "DJI_20250310144451_0046_W.JPG"
      }
    },
    {
      "type": "Feature",
      "geometry": {
        "type": "Point",
        "coordinates": [
          -0.5245428497972371,
          53.26816879318506
        ]
      },
      "properties": {
        "confidence": 0.898539662361145,
        "image": "DJI_20250310144451_0046_W.JPG"
      }
    },
    {
      "type": "Feature",
      "geometry": {
        "type": "Point",
        "coordinates": [
          -0.5245483479307278,
          53.268172833149805
        ]
      },
      "properties": {
        "confidence": 0.8946428298950195,
        "image": "DJI_20250310144451_0046_W.JPG"
      }
    },
    {
      "type": "Feature",
      "geometry": {
        "type": "Point",
        "coordinates": [
          -0.5244260697816373,
          53.26818197788937
        ]
      },
      "properties": {
        "confidence": 0.8935287594795227,
        "image": "DJI_20250310144451_0046_W.JPG"
      }
    },
    {
      "type": "Feature",
      "geometry": {
        "type": "Point",
        "coordinates": [
          -0.5243174299473234,
          53.26818831812554
        ]
      },
      "properties": {
        "confidence": 0.8179812431335449,
        "image": "DJI_20250310144451_0046_W.JPG"
      }
    },
    {
      "type": "Feature",
      "geometry": {
        "type": "Point",
        "coordinates": [
          -0.5243586632310985,
          53.2680797452398
        ]
      },
      "properties": {
        "confidence": 0.7528354525566101,
        "image": "DJI_20250310144451_0046_W.JPG"
      }
    },
    {
      "type": "Feature",
      "geometry": {
        "type": "Point",
        "coordinates": [
          -0.5245926697321897,
          53.268060724341225
        ]
      },
      "properties": {
        "confidence": 0.7031748294830322,
        "image": "DJI_20250310144451_0046_W.JPG"
      }
    },
    {
      "type": "Feature",
      "geometry": {
        "type": "Point",
        "coordinates": [
          -0.5245724046864315,
          53.26815978830772
        ]
      },
      "properties": {
        "confidence": 0.9899052977561951,
        "image": "DJI_20250310144514_0058_W.JPG"
      }
    },
    {
      "type": "Feature",
      "geometry": {
        "type": "Point",
        "coordinates": [
          -0.5245781292883241,
          53.26816255471339
        ]
      },
      "properties": {
        "confidence": 0.9832199215888977,
        "image": "DJI_20250310144514_0058_W.JPG"
      }
    },
    {
      "type": "Feature",
      "geometry": {
        "type": "Point",
        "coordinates": [
          -0.5244717014472556,
          53.268063467588384
        ]
      },
      "properties": {
        "confidence": 0.9820705652236938,
        "image": "DJI_20250310144514_0058_W.JPG"
      }
    },
    {
      "type": "Feature",
      "geometry": {
        "type": "Point",
        "coordinates": [
          -0.5245758439310824,
          53.268162434636125
        ]
      },
      "properties": {
        "confidence": 0.9797871112823486,
        "image": "DJI_20250310144514_0058_W.JPG"
      }
    },
    {
      "type": "Feature",
      "geometry": {
        "type": "Point",
        "coordinates": [
          -0.5245879333574563,
          53.26805427942265
        ]
      },
      "properties": {
        "confidence": 0.9794953465461731,
        "image": "DJI_20250310144514_0058_W.JPG"
      }
    },
    {
      "type": "Feature",
      "geometry": {
        "type": "Point",
        "coordinates": [
          -0.5245341185591494,
          53.268163825813346
        ]
      },
      "properties": {
        "confidence": 0.9769573211669922,
        "image": "DJI_20250310144514_0058_W.JPG"
      }
    },
    {
      "type": "Feature",
      "geometry": {
        "type": "Point",
        "coordinates": [
          -0.5243168179880093,
          53.26807510692613
        ]
      },
      "properties": {
        "confidence": 0.9730264544487,
        "image": "DJI_20250310144514_0058_W.JPG"
      }
    },
    {
      "type": "Feature",
      "geometry": {
        "type": "Point",
        "coordinates": [
          -0.5244918628374718,
          53.268165152558474
        ]
      },
      "properties": {
        "confidence": 0.9617668986320496,
        "image": "DJI_20250310144514_0058_W.JPG"
      }
    },
    {
      "type": "Feature",
      "geometry": {
        "type": "Point",
        "coordinates": [
          -0.5243376686570129,
          53.26817774227359
        ]
      },
      "properties": {
        "confidence": 0.93879234790802,
        "image": "DJI_20250310144514_0058_W.JPG"
      }
    },
    {
      "type": "Feature",
      "geometry": {
        "type": "Point",
        "coordinates": [
          -0.5242622713764573,
          53.26818286490001
        ]
      },
      "properties": {
        "confidence": 0.9229211211204529,
        "image": "DJI_20250310144514_0058_W.JPG"
      }
    },
    {
      "type": "Feature",
      "geometry": {
        "type": "Point",
        "coordinates": [
          -0.5242990211674695,
          53.26818055409963
        ]
      },
      "properties": {
        "confidence": 0.9224262833595276,
        "image": "DJI_20250310144514_0058_W.JPG"
      }
    },
    {
      "type": "Feature",
      "geometry": {
        "type": "Point",
        "coordinates": [
          -0.5244317736172774,
          53.26806575245023
        ]
      },
      "properties": {
        "confidence": 0.9213541746139526,
        "image": "DJI_20250310144514_0058_W.JPG"
      }
    },
    {
      "type": "Feature",
      "geometry": {
        "type": "Point",
        "coordinates": [
          -0.5242810763035881,
          53.26807875574403
        ]
      },
      "properties": {
        "confidence": 0.8564755916595459,
        "image": "DJI_20250310144514_0058_W.JPG"
      }
    },
    {
      "type": "Feature",
      "geometry": {
        "type": "Point",
        "coordinates": [
          -0.5246064194186121,
          53.26814681311144
        ]
      },
      "properties": {
        "confidence": 0.8141741156578064,
        "image": "DJI_20250310144514_0058_W.JPG"
      }
    },
    {
      "type": "Feature",
      "geometry": {
        "type": "Point",
        "coordinates": [
          -0.5246163465846992,
          53.26815828374499
        ]
      },
      "properties": {
        "confidence": 0.7879154682159424,
        "image": "DJI_20250310144514_0058_W.JPG"
      }
    },
    {
      "type": "Feature",
      "geometry": {
        "type": "Point",
        "coordinates": [
          -0.5244425268683054,
          53.268116794821744
        ]
      },
      "properties": {
        "confidence": 0.7850428223609924,
        "image": "DJI_20250310144514_0058_W.JPG"
      }
    },
    {
      "type": "Feature",
      "geometry": {
        "type": "Point",
        "coordinates": [
          -0.5244989012255343,
          53.26816994691015
        ]
      },
      "properties": {
        "confidence": 0.7671932578086853,
        "image": "DJI_20250310144514_0058_W.JPG"
      }
    },
    {
      "type": "Feature",
      "geometry": {
        "type": "Point",
        "coordinates": [
          -0.5245388431734553,
          53.268165975509554
        ]
      },
      "properties": {
        "confidence": 0.7455478310585022,
        "image": "DJI_20250310144514_0058_W.JPG"
      }
    },
    {
      "type": "Feature",
      "geometry": {
        "type": "Point",
        "coordinates": [
          -0.5246108021790783,
          53.26815682230432
        ]
      },
      "properties": {
        "confidence": 0.7412813901901245,
        "image": "DJI_20250310144514_0058_W.JPG"
      }
    },
    {
      "type": "Feature",
      "geometry": {
        "type": "Point",
        "coordinates": [
          -0.524332001503801,
          53.26812506433263
        ]
      },
      "properties": {
        "confidence": 0.999647855758667,
        "image": "DJI_20250310144431_0036_W.JPG"
      }
    },
    {
      "type": "Feature",
      "geometry": {
        "type": "Point",
        "coordinates": [
          -0.5245960309953277,
          53.26810731318075
        ]
      },
      "properties": {
        "confidence": 0.9986230134963989,
        "image": "DJI_20250310144431_0036_W.JPG"
      }
    },
    {
      "type": "Feature",
      "geometry": {
        "type": "Point",
        "coordinates": [
          -0.5244032124289932,
          53.26812090464328
        ]
      },
      "properties": {
        "confidence": 0.9983803033828735,
        "image": "DJI_20250310144431_0036_W.JPG"
      }
    },
    {
      "type": "Feature",
      "geometry": {
        "type": "Point",
        "coordinates": [
          -0.5244791448100848,
          53.26811578224236
        ]
      },
      "properties": {
        "confidence": 0.9982280135154724,
        "image": "DJI_20250310144431_0036_W.JPG"
      }
    },
    {
      "type": "Feature",
      "geometry": {
        "type": "Point",
        "coordinates": [
          -0.5245920922509539,
          53.268104235583536
        ]
      },
      "properties": {
        "confidence": 0.9981850981712341,
        "image": "DJI_20250310144431_0036_W.JPG"
      }
    },
    {
      "type": "Feature",
      "geometry": {
        "type": "Point",
        "coordinates": [
          -0.5244408651767112,
          53.268118495495045
        ]
      },
      "properties": {
        "confidence": 0.9947146773338318,
        "image": "DJI_20250310144431_0036_W.JPG"
      }
    },
    {
      "type": "Feature",
      "geometry": {
        "type": "Point",
        "coordinates": [
          -0.5245552041923676,
          53.26810860670769
        ]
      },
      "properties": {
        "confidence": 0.9895247220993042,
        "image": "DJI_20250310144431_0036_W.JPG"
      }
    },
    {
      "type": "Feature",
      "geometry": {
        "type": "Point",
        "coordinates": [
          -0.5244183312268106,
          53.26801753153765
        ]
      },
      "properties": {
        "confidence": 0.9841017127037048,
        "image": "DJI_20250310144431_0036_W.JPG"
      }
    },
    {
      "type": "Feature",
      "geometry": {
        "type": "Point",
        "coordinates": [
          -0.5244679510174235,
          53.26806484274904
        ]
      },
      "properties": {
        "confidence": 0.956825315952301,
        "image": "DJI_20250310144431_0036_W.JPG"
      }
    },
    {
      "type": "Feature",
      "geometry": {
        "type": "Point",
        "coordinates": [
          -0.5245169353612789,
          53.26811563917448
        ]
      },
      "properties": {
        "confidence": 0.9257941842079163,
        "image": "DJI_20250310144431_0036_W.JPG"
      }
    },
    {
      "type": "Feature",
      "geometry": {
        "type": "Point",
        "coordinates": [
          -0.5245433519888003,
          53.26805857458588
        ]
      },
      "properties": {
        "confidence": 0.9026772975921631,
        "image": "DJI_20250310144431_0036_W.JPG"
      }
    },
    {
      "type": "Feature",
      "geometry": {
        "type": "Point",
        "coordinates": [
          -0.5245810362617684,
          53.268055562170574
        ]
      },
      "properties": {
        "confidence": 0.8560603260993958,
        "image": "DJI_20250310144431_0036_W.JPG"
      }
    },
    {
      "type": "Feature",
      "geometry": {
        "type": "Point",
        "coordinates": [
          -0.5245165282521838,
          53.26811136047496
        ]
      },
      "properties": {
        "confidence": 0.8443339467048645,
        "image": "DJI_20250310144431_0036_W.JPG"
      }
    },
    {
      "type": "Feature",
      "geometry": {
        "type": "Point",
        "coordinates": [
          -0.5244567099368868,
          53.26801480815632
        ]
      },
      "properties": {
        "confidence": 0.8309619426727295,
        "image": "DJI_20250310144431_0036_W.JPG"
      }
    },
    {
      "type": "Feature",
      "geometry": {
        "type": "Point",
        "coordinates": [
          -0.5243671449085154,
          53.26812315173315
        ]
      },
      "properties": {
        "confidence": 0.7813796997070312,
        "image": "DJI_20250310144431_0036_W.JPG"
      }
    },
    {
      "type": "Feature",
      "geometry": {
        "type": "Point",
        "coordinates": [
          -0.5245303617534397,
          53.26800919884529
        ]
      },
      "properties": {
        "confidence": 0.7755159139633179,
        "image": "DJI_20250310144431_0036_W.JPG"
      }
    },
    {
      "type": "Feature",
      "geometry": {
        "type": "Point",
        "coordinates": [
          -0.5243884230503623,
          53.26807201285189
        ]
      },
      "properties": {
        "confidence": 0.7699955701828003,
        "image": "DJI_20250310144431_0036_W.JPG"
      }
    },
    {
      "type": "Feature",
      "geometry": {
        "type": "Point",
        "coordinates": [
          -0.5243856173774417,
          53.2680728997211
        ]
      },
      "properties": {
        "confidence": 0.7217569351196289,
        "image": "DJI_20250310144431_0036_W.JPG"
      }
    },
    {
      "type": "Feature",
      "geometry": {
        "type": "Point",
        "coordinates": [
          -0.5245294788483871,
          53.268122412909946
        ]
      },
      "properties": {
        "confidence": 0.9988178610801697,
        "image": "DJI_20250310144354_0016_W.JPG"
      }
    },
    {
      "type": "Feature",
      "geometry": {
        "type": "Point",
        "coordinates": [
          -0.5244925045101724,
          53.26812441893579
        ]
      },
      "properties": {
        "confidence": 0.9748856425285339,
        "image": "DJI_20250310144354_0016_W.JPG"
      }
    },
    {
      "type": "Feature",
      "geometry": {
        "type": "Point",
        "coordinates": [
          -0.5244663266691105,
          53.268024347734006
        ]
      },
      "properties": {
        "confidence": 0.9473469853401184,
        "image": "DJI_20250310144354_0016_W.JPG"
      }
    },
    {
      "type": "Feature",
      "geometry": {
        "type": "Point",
        "coordinates": [
          -0.5245695279438838,
          53.268119495946145
        ]
      },
      "properties": {
        "confidence": 0.9404993653297424,
        "image": "DJI_20250310144354_0016_W.JPG"
      }
    },
    {
      "type": "Feature",
      "geometry": {
        "type": "Point",
        "coordinates": [
          -0.5244152698437305,
          53.26813268935554
        ]
      },
      "properties": {
        "confidence": 0.9182485342025757,
        "image": "DJI_20250310144354_0016_W.JPG"
      }
    },
    {
      "type": "Feature",
      "geometry": {
        "type": "Point",
        "coordinates": [
          -0.5244207457672905,
          53.268129362636884
        ]
      },
      "properties": {
        "confidence": 0.8881324529647827,
        "image": "DJI_20250310144354_0016_W.JPG"
      }
    },
    {
      "type": "Feature",
      "geometry": {
        "type": "Point",
        "coordinates": [
          -0.5245157215958763,
          53.268070901897396
        ]
      },
      "properties": {
        "confidence": 0.8751675486564636,
        "image": "DJI_20250310144354_0016_W.JPG"
      }
    },
    {
      "type": "Feature",
      "geometry": {
        "type": "Point",
        "coordinates": [
          -0.5245032065628236,
          53.26802068078009
        ]
      },
      "properties": {
        "confidence": 0.8678412437438965,
        "image": "DJI_20250310144354_0016_W.JPG"
      }
    },
    {
      "type": "Feature",
      "geometry": {
        "type": "Point",
        "coordinates": [
          -0.5244557774550752,
          53.26812724263868
        ]
      },
      "properties": {
        "confidence": 0.72318035364151,
        "image": "DJI_20250310144354_0016_W.JPG"
      }
    },
    {
      "type": "Feature",
      "geometry": {
        "type": "Point",
        "coordinates": [
          -0.524490078113881,
          53.26816638193525
        ]
      },
      "properties": {
        "confidence": 0.9855437278747559,
        "image": "DJI_20250310144424_0032_W.JPG"
      }
    },
    {
      "type": "Feature",
      "geometry": {
        "type": "Point",
        "coordinates": [
          -0.5243916298669768,
          53.26807119175571
        ]
      },
      "properties": {
        "confidence": 0.9813411235809326,
        "image": "DJI_20250310144424_0032_W.JPG"
      }
    },
    {
      "type": "Feature",
      "geometry": {
        "type": "Point",
        "coordinates": [
          -0.5243767685002256,
          53.26817538671504
        ]
      },
      "properties": {
        "confidence": 0.9681933522224426,
        "image": "DJI_20250310144424_0032_W.JPG"
      }
    },
    {
      "type": "Feature",
      "geometry": {
        "type": "Point",
        "coordinates": [
          -0.5246064724133362,
          53.26815640209213
        ]
      },
      "properties": {
        "confidence": 0.9597427845001221,
        "image": "DJI_20250310144424_0032_W.JPG"
      }
    },
    {
      "type": "Feature",
      "geometry": {
        "type": "Point",
        "coordinates": [
          -0.5244521823582261,
          53.26816965628552
        ]
      },
      "properties": {
        "confidence": 0.9567135572433472,
        "image": "DJI_20250310144424_0032_W.JPG"
      }
    },
    {
      "type": "Feature",
      "geometry": {
        "type": "Point",
        "coordinates": [
          -0.5243555841111809,
          53.26807487672121
        ]
      },
      "properties": {
        "confidence": 0.8885640501976013,
        "image": "DJI_20250310144424_0032_W.JPG"
      }
    },
    {
      "type": "Feature",
      "geometry": {
        "type": "Point",
        "coordinates": [
          -0.5245815398607783,
          53.268055615558644
        ]
      },
      "properties": {
        "confidence": 0.8721816539764404,
        "image": "DJI_20250310144424_0032_W.JPG"
      }
    },
    {
      "type": "Feature",
      "geometry": {
        "type": "Point",
        "coordinates": [
          -0.5244665607467071,
          53.268063771451935
        ]
      },
      "properties": {
        "confidence": 0.8628334403038025,
        "image": "DJI_20250310144424_0032_W.JPG"
      }
    },
    {
      "type": "Feature",
      "geometry": {
        "type": "Point",
        "coordinates": [
          -0.5245679491880253,
          53.26815962064054
        ]
      },
      "properties": {
        "confidence": 0.8109952211380005,
        "image": "DJI_20250310144424_0032_W.JPG"
      }
    },
    {
      "type": "Feature",
      "geometry": {
        "type": "Point",
        "coordinates": [
          -0.5243839985050915,
          53.26806945299883
        ]
      },
      "properties": {
        "confidence": 0.7874888181686401,
        "image": "DJI_20250310144424_0032_W.JPG"
      }
    },
    {
      "type": "Feature",
      "geometry": {
        "type": "Point",
        "coordinates": [
          -0.5243461702668661,
          53.268073320187895
        ]
      },
      "properties": {
        "confidence": 0.7483990788459778,
        "image": "DJI_20250310144424_0032_W.JPG"
      }
    },
    {
      "type": "Feature",
      "geometry": {
        "type": "Point",
        "coordinates": [
          -0.5244080806080894,
          53.26812465185715
        ]
      },
      "properties": {
        "confidence": 0.9961303472518921,
        "image": "DJI_20250310144501_0052_W.JPG"
      }
    },
    {
      "type": "Feature",
      "geometry": {
        "type": "Point",
        "coordinates": [
          -0.5243720492596087,
          53.268129097776956
        ]
      },
      "properties": {
        "confidence": 0.9855572581291199,
        "image": "DJI_20250310144501_0052_W.JPG"
      }
    },
    {
      "type": "Feature",
      "geometry": {
        "type": "Point",
        "coordinates": [
          -0.5244179423030021,
          53.268173799747
        ]
      },
      "properties": {
        "confidence": 0.9801657199859619,
        "image": "DJI_20250310144501_0052_W.JPG"
      }
    },
    {
      "type": "Feature",
      "geometry": {
        "type": "Point",
        "coordinates": [
          -0.5243357136443015,
          53.26813301294866
        ]
      },
      "properties": {
        "confidence": 0.9599286317825317,
        "image": "DJI_20250310144501_0052_W.JPG"
      }
    },
    {
      "type": "Feature",
      "geometry": {
        "type": "Point",
        "coordinates": [
          -0.5243293172067509,
          53.268130389812235
        ]
      },
      "properties": {
        "confidence": 0.9562693238258362,
        "image": "DJI_20250310144501_0052_W.JPG"
      }
    },
    {
      "type": "Feature",
      "geometry": {
        "type": "Point",
        "coordinates": [
          -0.5243305049626189,
          53.26812897740887
        ]
      },
      "properties": {
        "confidence": 0.9559116959571838,
        "image": "DJI_20250310144501_0052_W.JPG"
      }
    },
    {
      "type": "Feature",
      "geometry": {
        "type": "Point",
        "coordinates": [
          -0.5243820264932398,
          53.26817795784362
        ]
      },
      "properties": {
        "confidence": 0.8726270794868469,
        "image": "DJI_20250310144501_0052_W.JPG"
      }
    },
    {
      "type": "Feature",
      "geometry": {
        "type": "Point",
        "coordinates": [
          -0.5246158578370752,
          53.26814985824667
        ]
      },
      "properties": {
        "confidence": 0.8608779907226562,
        "image": "DJI_20250310144501_0052_W.JPG"
      }
    }
  ]
}